# low-poly George Cartier monument (vertex-clustered, baked vertex colours)
v -0.59288 0.01344 0.11139 0.6000 0.6399 0.5954
v -0.60040 0.01168 0.11893 0.5631 0.5941 0.5772
v -0.60139 0.00992 0.13500 0.5443 0.5700 0.5925
v -0.59531 0.00902 0.15009 0.4591 0.4907 0.5240
v -0.59411 0.02061 0.11082 0.5965 0.6304 0.6035
v -0.59985 0.02207 0.11803 0.5616 0.5883 0.5818
v -0.59834 0.01965 0.13298 0.4619 0.4789 0.4675
v -0.59362 0.01528 0.14595 0.3961 0.4314 0.4667
v -0.58776 0.01359 0.10691 0.5520 0.5910 0.5273
v -0.58886 0.01133 0.15797 0.5020 0.5333 0.5765
v -0.58476 0.00966 0.16607 0.4792 0.5082 0.5286
v -0.57825 0.00895 0.17752 0.1686 0.1765 0.2235
v -0.57623 0.01885 0.09650 0.5804 0.6118 0.5608
v -0.58378 0.02307 0.10474 0.6103 0.6406 0.6112
v -0.58976 0.02962 0.12073 0.5510 0.5804 0.5877
v -0.58524 0.02732 0.13462 0.4905 0.5113 0.5376
v -0.58038 0.02098 0.15096 0.2980 0.3222 0.3882
v -0.58048 0.03351 0.10903 0.6083 0.6362 0.6151
v -0.58255 0.03468 0.11884 0.5409 0.5642 0.5584
v -0.58174 0.03176 0.13073 0.5294 0.5521 0.5516
v -0.57486 0.01385 0.17210 0.3608 0.3882 0.4275
v -0.56946 0.01152 0.18205 0.3851 0.4031 0.4282
v -0.56628 0.00693 0.19743 0.4357 0.4527 0.4702
v -0.56401 0.00503 0.20537 0.3451 0.3490 0.3686
v -0.56694 0.02333 0.09275 0.5815 0.6150 0.5738
v -0.57265 0.02613 0.09946 0.6296 0.6577 0.6389
v -0.57255 0.02917 0.14263 0.2824 0.3078 0.3863
v -0.56791 0.02731 0.15232 0.3791 0.4147 0.4761
v -0.56732 0.02164 0.16503 0.3525 0.3730 0.4222
v -0.56506 0.01687 0.17598 0.3157 0.3451 0.3980
v -0.56332 0.03279 0.09669 0.6970 0.7263 0.7033
v -0.56900 0.03781 0.10464 0.6269 0.6495 0.6286
v -0.57122 0.04194 0.11951 0.5349 0.5643 0.5477
v -0.56856 0.03565 0.13573 0.4677 0.4973 0.4820
v -0.56433 0.03175 0.14697 0.4144 0.4451 0.4948
v -0.56213 0.04622 0.11089 0.6965 0.7122 0.6863
v -0.56392 0.04663 0.11436 0.4752 0.5157 0.5203
v -0.56007 0.01500 0.18711 0.4078 0.4196 0.4392
v -0.55767 0.01265 0.19641 0.4055 0.4204 0.4447
v -0.55313 0.00965 0.21066 0.4439 0.4604 0.4800
v -0.55354 0.02678 0.07825 0.5156 0.5616 0.4895
v -0.55895 0.02674 0.08798 0.6278 0.6631 0.6500
v -0.55558 0.02758 0.16790 0.5604 0.5907 0.6214
v -0.55288 0.02211 0.18001 0.4600 0.4839 0.5114
v -0.55078 0.01756 0.19371 0.3961 0.4094 0.4384
v -0.55122 0.03733 0.07883 0.7479 0.7826 0.7830
v -0.55570 0.03757 0.09131 0.7256 0.7553 0.7403
v -0.55928 0.04339 0.10053 0.6394 0.6631 0.6480
v -0.55849 0.04417 0.12544 0.4824 0.5431 0.5627
v -0.55213 0.04152 0.13663 0.4070 0.4409 0.4729
v -0.55240 0.03786 0.15041 0.4401 0.4652 0.4963
v -0.55174 0.03385 0.16297 0.4817 0.5085 0.5366
v -0.55069 0.05336 0.07959 0.8007 0.8260 0.8374
v -0.55375 0.05277 0.09113 0.7345 0.7580 0.7497
v -0.55590 0.05250 0.10463 0.5938 0.6149 0.6052
v -0.55451 0.04852 0.11766 0.5210 0.5552 0.5563
v -0.54933 0.06680 0.07978 0.6719 0.7123 0.7197
v -0.55033 0.06748 0.08928 0.4896 0.5285 0.5386
v -0.54956 0.06444 0.10222 0.5319 0.5599 0.5658
v -0.54645 0.07684 0.08718 0.2504 0.3541 0.3692
v -0.54045 0.01351 0.21851 0.4745 0.4902 0.4941
v -0.53763 0.01100 0.22845 0.5784 0.6000 0.6183
v -0.53666 0.00833 0.23579 0.4549 0.4706 0.4745
v -0.54237 0.02928 0.07184 0.2833 0.3549 0.2025
v -0.54115 0.02793 0.18291 0.3743 0.3956 0.4135
v -0.53822 0.02513 0.19583 0.5152 0.5348 0.5447
v -0.53775 0.02005 0.20856 0.4922 0.5108 0.5287
v -0.53541 0.01663 0.21934 0.6392 0.6667 0.6902
v -0.53131 0.03370 0.06697 0.4137 0.4647 0.3471
v -0.53895 0.03794 0.07238 0.7074 0.7356 0.7213
v -0.53793 0.04361 0.12599 0.3451 0.3882 0.4314
v -0.53769 0.04372 0.13790 0.3643 0.4024 0.4435
v -0.54206 0.04389 0.15082 0.4671 0.4980 0.5285
v -0.53803 0.04027 0.16735 0.5420 0.5641 0.5990
v -0.53572 0.03397 0.17959 0.3809 0.3974 0.4152
v -0.53202 0.03266 0.19134 0.3752 0.3882 0.4052
v -0.53966 0.05277 0.07378 0.7787 0.8014 0.8165
v -0.53738 0.05304 0.11791 0.3251 0.3694 0.4227
v -0.53170 0.04612 0.14247 0.4078 0.4431 0.4784
v -0.53514 0.04785 0.15147 0.4380 0.4657 0.4953
v -0.53465 0.04691 0.15915 0.5098 0.5373 0.5725
v -0.53837 0.06843 0.07459 0.6036 0.6579 0.6754
v -0.54465 0.07379 0.09463 0.3400 0.4263 0.4298
v -0.54125 0.07107 0.10529 0.3917 0.4476 0.4548
v -0.53678 0.06673 0.11385 0.5627 0.6072 0.6131
v -0.53532 0.07811 0.07966 0.2837 0.3694 0.3867
v -0.53869 0.08281 0.08980 0.3332 0.4193 0.4341
v -0.53761 0.08273 0.10116 0.2130 0.2868 0.3094
v -0.53183 0.09802 0.09255 0.1804 0.2612 0.2784
v -0.53322 0.09247 0.09803 0.4275 0.5157 0.5216
v -0.53200 0.11017 0.08658 0.2726 0.3588 0.3845
v -0.52572 0.01345 0.24219 0.5561 0.5757 0.6008
v -0.52045 0.01295 0.25100 0.4471 0.4667 0.4784
v -0.52633 0.02732 0.21346 0.4342 0.4627 0.4773
v -0.52098 0.02315 0.22620 0.6268 0.6528 0.6653
v -0.52048 0.01735 0.23872 0.5475 0.5647 0.5757
v -0.52321 0.03883 0.06383 0.6603 0.6893 0.6273
v -0.52939 0.04131 0.06810 0.8618 0.8755 0.8941
v -0.52864 0.04318 0.12778 0.2588 0.2980 0.3451
v -0.52690 0.04432 0.13538 0.2951 0.3387 0.3819
v -0.52920 0.04393 0.16956 0.4765 0.4873 0.5245
v -0.52814 0.04014 0.18252 0.4571 0.4700 0.4807
v -0.52722 0.03761 0.19645 0.4221 0.4431 0.4546
v -0.52110 0.03786 0.20916 0.3759 0.3977 0.4101
v -0.51590 0.03067 0.22174 0.3686 0.3882 0.4000
v -0.52171 0.05350 0.06418 0.8580 0.8766 0.8956
v -0.52916 0.05226 0.06797 0.8510 0.8654 0.8817
v -0.52164 0.05450 0.12144 0.5329 0.5673 0.5912
v -0.52031 0.05055 0.13480 0.2024 0.2272 0.2594
v -0.52275 0.05154 0.14821 0.4216 0.4491 0.4689
v -0.52565 0.05062 0.16724 0.4353 0.4510 0.4930
v -0.52291 0.05154 0.18045 0.4245 0.4422 0.4716
v -0.52117 0.04808 0.19640 0.3510 0.3701 0.3882
v -0.51712 0.04711 0.20592 0.4000 0.4170 0.4366
v -0.52059 0.06724 0.06483 0.5815 0.6217 0.6431
v -0.52692 0.07008 0.06918 0.4671 0.5256 0.5516
v -0.52000 0.06931 0.10938 0.3754 0.4184 0.4400
v -0.51940 0.06198 0.11396 0.6710 0.7072 0.7120
v -0.51762 0.06360 0.16780 0.1196 0.1588 0.1353
v -0.51627 0.06148 0.17742 0.2471 0.2863 0.2510
v -0.52309 0.08360 0.07614 0.3421 0.4098 0.4308
v -0.52876 0.08826 0.08574 0.4075 0.5041 0.5158
v -0.52198 0.08440 0.10618 0.2142 0.2747 0.3039
v -0.52168 0.09889 0.07809 0.4245 0.5014 0.5186
v -0.52790 0.09864 0.08932 0.2756 0.3675 0.3879
v -0.52108 0.09637 0.10087 0.2445 0.3414 0.3805
v -0.52267 0.11300 0.07880 0.3767 0.4716 0.4922
v -0.52345 0.11430 0.09062 0.2340 0.3154 0.3616
v -0.51979 0.12349 0.07990 0.3431 0.4281 0.4619
v -0.52142 0.12313 0.08726 0.3342 0.4081 0.4453
v -0.51187 0.02727 0.23094 0.5518 0.5731 0.5894
v -0.50862 0.02363 0.24179 0.6392 0.6590 0.6684
v -0.50435 0.02026 0.25498 0.5752 0.5961 0.6115
v -0.50092 0.04497 0.05205 0.5020 0.5608 0.3922
v -0.50862 0.04310 0.05648 0.5628 0.6109 0.4921
v -0.51229 0.04083 0.21684 0.3770 0.4112 0.4387
v -0.50792 0.03644 0.22640 0.5446 0.5694 0.5748
v -0.50184 0.03208 0.23843 0.5268 0.5373 0.5451
v -0.50764 0.05209 0.05654 0.8358 0.8563 0.8692
v -0.51377 0.05856 0.12310 0.5439 0.5771 0.6081
v -0.51380 0.05725 0.13247 0.3144 0.3245 0.3611
v -0.51509 0.05838 0.18583 0.3255 0.3529 0.3843
v -0.51309 0.05661 0.19451 0.3680 0.3954 0.4229
v -0.50715 0.05249 0.21206 0.2948 0.3292 0.3525
v -0.50200 0.04907 0.22281 0.3553 0.3914 0.4392
v -0.50776 0.06803 0.05890 0.4914 0.5390 0.5626
v -0.50503 0.07436 0.09677 0.2569 0.2961 0.3216
v -0.50836 0.06905 0.10581 0.3387 0.3875 0.4155
v -0.50905 0.06339 0.11847 0.4820 0.5282 0.5539
v -0.50838 0.06219 0.13557 0.1306 0.1867 0.2000
v -0.50836 0.06337 0.15102 0.1869 0.2418 0.2000
v -0.50800 0.07035 0.16811 0.0889 0.1137 0.1438
v -0.50958 0.06832 0.18120 0.1980 0.2294 0.2520
v -0.50512 0.06559 0.19443 0.1676 0.2137 0.2417
v -0.50090 0.06273 0.20733 0.1902 0.2333 0.2549
v -0.50497 0.07684 0.06570 0.3255 0.4033 0.4137
v -0.50763 0.08407 0.07043 0.2569 0.3165 0.3376
v -0.50455 0.08395 0.09413 0.2459 0.2971 0.3329
v -0.51192 0.08339 0.10034 0.2405 0.2957 0.3328
v -0.50039 0.07582 0.18521 0.0706 0.1059 0.1333
v -0.50828 0.09837 0.07281 0.3403 0.4260 0.4466
v -0.50753 0.09902 0.09240 0.2178 0.2857 0.3253
v -0.51341 0.09444 0.09919 0.2078 0.2752 0.3150
v -0.50790 0.11299 0.07620 0.3140 0.4176 0.4413
v -0.50858 0.11248 0.08791 0.1826 0.2495 0.2935
v -0.51185 0.12342 0.07909 0.2850 0.3695 0.4039
v -0.51333 0.12365 0.08448 0.2331 0.3104 0.3496
v -0.49766 0.03025 0.24757 0.6196 0.6392 0.6235
v -0.49622 0.02498 0.25806 0.5900 0.6115 0.6244
v -0.49053 0.02277 0.27004 0.6029 0.6279 0.6431
v -0.49443 0.04434 0.04870 0.4783 0.5344 0.3929
v -0.49957 0.04318 0.23096 0.2118 0.2627 0.3294
v -0.49457 0.03821 0.24162 0.5635 0.5868 0.6050
v -0.48897 0.03421 0.25568 0.6204 0.6387 0.6413
v -0.49254 0.05269 0.04855 0.7798 0.8058 0.8081
v -0.49927 0.05473 0.05268 0.6837 0.7190 0.6797
v -0.49762 0.06047 0.21557 0.1059 0.1529 0.1451
v -0.49399 0.05333 0.22724 0.4835 0.5095 0.5563
v -0.48876 0.04969 0.23885 0.4172 0.4368 0.4760
v -0.49037 0.06558 0.04946 0.5593 0.6182 0.6416
v -0.49484 0.07034 0.05442 0.4222 0.4995 0.5188
v -0.49277 0.07422 0.09428 0.2154 0.2540 0.2664
v -0.49475 0.07026 0.10420 0.2242 0.2671 0.2754
v -0.49421 0.06580 0.11988 0.2331 0.2858 0.2832
v -0.49260 0.06497 0.13426 0.1984 0.2596 0.2204
v -0.49335 0.06767 0.14955 0.1304 0.1873 0.1618
v -0.49234 0.06972 0.16490 0.1029 0.1343 0.1490
v -0.49163 0.07511 0.18057 0.1412 0.1817 0.2065
v -0.49756 0.07051 0.20002 0.1647 0.2013 0.2353
v -0.49160 0.06852 0.21101 0.1673 0.2087 0.2505
v -0.48714 0.06376 0.22444 0.2196 0.2314 0.2529
v -0.49166 0.08267 0.06207 0.3353 0.3882 0.4052
v -0.49607 0.08485 0.07172 0.2768 0.3305 0.3473
v -0.49415 0.08245 0.08826 0.2362 0.2807 0.3087
v -0.49047 0.07675 0.19611 0.1078 0.1471 0.1765
v -0.49122 0.09377 0.06446 0.4460 0.5069 0.5292
v -0.49404 0.09846 0.07604 0.2878 0.3501 0.3854
v -0.49836 0.09720 0.08526 0.2105 0.2667 0.3105
v -0.49877 0.10868 0.07971 0.1961 0.2634 0.2941
v -0.49991 0.10892 0.08264 0.1608 0.2275 0.2667
v -0.48272 0.02699 0.27407 0.5286 0.5435 0.5569
v -0.47613 0.02586 0.28518 0.5451 0.5622 0.5667
v -0.48051 0.04024 0.25809 0.6046 0.6253 0.6424
v -0.47671 0.03494 0.27152 0.5998 0.6168 0.6265
v -0.47074 0.03167 0.28387 0.6667 0.6850 0.6941
v -0.47039 0.05375 0.03672 0.7196 0.7510 0.7882
v -0.47791 0.05225 0.04096 0.6263 0.6619 0.6459
v -0.48322 0.05989 0.23141 0.3882 0.4745 0.3333
v -0.47979 0.05468 0.24272 0.4827 0.5086 0.5532
v -0.47525 0.04896 0.25597 0.4840 0.5126 0.5440
v -0.47767 0.06887 0.04527 0.4792 0.5675 0.5912
v -0.48296 0.07446 0.05239 0.1765 0.2941 0.3020
v -0.47782 0.07367 0.08938 0.1735 0.2088 0.2181
v -0.47916 0.06882 0.10521 0.2029 0.2520 0.2451
v -0.47787 0.06635 0.11924 0.1621 0.2183 0.1935
v -0.48143 0.06487 0.13573 0.2235 0.2784 0.2490
v -0.47448 0.06715 0.14891 0.1333 0.1784 0.1667
v -0.47857 0.07149 0.16572 0.1752 0.2183 0.2275
v -0.47641 0.07512 0.18420 0.2000 0.2412 0.2706
v -0.47993 0.07400 0.21423 0.0980 0.1451 0.1778
v -0.47816 0.06671 0.22613 0.1246 0.1664 0.2126
v -0.47231 0.06202 0.23928 0.2392 0.2863 0.3412
v -0.47604 0.08331 0.05007 0.3347 0.4022 0.4200
v -0.48289 0.08404 0.05524 0.2946 0.3519 0.3662
v -0.47818 0.08377 0.07854 0.1552 0.1920 0.2070
v -0.48356 0.07807 0.08550 0.1699 0.2092 0.2261
v -0.47847 0.07622 0.19839 0.1059 0.1490 0.1725
v -0.47847 0.07630 0.20737 0.1392 0.1804 0.2098
v -0.47863 0.09150 0.05168 0.3725 0.4366 0.4667
v -0.47986 0.09408 0.05748 0.4072 0.4621 0.4916
v -0.47966 0.09422 0.07192 0.2069 0.2539 0.2958
v -0.46470 0.02851 0.29910 0.4500 0.4667 0.4706
v -0.46606 0.04132 0.27441 0.6245 0.6471 0.6500
v -0.46144 0.03896 0.28765 0.6420 0.6636 0.6633
v -0.46028 0.03416 0.30116 0.7451 0.7597 0.7552
v -0.46175 0.05349 0.03277 0.4830 0.5174 0.5016
v -0.46444 0.05894 0.03762 0.5569 0.5948 0.6248
v -0.46351 0.06024 0.24812 0.2882 0.3353 0.3980
v -0.46242 0.05365 0.25729 0.4344 0.4664 0.5053
v -0.46013 0.04691 0.27091 0.4799 0.5000 0.5172
v -0.46279 0.06158 0.03656 0.2608 0.3059 0.3412
v -0.46326 0.06838 0.04255 0.3008 0.3580 0.3805
v -0.45725 0.07421 0.07759 0.1621 0.2026 0.1882
v -0.46230 0.07100 0.08917 0.1542 0.1882 0.1712
v -0.46658 0.06842 0.10284 0.1608 0.2059 0.1902
v -0.46671 0.06644 0.12249 0.1941 0.2431 0.2216
v -0.46114 0.06516 0.13619 0.1725 0.2196 0.2039
v -0.46379 0.06667 0.14873 0.1824 0.2882 0.2647
v -0.46535 0.07093 0.16757 0.1190 0.1752 0.1987
v -0.45970 0.07442 0.18119 0.1784 0.2373 0.2569
v -0.46095 0.07505 0.19874 0.1882 0.2275 0.2490
v -0.46371 0.07466 0.21437 0.1627 0.2020 0.2412
v -0.46216 0.07065 0.22582 0.1556 0.2020 0.2503
v -0.46178 0.06367 0.24014 0.2441 0.2931 0.3490
v -0.46433 0.07886 0.05080 0.2331 0.2989 0.3316
v -0.46058 0.08483 0.05552 0.2286 0.2885 0.3275
v -0.46380 0.08315 0.07164 0.1712 0.2101 0.2200
v -0.46636 0.07589 0.19099 0.1451 0.1882 0.2118
v -0.46655 0.09275 0.05993 0.2485 0.2995 0.3627
v -0.46931 0.09213 0.06778 0.1843 0.2157 0.2588
v -0.44705 0.04373 0.28734 0.6392 0.6603 0.6501
v -0.44825 0.03989 0.29995 0.6737 0.6875 0.6800
v -0.44892 0.03871 0.31179 0.7482 0.7647 0.7584
v -0.44394 0.05342 0.01999 0.4667 0.4980 0.5059
v -0.44858 0.05490 0.02969 0.4673 0.4967 0.5083
v -0.44575 0.05879 0.03892 0.2518 0.2871 0.3263
v -0.44569 0.05988 0.24096 0.2824 0.3490 0.4196
v -0.44746 0.05368 0.25852 0.3235 0.3647 0.4069
v -0.44717 0.04847 0.27241 0.4494 0.4889 0.5148
v -0.44802 0.04589 0.28265 0.5712 0.5895 0.5948
v -0.44849 0.06778 0.04826 0.1875 0.2331 0.2686
v -0.44500 0.07158 0.05676 0.1625 0.2027 0.2297
v -0.44789 0.07116 0.07427 0.1698 0.2118 0.1949
v -0.44675 0.06704 0.08896 0.1598 0.2049 0.1853
v -0.44646 0.06584 0.10194 0.1373 0.1804 0.1856
v -0.44691 0.06520 0.11579 0.1549 0.2020 0.1941
v -0.45007 0.06548 0.13351 0.1765 0.2235 0.2157
v -0.44596 0.06846 0.15374 0.0052 0.0536 0.0758
v -0.44851 0.07100 0.16894 0.1039 0.1392 0.1588
v -0.44841 0.07258 0.18355 0.3235 0.3706 0.3980
v -0.44634 0.07256 0.19715 0.2098 0.2510 0.2824
v -0.44688 0.07154 0.21129 0.2301 0.2706 0.3111
v -0.44746 0.06533 0.22913 0.2078 0.2539 0.3108
v -0.45342 0.06241 0.23939 0.2078 0.2588 0.3255
v -0.45167 0.08057 0.05727 0.1691 0.2188 0.2399
v -0.45342 0.07922 0.06766 0.1804 0.2235 0.2314
v -0.42523 0.04425 0.24881 0.6627 0.6863 0.6784
v -0.42945 0.04389 0.25917 0.6735 0.6892 0.6902
v -0.43105 0.04348 0.27117 0.6204 0.6408 0.6463
v -0.43325 0.04461 0.28840 0.6133 0.6384 0.6439
v -0.43435 0.04478 0.29970 0.6728 0.6941 0.6936
v -0.43558 0.04324 0.31182 0.6902 0.7059 0.7176
v -0.42899 0.05316 0.01454 0.5268 0.5569 0.5556
v -0.43435 0.05555 0.03093 0.5468 0.5810 0.5905
v -0.43262 0.05845 0.04329 0.2188 0.2584 0.2961
v -0.42879 0.05680 0.22619 0.4209 0.4654 0.4588
v -0.43243 0.05104 0.24178 0.4915 0.5248 0.5425
v -0.43555 0.04824 0.25541 0.4961 0.5216 0.5333
v -0.43621 0.04631 0.26562 0.5843 0.6078 0.6078
v -0.43732 0.04575 0.28320 0.6510 0.6745 0.6745
v -0.42885 0.04597 0.30614 0.6282 0.6463 0.6510
v -0.43004 0.04613 0.31144 0.5843 0.6000 0.5992
v -0.43546 0.06214 0.04980 0.2157 0.2523 0.3098
v -0.43461 0.06378 0.05681 0.2033 0.2431 0.2882
v -0.43569 0.06485 0.07024 0.1431 0.1922 0.1667
v -0.42910 0.06301 0.08551 0.1549 0.1980 0.1824
v -0.43522 0.06378 0.10174 0.1490 0.1961 0.1882
v -0.43125 0.06426 0.12133 0.1582 0.1948 0.2065
v -0.43718 0.06602 0.13484 0.1216 0.1961 0.1882
v -0.42919 0.06788 0.14916 0.3196 0.3745 0.4157
v -0.43330 0.06950 0.16733 0.6118 0.6549 0.6529
v -0.43330 0.06895 0.18403 0.3451 0.3922 0.4549
v -0.43537 0.06928 0.19789 0.1686 0.2039 0.2314
v -0.43177 0.06570 0.20862 0.2314 0.2758 0.2732
v -0.43706 0.06386 0.22025 0.1059 0.1412 0.2078
v -0.41271 0.04539 0.23017 0.6627 0.6824 0.6588
v -0.41691 0.04259 0.24359 0.6515 0.6689 0.6661
v -0.41881 0.04062 0.25666 0.6487 0.6678 0.6689
v -0.41658 0.04016 0.27141 0.6379 0.6601 0.6641
v -0.41497 0.04248 0.28763 0.6294 0.6588 0.6569
v -0.41241 0.04463 0.29564 0.6353 0.6549 0.6667
v -0.41033 0.05251 0.00421 0.5216 0.5451 0.5451
v -0.41793 0.05380 0.01439 0.4973 0.5239 0.5333
v -0.41982 0.05519 0.02887 0.5569 0.5830 0.5974
v -0.41682 0.05660 0.04454 0.2373 0.2725 0.2961
v -0.41456 0.05838 0.05646 0.1471 0.1804 0.1961
v -0.41229 0.05966 0.08146 0.3294 0.3608 0.3176
v -0.41614 0.05708 0.21259 0.2549 0.2941 0.2588
v -0.41818 0.04959 0.22706 0.7157 0.7333 0.7176
v -0.41804 0.04681 0.30462 0.6346 0.6536 0.6562
v -0.41923 0.04775 0.31182 0.6157 0.6333 0.6304
v -0.42271 0.06076 0.06234 0.1529 0.1843 0.1922
v -0.42429 0.06170 0.07391 0.1216 0.1529 0.1608
v -0.41590 0.06094 0.09157 0.2784 0.3216 0.2667
v -0.41613 0.06173 0.10485 0.3118 0.3549 0.2961
v -0.41652 0.06303 0.11925 0.3137 0.3451 0.2980
v -0.41642 0.06492 0.13503 0.2458 0.2719 0.2837
v -0.41577 0.06681 0.15329 0.3712 0.4092 0.4392
v -0.41716 0.06717 0.17047 0.2157 0.2706 0.3216
v -0.41318 0.06554 0.18015 0.2510 0.3020 0.3373
v -0.41740 0.06383 0.19365 0.2353 0.2794 0.3069
v -0.41959 0.06172 0.20461 0.2431 0.2941 0.2667
v -0.40017 0.04329 0.23002 0.6980 0.7098 0.7059
v -0.39920 0.04065 0.24026 0.6082 0.6267 0.6271
v -0.40239 0.03876 0.25623 0.6498 0.6706 0.6729
v -0.39703 0.03922 0.27324 0.6333 0.6529 0.6549
v -0.40272 0.04278 0.29061 0.6255 0.6510 0.6608
v -0.40117 0.05246 -0.00199 0.5294 0.5529 0.5503
v -0.40285 0.05424 0.01288 0.4784 0.4993 0.5059
v -0.39890 0.05502 0.02902 0.5176 0.5373 0.5490
v -0.40155 0.05587 0.04430 0.5699 0.5961 0.5987
v -0.40253 0.05729 0.05878 0.3588 0.3843 0.3627
v -0.40576 0.05885 0.07085 0.2980 0.3294 0.2863
v -0.39552 0.05839 0.09278 0.3294 0.3490 0.3216
v -0.40185 0.05975 0.10567 0.3922 0.4078 0.3412
v -0.39697 0.06013 0.12282 0.3137 0.3569 0.2647
v -0.40214 0.05779 0.19958 0.4000 0.4235 0.4549
v -0.40496 0.05417 0.21158 0.5835 0.6055 0.5969
v -0.40267 0.04704 0.22276 0.7059 0.7196 0.7163
v -0.40179 0.04738 0.30392 0.6386 0.6582 0.6582
v -0.40044 0.05016 0.31183 0.6183 0.6340 0.6353
v -0.40558 0.06197 0.12532 0.3765 0.4118 0.3059
v -0.40060 0.06262 0.13465 0.3451 0.3873 0.3265
v -0.39489 0.06362 0.14928 0.3686 0.4275 0.4157
v -0.39950 0.06491 0.16850 0.3529 0.4039 0.4294
v -0.40097 0.06276 0.18231 0.2225 0.2647 0.2922
v -0.38624 0.04432 0.22937 0.7285 0.7481 0.7438
v -0.38540 0.04252 0.24147 0.6582 0.6788 0.6794
v -0.38396 0.04154 0.25717 0.6415 0.6590 0.6611
v -0.38665 0.04181 0.27199 0.6025 0.6235 0.6270
v -0.38722 0.04408 0.28534 0.6349 0.6562 0.6584
v -0.38948 0.05375 -0.00007 0.4275 0.4569 0.4549
v -0.38836 0.05627 0.05666 0.3922 0.4196 0.3922
v -0.38490 0.05697 0.07437 0.3980 0.4216 0.3824
v -0.39029 0.05979 0.12103 0.2876 0.3373 0.2706
v -0.38855 0.05887 0.18776 0.1804 0.2196 0.2294
v -0.38616 0.05652 0.19729 0.6294 0.6843 0.6059
v -0.38592 0.05038 0.21327 0.7349 0.7506 0.7584
v -0.38340 0.04682 0.22298 0.6098 0.6170 0.6209
v -0.37916 0.04552 0.27668 0.6510 0.6745 0.6745
v -0.38247 0.04749 0.28641 0.6320 0.6489 0.6540
v -0.38607 0.05097 0.30171 0.6564 0.6776 0.6834
v -0.38613 0.05420 0.31182 0.6109 0.6397 0.6336
v -0.38396 0.06115 0.13487 0.2824 0.3255 0.2627
v -0.38212 0.06366 0.16670 0.3902 0.4314 0.4020
v -0.38994 0.06286 0.17863 0.2333 0.2745 0.3039
v -0.37679 0.04532 0.23209 0.6098 0.6196 0.6118
v -0.37670 0.04479 0.24119 0.6209 0.6405 0.6388
v -0.37366 0.04412 0.25590 0.6703 0.6959 0.7032
v -0.37745 0.04368 0.26843 0.6549 0.6745 0.6863
v -0.37057 0.05342 -0.01463 0.3539 0.3961 0.3490
v -0.36440 0.05446 -0.00033 0.4000 0.4314 0.4392
v -0.37610 0.05471 0.01875 0.4745 0.4941 0.5059
v -0.36475 0.05513 0.02837 0.4784 0.4980 0.5098
v -0.37505 0.05566 0.04999 0.4235 0.4471 0.4314
v -0.36992 0.05586 0.06371 0.4275 0.4471 0.4235
v -0.36519 0.05628 0.07988 0.4941 0.5176 0.5176
v -0.37651 0.05676 0.09897 0.3176 0.3529 0.3490
v -0.37077 0.05813 0.12467 0.1307 0.1621 0.1725
v -0.37142 0.05984 0.13713 0.1922 0.2392 0.1804
v -0.36777 0.06032 0.18594 0.1647 0.1804 0.2157
v -0.37088 0.05810 0.19783 0.4752 0.5444 0.4327
v -0.36969 0.05287 0.21147 0.6729 0.6937 0.7006
v -0.37125 0.04828 0.22637 0.6342 0.6519 0.6623
v -0.36990 0.04670 0.24135 0.5522 0.5667 0.5594
v -0.36655 0.04680 0.25361 0.4623 0.4686 0.4794
v -0.37102 0.04861 0.27492 0.6408 0.6592 0.6712
v -0.37242 0.05286 0.28728 0.5426 0.5663 0.5820
v -0.37359 0.05839 0.30135 0.2634 0.3229 0.3121
v -0.37642 0.05890 0.31182 0.1980 0.2510 0.2157
v -0.37525 0.06124 0.14897 0.3490 0.3961 0.3098
v -0.36408 0.06234 0.17200 0.2196 0.2549 0.2745
v -0.37682 0.06081 0.18135 0.1961 0.2314 0.2667
v -0.36985 0.06135 0.30701 0.5039 0.5353 0.5137
v -0.36916 0.06217 0.31182 0.4641 0.5020 0.4314
v -0.35625 0.05295 -0.02977 0.3480 0.3980 0.3196
v -0.35479 0.05492 0.00666 0.4706 0.5020 0.5098
v -0.35687 0.05549 0.04159 0.4941 0.5176 0.5176
v -0.35148 0.05630 0.10078 0.5922 0.6118 0.6275
v -0.35614 0.05906 0.13410 0.2990 0.3343 0.3284
v -0.36141 0.06032 0.14668 0.2941 0.3333 0.3686
v -0.36198 0.05867 0.20048 0.4637 0.5569 0.3784
v -0.35853 0.05585 0.21200 0.6137 0.6414 0.6229
v -0.35636 0.05280 0.22678 0.6029 0.6202 0.6341
v -0.35644 0.05132 0.24169 0.6212 0.6410 0.6481
v -0.35749 0.04984 0.25436 0.6189 0.6385 0.6482
v -0.35623 0.05285 0.27178 0.6196 0.6351 0.6480
v -0.35641 0.05796 0.28676 0.3059 0.3439 0.3486
v -0.36299 0.06058 0.29816 0.1686 0.2235 0.2275
v -0.36123 0.06103 0.15771 0.1686 0.2039 0.2392
v -0.35975 0.06308 0.18252 0.2588 0.2863 0.3176
v -0.35650 0.06216 0.19478 0.2342 0.2555 0.2801
v -0.35179 0.06114 0.20433 0.2235 0.2824 0.2549
v -0.35583 0.06282 0.30101 0.5137 0.5498 0.4894
v -0.35790 0.06427 0.31183 0.4020 0.4392 0.3765
v -0.34028 0.05396 -0.01753 0.4784 0.5137 0.4824
v -0.34057 0.05479 -0.00148 0.4686 0.4980 0.5098
v -0.34067 0.05543 0.01567 0.4745 0.4980 0.4980
v -0.34198 0.05551 0.03145 0.4902 0.5137 0.5137
v -0.33959 0.05574 0.06359 0.4471 0.4824 0.4706
v -0.34262 0.05579 0.08395 0.5961 0.6157 0.6275
v -0.34110 0.05709 0.11779 0.3020 0.3176 0.3608
v -0.34668 0.06012 0.14994 0.4235 0.4235 0.4314
v -0.34537 0.06022 0.21316 0.5941 0.6539 0.5755
v -0.34391 0.05732 0.22727 0.6461 0.6750 0.6918
v -0.34356 0.05437 0.24199 0.6159 0.6407 0.6527
v -0.34274 0.05307 0.25613 0.6225 0.6441 0.6368
v -0.34379 0.05551 0.26903 0.6026 0.6248 0.6137
v -0.34294 0.05962 0.28320 0.3725 0.4078 0.4000
v -0.33904 0.06092 0.16093 0.5647 0.5961 0.6078
v -0.34425 0.06379 0.18272 0.3353 0.3647 0.3804
v -0.34396 0.06309 0.20037 0.2559 0.2892 0.3176
v -0.33859 0.06218 0.20850 0.2510 0.2882 0.3235
v -0.33901 0.06428 0.30194 0.5124 0.5503 0.4889
v -0.34336 0.06592 0.31183 0.4588 0.4902 0.4314
v -0.32533 0.05191 -0.05461 0.6275 0.6627 0.6588
v -0.32948 0.05318 -0.03618 0.8471 0.8863 0.8549
v -0.31871 0.05433 -0.01436 0.6627 0.6902 0.6627
v -0.32427 0.05596 0.04153 0.5137 0.5373 0.5373
v -0.32640 0.05638 0.08896 0.5275 0.5549 0.5902
v -0.32756 0.05673 0.10729 0.5137 0.5412 0.5725
v -0.31906 0.05725 0.11824 0.5333 0.5608 0.5843
v -0.32578 0.05824 0.12987 0.6706 0.7020 0.7137
v -0.32872 0.05964 0.14501 0.6902 0.7216 0.7333
v -0.32255 0.06003 0.21270 0.4294 0.4686 0.5039
v -0.32439 0.05683 0.22775 0.4706 0.5027 0.5325
v -0.32652 0.05426 0.23985 0.5566 0.5786 0.5885
v -0.32712 0.05362 0.25573 0.5882 0.6118 0.6000
v -0.33121 0.05737 0.27286 0.4706 0.4980 0.4706
v -0.32114 0.05933 0.28148 0.4706 0.4980 0.4706
v -0.32976 0.06122 0.16853 0.1922 0.2196 0.2431
v -0.32659 0.06222 0.18155 0.2922 0.3255 0.3392
v -0.32641 0.06196 0.20293 0.3137 0.3529 0.3882
v -0.33266 0.06074 0.21604 0.5294 0.5725 0.5961
v -0.32050 0.06201 0.29405 0.5490 0.5725 0.5176
v -0.32536 0.06337 0.30202 0.4735 0.5069 0.4480
v -0.33086 0.06564 0.31183 0.4706 0.5059 0.4392
v -0.31211 0.05254 -0.04837 0.7451 0.7804 0.7765
v -0.31487 0.05365 -0.03313 0.7961 0.8314 0.8118
v -0.31641 0.05502 -0.00057 0.5608 0.5882 0.5608
v -0.31115 0.05543 0.01048 0.4902 0.5059 0.5020
v -0.31046 0.05586 0.02501 0.5176 0.5333 0.5294
v -0.31076 0.05712 0.10434 0.5216 0.5549 0.5745
v -0.30606 0.05908 0.14979 0.4588 0.4784 0.5020
v -0.31772 0.06054 0.16463 0.1490 0.1667 0.1765
v -0.30774 0.06015 0.17832 0.3804 0.4196 0.4235
v -0.31260 0.06063 0.19572 0.5333 0.5608 0.5843
v -0.31024 0.05865 0.21037 0.4010 0.4373 0.4706
v -0.31082 0.05536 0.22782 0.4294 0.4637 0.4917
v -0.30971 0.05343 0.23906 0.5835 0.6102 0.6110
v -0.30552 0.05869 0.28265 0.4588 0.4863 0.4588
v -0.30861 0.06135 0.29803 0.3961 0.4235 0.3961
v -0.30828 0.06294 0.31183 0.3647 0.4000 0.3549
v -0.28944 0.05074 -0.07697 0.5922 0.6078 0.6039
v -0.29673 0.05239 -0.05749 0.6765 0.7020 0.6804
v -0.29401 0.05391 -0.02960 0.6667 0.7020 0.6824
v -0.28812 0.05452 -0.01648 0.6902 0.7176 0.6902
v -0.28816 0.05559 0.01274 0.5412 0.5647 0.5490
v -0.29152 0.05618 0.04060 0.5255 0.5451 0.5569
v -0.29828 0.05614 0.05418 0.5020 0.5255 0.5255
v -0.28995 0.05674 0.07652 0.5137 0.5451 0.5529
v -0.30064 0.05727 0.11137 0.4392 0.4667 0.4980
v -0.29779 0.05749 0.12115 0.4745 0.5020 0.5255
v -0.29921 0.05826 0.13566 0.4549 0.5059 0.5412
v -0.29281 0.05897 0.16600 0.5314 0.5706 0.5922
v -0.29249 0.05915 0.18550 0.7020 0.7333 0.7451
v -0.29023 0.05822 0.19886 0.3255 0.3686 0.3922
v -0.29950 0.05713 0.21227 0.3608 0.4039 0.4392
v -0.29635 0.05429 0.22758 0.4972 0.5298 0.5386
v -0.29393 0.05321 0.23972 0.5412 0.5647 0.5569
v -0.29591 0.05479 0.26145 0.5294 0.5647 0.5451
v -0.29684 0.05786 0.28864 0.4497 0.4797 0.4601
v -0.29416 0.05824 0.29940 0.4784 0.5020 0.4863
v -0.29230 0.05902 0.31182 0.4510 0.4706 0.4549
v -0.27674 0.05168 -0.07204 0.6980 0.7176 0.6941
v -0.27356 0.05196 -0.05969 0.6667 0.6863 0.6627
v -0.28248 0.05328 -0.04508 0.7294 0.7490 0.7255
v -0.27460 0.05432 -0.01247 0.5569 0.5804 0.5647
v -0.28569 0.05496 -0.00254 0.4980 0.5137 0.5176
v -0.28027 0.05570 0.21379 0.3711 0.4034 0.4275
v -0.28204 0.05443 0.22573 0.4750 0.5044 0.5083
v -0.27742 0.05414 0.24616 0.4680 0.5072 0.4837
v -0.27897 0.05428 0.25208 0.5706 0.6000 0.5824
v -0.27531 0.05394 0.26510 0.7255 0.7451 0.7176
v -0.27499 0.05462 0.28198 0.4118 0.4431 0.4510
v -0.28286 0.05638 0.29597 0.3922 0.4157 0.4078
v -0.27426 0.05610 0.31182 0.4706 0.4941 0.4941
v -0.26205 0.03690 -0.31181 0.5974 0.5817 0.5346
v -0.26049 0.04729 -0.13102 0.6431 0.6627 0.6353
v -0.26870 0.05034 -0.08990 0.6471 0.6667 0.6431
v -0.26539 0.05337 -0.03509 0.5765 0.5961 0.5804
v -0.26318 0.05442 -0.00908 0.5961 0.6196 0.6118
v -0.26424 0.05600 0.02459 0.6118 0.6275 0.6314
v -0.26979 0.05696 0.10316 0.4980 0.5255 0.5490
v -0.27207 0.05710 0.12277 0.5137 0.5333 0.5451
v -0.26648 0.05723 0.13961 0.4588 0.4941 0.5294
v -0.27106 0.05761 0.16072 0.5059 0.5333 0.5569
v -0.26858 0.05747 0.17651 0.5098 0.5490 0.5569
v -0.26577 0.05664 0.19729 0.4118 0.4471 0.4706
v -0.26567 0.05580 0.20901 0.3667 0.4000 0.4333
v -0.26685 0.05494 0.22358 0.3941 0.4147 0.4265
v -0.26469 0.05366 0.24213 0.6627 0.6954 0.6654
v -0.26117 0.05293 0.25903 0.7882 0.8118 0.7725
v -0.26933 0.05476 0.29565 0.3686 0.4078 0.4039
v -0.25148 0.03668 -0.30698 0.5867 0.5741 0.5247
v -0.25175 0.03738 -0.29436 0.5980 0.5843 0.5314
v -0.24378 0.04127 -0.21538 0.5608 0.5804 0.5647
v -0.24344 0.04368 -0.17899 0.5451 0.5529 0.5412
v -0.24933 0.04446 -0.16795 0.6039 0.6235 0.6000
v -0.25203 0.04535 -0.15490 0.5941 0.6137 0.5863
v -0.24509 0.04540 -0.14440 0.4627 0.4745 0.4471
v -0.25020 0.04656 -0.13494 0.6008 0.6212 0.5976
v -0.25096 0.04746 -0.12237 0.6392 0.6598 0.6441
v -0.24854 0.04865 -0.10283 0.6667 0.6863 0.6627
v -0.25427 0.05015 -0.08513 0.6314 0.6588 0.6314
v -0.25577 0.05118 -0.06968 0.6196 0.6392 0.6157
v -0.24501 0.05155 -0.06182 0.5490 0.5686 0.5451
v -0.25692 0.05218 -0.05379 0.5490 0.5686 0.5451
v -0.25566 0.05395 -0.02025 0.6078 0.6431 0.6392
v -0.25717 0.05550 0.00319 0.5765 0.6000 0.5922
v -0.25319 0.05648 0.05242 0.5725 0.6039 0.6118
v -0.24933 0.05608 0.20024 0.3634 0.3948 0.4131
v -0.25318 0.05557 0.21062 0.3490 0.3863 0.3980
v -0.25031 0.05434 0.22380 0.3980 0.4216 0.4137
v -0.25075 0.05286 0.24115 0.8157 0.8418 0.7908
v -0.25449 0.05292 0.27308 0.7608 0.7843 0.7373
v -0.25388 0.05465 0.31183 0.4824 0.5098 0.4824
v -0.22777 0.03610 -0.29749 0.6000 0.5882 0.5294
v -0.23426 0.03831 -0.26315 0.6078 0.6000 0.5490
v -0.23358 0.03965 -0.24140 0.5196 0.5216 0.4902
v -0.23508 0.04056 -0.22659 0.6235 0.6288 0.6065
v -0.23678 0.04186 -0.20745 0.6608 0.6686 0.6529
v -0.23149 0.04247 -0.19631 0.5830 0.6026 0.5843
v -0.23220 0.04326 -0.18489 0.5843 0.6039 0.5882
v -0.23428 0.04446 -0.16197 0.5510 0.5725 0.5529
v -0.23121 0.04500 -0.14326 0.6863 0.7098 0.6941
v -0.23973 0.04573 -0.13696 0.3569 0.3765 0.3529
v -0.23342 0.04632 -0.12708 0.6941 0.7098 0.7059
v -0.23408 0.04824 -0.09486 0.6941 0.7137 0.6980
v -0.23173 0.04937 -0.07600 0.6405 0.6627 0.6444
v -0.23556 0.05093 -0.06093 0.6490 0.6745 0.6510
v -0.24141 0.05254 -0.04304 0.6588 0.6941 0.6902
v -0.23760 0.05282 -0.03167 0.6980 0.7412 0.7255
v -0.23393 0.05403 -0.01714 0.5922 0.6157 0.6039
v -0.23039 0.05561 0.01281 0.6667 0.6902 0.6824
v -0.23643 0.05686 0.07871 0.5255 0.5569 0.5647
v -0.23365 0.05656 0.11143 0.4784 0.5059 0.5294
v -0.24097 0.05655 0.15251 0.5059 0.5373 0.5490
v -0.23665 0.05666 0.17086 0.5059 0.5255 0.5412
v -0.23663 0.05654 0.18328 0.6000 0.6235 0.6078
v -0.23120 0.05603 0.19438 0.5333 0.5627 0.5451
v -0.23711 0.05453 0.21314 0.7569 0.7824 0.7549
v -0.23379 0.05263 0.22649 0.7340 0.7399 0.7020
v -0.23320 0.05190 0.23496 0.6784 0.6863 0.6353
v -0.23969 0.05193 0.25709 0.7294 0.7529 0.7137
v -0.23319 0.05306 0.28916 0.6510 0.6863 0.6667
v -0.23125 0.05359 0.31183 0.6039 0.6314 0.6039
v -0.21879 0.03507 -0.30933 0.5642 0.5500 0.5005
v -0.21559 0.03609 -0.28933 0.5765 0.5529 0.5059
v -0.21977 0.03709 -0.27557 0.5608 0.5412 0.4941
v -0.21707 0.03937 -0.24455 0.6627 0.6667 0.6431
v -0.21850 0.04033 -0.22668 0.6686 0.6843 0.6706
v -0.22363 0.04127 -0.21287 0.6510 0.6706 0.6510
v -0.21693 0.04186 -0.20229 0.5843 0.6039 0.5882
v -0.21950 0.04284 -0.18642 0.6275 0.6471 0.6314
v -0.22317 0.04371 -0.17054 0.5118 0.5275 0.5137
v -0.21971 0.04405 -0.15432 0.6706 0.6876 0.6654
v -0.22042 0.04523 -0.14040 0.7020 0.7216 0.7059
v -0.21786 0.04595 -0.13114 0.6549 0.6745 0.6588
v -0.22268 0.04724 -0.10715 0.6784 0.7020 0.6804
v -0.21738 0.04773 -0.09189 0.6510 0.6784 0.6510
v -0.22071 0.04881 -0.07726 0.6706 0.7020 0.6784
v -0.21854 0.04963 -0.06206 0.6863 0.7255 0.6941
v -0.21687 0.05119 -0.04508 0.6588 0.6824 0.6745
v -0.22115 0.05234 -0.02978 0.6824 0.7059 0.6980
v -0.21720 0.05442 -0.01560 0.5843 0.6039 0.5882
v -0.21945 0.05534 -0.00336 0.5647 0.5882 0.5804
v -0.22060 0.05583 0.03426 0.5647 0.5843 0.5961
v -0.21544 0.05622 0.04898 0.5529 0.5882 0.6078
v -0.22517 0.05690 0.09477 0.5059 0.5373 0.5490
v -0.21389 0.05648 0.09909 0.4824 0.5137 0.5255
v -0.21386 0.05613 0.12481 0.6275 0.6549 0.6863
v -0.22292 0.05532 0.19911 0.6588 0.6745 0.6523
v -0.21864 0.05316 0.21299 0.6850 0.6889 0.6601
v -0.22199 0.05178 0.22585 0.7216 0.7157 0.6863
v -0.22258 0.05099 0.24094 0.5216 0.5412 0.5176
v -0.22680 0.05146 0.26255 0.7176 0.7412 0.7020
v -0.22212 0.05270 0.29878 0.6784 0.7176 0.6863
v -0.22050 0.05269 0.31182 0.6294 0.6549 0.6373
v -0.20606 0.03429 -0.30859 0.5765 0.5556 0.5085
v -0.20361 0.03538 -0.29125 0.5699 0.5516 0.5046
v -0.20430 0.03675 -0.27269 0.5686 0.5529 0.5059
v -0.20492 0.03821 -0.25570 0.6588 0.6588 0.6275
v -0.20024 0.03999 -0.22779 0.6804 0.7000 0.6941
v -0.20422 0.04090 -0.21262 0.6510 0.6745 0.6667
v -0.20669 0.04142 -0.20256 0.6000 0.6353 0.6235
v -0.20571 0.04239 -0.18651 0.6196 0.6451 0.6275
v -0.20884 0.04303 -0.17268 0.5078 0.5275 0.5020
v -0.20724 0.04382 -0.15140 0.6216 0.6490 0.6353
v -0.20351 0.04508 -0.13833 0.6026 0.6275 0.6078
v -0.20730 0.04600 -0.13006 0.6118 0.6353 0.6196
v -0.20356 0.04599 -0.12611 0.6431 0.6686 0.6471
v -0.20614 0.04706 -0.10858 0.6392 0.6627 0.6471
v -0.20114 0.04752 -0.09507 0.6039 0.6275 0.6118
v -0.20556 0.04832 -0.07922 0.5608 0.5863 0.5647
v -0.20355 0.04913 -0.06460 0.6510 0.6745 0.6588
v -0.20173 0.05018 -0.04790 0.5961 0.6255 0.6196
v -0.20465 0.05222 -0.02723 0.6431 0.6745 0.6824
v -0.19861 0.05498 -0.01290 0.6980 0.7333 0.7216
v -0.21120 0.05559 0.00528 0.6824 0.7059 0.6902
v -0.20220 0.05547 0.01546 0.6784 0.7020 0.6941
v -0.20518 0.05665 0.09349 0.5098 0.5412 0.5529
v -0.20219 0.05649 0.10041 0.4784 0.5137 0.5333
v -0.20492 0.05583 0.14489 0.4863 0.5176 0.5294
v -0.19865 0.05575 0.16448 0.5647 0.6000 0.5961
v -0.20089 0.05490 0.18432 0.4784 0.4928 0.4771
v -0.20577 0.05433 0.19500 0.7027 0.7098 0.6745
v -0.20737 0.05245 0.21028 0.7127 0.7108 0.6804
v -0.20311 0.05041 0.22689 0.7039 0.7059 0.6745
v -0.20337 0.04997 0.24634 0.6784 0.6824 0.6510
v -0.20856 0.05117 0.27356 0.6980 0.7216 0.6824
v -0.20359 0.05214 0.31183 0.5686 0.5922 0.5765
v -0.19181 0.03291 -0.31181 0.5294 0.5059 0.4588
v -0.18934 0.03447 -0.29501 0.5706 0.5510 0.5000
v -0.18680 0.03616 -0.27607 0.5824 0.5686 0.5314
v -0.19295 0.03723 -0.26540 0.5882 0.5882 0.5569
v -0.18688 0.03885 -0.24436 0.6804 0.7000 0.6804
v -0.18228 0.03993 -0.22479 0.7059 0.7294 0.7294
v -0.18571 0.04068 -0.21295 0.6510 0.6745 0.6745
v -0.18892 0.04101 -0.19800 0.6608 0.6804 0.6784
v -0.18751 0.04164 -0.18402 0.6797 0.7007 0.6824
v -0.19119 0.04234 -0.16639 0.6863 0.7039 0.6941
v -0.18999 0.04351 -0.15064 0.7059 0.7294 0.7039
v -0.18475 0.04435 -0.13637 0.6980 0.7176 0.6922
v -0.18801 0.04627 -0.11853 0.7039 0.7235 0.7000
v -0.18482 0.04770 -0.10197 0.6902 0.7137 0.7059
v -0.18702 0.04839 -0.08812 0.6333 0.6588 0.6412
v -0.18924 0.04913 -0.07599 0.6529 0.6784 0.6588
v -0.18989 0.05036 -0.06172 0.6722 0.6988 0.6894
v -0.18678 0.05168 -0.04948 0.6490 0.6843 0.6902
v -0.18627 0.05294 -0.03503 0.6902 0.7137 0.7137
v -0.18434 0.05406 -0.02108 0.7098 0.7412 0.7490
v -0.19380 0.05625 0.00105 0.6824 0.7020 0.6784
v -0.18240 0.05582 0.01390 0.7176 0.7451 0.7176
v -0.18667 0.05555 0.02942 0.6863 0.7098 0.7098
v -0.19466 0.05585 0.04536 0.5686 0.6000 0.6118
v -0.19328 0.05675 0.06185 0.5686 0.5882 0.6000
v -0.19597 0.05669 0.08357 0.5333 0.5647 0.5725
v -0.18534 0.05616 0.10495 0.3529 0.3922 0.4275
v -0.19016 0.05371 0.18515 0.5647 0.5765 0.5412
v -0.19059 0.05285 0.19582 0.7216 0.7235 0.6794
v -0.19181 0.05137 0.21041 0.6980 0.6951 0.6588
v -0.18267 0.04949 0.22902 0.6627 0.6510 0.6235
v -0.18732 0.05029 0.27199 0.5647 0.5843 0.5569
v -0.17658 0.03248 -0.31181 0.5843 0.5608 0.5137
v -0.17322 0.03409 -0.29374 0.5333 0.5098 0.4627
v -0.17158 0.03606 -0.27572 0.6392 0.6373 0.6000
v -0.17319 0.03750 -0.26106 0.7098 0.7294 0.7059
v -0.16786 0.03887 -0.24438 0.7137 0.7373 0.7294
v -0.17152 0.03979 -0.23000 0.6863 0.7216 0.7176
v -0.17379 0.04053 -0.19759 0.6706 0.7059 0.6941
v -0.17285 0.04074 -0.18453 0.6431 0.6627 0.6353
v -0.17360 0.04162 -0.16660 0.7098 0.7294 0.7137
v -0.17514 0.04261 -0.15403 0.6961 0.7157 0.6961
v -0.17326 0.04346 -0.13868 0.6569 0.6843 0.6706
v -0.17341 0.04502 -0.12536 0.5020 0.5216 0.5157
v -0.17508 0.04610 -0.11921 0.7000 0.7196 0.6961
v -0.17435 0.04784 -0.10686 0.7190 0.7412 0.7190
v -0.17242 0.04966 -0.09104 0.6980 0.7137 0.6922
v -0.17434 0.05120 -0.07588 0.6932 0.7076 0.6915
v -0.17485 0.05256 -0.06262 0.7085 0.7314 0.7157
v -0.17300 0.05486 -0.04757 0.6299 0.6564 0.6618
v -0.17012 0.05637 -0.03183 0.5503 0.5843 0.5830
v -0.16994 0.05655 -0.01970 0.5647 0.5902 0.6020
v -0.17385 0.05682 -0.00181 0.6980 0.7176 0.7157
v -0.17296 0.05627 0.04213 0.6719 0.6954 0.6928
v -0.17248 0.05678 0.09094 0.5464 0.5712 0.5817
v -0.17626 0.05594 0.11767 0.5843 0.6157 0.6275
v -0.17533 0.05578 0.13809 0.5765 0.6000 0.6000
v -0.16837 0.05569 0.14685 0.6392 0.6627 0.6627
v -0.17864 0.05410 0.17091 0.4549 0.4784 0.4784
v -0.17580 0.05258 0.18365 0.6196 0.6261 0.5948
v -0.17432 0.05153 0.19507 0.7229 0.7307 0.6876
v -0.17579 0.05034 0.21375 0.6902 0.6902 0.6569
v -0.16784 0.04925 0.22546 0.6941 0.6941 0.6627
v -0.17938 0.04938 0.24544 0.4980 0.5098 0.4824
v -0.17908 0.05041 0.28096 0.5059 0.5216 0.5176
v -0.17965 0.05099 0.31183 0.4314 0.4549 0.4549
v -0.15771 0.03285 -0.30303 0.6392 0.6314 0.5817
v -0.16288 0.03495 -0.28427 0.5255 0.5098 0.4627
v -0.15546 0.03717 -0.26742 0.6353 0.6549 0.6392
v -0.15579 0.03846 -0.25061 0.6980 0.7333 0.7294
v -0.15180 0.03938 -0.23175 0.7059 0.7412 0.7294
v -0.16521 0.04015 -0.20534 0.6627 0.6863 0.6784
v -0.16378 0.04023 -0.18775 0.6745 0.6980 0.6824
v -0.15868 0.04058 -0.16906 0.7157 0.7392 0.7235
v -0.15847 0.04177 -0.15338 0.6471 0.6667 0.6647
v -0.15786 0.04396 -0.13618 0.6490 0.6791 0.6804
v -0.16415 0.04521 -0.12459 0.6706 0.7059 0.7020
v -0.15684 0.04682 -0.12100 0.5225 0.5529 0.5480
v -0.16008 0.04781 -0.11061 0.4608 0.4961 0.4784
v -0.15883 0.05102 -0.08944 0.6686 0.6824 0.6784
v -0.15750 0.05382 -0.07574 0.8242 0.8542 0.8463
v -0.15977 0.05763 -0.06042 0.7644 0.7919 0.7937
v -0.16254 0.05861 -0.04751 0.5907 0.6157 0.6324
v -0.16298 0.05870 -0.03139 0.5709 0.6017 0.6146
v -0.15961 0.05908 -0.01681 0.5928 0.6163 0.6281
v -0.15383 0.05815 -0.00474 0.6157 0.6333 0.6412
v -0.15406 0.05731 0.01468 0.7255 0.7451 0.7176
v -0.15757 0.05703 0.02777 0.7242 0.7490 0.7346
v -0.15700 0.05811 0.05721 0.6706 0.6941 0.6902
v -0.16040 0.05816 0.07519 0.7196 0.7392 0.7373
v -0.15297 0.05674 0.10216 0.6863 0.7098 0.7020
v -0.15446 0.05628 0.11759 0.6235 0.6471 0.6471
v -0.15354 0.05629 0.13098 0.6196 0.6431 0.6431
v -0.15697 0.05509 0.15278 0.5582 0.5869 0.5856
v -0.15624 0.05285 0.17211 0.6431 0.6588 0.6549
v -0.16366 0.05211 0.17985 0.5490 0.5627 0.5510
v -0.16057 0.05066 0.19764 0.6784 0.6824 0.6333
v -0.15748 0.04927 0.21347 0.6118 0.6235 0.5882
v -0.15575 0.04904 0.22993 0.7020 0.7059 0.6745
v -0.16027 0.04939 0.25349 0.5686 0.5765 0.5569
v -0.15399 0.06089 -0.05627 0.7255 0.7569 0.7647
v -0.15567 0.06201 -0.04823 0.5827 0.6110 0.6259
v -0.15535 0.06147 -0.03364 0.5203 0.5516 0.5634
v -0.14117 0.03176 -0.31181 0.6588 0.6627 0.6314
v -0.14367 0.03446 -0.28913 0.7137 0.7333 0.7118
v -0.13959 0.03661 -0.26819 0.7020 0.7255 0.7098
v -0.14388 0.03777 -0.25624 0.6706 0.6902 0.6667
v -0.13819 0.03904 -0.24167 0.7020 0.7216 0.6980
v -0.14471 0.03955 -0.21380 0.6725 0.6961 0.6882
v -0.14543 0.03926 -0.19380 0.7137 0.7373 0.7294
v -0.14769 0.03953 -0.17545 0.6941 0.7176 0.7098
v -0.14474 0.04208 -0.15216 0.5810 0.6056 0.5877
v -0.14355 0.04462 -0.14147 0.6098 0.6392 0.6333
v -0.14225 0.04672 -0.13467 0.5752 0.6026 0.6072
v -0.14289 0.05046 -0.12119 0.6090 0.6427 0.6501
v -0.14286 0.05214 -0.10845 0.4887 0.5265 0.5402
v -0.14216 0.05065 -0.09125 0.6562 0.6889 0.6745
v -0.14320 0.05321 -0.07642 0.7188 0.7485 0.7401
v -0.14534 0.05838 -0.06549 0.7085 0.7455 0.7403
v -0.14262 0.05890 -0.00145 0.6353 0.6611 0.6560
v -0.14050 0.05899 0.01355 0.8384 0.8518 0.8439
v -0.14055 0.05827 0.02527 0.7745 0.7902 0.7863
v -0.14454 0.05793 0.04414 0.7477 0.7660 0.7634
v -0.14336 0.05943 0.06016 0.7193 0.7367 0.7272
v -0.14274 0.05930 0.07506 0.6837 0.6967 0.6928
v -0.14197 0.05817 0.08842 0.6431 0.6647 0.6598
v -0.13954 0.05713 0.10474 0.6353 0.6588 0.6588
v -0.13981 0.05675 0.12242 0.6157 0.6392 0.6392
v -0.14500 0.05461 0.15402 0.6144 0.6379 0.6327
v -0.14350 0.05376 0.16386 0.6337 0.6565 0.6518
v -0.14655 0.05200 0.17928 0.4863 0.5039 0.4980
v -0.14348 0.04929 0.21164 0.4529 0.4686 0.4471
v -0.13718 0.04862 0.23389 0.3922 0.4157 0.4000
v -0.14891 0.05032 0.31183 0.4471 0.4667 0.4510
v -0.14384 0.06232 -0.05837 0.7012 0.7294 0.7187
v -0.14641 0.06434 -0.04805 0.6816 0.7122 0.7247
v -0.14613 0.06369 -0.03396 0.5412 0.5725 0.5824
v -0.14306 0.06185 -0.01376 0.5662 0.5917 0.6005
v -0.13812 0.06103 -0.00454 0.5882 0.6157 0.6196
v -0.12573 0.03249 -0.30640 0.6843 0.7020 0.6804
v -0.13163 0.03461 -0.28745 0.5941 0.6118 0.5902
v -0.12489 0.03580 -0.27464 0.5725 0.5922 0.5706
v -0.12900 0.03781 -0.25543 0.7333 0.7529 0.7255
v -0.12492 0.03857 -0.24063 0.6667 0.6902 0.6745
v -0.13098 0.03923 -0.22705 0.7000 0.7235 0.7196
v -0.12225 0.03923 -0.20827 0.6824 0.7059 0.6980
v -0.13202 0.03902 -0.19593 0.6902 0.7137 0.7137
v -0.13556 0.03910 -0.18243 0.6784 0.7020 0.7020
v -0.13054 0.04005 -0.16785 0.6601 0.6797 0.6706
v -0.12924 0.04292 -0.15286 0.6732 0.6954 0.6850
v -0.12971 0.04530 -0.14344 0.5346 0.5556 0.5490
v -0.12858 0.04836 -0.13473 0.6253 0.6575 0.6736
v -0.12871 0.05414 -0.12248 0.6317 0.6621 0.6691
v -0.12950 0.05686 -0.10766 0.5426 0.5790 0.6004
v -0.12830 0.05451 -0.09252 0.5599 0.5916 0.5860
v -0.12777 0.05603 -0.07645 0.7367 0.7681 0.7631
v -0.12765 0.05954 -0.06738 0.6804 0.7108 0.7069
v -0.13514 0.05926 0.00236 0.6098 0.6333 0.6176
v -0.13407 0.05987 0.01138 0.7853 0.7990 0.7824
v -0.13444 0.05909 0.02718 0.7784 0.7941 0.7941
v -0.13390 0.05865 0.04165 0.7739 0.7895 0.7895
v -0.13614 0.05983 0.05241 0.7255 0.7490 0.7333
v -0.13039 0.06016 0.08032 0.7098 0.7294 0.7137
v -0.12768 0.05926 0.09264 0.6725 0.6961 0.6882
v -0.12868 0.05807 0.10261 0.5974 0.6209 0.6209
v -0.12812 0.05744 0.11983 0.5667 0.5902 0.5902
v -0.12771 0.05615 0.13831 0.6052 0.6314 0.6340
v -0.12527 0.05480 0.15118 0.6373 0.6647 0.6686
v -0.13089 0.05321 0.16737 0.6353 0.6588 0.6510
v -0.13047 0.05120 0.18361 0.3608 0.3778 0.3699
v -0.13066 0.04967 0.19837 0.3627 0.3824 0.3804
v -0.12481 0.04905 0.21431 0.3549 0.3784 0.3784
v -0.12809 0.04878 0.26454 0.4824 0.4980 0.4941
v -0.12877 0.06260 -0.06135 0.7355 0.7654 0.7647
v -0.13108 0.06570 -0.04652 0.7108 0.7422 0.7422
v -0.12670 0.06617 -0.03107 0.6353 0.6706 0.6667
v -0.12801 0.06492 -0.01432 0.6007 0.6333 0.6307
v -0.12955 0.06313 -0.00003 0.6891 0.7091 0.7080
v -0.12729 0.06273 0.01479 0.8067 0.8174 0.8067
v -0.12856 0.06218 0.02916 0.6980 0.7115 0.7132
v -0.12789 0.06272 0.04310 0.7515 0.7603 0.7461
v -0.12618 0.06306 0.05836 0.7137 0.7239 0.7098
v -0.12659 0.06184 0.07282 0.6794 0.6902 0.6794
v -0.11560 0.03161 -0.30285 0.5974 0.6105 0.5856
v -0.11580 0.03398 -0.28912 0.5745 0.5882 0.5706
v -0.11321 0.03481 -0.27690 0.7176 0.7373 0.7111
v -0.11053 0.03687 -0.25929 0.6719 0.6915 0.6706
v -0.11453 0.03766 -0.24466 0.6196 0.6353 0.6314
v -0.11214 0.03863 -0.22979 0.7078 0.7314 0.7275
v -0.11725 0.03890 -0.21890 0.6980 0.7216 0.7137
v -0.11668 0.03925 -0.18202 0.6301 0.6523 0.6418
v -0.10979 0.04046 -0.16717 0.6497 0.6784 0.6837
v -0.11431 0.04374 -0.15221 0.6506 0.6671 0.6627
v -0.11228 0.04974 -0.13598 0.6101 0.6360 0.6422
v -0.11493 0.05608 -0.12470 0.6516 0.6784 0.6893
v -0.11824 0.06048 -0.10970 0.5098 0.5412 0.5529
v -0.11443 0.05922 -0.08920 0.5730 0.5971 0.6029
v -0.11578 0.05869 -0.07935 0.6683 0.6954 0.6882
v -0.11861 0.05990 -0.06875 0.6627 0.6784 0.6902
v -0.11710 0.05972 0.10579 0.6575 0.6810 0.6810
v -0.11358 0.05894 0.12103 0.5875 0.6102 0.6110
v -0.11240 0.05721 0.13563 0.5503 0.5765 0.5830
v -0.11094 0.05455 0.15358 0.5660 0.5908 0.5974
v -0.11419 0.05313 0.16317 0.6167 0.6431 0.6402
v -0.11510 0.05154 0.17738 0.5745 0.5902 0.5902
v -0.11360 0.04952 0.19723 0.3902 0.4098 0.3922
v -0.11573 0.04840 0.22496 0.4980 0.5176 0.4980
v -0.11660 0.04894 0.29280 0.4157 0.4314 0.4275
v -0.10883 0.06103 -0.11589 0.6667 0.6980 0.7098
v -0.11351 0.06144 -0.10781 0.5678 0.6000 0.6227
v -0.11195 0.06078 -0.09553 0.5569 0.5765 0.5882
v -0.11284 0.06159 -0.07052 0.7510 0.7804 0.7745
v -0.11550 0.06317 -0.06332 0.7020 0.7294 0.7320
v -0.11265 0.06635 -0.04689 0.6608 0.6931 0.6980
v -0.11417 0.06748 -0.03327 0.5882 0.6098 0.6157
v -0.11592 0.06721 -0.01775 0.5974 0.6222 0.6288
v -0.11486 0.06684 -0.00204 0.7012 0.7239 0.7161
v -0.11729 0.06610 0.01527 0.8745 0.8941 0.8667
v -0.11508 0.06614 0.03018 0.8290 0.8361 0.8149
v -0.11548 0.06657 0.04452 0.8392 0.8431 0.8235
v -0.11665 0.06579 0.05937 0.7812 0.7953 0.7788
v -0.11334 0.06507 0.07617 0.6804 0.6941 0.6892
v -0.11515 0.06268 0.09070 0.6196 0.6412 0.6402
v -0.11077 0.06203 0.10361 0.6209 0.6444 0.6444
v -0.09782 0.02908 -0.30750 0.6052 0.6170 0.5817
v -0.10061 0.03129 -0.28733 0.6588 0.6824 0.6667
v -0.10021 0.03272 -0.27377 0.7027 0.7224 0.7020
v -0.09346 0.03461 -0.26345 0.6941 0.7137 0.6863
v -0.10145 0.03754 -0.24524 0.7137 0.7353 0.7157
v -0.10004 0.03833 -0.22870 0.6157 0.6392 0.6314
v -0.09755 0.03878 -0.21254 0.6627 0.6837 0.6915
v -0.09251 0.03951 -0.19756 0.6353 0.6588 0.6588
v -0.09911 0.03952 -0.18524 0.6412 0.6608 0.6588
v -0.09622 0.04068 -0.16835 0.6627 0.6843 0.6765
v -0.09792 0.04357 -0.15612 0.6426 0.6560 0.6543
v -0.09769 0.04730 -0.14703 0.6324 0.6549 0.6608
v -0.09946 0.05191 -0.13801 0.6026 0.6273 0.6356
v -0.09789 0.05824 -0.12465 0.6784 0.7039 0.7118
v -0.10364 0.06050 -0.08127 0.5621 0.5843 0.5712
v -0.10161 0.06061 0.12575 0.6000 0.6235 0.6235
v -0.09907 0.05863 0.13671 0.5020 0.5355 0.5412
v -0.09601 0.05578 0.14930 0.5403 0.5730 0.5826
v -0.09676 0.05244 0.16652 0.6431 0.6675 0.6682
v -0.09680 0.05098 0.18046 0.5482 0.5592 0.5576
v -0.09898 0.04950 0.19592 0.4039 0.4222 0.4078
v -0.09965 0.04855 0.20706 0.4379 0.4497 0.4418
v -0.09352 0.04729 0.22233 0.3686 0.3882 0.3725
v -0.09262 0.04765 0.23914 0.4039 0.4235 0.4078
v -0.09628 0.04810 0.25777 0.4980 0.5059 0.5020
v -0.10290 0.04845 0.27731 0.4431 0.4588 0.4549
v -0.09209 0.04849 0.28314 0.4118 0.4275 0.4235
v -0.09704 0.04862 0.29503 0.4275 0.4471 0.4314
v -0.10462 0.04883 0.31182 0.3765 0.3961 0.3804
v -0.09684 0.06130 -0.11915 0.6447 0.6722 0.6800
v -0.10001 0.06286 -0.10865 0.6447 0.6761 0.6871
v -0.10195 0.06268 -0.09150 0.5196 0.5431 0.5627
v -0.09903 0.06331 -0.07690 0.6507 0.6722 0.6725
v -0.10124 0.06475 -0.06411 0.6408 0.6745 0.6800
v -0.09688 0.06695 -0.04484 0.6559 0.6706 0.6814
v -0.09413 0.07156 -0.03001 0.6801 0.7053 0.7119
v -0.09769 0.06944 -0.01597 0.6608 0.6833 0.6941
v -0.09523 0.06860 -0.00116 0.7490 0.7608 0.7510
v -0.09929 0.06835 0.01132 0.9333 0.9412 0.9078
v -0.09672 0.06872 0.02837 0.8667 0.8824 0.8569
v -0.09804 0.06848 0.04800 0.8059 0.8098 0.7863
v -0.10184 0.06792 0.06179 0.8065 0.8183 0.7961
v -0.09838 0.06802 0.07507 0.7490 0.7725 0.7647
v -0.10032 0.06653 0.09108 0.7281 0.7477 0.7359
v -0.10018 0.06445 0.10721 0.6056 0.6364 0.6415
v -0.09902 0.06198 0.12167 0.5425 0.5693 0.5752
v -0.09385 0.06207 0.12882 0.4745 0.5059 0.5137
v -0.09255 0.08209 -0.02994 0.6410 0.6603 0.6708
v -0.07898 0.02716 -0.30981 0.6425 0.6529 0.6255
v -0.07757 0.03039 -0.29681 0.4039 0.4275 0.3882
v -0.08378 0.03083 -0.28777 0.6562 0.6797 0.6699
v -0.08227 0.03210 -0.27590 0.7284 0.7490 0.7265
v -0.08300 0.03425 -0.26234 0.6706 0.6922 0.6716
v -0.08271 0.03617 -0.24484 0.6986 0.7249 0.7160
v -0.08609 0.03791 -0.22389 0.6255 0.6471 0.6529
v -0.08510 0.03841 -0.21256 0.6471 0.6627 0.6745
v -0.08221 0.03883 -0.20344 0.6824 0.7033 0.7111
v -0.08046 0.03980 -0.18234 0.6431 0.6657 0.6647
v -0.08310 0.04251 -0.16469 0.6373 0.6490 0.6461
v -0.08708 0.04434 -0.15851 0.6745 0.6902 0.6863
v -0.08246 0.04862 -0.15118 0.6020 0.6204 0.6247
v -0.08421 0.05483 -0.13724 0.6634 0.6837 0.6894
v -0.08477 0.05911 -0.12746 0.7162 0.7426 0.7480
v -0.08565 0.06048 0.13965 0.4784 0.5157 0.5294
v -0.08186 0.05779 0.15074 0.4698 0.5106 0.5290
v -0.08150 0.05400 0.16610 0.4938 0.5278 0.5327
v -0.08310 0.05153 0.18078 0.6575 0.6752 0.6686
v -0.08276 0.04996 0.19648 0.4580 0.4754 0.4658
v -0.08384 0.04847 0.21229 0.4148 0.4318 0.4183
v -0.08143 0.04737 0.22527 0.4005 0.4221 0.4044
v -0.07910 0.04652 0.23864 0.2971 0.3333 0.3049
v -0.08519 0.04831 0.25761 0.4314 0.4510 0.4353
v -0.08535 0.04854 0.27110 0.4458 0.4627 0.4549
v -0.08490 0.04880 0.29216 0.4039 0.4235 0.4078
v -0.08614 0.04815 0.31182 0.3961 0.4118 0.4078
v -0.08016 0.06135 -0.12158 0.6980 0.7294 0.7373
v -0.08630 0.06315 -0.10688 0.5961 0.6275 0.6353
v -0.08322 0.06399 -0.09045 0.5843 0.6157 0.6255
v -0.08494 0.06451 -0.07907 0.5281 0.5451 0.5608
v -0.08445 0.06542 -0.06162 0.6497 0.6693 0.6654
v -0.07928 0.07054 -0.04337 0.7945 0.8127 0.8074
v -0.08629 0.07226 -0.03603 0.8421 0.8649 0.8645
v -0.08657 0.07282 -0.01441 0.6655 0.6941 0.7055
v -0.08065 0.07204 -0.00065 0.7088 0.7318 0.7320
v -0.08146 0.07147 0.01340 0.8229 0.8405 0.8294
v -0.08025 0.07206 0.02858 0.7451 0.7605 0.7590
v -0.08046 0.07169 0.04507 0.7759 0.7922 0.7900
v -0.08061 0.07114 0.05804 0.7569 0.7741 0.7690
v -0.08062 0.07003 0.07191 0.7225 0.7451 0.7353
v -0.08310 0.06880 0.08542 0.6706 0.6941 0.6824
v -0.08629 0.06714 0.10634 0.5974 0.6288 0.6327
v -0.08557 0.06550 0.12003 0.5275 0.5588 0.5691
v -0.08359 0.06296 0.13400 0.4387 0.4745 0.4877
v -0.07827 0.06131 0.14335 0.4314 0.4745 0.4902
v -0.07714 0.08209 -0.04172 0.8115 0.8307 0.8242
v -0.08647 0.08413 -0.03415 0.7325 0.7522 0.7492
v -0.08484 0.08336 -0.01551 0.5925 0.6138 0.6384
v -0.07836 0.08222 -0.00166 0.7016 0.7292 0.7371
v -0.07788 0.08248 0.01450 0.7712 0.7923 0.7944
v -0.07781 0.08361 0.02870 0.7389 0.7599 0.7597
v -0.07702 0.08245 0.04081 0.6908 0.7118 0.7213
v -0.08222 0.09200 -0.02851 0.7333 0.7539 0.7627
v -0.07853 0.09183 -0.01700 0.7412 0.7608 0.7725
v -0.06951 0.02494 -0.30583 0.6847 0.6977 0.6684
v -0.06464 0.02975 -0.29089 0.6549 0.6758 0.6562
v -0.07306 0.03064 -0.28947 0.5569 0.5739 0.5464
v -0.06920 0.03196 -0.27837 0.6804 0.6990 0.6892
v -0.07081 0.03370 -0.25883 0.6333 0.6520 0.6353
v -0.06694 0.03511 -0.24032 0.6771 0.6993 0.7033
v -0.06180 0.03585 -0.22112 0.7373 0.7608 0.7608
v -0.07097 0.03727 -0.21691 0.7392 0.7667 0.7706
v -0.06854 0.03842 -0.19828 0.7647 0.7895 0.7895
v -0.06610 0.03919 -0.18284 0.6627 0.6863 0.6804
v -0.06688 0.04308 -0.16814 0.6320 0.6493 0.6464
v -0.07061 0.04540 0.24799 0.3373 0.3647 0.3373
v -0.06783 0.04458 0.25576 0.3669 0.4006 0.3636
v -0.06158 0.04352 0.26680 0.3320 0.3529 0.3333
v -0.06670 0.04625 -0.16274 0.5906 0.6078 0.6008
v -0.06881 0.05103 -0.15302 0.6925 0.7075 0.7041
v -0.06808 0.05640 -0.13799 0.6992 0.7222 0.7210
v -0.06761 0.05996 -0.12721 0.6771 0.7046 0.7072
v -0.07079 0.05929 0.15345 0.3676 0.4132 0.4456
v -0.06784 0.05678 0.16640 0.3745 0.4294 0.4618
v -0.06815 0.05311 0.18266 0.5627 0.5931 0.5951
v -0.06670 0.05150 0.19534 0.6538 0.6796 0.6655
v -0.06808 0.05007 0.21193 0.4229 0.4549 0.4118
v -0.06876 0.04824 0.22699 0.4255 0.4471 0.4320
v -0.06879 0.04775 0.24071 0.4680 0.4915 0.4745
v -0.06908 0.04897 0.25709 0.4059 0.4275 0.4137
v -0.06996 0.04939 0.26956 0.3373 0.3621 0.3778
v -0.07145 0.04885 0.28523 0.4471 0.4686 0.4569
v -0.06946 0.04906 0.30245 0.3814 0.4000 0.3873
v -0.06788 0.04869 0.31183 0.3660 0.3817 0.3804
v -0.07155 0.06175 -0.11843 0.6980 0.7235 0.7353
v -0.06713 0.06292 -0.10548 0.6745 0.6961 0.7020
v -0.06352 0.06832 -0.09412 0.6375 0.6637 0.6717
v -0.06618 0.06519 -0.07688 0.5438 0.5686 0.5752
v -0.06632 0.06598 -0.05964 0.6941 0.6980 0.7059
v -0.06800 0.07027 -0.04987 0.8189 0.8397 0.8321
v -0.07346 0.07372 0.06260 0.7614 0.7895 0.8046
v -0.06805 0.07309 0.07627 0.5240 0.5593 0.5677
v -0.06559 0.07164 0.08717 0.5416 0.5786 0.5830
v -0.07126 0.06892 0.10693 0.5346 0.5660 0.5752
v -0.06860 0.06806 0.12487 0.4431 0.4765 0.4922
v -0.07045 0.06547 0.13713 0.4592 0.5003 0.5163
v -0.06751 0.06310 0.14758 0.3606 0.4104 0.4408
v -0.06213 0.07873 -0.09385 0.6090 0.6370 0.6482
v -0.06853 0.08378 -0.04767 0.7762 0.7978 0.8023
v -0.07304 0.08983 -0.03816 0.8549 0.8843 0.8824
v -0.07468 0.08958 -0.00058 0.7578 0.7765 0.7863
v -0.07480 0.09041 0.01303 0.8353 0.8536 0.8392
v -0.07459 0.09085 0.02373 0.7608 0.7843 0.7843
v -0.07521 0.08594 0.04788 0.6848 0.7039 0.7201
v -0.07177 0.08421 0.06025 0.7353 0.7603 0.7721
v -0.06547 0.08350 0.07548 0.5478 0.5790 0.5909
v -0.06110 0.08270 0.08355 0.5324 0.5657 0.5765
v -0.06477 0.09123 -0.03986 0.8118 0.8353 0.8353
v -0.06750 0.09493 -0.03006 0.7869 0.8154 0.8157
v -0.06704 0.09707 -0.01782 0.7815 0.7995 0.8039
v -0.06770 0.09329 -0.00281 0.8284 0.8441 0.8407
v -0.06729 0.09386 0.01378 0.8427 0.8616 0.8522
v -0.06796 0.09424 0.03022 0.8261 0.8431 0.8454
v -0.06758 0.09384 0.04481 0.7902 0.8085 0.8216
v -0.06485 0.09364 0.05826 0.7608 0.7804 0.7922
v -0.06319 0.09282 0.06816 0.8431 0.8627 0.8745
v -0.05289 0.02480 -0.30625 0.6368 0.6505 0.6351
v -0.05628 0.02934 -0.29312 0.6784 0.7007 0.6797
v -0.05488 0.03129 -0.28456 0.6458 0.6641 0.6497
v -0.05387 0.03241 -0.27488 0.6209 0.6405 0.6268
v -0.05419 0.03345 -0.26212 0.6418 0.6614 0.6458
v -0.05372 0.03429 -0.24364 0.6608 0.6765 0.6765
v -0.05244 0.03532 -0.22354 0.7137 0.7314 0.7431
v -0.05096 0.03622 -0.21044 0.7294 0.7451 0.7569
v -0.05300 0.03721 -0.20069 0.7529 0.7745 0.7804
v -0.05232 0.04033 -0.18138 0.7266 0.7430 0.7351
v -0.05427 0.04384 -0.17182 0.6855 0.7039 0.6965
v -0.05594 0.04291 0.27387 0.3396 0.3765 0.3114
v -0.05013 0.04222 0.28245 0.3314 0.3765 0.3059
v -0.05356 0.04745 -0.16487 0.7188 0.7375 0.7244
v -0.05264 0.05324 -0.15280 0.7759 0.7948 0.7822
v -0.05387 0.05703 -0.14036 0.7974 0.8124 0.8078
v -0.05365 0.06010 -0.12467 0.6824 0.7000 0.7010
v -0.05321 0.05850 0.16817 0.3460 0.3930 0.4131
v -0.05199 0.05613 0.17954 0.6083 0.6362 0.6227
v -0.05121 0.05399 0.19612 0.6305 0.6588 0.6409
v -0.05151 0.05236 0.21046 0.6410 0.6706 0.6610
v -0.05231 0.05048 0.22611 0.5961 0.6167 0.6191
v -0.05186 0.04966 0.24315 0.5588 0.5882 0.5843
v -0.05082 0.05008 0.25451 0.3718 0.4008 0.4078
v -0.05488 0.05004 0.27144 0.3765 0.4013 0.4065
v -0.05320 0.04969 0.28952 0.4431 0.4627 0.4471
v -0.05179 0.04930 0.30369 0.4392 0.4562 0.4510
v -0.05610 0.04866 0.31183 0.3843 0.4000 0.4118
v -0.04786 0.06111 -0.11619 0.7412 0.7608 0.7451
v -0.05231 0.06631 -0.10414 0.6594 0.6872 0.6902
v -0.05844 0.07048 -0.09430 0.6732 0.7000 0.7124
v -0.05489 0.07011 -0.07597 0.6295 0.6600 0.6676
v -0.05094 0.07023 -0.06069 0.7061 0.7289 0.7245
v -0.05962 0.07091 -0.05374 0.8980 0.9176 0.8941
v -0.05662 0.07372 0.09198 0.5112 0.5515 0.5733
v -0.04956 0.07223 0.10385 0.4972 0.5367 0.5585
v -0.05322 0.06937 0.12105 0.4523 0.4941 0.5163
v -0.05455 0.06804 0.13638 0.3399 0.3882 0.4144
v -0.05320 0.06481 0.15017 0.3508 0.4068 0.4339
v -0.04979 0.06167 0.16193 0.2784 0.3327 0.3641
v -0.05082 0.08096 -0.10191 0.6682 0.6949 0.7055
v -0.05562 0.08323 -0.09148 0.6786 0.7053 0.7144
v -0.05188 0.08290 -0.07657 0.6882 0.7095 0.7078
v -0.05026 0.08071 -0.05958 0.6835 0.7112 0.7157
v -0.05662 0.08542 -0.05240 0.7595 0.7830 0.7843
v -0.05581 0.08355 0.09080 0.5232 0.5603 0.5804
v -0.04900 0.08170 0.09977 0.4288 0.4686 0.4997
v -0.05349 0.09372 -0.04118 0.7935 0.8157 0.8196
v -0.05283 0.10060 -0.02917 0.8310 0.8556 0.8505
v -0.05793 0.10291 -0.01520 0.6928 0.7168 0.7233
v -0.05353 0.10164 -0.00111 0.8073 0.8253 0.8173
v -0.05516 0.10204 0.01550 0.7792 0.7961 0.7931
v -0.05514 0.10205 0.02950 0.7852 0.8024 0.7943
v -0.05400 0.10196 0.04371 0.7756 0.7978 0.7969
v -0.05062 0.10121 0.05793 0.7017 0.7283 0.7378
v -0.05308 0.09584 0.07378 0.7245 0.7505 0.7642
v -0.05085 0.09255 0.08931 0.6967 0.7288 0.7333
v -0.04625 0.09100 0.09969 0.8000 0.8275 0.8510
v -0.04950 0.11399 -0.02633 0.7512 0.7850 0.7936
v -0.05508 0.11332 -0.01750 0.6245 0.6551 0.6744
v -0.04898 0.11316 -0.00143 0.7424 0.7657 0.7714
v -0.05097 0.11346 0.01465 0.7356 0.7533 0.7673
v -0.05108 0.11301 0.02981 0.7310 0.7474 0.7610
v -0.04824 0.11358 0.04493 0.6982 0.7258 0.7445
v -0.04660 0.10785 0.05515 0.7725 0.8020 0.8098
v -0.04912 0.13055 -0.02672 0.5830 0.6390 0.6403
v -0.05333 0.12997 -0.01862 0.5311 0.5755 0.5784
v -0.04784 0.12858 -0.00040 0.7288 0.7584 0.7617
v -0.04935 0.13008 0.01411 0.7002 0.7293 0.7347
v -0.04948 0.12923 0.03015 0.7772 0.7905 0.7942
v -0.04763 0.12858 0.04269 0.7267 0.7417 0.7586
v -0.04753 0.13911 -0.01443 0.2556 0.3401 0.3526
v -0.04656 0.13711 0.01150 0.1059 0.1569 0.1882
v -0.04684 0.13794 0.03545 0.7863 0.7961 0.7922
v -0.04652 0.13992 0.03936 0.8301 0.8392 0.8359
v -0.04677 0.15944 -0.01325 0.2229 0.3080 0.3229
v -0.04617 0.16957 -0.01536 0.4336 0.5092 0.5137
v -0.04894 0.18133 -0.00448 0.2163 0.3353 0.3588
v -0.04838 0.18506 -0.00498 0.2648 0.3755 0.3961
v -0.03725 0.02641 -0.30623 0.6416 0.6622 0.6588
v -0.04045 0.02999 -0.29437 0.6647 0.6863 0.6706
v -0.03688 0.03145 -0.28897 0.6206 0.6392 0.6314
v -0.03625 0.03309 -0.27480 0.6588 0.6784 0.6765
v -0.04044 0.03390 -0.26087 0.6627 0.6863 0.6863
v -0.03870 0.03462 -0.24292 0.6529 0.6686 0.6686
v -0.04034 0.03505 -0.22611 0.6627 0.6784 0.6824
v -0.03677 0.03668 -0.19927 0.7549 0.7735 0.7784
v -0.03877 0.04085 -0.18274 0.7225 0.7385 0.7243
v -0.03792 0.04474 -0.17430 0.6013 0.6183 0.6131
v -0.04412 0.04123 0.29306 0.3216 0.3784 0.2569
v -0.03933 0.04060 0.30026 0.3516 0.4163 0.2869
v -0.03310 0.03953 0.31182 0.3573 0.4220 0.2663
v -0.03890 0.04870 -0.16772 0.7728 0.7885 0.7711
v -0.03901 0.05448 -0.15324 0.7231 0.7412 0.7255
v -0.03853 0.05768 -0.14093 0.7765 0.7961 0.7804
v -0.03826 0.05946 -0.12578 0.7542 0.7765 0.7608
v -0.04280 0.05912 0.17085 0.5115 0.5423 0.5429
v -0.04010 0.05842 0.17848 0.6427 0.6655 0.6561
v -0.03834 0.05774 0.19705 0.6271 0.6487 0.6533
v -0.03755 0.05549 0.21137 0.5667 0.5868 0.5998
v -0.03715 0.05331 0.22833 0.6008 0.6251 0.6369
v -0.03846 0.05120 0.24513 0.5281 0.5582 0.5595
v -0.03578 0.05127 0.25809 0.4837 0.5124 0.5190
v -0.03465 0.05055 0.27420 0.4275 0.4471 0.4588
v -0.04260 0.05018 0.28735 0.4608 0.4843 0.4804
v -0.03600 0.04967 0.29969 0.3778 0.3948 0.3869
v -0.03884 0.04922 0.31182 0.4235 0.4431 0.4275
v -0.03775 0.06102 -0.11676 0.7098 0.7255 0.7118
v -0.03770 0.06709 -0.10905 0.6960 0.7225 0.7277
v -0.04027 0.07366 0.10875 0.3363 0.3907 0.4289
v -0.03610 0.07143 0.11780 0.3564 0.4120 0.4453
v -0.03652 0.06869 0.13498 0.3627 0.4216 0.4490
v -0.04045 0.06593 0.15223 0.2797 0.3346 0.3614
v -0.03901 0.06316 0.16676 0.4824 0.5206 0.5132
v -0.03364 0.06212 0.18021 0.5647 0.5837 0.5784
v -0.03693 0.08188 -0.10745 0.6706 0.7003 0.7087
v -0.03892 0.08999 -0.09575 0.7111 0.7359 0.7425
v -0.04219 0.08893 -0.07413 0.7941 0.8176 0.8137
v -0.04028 0.08699 -0.06034 0.6737 0.6933 0.6868
v -0.03896 0.09052 -0.05286 0.8157 0.8353 0.8196
v -0.04001 0.08357 0.10783 0.4048 0.4531 0.4880
v -0.03270 0.08190 0.11403 0.3275 0.3882 0.4346
v -0.03571 0.09404 -0.08888 0.6841 0.7028 0.6963
v -0.03387 0.09359 -0.07856 0.7105 0.7307 0.7203
v -0.03104 0.09131 -0.05477 0.7922 0.8078 0.8039
v -0.03616 0.09789 -0.04330 0.7632 0.7789 0.7758
v -0.04167 0.10263 -0.03557 0.8021 0.8271 0.8282
v -0.04387 0.10336 0.06640 0.6575 0.6863 0.7007
v -0.03873 0.10247 0.07602 0.6583 0.6891 0.7062
v -0.03652 0.09813 0.08945 0.7048 0.7365 0.7504
v -0.03495 0.09316 0.10393 0.7305 0.7616 0.7697
v -0.03189 0.11142 -0.03932 0.6765 0.6961 0.7137
v -0.03971 0.11394 -0.03361 0.7707 0.8039 0.8082
v -0.04282 0.11443 0.05969 0.6232 0.6539 0.6795
v -0.03469 0.11286 0.07408 0.5792 0.6140 0.6478
v -0.03061 0.10681 0.08281 0.6471 0.6824 0.7176
v -0.03144 0.12250 -0.03946 0.6980 0.7176 0.7333
v -0.03923 0.12959 -0.03332 0.6085 0.6434 0.6553
v -0.04252 0.13544 -0.00110 0.3621 0.4083 0.4139
v -0.04486 0.13632 0.01541 0.2941 0.3804 0.3686
v -0.04270 0.13617 0.02685 0.6206 0.6510 0.6618
v -0.04481 0.13136 0.05086 0.7137 0.7307 0.7438
v -0.04133 0.12863 0.05965 0.6231 0.6491 0.6777
v -0.03400 0.12957 0.07210 0.5668 0.5996 0.6351
v -0.03784 0.14374 -0.03068 0.3653 0.4318 0.4435
v -0.04273 0.14466 -0.01641 0.2818 0.3461 0.3584
v -0.03639 0.14408 -0.00210 0.1154 0.1716 0.2027
v -0.03874 0.14424 0.01301 0.2998 0.3690 0.3853
v -0.03805 0.14385 0.02789 0.5540 0.5877 0.5901
v -0.04047 0.14419 0.04654 0.7601 0.7766 0.7861
v -0.03659 0.14333 0.06017 0.7190 0.7349 0.7486
v -0.03208 0.14073 0.07107 0.6479 0.6706 0.6850
v -0.03500 0.15861 -0.02896 0.3776 0.4424 0.4502
v -0.04277 0.15926 -0.01714 0.3238 0.4096 0.4249
v -0.03496 0.15986 -0.00204 0.0808 0.1453 0.1707
v -0.03834 0.15944 0.01334 0.2219 0.2992 0.3180
v -0.03240 0.15857 0.02690 0.5281 0.5646 0.5827
v -0.03248 0.15388 0.04083 0.9020 0.9111 0.9294
v -0.03581 0.17433 -0.02947 0.2885 0.3438 0.3663
v -0.04200 0.17441 -0.01628 0.2885 0.3686 0.3785
v -0.03633 0.17434 -0.00170 0.0662 0.1254 0.1493
v -0.03890 0.17427 0.01411 0.2977 0.3854 0.4103
v -0.03234 0.17469 0.02356 0.2050 0.2824 0.3287
v -0.03471 0.18933 -0.03015 0.3134 0.3739 0.3903
v -0.04051 0.18941 -0.01685 0.3477 0.4203 0.4282
v -0.04066 0.18915 -0.00138 0.1691 0.2450 0.2689
v -0.03787 0.18967 0.01505 0.2958 0.3980 0.4264
v -0.03222 0.18637 0.02299 0.2039 0.3039 0.3603
v -0.03377 0.20344 -0.02893 0.2972 0.3460 0.3628
v -0.03912 0.20489 -0.01590 0.3256 0.4017 0.4201
v -0.03712 0.20482 -0.00131 0.2891 0.3547 0.3671
v -0.03750 0.20413 0.01481 0.3281 0.4350 0.4581
v -0.03368 0.20692 0.02440 0.2640 0.3575 0.3777
v -0.03484 0.22028 -0.01512 0.3253 0.3893 0.4066
v -0.03396 0.22122 -0.00015 0.3881 0.4479 0.4562
v -0.03428 0.21943 0.01028 0.2966 0.3760 0.3984
v -0.03627 0.21423 0.02515 0.2447 0.3561 0.3855
v -0.03329 0.22829 -0.01592 0.5431 0.6176 0.6275
v -0.03379 0.22890 0.00001 0.6134 0.6683 0.6762
v -0.03554 0.22816 0.00716 0.6275 0.7059 0.7333
v -0.02339 0.02674 -0.30622 0.6155 0.6375 0.6359
v -0.01696 0.03118 -0.29701 0.5765 0.5843 0.5804
v -0.02060 0.03201 -0.28960 0.6333 0.6510 0.6497
v -0.02016 0.03349 -0.27605 0.7046 0.7320 0.7451
v -0.02066 0.03351 -0.25555 0.7294 0.7490 0.7608
v -0.02189 0.03394 -0.24310 0.7242 0.7451 0.7529
v -0.02134 0.03457 -0.22590 0.7412 0.7608 0.7725
v -0.02516 0.03542 -0.21317 0.7118 0.7353 0.7353
v -0.02029 0.03742 -0.19590 0.7508 0.7634 0.7556
v -0.02332 0.04345 -0.18082 0.7250 0.7431 0.7262
v -0.02958 0.03947 0.31183 0.3451 0.4039 0.2745
v -0.02105 0.04765 -0.17734 0.7788 0.7980 0.7876
v -0.02361 0.05187 -0.16802 0.7702 0.7904 0.7749
v -0.02651 0.05599 -0.15469 0.8105 0.8301 0.8039
v -0.02060 0.05828 -0.13544 0.7780 0.8008 0.7812
v -0.02246 0.05964 -0.12436 0.7302 0.7537 0.7388
v -0.02576 0.05844 0.21453 0.5891 0.6096 0.6192
v -0.02137 0.05728 0.22683 0.5326 0.5579 0.5697
v -0.02084 0.05452 0.23989 0.5748 0.6007 0.6086
v -0.02011 0.05229 0.25545 0.4769 0.5043 0.5114
v -0.02515 0.05104 0.27225 0.5114 0.5294 0.5357
v -0.02431 0.05067 0.28489 0.5608 0.5784 0.5824
v -0.02241 0.04968 0.29767 0.3412 0.3608 0.3451
v -0.02125 0.04879 0.31183 0.3588 0.3824 0.3706
v -0.02145 0.06820 -0.11744 0.7370 0.7705 0.7762
v -0.02809 0.06914 -0.11371 0.7336 0.7683 0.7665
v -0.02220 0.07291 0.12236 0.2924 0.3613 0.4025
v -0.02215 0.07002 0.13174 0.3480 0.4098 0.4402
v -0.02346 0.06740 0.15139 0.5098 0.5441 0.5343
v -0.02683 0.06582 0.16659 0.6497 0.6745 0.6484
v -0.02428 0.06436 0.17979 0.5533 0.5706 0.5719
v -0.02275 0.06242 0.19589 0.5224 0.5425 0.5534
v -0.01862 0.06192 0.21025 0.4784 0.5020 0.5145
v -0.01653 0.06103 0.21916 0.5725 0.6118 0.6196
v -0.02124 0.07908 -0.11731 0.7125 0.7511 0.7602
v -0.02373 0.08492 -0.10914 0.7212 0.7552 0.7616
v -0.02266 0.08318 0.12029 0.3442 0.4075 0.4563
v -0.01753 0.09197 -0.09973 0.8020 0.8451 0.8431
v -0.02348 0.09900 -0.09069 0.7168 0.7453 0.7493
v -0.02468 0.10052 -0.07615 0.6095 0.6309 0.6249
v -0.01954 0.09821 -0.06281 0.6847 0.7035 0.6944
v -0.02261 0.09991 -0.04760 0.7742 0.7914 0.7834
v -0.02442 0.10235 0.09169 0.5682 0.6074 0.6293
v -0.02532 0.09477 0.10611 0.7388 0.7725 0.7796
v -0.02192 0.09178 0.11625 0.7137 0.7529 0.7569
v -0.01982 0.11247 -0.09071 0.6461 0.6903 0.7071
v -0.02065 0.11353 -0.07495 0.5800 0.6014 0.6132
v -0.01633 0.11362 -0.06700 0.5922 0.6118 0.6251
v -0.02257 0.11384 -0.04408 0.7250 0.7449 0.7589
v -0.02855 0.11489 0.08070 0.4504 0.4880 0.5272
v -0.02200 0.11304 0.08778 0.4531 0.5004 0.5388
v -0.01970 0.12767 -0.08859 0.5506 0.5925 0.6037
v -0.01982 0.12678 -0.07751 0.5623 0.5817 0.5942
v -0.01550 0.12648 -0.06723 0.6183 0.6340 0.6458
v -0.02180 0.12873 -0.04326 0.7502 0.7676 0.7829
v -0.02839 0.13387 -0.03768 0.6871 0.7059 0.7161
v -0.02796 0.13028 0.07977 0.5146 0.5508 0.5837
v -0.02106 0.12847 0.08700 0.4402 0.4865 0.5267
v -0.01989 0.14504 -0.04145 0.7490 0.7626 0.7843
v -0.02711 0.14746 -0.03743 0.7676 0.7833 0.7980
v -0.02975 0.14851 0.00160 0.0605 0.1036 0.1311
v -0.02914 0.14885 0.06168 0.8601 0.8771 0.8902
v -0.02301 0.14553 0.07696 0.6448 0.6728 0.6891
v -0.01897 0.14042 0.08467 0.2239 0.2784 0.3143
v -0.01927 0.15940 -0.04149 0.7549 0.7686 0.7908
v -0.02738 0.16140 -0.03726 0.7652 0.7804 0.8044
v -0.02957 0.16532 0.03136 0.8261 0.8379 0.8484
v -0.02786 0.16086 0.04417 0.8182 0.8328 0.8529
v -0.02199 0.15819 0.05939 0.7910 0.8101 0.8319
v -0.01707 0.15414 0.06959 0.7791 0.8065 0.8353
v -0.01880 0.17411 -0.04162 0.7442 0.7577 0.7869
v -0.02864 0.17320 -0.03416 0.6110 0.6409 0.6522
v -0.02815 0.17463 0.02995 0.5398 0.5766 0.6016
v -0.02375 0.17445 0.04473 0.7195 0.7305 0.7453
v -0.01833 0.17379 0.05655 0.6769 0.6929 0.7125
v -0.01960 0.18932 -0.04125 0.7511 0.7705 0.7948
v -0.02744 0.18898 -0.03752 0.7992 0.8133 0.8380
v -0.02990 0.19411 0.02169 0.1451 0.2627 0.3059
v -0.02613 0.18938 0.02874 0.4820 0.5255 0.5652
v -0.02172 0.18852 0.04406 0.6940 0.7089 0.7222
v -0.01670 0.18991 0.05442 0.6480 0.6647 0.6850
v -0.01933 0.20474 -0.04132 0.7619 0.7747 0.7975
v -0.02845 0.20742 -0.03318 0.3760 0.4151 0.4397
v -0.02832 0.21098 0.01986 0.2284 0.3157 0.3402
v -0.02557 0.20385 0.02792 0.3757 0.4285 0.4604
v -0.01979 0.20416 0.04424 0.6427 0.6692 0.6938
v -0.01531 0.20774 0.05300 0.6824 0.7020 0.7255
v -0.01896 0.22248 -0.04105 0.6807 0.6874 0.6908
v -0.02658 0.22010 -0.03181 0.4425 0.4963 0.5167
v -0.02724 0.21969 -0.02120 0.3849 0.4462 0.4619
v -0.02659 0.22162 0.01614 0.4672 0.5333 0.5430
v -0.02283 0.22060 0.02904 0.4798 0.5440 0.5675
v -0.01855 0.22000 0.04359 0.5065 0.5716 0.5951
v -0.02224 0.23025 -0.03212 0.6681 0.6831 0.7123
v -0.02564 0.23042 -0.01719 0.6366 0.6869 0.6987
v -0.02512 0.23117 0.00208 0.7239 0.7710 0.7765
v -0.02203 0.23032 0.01449 0.8745 0.8820 0.8809
v -0.01822 0.23095 0.02925 0.7512 0.7612 0.7725
v -0.01718 0.22858 0.03953 0.5324 0.5696 0.5804
v -0.00776 0.02666 -0.30623 0.5689 0.5924 0.5894
v -0.01437 0.03066 -0.29889 0.5686 0.5843 0.5804
v -0.00656 0.03124 -0.29162 0.6333 0.6525 0.6569
v -0.00749 0.03234 -0.27441 0.7085 0.7373 0.7438
v -0.00676 0.03210 -0.26070 0.7020 0.7373 0.7333
v -0.00793 0.03211 -0.24395 0.7294 0.7647 0.7608
v -0.00921 0.03296 -0.22967 0.7265 0.7588 0.7559
v -0.00760 0.03444 -0.21174 0.7020 0.7255 0.7302
v -0.00743 0.03800 -0.19815 0.7683 0.7868 0.7768
v -0.00851 0.04309 -0.18676 0.7506 0.7690 0.7682
v -0.00682 0.04794 -0.18241 0.7469 0.7665 0.7610
v -0.00760 0.05207 -0.16857 0.7458 0.7643 0.7458
v -0.00498 0.05572 -0.15325 0.6863 0.7078 0.6961
v -0.00738 0.05847 -0.13566 0.7500 0.7760 0.7642
v -0.01075 0.06009 -0.12690 0.6931 0.7186 0.7137
v -0.01315 0.05968 0.22914 0.5443 0.5812 0.5969
v -0.00758 0.05753 0.23910 0.2528 0.2881 0.3240
v -0.01065 0.05341 0.25554 0.2936 0.3300 0.3434
v -0.00879 0.05185 0.27044 0.3529 0.3817 0.3961
v -0.00701 0.04939 0.29376 0.3634 0.3908 0.4013
v -0.00231 0.04721 0.31183 0.3490 0.3686 0.3804
v -0.00857 0.06848 -0.12445 0.7820 0.8167 0.8189
v -0.01321 0.07419 0.12632 0.2882 0.3510 0.4020
v -0.00760 0.07239 0.13491 0.5285 0.5761 0.5931
v -0.00400 0.07117 0.14881 0.6706 0.6966 0.6941
v -0.01307 0.06748 0.16839 0.5294 0.5529 0.5451
v -0.00645 0.06703 0.17980 0.4814 0.5108 0.5176
v -0.00704 0.06538 0.19657 0.5072 0.5346 0.5464
v -0.00968 0.06388 0.21205 0.4809 0.5074 0.5265
v -0.00840 0.06168 0.22625 0.4098 0.4463 0.4741
v -0.00724 0.08081 -0.12254 0.7047 0.7443 0.7482
v -0.01044 0.08807 -0.10985 0.6954 0.7373 0.7392
v -0.01197 0.08414 0.12603 0.3597 0.4196 0.4616
v -0.00498 0.08390 0.13497 0.6021 0.6392 0.6492
v -0.00089 0.08245 0.14476 0.6902 0.7211 0.7255
v -0.00461 0.09667 -0.10211 0.7179 0.7586 0.7596
v -0.01070 0.10086 -0.09625 0.6115 0.6561 0.6559
v -0.01364 0.10261 -0.05737 0.7098 0.7242 0.7268
v -0.01303 0.10218 -0.05140 0.7754 0.7939 0.7872
v -0.01309 0.10594 0.09724 0.3765 0.4314 0.4745
v -0.00745 0.10180 0.10397 0.4655 0.5156 0.5398
v -0.00595 0.09352 0.11916 0.6804 0.7184 0.7220
v -0.00080 0.09182 0.13051 0.7784 0.8059 0.8059
v -0.00433 0.11425 -0.10328 0.3327 0.4200 0.4328
v -0.01045 0.11289 -0.09670 0.4165 0.4830 0.4967
v -0.01233 0.11390 -0.05918 0.6074 0.6270 0.6319
v -0.01089 0.11349 -0.05096 0.7210 0.7406 0.7453
v -0.01153 0.11335 0.09582 0.4341 0.4890 0.5252
v -0.00473 0.11253 0.10039 0.4129 0.4713 0.5203
v -0.00641 0.12827 -0.10395 0.3032 0.4007 0.4175
v -0.01182 0.12831 -0.09527 0.3812 0.4453 0.4596
v -0.01167 0.13424 -0.07613 0.5839 0.6208 0.6281
v -0.00977 0.13067 -0.05990 0.5547 0.5668 0.5689
v -0.00939 0.12998 -0.04988 0.7294 0.7443 0.7493
v -0.01091 0.12982 0.09508 0.3010 0.3630 0.4049
v -0.00309 0.12934 0.09929 0.3094 0.3701 0.4217
v -0.00311 0.14249 -0.10412 0.2314 0.3162 0.3355
v -0.00832 0.14389 -0.09264 0.2912 0.3848 0.3998
v -0.00610 0.14270 -0.07787 0.4547 0.4986 0.5117
v -0.00747 0.14265 -0.06259 0.7050 0.7143 0.7182
v -0.00642 0.14486 -0.04936 0.7283 0.7357 0.7419
v -0.01244 0.14998 0.08044 0.3420 0.4133 0.4314
v -0.00738 0.14382 0.08943 0.2312 0.3102 0.3379
v -0.00520 0.15866 -0.09271 0.3141 0.4268 0.4475
v -0.00356 0.15572 -0.08254 0.3625 0.4414 0.4645
v -0.00350 0.15855 -0.05898 0.7473 0.7593 0.7716
v -0.00640 0.15865 -0.04909 0.7126 0.7195 0.7280
v -0.01498 0.16056 0.06716 0.7137 0.7255 0.7529
v -0.00876 0.15958 0.07671 0.5164 0.5776 0.5834
v -0.00653 0.15905 0.08818 0.2769 0.3553 0.3711
v -0.00422 0.17079 -0.09340 0.2807 0.3619 0.3851
v -0.00240 0.17546 -0.05694 0.7096 0.7266 0.7383
v -0.00552 0.17349 -0.04902 0.6965 0.7081 0.7165
v -0.01260 0.17521 0.06385 0.6290 0.6502 0.6733
v -0.00705 0.17319 0.07556 0.4213 0.4920 0.4969
v -0.00576 0.17478 0.08717 0.3226 0.4254 0.4463
v -0.00117 0.18768 -0.05652 0.6637 0.6805 0.6920
v -0.00596 0.18900 -0.04851 0.6850 0.7013 0.7168
v -0.01093 0.18809 0.06254 0.5903 0.6155 0.6423
v -0.00482 0.18913 0.07574 0.3787 0.4529 0.4611
v -0.00190 0.18878 0.08657 0.4812 0.5716 0.5712
v -0.00059 0.20379 -0.05702 0.6833 0.6956 0.7108
v -0.00751 0.20395 -0.04742 0.7035 0.7193 0.7350
v -0.01023 0.20308 0.06042 0.5697 0.6002 0.6290
v -0.00202 0.20290 0.07511 0.3615 0.4309 0.4496
v -0.00170 0.20201 0.08590 0.4358 0.5459 0.5566
v -0.00027 0.21292 -0.05705 0.6549 0.6588 0.6667
v -0.00826 0.22061 -0.04671 0.7003 0.7081 0.7081
v -0.01435 0.22661 0.05029 0.2810 0.3595 0.3882
v -0.00901 0.22108 0.05939 0.3510 0.4293 0.4687
v -0.00115 0.22121 0.06882 0.2021 0.2734 0.3141
v -0.00802 0.23133 -0.04295 0.7954 0.8053 0.7943
v -0.00956 0.23582 -0.03285 0.7627 0.7706 0.7837
v -0.00690 0.23591 -0.01479 0.7129 0.7302 0.7420
v -0.00614 0.23753 0.00604 0.9765 0.9961 0.9804
v -0.00665 0.23888 0.01627 0.9063 0.9111 0.8972
v -0.01272 0.23835 0.02997 0.8433 0.8485 0.8524
v -0.00930 0.23571 0.04474 0.5192 0.6002 0.6251
v -0.00372 0.23285 0.05770 0.5759 0.6165 0.6583
v -0.00170 0.22859 0.06874 0.4255 0.4922 0.5275
v -0.00293 0.24865 0.01982 0.8361 0.8471 0.8427
v -0.00596 0.24999 0.02979 0.6930 0.7204 0.7259
v -0.00513 0.25042 0.04388 0.4068 0.4983 0.5256
v -0.00082 0.24491 0.05211 0.1804 0.2431 0.3020
v -0.00077 0.25943 0.02817 0.6425 0.7065 0.7209
v -0.00243 0.33900 0.00562 0.1333 0.1961 0.2020
v -0.00346 0.34082 0.00855 0.2010 0.2598 0.2843
v 0.00685 0.02647 -0.30651 0.5461 0.5624 0.5578
v 0.00947 0.02948 -0.29327 0.6013 0.6203 0.6157
v 0.00584 0.03100 -0.28613 0.6863 0.7098 0.7216
v 0.00800 0.03094 -0.26704 0.6314 0.6471 0.6431
v 0.00817 0.03079 -0.25272 0.6784 0.7020 0.7020
v 0.00572 0.03081 -0.24098 0.6771 0.7111 0.7111
v 0.01029 0.03190 -0.22572 0.6922 0.7186 0.7157
v 0.00948 0.03511 -0.21086 0.7294 0.7540 0.7476
v 0.00729 0.04107 -0.19741 0.7310 0.7503 0.7504
v 0.00175 0.04377 -0.18968 0.7647 0.7686 0.7843
v 0.01327 0.04712 -0.19113 0.7176 0.7412 0.7333
v 0.00926 0.04926 -0.18280 0.7336 0.7551 0.7406
v 0.00656 0.05343 -0.16844 0.7329 0.7553 0.7435
v 0.00738 0.05660 -0.14787 0.7461 0.7696 0.7657
v 0.00922 0.05811 -0.13885 0.7458 0.7706 0.7542
v 0.00938 0.05945 0.22700 0.2366 0.2784 0.3268
v 0.00525 0.05575 0.24391 0.1912 0.2225 0.2627
v 0.00879 0.05246 0.25999 0.2490 0.2843 0.3118
v 0.01022 0.05085 0.27437 0.3000 0.3314 0.3608
v 0.00771 0.04908 0.28712 0.2918 0.3278 0.3467
v 0.00679 0.04743 0.30307 0.2863 0.3255 0.3333
v 0.00642 0.04661 0.31182 0.2993 0.3268 0.3464
v 0.00692 0.06783 -0.13254 0.7656 0.8012 0.8076
v 0.00076 0.06982 -0.12887 0.7922 0.8314 0.8333
v 0.00245 0.07368 0.15527 0.7310 0.7624 0.7678
v 0.00782 0.07167 0.16275 0.5048 0.5373 0.5649
v 0.00632 0.06757 0.17745 0.3235 0.3608 0.3784
v 0.00756 0.06534 0.19705 0.3634 0.4000 0.4301
v 0.00934 0.06323 0.21190 0.2856 0.3301 0.3647
v 0.00666 0.06190 0.22026 0.2745 0.3216 0.3686
v 0.00891 0.07830 -0.13279 0.6392 0.6788 0.6969
v 0.00642 0.08355 -0.12406 0.6766 0.7174 0.7250
v 0.00356 0.09006 -0.11179 0.7412 0.7863 0.7902
v 0.00438 0.08475 0.15307 0.6676 0.6969 0.7075
v 0.00851 0.08189 0.16033 0.5118 0.5445 0.5722
v 0.00898 0.10506 -0.11923 0.1917 0.2417 0.2627
v 0.00668 0.09962 -0.10715 0.5276 0.5757 0.5887
v 0.00614 0.10267 0.10980 0.3670 0.4314 0.4565
v 0.00924 0.09934 0.12024 0.6947 0.7337 0.7274
v 0.00908 0.09539 0.13503 0.7906 0.8166 0.8157
v 0.01056 0.09283 0.14847 0.6575 0.6824 0.6908
v 0.01008 0.11288 -0.11922 0.3793 0.4756 0.4933
v 0.00462 0.11414 -0.10822 0.3301 0.4263 0.4391
v 0.00791 0.11282 0.10737 0.3476 0.4123 0.4604
v 0.01386 0.11139 0.11514 0.6453 0.6884 0.6873
v 0.01188 0.12831 -0.11763 0.3672 0.4739 0.4886
v 0.00479 0.12847 -0.10995 0.3306 0.4447 0.4547
v 0.00800 0.13000 0.10522 0.4162 0.4713 0.4966
v 0.01410 0.12994 0.11338 0.6922 0.7157 0.7039
v 0.01248 0.13847 -0.11642 0.3109 0.4118 0.4314
v 0.00525 0.14413 -0.10942 0.3022 0.4154 0.4314
v 0.01039 0.14965 -0.09530 0.3111 0.4144 0.4340
v 0.00566 0.14760 -0.07401 0.4231 0.4608 0.4926
v 0.00438 0.14895 -0.06820 0.8039 0.8098 0.8157
v 0.00771 0.14510 0.09379 0.0473 0.0902 0.1295
v 0.01310 0.14455 0.10170 0.1082 0.1741 0.2200
v 0.00223 0.15218 -0.09986 0.2314 0.3373 0.3647
v 0.00813 0.15990 -0.09019 0.2164 0.2852 0.3095
v 0.00820 0.15873 -0.07886 0.3190 0.3731 0.4122
v 0.00780 0.15887 -0.06599 0.8221 0.8317 0.8406
v 0.00661 0.15884 0.09389 0.0973 0.1600 0.2025
v 0.01391 0.15896 0.10054 0.1233 0.2069 0.2567
v 0.00401 0.16917 -0.09426 0.2438 0.3092 0.3314
v 0.01504 0.16819 -0.08105 0.4275 0.5020 0.5255
v 0.00670 0.17557 -0.06239 0.7617 0.7797 0.8007
v 0.00539 0.17410 0.09438 0.1394 0.2087 0.2463
v 0.01419 0.17299 0.09945 0.1440 0.2252 0.2728
v 0.00650 0.19011 -0.06066 0.7706 0.7892 0.8126
v 0.00038 0.18876 -0.05263 0.6993 0.7046 0.6967
v 0.00684 0.18915 0.09460 0.0973 0.1665 0.2076
v 0.01368 0.19365 0.09998 0.1435 0.2071 0.2412
v 0.00604 0.20581 -0.05970 0.7565 0.7674 0.7882
v 0.00069 0.20492 -0.05287 0.5658 0.5641 0.5574
v 0.00163 0.21027 0.07666 0.5529 0.6451 0.6559
v 0.00742 0.20484 0.09333 0.1980 0.2926 0.3275
v 0.01375 0.19914 0.09918 0.1357 0.2267 0.2722
v 0.00603 0.21969 -0.05796 0.7198 0.7244 0.7367
v 0.00219 0.22114 -0.05213 0.6480 0.6490 0.6412
v 0.00466 0.22042 0.07502 0.1548 0.2147 0.2515
v 0.00855 0.22044 0.08766 0.2187 0.3014 0.3332
v 0.01418 0.22910 -0.05541 0.7078 0.7078 0.7157
v 0.00855 0.23285 -0.04799 0.8048 0.8051 0.7997
v 0.00582 0.24014 -0.03194 0.7094 0.7125 0.7102
v 0.00654 0.24061 -0.01394 0.7490 0.7608 0.7653
v 0.00487 0.24084 -0.00157 0.8337 0.8424 0.8361
v 0.00239 0.24139 0.01072 0.9569 0.9588 0.9451
v 0.00522 0.23780 0.06126 0.3997 0.4555 0.5174
v 0.00599 0.23151 0.07437 0.3974 0.4675 0.5153
v 0.01002 0.22941 0.08882 0.2467 0.3200 0.3604
v 0.00676 0.24860 -0.02892 0.7285 0.7310 0.7460
v 0.01095 0.25114 -0.01507 0.6007 0.6158 0.6344
v 0.00939 0.25059 -0.00230 0.7017 0.7306 0.7342
v 0.00381 0.25067 0.01336 0.8805 0.8895 0.8893
v 0.00386 0.25369 0.04823 0.4289 0.4835 0.5258
v 0.00907 0.24898 0.05487 0.3781 0.4403 0.4977
v 0.01110 0.25867 -0.02637 0.8183 0.8222 0.8392
v 0.01321 0.25938 -0.01486 0.5730 0.6275 0.6485
v 0.01234 0.26300 -0.00228 0.4566 0.5692 0.5817
v 0.00863 0.26128 0.01502 0.4684 0.5400 0.5613
v 0.00624 0.26737 0.02754 0.3392 0.4371 0.4639
v 0.00746 0.26054 0.04296 0.5659 0.6427 0.6761
v 0.01389 0.28651 0.02156 0.3451 0.4294 0.4392
v 0.00988 0.27981 0.02552 0.3429 0.4437 0.4753
v 0.01339 0.29530 0.02147 0.4071 0.4769 0.4949
v 0.01061 0.29527 0.02597 0.4486 0.5303 0.5585
v 0.01428 0.30888 0.01970 0.4513 0.5234 0.5383
v 0.01271 0.31028 0.02657 0.3837 0.4926 0.5329
v 0.01401 0.32599 0.01962 0.1837 0.2739 0.3163
v 0.01395 0.32761 0.02393 0.2475 0.3233 0.3573
v 0.00814 0.34073 0.00514 0.2260 0.2877 0.2912
v 0.00941 0.34172 0.01008 0.1966 0.2624 0.2786
v 0.01431 0.33960 0.02403 0.2366 0.3039 0.3330
v 0.02342 0.02672 -0.30419 0.5807 0.6021 0.5888
v 0.02408 0.02974 -0.29010 0.6451 0.6716 0.6706
v 0.01978 0.03012 -0.25132 0.7333 0.7569 0.7569
v 0.03020 0.02993 -0.24000 0.6431 0.6784 0.6667
v 0.01726 0.03042 -0.27439 0.6510 0.6667 0.6627
v 0.02512 0.03153 -0.22814 0.6918 0.7231 0.7247
v 0.02183 0.03610 -0.21209 0.6997 0.7193 0.7199
v 0.02097 0.04187 -0.20074 0.7220 0.7391 0.7379
v 0.02545 0.04662 -0.19311 0.7461 0.7647 0.7588
v 0.02265 0.05001 -0.18493 0.7247 0.7449 0.7316
v 0.02217 0.05512 -0.16663 0.6627 0.6902 0.6765
v 0.02362 0.05659 -0.14936 0.6647 0.6912 0.6804
v 0.02105 0.05901 -0.14130 0.8062 0.8286 0.8269
v 0.02720 0.05874 0.21232 0.2637 0.3088 0.3559
v 0.02275 0.05548 0.22860 0.2216 0.2627 0.3020
v 0.02603 0.05364 0.24199 0.2706 0.3137 0.3373
v 0.02265 0.05237 0.25557 0.3588 0.3922 0.4088
v 0.02207 0.05074 0.26891 0.3712 0.4039 0.4275
v 0.02257 0.04810 0.28896 0.2732 0.3072 0.3301
v 0.02141 0.04640 0.30063 0.2549 0.2824 0.3059
v 0.01752 0.04554 0.31183 0.2392 0.2745 0.2941
v 0.02196 0.06877 -0.14028 0.7741 0.8043 0.8063
v 0.02363 0.07398 0.15639 0.2484 0.2935 0.3359
v 0.02216 0.07111 0.16279 0.2560 0.3059 0.3462
v 0.02006 0.06751 0.17823 0.3069 0.3490 0.3863
v 0.02099 0.06452 0.19570 0.3085 0.3595 0.3935
v 0.01731 0.06229 0.20788 0.2706 0.3216 0.3569
v 0.02306 0.07875 -0.13899 0.7218 0.7584 0.7621
v 0.02305 0.08764 -0.12408 0.7623 0.8015 0.8029
v 0.02464 0.08399 0.15327 0.3273 0.3646 0.4065
v 0.02512 0.09901 -0.11669 0.6366 0.6723 0.6710
v 0.02104 0.10038 -0.11313 0.3551 0.3987 0.4240
v 0.02262 0.10371 0.12535 0.4039 0.4495 0.4882
v 0.02182 0.09804 0.13399 0.3802 0.4289 0.4718
v 0.01899 0.09212 0.14770 0.4029 0.4382 0.4755
v 0.02378 0.11375 -0.11883 0.2185 0.2819 0.2988
v 0.01981 0.11319 0.12279 0.5174 0.5593 0.5795
v 0.02375 0.12903 -0.12198 0.2526 0.3457 0.3637
v 0.02050 0.13021 0.11984 0.4360 0.4809 0.4911
v 0.02324 0.14031 -0.11935 0.2871 0.3755 0.3967
v 0.02349 0.14766 -0.10711 0.3067 0.3996 0.4182
v 0.01897 0.15019 -0.09826 0.3235 0.4196 0.4373
v 0.01578 0.14488 0.09473 0.0246 0.0437 0.0801
v 0.01867 0.14371 0.10726 0.1007 0.1679 0.2068
v 0.02188 0.13775 0.11388 0.0686 0.1268 0.1621
v 0.02588 0.15958 -0.10103 0.2963 0.3902 0.4163
v 0.01945 0.15946 -0.09389 0.2812 0.3626 0.3858
v 0.01790 0.16135 -0.07498 0.4855 0.5230 0.5529
v 0.02148 0.15949 0.10806 0.1399 0.2204 0.2630
v 0.02741 0.17136 -0.10085 0.2418 0.3089 0.3407
v 0.02430 0.17432 -0.09280 0.4120 0.4970 0.5276
v 0.02277 0.17329 -0.07750 0.5532 0.5861 0.6134
v 0.01790 0.17574 -0.06820 0.7709 0.7832 0.8039
v 0.02157 0.17449 0.10725 0.1655 0.2582 0.3030
v 0.02721 0.18734 -0.10181 0.4496 0.5227 0.5471
v 0.02695 0.18613 -0.09551 0.4359 0.4874 0.5190
v 0.02667 0.18848 -0.07167 0.7867 0.7965 0.8180
v 0.01872 0.18969 -0.06721 0.7961 0.8059 0.8265
v 0.02119 0.18900 0.10618 0.1488 0.2294 0.2679
v 0.02805 0.19293 0.11410 0.2518 0.3451 0.3702
v 0.02749 0.20358 -0.07146 0.7682 0.7871 0.8114
v 0.01891 0.20434 -0.06686 0.7706 0.7894 0.8169
v 0.01844 0.20808 0.09609 0.0745 0.1544 0.2098
v 0.02283 0.20385 0.10641 0.2073 0.3225 0.3605
v 0.02969 0.19854 0.11358 0.2882 0.4137 0.4373
v 0.02750 0.21792 -0.07091 0.7662 0.7804 0.7961
v 0.02152 0.22161 -0.06461 0.7749 0.7815 0.7926
v 0.01939 0.21951 0.09197 0.1239 0.2000 0.2471
v 0.02503 0.21965 0.10452 0.2082 0.2915 0.3176
v 0.02876 0.22581 0.11346 0.1569 0.2353 0.2706
v 0.02357 0.23044 -0.05814 0.8126 0.8122 0.8092
v 0.02356 0.23760 -0.04430 0.8275 0.8246 0.8221
v 0.01688 0.23946 -0.03727 0.5843 0.5765 0.5804
v 0.02261 0.24061 0.06245 0.2680 0.3503 0.4261
v 0.02114 0.23651 0.07432 0.5131 0.5804 0.6333
v 0.01791 0.23031 0.09193 0.3654 0.4235 0.4695
v 0.02469 0.22986 0.10450 0.5168 0.5865 0.5983
v 0.02775 0.24619 -0.04094 0.7686 0.7686 0.7739
v 0.02135 0.25077 -0.03619 0.7606 0.7635 0.7699
v 0.02313 0.25517 0.05128 0.1922 0.2614 0.3190
v 0.02238 0.25024 0.05337 0.2525 0.3239 0.3864
v 0.02237 0.26430 -0.02742 0.8397 0.8418 0.8593
v 0.02107 0.26564 -0.01534 0.5806 0.6033 0.6345
v 0.01801 0.26981 -0.00126 0.2551 0.3686 0.3930
v 0.02303 0.26808 0.01335 0.2481 0.3387 0.3754
v 0.02194 0.27012 0.02724 0.3247 0.3992 0.4504
v 0.02199 0.26113 0.04462 0.2297 0.3020 0.3535
v 0.02619 0.27949 -0.02654 0.7394 0.7410 0.7621
v 0.02501 0.28047 -0.01478 0.5017 0.5289 0.5596
v 0.02103 0.28101 -0.00131 0.2702 0.3659 0.4008
v 0.02970 0.27987 0.00701 0.0980 0.1725 0.2275
v 0.02309 0.28083 0.02692 0.3051 0.3806 0.4259
v 0.02626 0.29548 -0.02548 0.7773 0.7839 0.8090
v 0.02547 0.29566 -0.01524 0.5115 0.5455 0.5803
v 0.02210 0.29673 -0.00111 0.2223 0.3130 0.3466
v 0.02100 0.29798 0.01510 0.2355 0.3002 0.3412
v 0.02219 0.29389 0.03042 0.1954 0.2580 0.2975
v 0.02132 0.30018 0.03991 0.2157 0.2951 0.3375
v 0.02633 0.31038 -0.02577 0.7401 0.7465 0.7701
v 0.02584 0.30990 -0.01515 0.4682 0.5061 0.5338
v 0.02383 0.30925 -0.00196 0.1733 0.2501 0.2868
v 0.02119 0.31080 0.01270 0.4179 0.4896 0.5101
v 0.01843 0.31095 0.03272 0.0899 0.1596 0.2020
v 0.02078 0.31095 0.04055 0.2946 0.4094 0.4442
v 0.02712 0.32598 -0.02561 0.8200 0.8290 0.8643
v 0.02781 0.32497 -0.02023 0.7198 0.7251 0.7695
v 0.02204 0.32597 0.01617 0.2600 0.3316 0.3675
v 0.01658 0.32507 0.03157 0.2602 0.3608 0.3848
v 0.02243 0.32581 0.03976 0.2403 0.3667 0.4128
v 0.02813 0.34110 -0.02585 0.7699 0.7745 0.8072
v 0.02874 0.33949 -0.02178 0.6680 0.6780 0.7216
v 0.01721 0.34281 0.00616 0.2784 0.3255 0.3098
v 0.01964 0.34141 0.01506 0.2924 0.3434 0.3478
v 0.01759 0.34136 0.03154 0.3797 0.5003 0.5281
v 0.02444 0.34014 0.03853 0.1407 0.2674 0.3248
v 0.02925 0.35492 -0.02584 0.7969 0.8063 0.8298
v 0.02900 0.35521 -0.02289 0.6588 0.6784 0.7190
v 0.02223 0.35266 0.01472 0.4006 0.4712 0.4568
v 0.02361 0.35570 0.02900 0.3300 0.4706 0.5023
v 0.02715 0.35147 0.03791 0.1992 0.3467 0.4039
v 0.02986 0.36760 -0.02514 0.6667 0.6837 0.7203
v 0.02590 0.37104 0.02772 0.2897 0.3659 0.4016
v 0.03810 0.02548 -0.30541 0.5594 0.5887 0.5813
v 0.03857 0.02924 -0.29237 0.6078 0.6353 0.6340
v 0.03125 0.02994 -0.27825 0.7451 0.7686 0.7608
v 0.03810 0.02940 -0.25851 0.7039 0.7235 0.7255
v 0.04122 0.02969 -0.23900 0.7098 0.7333 0.7294
v 0.03929 0.03239 -0.22602 0.6838 0.7025 0.6936
v 0.03819 0.03876 -0.21280 0.6939 0.7078 0.7011
v 0.03746 0.04397 -0.20263 0.7618 0.7814 0.7725
v 0.04394 0.04525 0.29689 0.2471 0.2824 0.3098
v 0.03539 0.04407 0.31182 0.1863 0.2176 0.2471
v 0.03831 0.04774 -0.19450 0.7480 0.7661 0.7586
v 0.03798 0.05197 -0.18505 0.8045 0.8246 0.8039
v 0.03536 0.05461 -0.16760 0.7307 0.7529 0.7399
v 0.03894 0.05775 -0.15081 0.7264 0.7436 0.7315
v 0.04261 0.06027 0.20185 0.1765 0.1961 0.2078
v 0.03861 0.05766 0.21224 0.3613 0.3978 0.4179
v 0.04006 0.05486 0.22563 0.4734 0.5014 0.5042
v 0.04018 0.05350 0.24387 0.5522 0.5757 0.5624
v 0.03833 0.05176 0.25819 0.5118 0.5333 0.5183
v 0.03841 0.04947 0.27141 0.5170 0.5438 0.5490
v 0.03924 0.04710 0.28687 0.2441 0.2784 0.3039
v 0.03509 0.04570 0.29888 0.2157 0.2510 0.2784
v 0.03876 0.06818 -0.14917 0.7188 0.7451 0.7456
v 0.03056 0.06812 -0.14495 0.8392 0.8588 0.8529
v 0.03930 0.07240 0.15214 0.2251 0.2714 0.3231
v 0.03682 0.06819 0.16548 0.2251 0.2714 0.3161
v 0.04026 0.06601 0.18315 0.3539 0.3922 0.4206
v 0.03866 0.06336 0.19379 0.2851 0.3243 0.3596
v 0.03902 0.07750 -0.14815 0.6574 0.6828 0.6877
v 0.03650 0.08333 -0.13728 0.7801 0.8139 0.8121
v 0.03637 0.08920 -0.12638 0.7760 0.8093 0.8000
v 0.04244 0.08957 0.14104 0.2052 0.2562 0.3150
v 0.03687 0.08402 0.14883 0.2759 0.3183 0.3657
v 0.03809 0.09922 -0.12241 0.5275 0.5824 0.5861
v 0.03899 0.10181 0.12176 0.2133 0.2659 0.3188
v 0.03570 0.09446 0.13434 0.2478 0.2980 0.3553
v 0.03718 0.11326 -0.12421 0.2969 0.3570 0.3681
v 0.03770 0.11392 0.11819 0.2667 0.3144 0.3761
v 0.03972 0.12598 -0.13121 0.2642 0.3433 0.3586
v 0.03709 0.12879 -0.12605 0.2471 0.3218 0.3434
v 0.04187 0.13640 0.11198 0.1961 0.2275 0.2784
v 0.03789 0.13080 0.11617 0.2249 0.2718 0.3259
v 0.03758 0.14011 -0.11837 0.1864 0.2473 0.2731
v 0.03780 0.14573 -0.10964 0.2261 0.3005 0.3169
v 0.03687 0.14504 0.11142 0.0923 0.1389 0.1801
v 0.03694 0.14308 0.11334 0.1145 0.1608 0.2039
v 0.03959 0.15866 -0.11871 0.1711 0.2309 0.2640
v 0.03861 0.15911 -0.10588 0.1896 0.2572 0.2818
v 0.03863 0.15920 0.10994 0.1096 0.1525 0.1938
v 0.03522 0.17140 -0.10116 0.2529 0.3232 0.3513
v 0.03849 0.17662 -0.09574 0.2545 0.3185 0.3564
v 0.03119 0.18162 -0.08264 0.7235 0.7294 0.7549
v 0.03797 0.17422 0.10844 0.0783 0.1196 0.1527
v 0.03341 0.18699 -0.10215 0.2401 0.3098 0.3387
v 0.03542 0.18649 -0.09237 0.5588 0.5949 0.6201
v 0.03734 0.18937 -0.07899 0.7496 0.7653 0.7868
v 0.03932 0.18891 0.10888 0.0763 0.1210 0.1522
v 0.03235 0.19502 0.11405 0.0912 0.1608 0.2029
v 0.03893 0.20358 -0.07760 0.7656 0.7836 0.8099
v 0.04022 0.20602 0.10970 0.1044 0.1597 0.2005
v 0.03300 0.20094 0.11363 0.1601 0.2451 0.2882
v 0.03917 0.21982 -0.07554 0.7952 0.8032 0.8173
v 0.03337 0.22564 -0.06757 0.8608 0.8608 0.8686
v 0.03924 0.21982 0.10523 0.2795 0.3490 0.3648
v 0.03241 0.22435 0.11274 0.2196 0.2941 0.3216
v 0.03882 0.23146 -0.06295 0.9081 0.9115 0.9098
v 0.03743 0.23880 -0.04816 0.7976 0.8016 0.8012
v 0.03662 0.24131 0.06486 0.1882 0.2706 0.3333
v 0.04010 0.23842 0.07527 0.2510 0.3176 0.3582
v 0.03705 0.23385 0.09267 0.5725 0.6294 0.6451
v 0.03757 0.23022 0.10487 0.5243 0.5510 0.5722
v 0.03698 0.25114 -0.04376 0.7131 0.7214 0.7287
v 0.03462 0.25737 -0.03751 0.8608 0.8647 0.8824
v 0.03891 0.25069 0.05646 0.2425 0.3125 0.3744
v 0.04303 0.25844 -0.03911 0.8000 0.8039 0.8196
v 0.03908 0.26544 -0.03438 0.7910 0.8009 0.8257
v 0.03156 0.27223 0.01424 0.4327 0.5137 0.5294
v 0.03827 0.26811 0.02874 0.1673 0.2136 0.2529
v 0.04094 0.26385 0.04486 0.1800 0.2455 0.2980
v 0.04135 0.25789 0.05303 0.2314 0.3059 0.3608
v 0.03807 0.28132 -0.03243 0.6897 0.6946 0.7180
v 0.03034 0.28359 0.00650 0.0392 0.1098 0.1647
v 0.03382 0.27939 0.01527 0.2260 0.2922 0.3239
v 0.03728 0.28133 0.02663 0.1852 0.2413 0.2811
v 0.04509 0.27482 0.04451 0.1671 0.2416 0.3020
v 0.03839 0.29664 -0.03188 0.7556 0.7668 0.7893
v 0.03441 0.29418 0.01483 0.2310 0.2977 0.3286
v 0.03774 0.29276 0.03164 0.1974 0.2429 0.2831
v 0.03842 0.29995 0.04109 0.1132 0.1647 0.2097
v 0.03990 0.30968 -0.03272 0.7310 0.7418 0.7618
v 0.03152 0.31722 -0.01102 0.4157 0.4549 0.4863
v 0.03279 0.31744 0.00093 0.4162 0.4755 0.5059
v 0.03352 0.31502 0.01031 0.3989 0.4768 0.5008
v 0.04059 0.31816 0.03576 0.4980 0.5373 0.5451
v 0.03940 0.31017 0.04320 0.1354 0.1989 0.2440
v 0.03995 0.32674 -0.03209 0.7635 0.7679 0.7850
v 0.03232 0.32566 -0.01231 0.6542 0.6536 0.6820
v 0.03738 0.32584 -0.00063 0.5948 0.6190 0.6455
v 0.03891 0.32678 0.01372 0.4374 0.4817 0.5235
v 0.03899 0.32723 0.03430 0.3785 0.4172 0.4405
v 0.04127 0.32294 0.03852 0.2389 0.2955 0.3308
v 0.03860 0.33976 -0.03090 0.7098 0.7136 0.7248
v 0.03390 0.34188 -0.01339 0.7173 0.7187 0.7533
v 0.03941 0.34090 -0.00209 0.7244 0.7235 0.7551
v 0.04048 0.34099 0.01399 0.5482 0.6002 0.6636
v 0.04005 0.33949 0.03556 0.3590 0.4153 0.4497
v 0.03781 0.34139 0.03893 0.0766 0.1563 0.2077
v 0.03834 0.35689 -0.03006 0.7374 0.7381 0.7488
v 0.03448 0.35687 -0.01455 0.6361 0.6476 0.6874
v 0.04121 0.35836 -0.00216 0.6161 0.6331 0.6763
v 0.03570 0.35495 0.01730 0.3945 0.4678 0.5184
v 0.03912 0.35824 0.03027 0.3556 0.4374 0.4995
v 0.03561 0.35249 0.03897 0.1020 0.2090 0.2667
v 0.03669 0.37095 -0.02881 0.8182 0.8276 0.8435
v 0.03506 0.37045 -0.01587 0.6566 0.6661 0.7114
v 0.04219 0.37170 -0.00325 0.6510 0.6549 0.7042
v 0.03063 0.37108 0.02168 0.4000 0.4549 0.4667
v 0.03322 0.36996 0.02555 0.3294 0.4051 0.4435
v 0.03603 0.38716 -0.02780 0.7386 0.7466 0.7674
v 0.03757 0.38738 -0.01538 0.5794 0.5873 0.6331
v 0.04327 0.38557 -0.00445 0.6263 0.6280 0.6762
v 0.03760 0.40115 -0.02819 0.7647 0.7721 0.7953
v 0.03804 0.40160 -0.01699 0.6637 0.6718 0.7179
v 0.04434 0.40146 -0.00492 0.7176 0.7235 0.7716
v 0.03812 0.41635 -0.02782 0.7224 0.7317 0.7547
v 0.04104 0.41751 -0.01488 0.5948 0.6000 0.6340
v 0.04457 0.41522 -0.00737 0.6000 0.6000 0.6451
v 0.03861 0.43289 -0.02764 0.7717 0.7793 0.8017
v 0.04129 0.43158 -0.01716 0.6420 0.6454 0.6868
v 0.04000 0.44675 -0.02786 0.7059 0.7096 0.7266
v 0.04266 0.44522 -0.01785 0.5936 0.5966 0.6260
v 0.04069 0.46229 -0.02753 0.7230 0.7300 0.7473
v 0.04356 0.46205 -0.01934 0.6408 0.6510 0.6855
v 0.04250 0.47729 -0.02804 0.7078 0.7165 0.7328
v 0.04472 0.47750 -0.02076 0.6373 0.6412 0.6745
v 0.04308 0.49264 -0.02816 0.7007 0.7054 0.7211
v 0.04522 0.49275 -0.02254 0.6484 0.6510 0.6771
v 0.04438 0.50746 -0.02836 0.6902 0.6925 0.7145
v 0.04167 0.62009 -0.04013 0.5412 0.5621 0.5765
v 0.04151 0.61804 -0.03252 0.2392 0.2588 0.2993
v 0.04308 0.62068 -0.02296 0.5686 0.5882 0.6039
v 0.03853 0.62514 -0.04150 0.7575 0.7725 0.7660
v 0.03622 0.62914 -0.03236 0.4208 0.4484 0.4747
v 0.04163 0.62717 -0.01825 0.4154 0.4406 0.4608
v 0.05341 0.02443 -0.30346 0.4887 0.5221 0.5140
v 0.05232 0.02934 -0.29315 0.6515 0.6804 0.6799
v 0.05355 0.02966 -0.27875 0.6745 0.6941 0.6882
v 0.05495 0.02884 -0.25899 0.7000 0.7196 0.7000
v 0.05346 0.02960 -0.24236 0.7098 0.7294 0.7261
v 0.05333 0.03432 -0.22830 0.6256 0.6398 0.6291
v 0.05207 0.04029 -0.21478 0.6780 0.6892 0.6782
v 0.05029 0.04497 -0.20464 0.7118 0.7294 0.7196
v 0.05592 0.04478 0.29099 0.2627 0.2980 0.3333
v 0.04633 0.04458 0.30194 0.2275 0.2627 0.2980
v 0.05329 0.04809 -0.19996 0.6351 0.6526 0.6427
v 0.05297 0.05169 -0.18574 0.7451 0.7660 0.7542
v 0.05581 0.05301 -0.16682 0.7392 0.7595 0.7458
v 0.05157 0.05671 -0.15685 0.7204 0.7378 0.7176
v 0.04785 0.06036 0.20343 0.5922 0.6157 0.6157
v 0.05221 0.05970 0.21189 0.5600 0.5796 0.5851
v 0.05004 0.05689 0.22766 0.5300 0.5569 0.5580
v 0.05357 0.05549 0.24075 0.5225 0.5529 0.5627
v 0.05208 0.05198 0.25711 0.3980 0.4308 0.4496
v 0.05480 0.04801 0.27129 0.2333 0.2706 0.2951
v 0.05407 0.04622 0.28270 0.2405 0.2758 0.3085
v 0.06034 0.06205 -0.16034 0.7333 0.7490 0.7451
v 0.05292 0.06894 -0.15629 0.6762 0.7038 0.7130
v 0.05607 0.07302 0.14105 0.1595 0.1930 0.2383
v 0.05176 0.06954 0.14843 0.1770 0.2172 0.2608
v 0.05248 0.06600 0.16443 0.3898 0.4251 0.4431
v 0.05483 0.06488 0.18290 0.5320 0.5660 0.5660
v 0.05309 0.06299 0.19478 0.5627 0.5863 0.5951
v 0.05490 0.06102 0.20372 0.5843 0.6039 0.6157
v 0.05295 0.07889 -0.15188 0.6922 0.7218 0.7291
v 0.05268 0.08760 -0.13599 0.7593 0.7849 0.7771
v 0.04758 0.09094 -0.12938 0.8941 0.9216 0.8902
v 0.05977 0.09085 0.12646 0.1686 0.2235 0.2745
v 0.05459 0.08335 0.13906 0.1727 0.2155 0.2660
v 0.04737 0.08158 0.14424 0.2052 0.2523 0.3072
v 0.05662 0.09501 -0.13191 0.7307 0.7507 0.7467
v 0.05026 0.09921 -0.12724 0.7201 0.7447 0.7363
v 0.05544 0.10378 0.11242 0.1961 0.2431 0.2980
v 0.05172 0.09904 0.11850 0.1924 0.2387 0.2950
v 0.05925 0.11486 -0.13087 0.6975 0.7216 0.7333
v 0.05069 0.11417 -0.12683 0.5018 0.5350 0.5421
v 0.05564 0.11369 0.11032 0.2015 0.2485 0.3005
v 0.04866 0.11254 0.11433 0.2451 0.2941 0.3539
v 0.05729 0.12402 -0.12995 0.7176 0.7569 0.7529
v 0.05309 0.12933 -0.12252 0.1992 0.2626 0.2840
v 0.05827 0.13202 -0.11292 0.0301 0.0719 0.1046
v 0.05338 0.13038 0.11030 0.2042 0.2512 0.3030
v 0.04762 0.12615 0.11415 0.2418 0.2915 0.3503
v 0.05306 0.14289 -0.11933 0.1865 0.2492 0.2710
v 0.05739 0.14463 -0.10822 0.1332 0.1743 0.2127
v 0.05769 0.14689 -0.09695 0.2854 0.3333 0.3756
v 0.05130 0.14502 0.10860 0.2109 0.2585 0.3154
v 0.04933 0.15548 -0.11795 0.1893 0.2566 0.2838
v 0.05155 0.15812 -0.10646 0.2077 0.2826 0.3153
v 0.05613 0.15992 -0.09518 0.2455 0.3002 0.3431
v 0.05169 0.15822 0.10846 0.2235 0.2714 0.3329
v 0.05286 0.17461 -0.09042 0.4351 0.4818 0.5088
v 0.05041 0.17477 0.10869 0.2055 0.2541 0.3180
v 0.05600 0.18888 -0.08737 0.7238 0.7424 0.7703
v 0.04796 0.18834 -0.08344 0.7165 0.7373 0.7608
v 0.05047 0.18899 0.10807 0.2167 0.2691 0.3328
v 0.05745 0.20572 -0.08723 0.7252 0.7460 0.7735
v 0.04895 0.20291 -0.08279 0.7288 0.7510 0.7850
v 0.05088 0.20535 0.10773 0.2233 0.2757 0.3377
v 0.05726 0.21729 -0.08621 0.7603 0.7814 0.7902
v 0.05020 0.21997 -0.08073 0.8100 0.8199 0.8250
v 0.04974 0.22084 0.10663 0.2203 0.2670 0.3182
v 0.05631 0.22908 -0.07438 0.8869 0.8948 0.8915
v 0.05424 0.23599 -0.05962 0.8845 0.8950 0.8993
v 0.04831 0.24037 -0.05223 0.8052 0.8092 0.8275
v 0.05363 0.24045 0.07586 0.5333 0.5641 0.5782
v 0.05501 0.23645 0.08982 0.4620 0.4980 0.5247
v 0.05159 0.23163 0.10117 0.3782 0.4157 0.4594
v 0.05709 0.24698 -0.05560 0.7843 0.7980 0.8103
v 0.05243 0.25179 -0.05058 0.7994 0.8064 0.8248
v 0.05051 0.25014 0.06107 0.2870 0.3493 0.3937
v 0.05699 0.24972 0.07223 0.5397 0.5697 0.5894
v 0.05524 0.26532 -0.04259 0.7745 0.7824 0.8093
v 0.04814 0.26886 -0.03770 0.7498 0.7561 0.7867
v 0.04643 0.27177 0.03225 0.2392 0.2941 0.3373
v 0.05178 0.26853 0.04847 0.1462 0.2200 0.2777
v 0.05474 0.26061 0.05729 0.2335 0.3029 0.3719
v 0.06001 0.25932 0.06903 0.5176 0.5686 0.6039
v 0.05593 0.27966 -0.04176 0.7610 0.7720 0.8029
v 0.04796 0.28217 -0.03767 0.7706 0.7808 0.8125
v 0.04626 0.28162 0.03242 0.1294 0.1808 0.2344
v 0.05116 0.28136 0.04648 0.1506 0.2292 0.2840
v 0.05645 0.29715 -0.04142 0.7922 0.8031 0.8405
v 0.04891 0.29584 -0.03724 0.8281 0.8399 0.8719
v 0.04619 0.29202 0.03487 0.0878 0.1318 0.1788
v 0.04993 0.29412 0.04698 0.1210 0.1894 0.2392
v 0.05738 0.30164 0.05239 0.1503 0.2092 0.2693
v 0.05663 0.31120 -0.04128 0.7971 0.8103 0.8349
v 0.04800 0.31005 -0.03693 0.7730 0.7861 0.8139
v 0.04985 0.31248 0.04871 0.1454 0.2513 0.3149
v 0.05598 0.30686 0.05307 0.1216 0.1814 0.2279
v 0.05631 0.32573 -0.04065 0.7839 0.7886 0.8008
v 0.04856 0.32670 -0.03647 0.8209 0.8301 0.8464
v 0.05600 0.32815 0.03544 0.3552 0.4000 0.4454
v 0.05333 0.32520 0.03982 0.2478 0.3271 0.3856
v 0.05680 0.33985 -0.04038 0.7904 0.7930 0.8105
v 0.04932 0.33981 -0.03640 0.7985 0.8069 0.8289
v 0.04617 0.34192 0.01294 0.6157 0.6451 0.6869
v 0.05495 0.33992 0.03485 0.5718 0.5875 0.6128
v 0.06051 0.33408 0.03827 0.4706 0.4863 0.5216
v 0.05822 0.35741 -0.04026 0.7765 0.7804 0.8069
v 0.04951 0.35716 -0.03578 0.7559 0.7660 0.7827
v 0.04565 0.36192 0.00406 0.5882 0.6118 0.6588
v 0.04860 0.35590 0.01534 0.5454 0.5849 0.6199
v 0.05446 0.35362 0.02979 0.6368 0.6599 0.6911
v 0.05921 0.37233 -0.04011 0.8784 0.8765 0.9020
v 0.05057 0.37166 -0.03580 0.7592 0.7679 0.7885
v 0.04637 0.37501 0.00377 0.6775 0.6863 0.7363
v 0.05146 0.37056 0.01492 0.6382 0.6578 0.6985
v 0.05870 0.37085 0.02813 0.6941 0.7033 0.7412
v 0.05845 0.38694 -0.03962 0.8088 0.8206 0.8363
v 0.05064 0.38746 -0.03542 0.7559 0.7643 0.7784
v 0.04706 0.38539 0.00253 0.6784 0.6847 0.7310
v 0.05391 0.38628 0.01585 0.6392 0.6540 0.6972
v 0.05859 0.38418 0.02545 0.6604 0.6737 0.7090
v 0.06021 0.39870 -0.03977 0.8510 0.8667 0.8784
v 0.05118 0.40139 -0.03509 0.7808 0.7880 0.8033
v 0.04768 0.40280 0.00073 0.6918 0.7027 0.7506
v 0.05461 0.40066 0.01414 0.7190 0.7255 0.7739
v 0.05965 0.39963 0.02421 0.7353 0.7471 0.7824
v 0.06012 0.41550 -0.03968 0.8000 0.8157 0.8275
v 0.05169 0.41696 -0.03512 0.7401 0.7465 0.7602
v 0.04880 0.41640 -0.00069 0.6567 0.6567 0.7041
v 0.05680 0.41756 0.01438 0.7015 0.7094 0.7486
v 0.06029 0.42702 -0.03933 0.8745 0.8902 0.8941
v 0.05352 0.43220 -0.03571 0.8012 0.8097 0.8212
v 0.04928 0.43128 -0.00156 0.6596 0.6604 0.7055
v 0.05766 0.43171 0.01408 0.6932 0.7050 0.7394
v 0.05426 0.44766 -0.03570 0.7399 0.7507 0.7576
v 0.04662 0.44778 -0.01060 0.5820 0.5820 0.6125
v 0.05139 0.44702 -0.00183 0.6486 0.6525 0.6882
v 0.05818 0.44612 0.01130 0.6689 0.6779 0.7109
v 0.05326 0.46177 -0.03468 0.7835 0.7882 0.8027
v 0.04792 0.46445 -0.01133 0.6415 0.6415 0.6723
v 0.05221 0.46367 -0.00304 0.6827 0.6902 0.7255
v 0.05910 0.46071 0.01079 0.7059 0.7098 0.7425
v 0.05477 0.47733 -0.03507 0.7419 0.7522 0.7647
v 0.04846 0.48037 -0.01425 0.6347 0.6317 0.6570
v 0.05495 0.47706 -0.00103 0.6680 0.6697 0.7072
v 0.05342 0.49293 -0.03411 0.7636 0.7664 0.7754
v 0.04947 0.49302 -0.01489 0.6349 0.6371 0.6663
v 0.05630 0.49371 -0.00197 0.7227 0.7302 0.7694
v 0.05371 0.50702 -0.03370 0.7616 0.7657 0.7728
v 0.05113 0.50708 -0.01469 0.6447 0.6416 0.6706
v 0.05742 0.50614 -0.00217 0.6667 0.6635 0.6949
v 0.05167 0.52327 -0.03172 0.7608 0.7616 0.7673
v 0.05279 0.52391 -0.01498 0.6361 0.6367 0.6599
v 0.05915 0.52511 -0.00362 0.6112 0.6123 0.6415
v 0.05151 0.53883 -0.03083 0.7627 0.7708 0.7843
v 0.05384 0.54051 -0.01595 0.6213 0.6306 0.6549
v 0.05949 0.53996 -0.00407 0.5759 0.5810 0.6014
v 0.05346 0.55385 -0.03175 0.7746 0.7778 0.7875
v 0.05567 0.55384 -0.01429 0.5526 0.5610 0.5816
v 0.05936 0.55459 -0.00421 0.5250 0.5333 0.5558
v 0.05507 0.56784 -0.03195 0.7662 0.7770 0.7888
v 0.05456 0.56939 -0.01486 0.6320 0.6347 0.6396
v 0.05674 0.56926 -0.00258 0.5100 0.5357 0.5713
v 0.05996 0.57394 0.00779 0.4641 0.5007 0.5386
v 0.05410 0.58430 -0.03058 0.5613 0.5768 0.5969
v 0.05436 0.58415 -0.01622 0.5274 0.5396 0.5566
v 0.05688 0.58424 -0.00097 0.6527 0.6631 0.6764
v 0.05954 0.58142 0.00804 0.6261 0.6431 0.6680
v 0.05214 0.59823 -0.03175 0.6110 0.6263 0.6531
v 0.05358 0.59846 -0.01613 0.4041 0.4217 0.4507
v 0.05703 0.59852 -0.00104 0.3187 0.3451 0.3797
v 0.06045 0.60380 0.00771 0.1863 0.2020 0.2471
v 0.05368 0.61779 -0.04387 0.3144 0.3395 0.3755
v 0.05147 0.61082 -0.03374 0.2930 0.3144 0.3525
v 0.05183 0.61402 -0.01731 0.2532 0.2766 0.3171
v 0.05786 0.61453 -0.00106 0.2408 0.2645 0.2982
v 0.06009 0.61098 0.00715 0.4765 0.4961 0.5137
v 0.05218 0.62785 -0.04583 0.5829 0.6020 0.6078
v 0.04828 0.62947 -0.01232 0.5085 0.5359 0.5359
v 0.05328 0.62699 0.00004 0.5279 0.5556 0.5621
v 0.05827 0.62623 0.00965 0.5397 0.5662 0.5730
v 0.05571 0.63908 -0.04136 0.6667 0.6876 0.6889
v 0.05397 0.64579 -0.03112 0.5376 0.5541 0.5608
v 0.05378 0.64114 -0.02011 0.5346 0.5425 0.5399
v 0.06013 0.63910 -0.00667 0.6510 0.6667 0.6627
v 0.05900 0.65492 -0.03168 0.5190 0.5373 0.5477
v 0.06929 0.02170 -0.30433 0.5075 0.5368 0.5321
v 0.07042 0.02727 -0.29176 0.5543 0.5807 0.5863
v 0.07208 0.02857 -0.27717 0.6980 0.7176 0.7196
v 0.07130 0.02814 -0.25849 0.7085 0.7268 0.7216
v 0.06793 0.02928 -0.24454 0.6446 0.6608 0.6505
v 0.07095 0.03230 -0.23871 0.6913 0.7048 0.6857
v 0.06791 0.03656 -0.22826 0.6975 0.7175 0.6979
v 0.06655 0.04269 -0.21444 0.6895 0.7048 0.6996
v 0.07308 0.04496 0.27684 0.2980 0.3294 0.3412
v 0.06787 0.04426 0.28697 0.2725 0.3078 0.3353
v 0.06835 0.04256 0.30083 0.2314 0.2667 0.2980
v 0.07278 0.04188 0.31183 0.1922 0.2275 0.2627
v 0.07030 0.04744 -0.20839 0.6765 0.6938 0.6879
v 0.06693 0.05001 -0.20111 0.6735 0.6944 0.6892
v 0.06839 0.05167 -0.18238 0.7176 0.7373 0.7314
v 0.06880 0.05620 -0.16433 0.5539 0.5787 0.5857
v 0.06964 0.05941 0.21274 0.3647 0.3961 0.4255
v 0.06952 0.05721 0.22491 0.1961 0.2347 0.2784
v 0.07005 0.05266 0.24038 0.1925 0.2275 0.2671
v 0.06813 0.04912 0.25756 0.2018 0.2428 0.2731
v 0.06672 0.04717 0.26892 0.2596 0.2957 0.3255
v 0.06940 0.06786 -0.16405 0.5390 0.5716 0.5896
v 0.06085 0.07258 -0.16015 0.6745 0.6941 0.7098
v 0.06401 0.07172 0.15076 0.2092 0.2594 0.3157
v 0.07096 0.07068 0.16781 0.3083 0.3655 0.4067
v 0.07230 0.06606 0.17685 0.4224 0.4633 0.4863
v 0.06902 0.06243 0.19544 0.3490 0.3725 0.4000
v 0.06384 0.06082 0.20624 0.3333 0.3686 0.4039
v 0.07004 0.07680 -0.16148 0.6146 0.6471 0.6667
v 0.06863 0.07978 -0.15357 0.6212 0.6544 0.6688
v 0.06774 0.08682 -0.13805 0.4896 0.5238 0.5470
v 0.07251 0.08852 -0.12484 0.2405 0.2859 0.3265
v 0.06488 0.08590 0.13881 0.2220 0.2753 0.3212
v 0.06684 0.08259 0.15007 0.2544 0.3096 0.3576
v 0.07277 0.08182 0.16465 0.3272 0.3845 0.4142
v 0.06347 0.09779 -0.13322 0.4280 0.4588 0.4858
v 0.06964 0.09856 -0.12191 0.2351 0.2791 0.3200
v 0.07423 0.09976 -0.11150 0.1686 0.2294 0.2574
v 0.06825 0.10151 0.10855 0.1433 0.1858 0.2296
v 0.06989 0.09578 0.11882 0.1619 0.2067 0.2532
v 0.07401 0.09216 0.13022 0.1784 0.2333 0.2824
v 0.06324 0.11339 -0.13259 0.5050 0.5339 0.5630
v 0.06979 0.11382 -0.12103 0.2614 0.3141 0.3526
v 0.07443 0.11238 -0.11149 0.1988 0.2733 0.2949
v 0.06925 0.11364 0.10497 0.1469 0.1922 0.2355
v 0.06320 0.12324 -0.13135 0.4463 0.4933 0.5106
v 0.06695 0.12677 -0.11847 0.3643 0.4026 0.4267
v 0.06924 0.13078 -0.11124 0.2894 0.3327 0.3613
v 0.07045 0.12815 0.10349 0.1609 0.2058 0.2524
v 0.06941 0.14271 -0.10419 0.5381 0.5698 0.5907
v 0.06327 0.14696 -0.09796 0.4007 0.4386 0.4797
v 0.07379 0.14840 0.09672 0.1671 0.2094 0.2565
v 0.06940 0.14269 0.09977 0.1797 0.2235 0.2745
v 0.07397 0.15467 -0.10078 0.7814 0.7971 0.8049
v 0.06799 0.15917 -0.09672 0.7490 0.7654 0.7775
v 0.07341 0.15988 0.09641 0.1661 0.2089 0.2567
v 0.06450 0.15917 0.10102 0.1953 0.2424 0.3051
v 0.06789 0.17412 -0.09465 0.7090 0.7270 0.7490
v 0.07313 0.17441 0.09610 0.1793 0.2213 0.2756
v 0.06516 0.17499 0.10088 0.2094 0.2565 0.3192
v 0.06850 0.18977 -0.09388 0.7227 0.7395 0.7710
v 0.07374 0.18976 0.09551 0.1892 0.2373 0.2902
v 0.06556 0.18871 0.10056 0.2059 0.2569 0.3167
v 0.06824 0.20472 -0.09314 0.7485 0.7630 0.7863
v 0.07358 0.20292 0.09547 0.2007 0.2477 0.3092
v 0.06679 0.20437 0.09962 0.2137 0.2608 0.3235
v 0.07041 0.21921 -0.08990 0.7191 0.7350 0.7356
v 0.06567 0.22483 -0.08225 0.8456 0.8529 0.8225
v 0.07192 0.22057 0.09536 0.1900 0.2346 0.2884
v 0.06445 0.22087 0.10021 0.2055 0.2525 0.3090
v 0.07387 0.22838 -0.08483 0.9059 0.9176 0.8902
v 0.06784 0.22979 -0.07773 0.8894 0.9004 0.8784
v 0.06778 0.23815 -0.06356 0.8388 0.8561 0.8676
v 0.06875 0.24138 0.07937 0.1882 0.2366 0.2993
v 0.06798 0.23365 0.08923 0.2716 0.3211 0.3779
v 0.06237 0.22941 0.09774 0.1922 0.2392 0.2941
v 0.06818 0.25070 -0.05921 0.8002 0.8150 0.8343
v 0.06441 0.25693 -0.05242 0.8784 0.8902 0.9255
v 0.06524 0.24957 0.07425 0.2200 0.2720 0.3333
v 0.06872 0.26609 -0.04916 0.7661 0.7800 0.8127
v 0.06671 0.26637 0.05961 0.2661 0.3365 0.4090
v 0.06884 0.28081 -0.04834 0.7829 0.7944 0.8281
v 0.06116 0.28184 0.05026 0.2384 0.3020 0.3773
v 0.06633 0.28096 0.05661 0.2510 0.3170 0.3906
v 0.06821 0.29581 -0.04749 0.7664 0.7790 0.8122
v 0.06135 0.29442 0.05066 0.1948 0.2542 0.3190
v 0.06654 0.29550 0.05573 0.2481 0.3087 0.3843
v 0.06933 0.30996 -0.04785 0.7926 0.8074 0.8346
v 0.06247 0.31808 0.05003 0.2922 0.3549 0.4275
v 0.06762 0.30943 0.05520 0.2363 0.2924 0.3596
v 0.06840 0.32614 -0.04681 0.8190 0.8286 0.8451
v 0.06390 0.32796 0.04560 0.2953 0.3584 0.4243
v 0.06890 0.32530 0.05460 0.2664 0.3252 0.3902
v 0.06742 0.33987 -0.04581 0.8545 0.8608 0.8741
v 0.06560 0.34172 0.04577 0.5338 0.5552 0.5870
v 0.07051 0.34019 0.05387 0.2749 0.3242 0.3808
v 0.06800 0.35694 -0.04548 0.8159 0.8201 0.8374
v 0.06105 0.35689 0.03554 0.5039 0.4980 0.5196
v 0.06669 0.35689 0.04463 0.6027 0.6058 0.6314
v 0.07185 0.35566 0.05313 0.3230 0.3525 0.4000
v 0.06817 0.37205 -0.04503 0.9050 0.9044 0.9246
v 0.06187 0.37341 0.03330 0.6510 0.6604 0.6973
v 0.06721 0.37164 0.04405 0.6317 0.6387 0.6678
v 0.07328 0.37146 0.05268 0.2188 0.2533 0.3004
v 0.06861 0.38688 -0.04516 0.8536 0.8597 0.8782
v 0.06342 0.38847 0.03352 0.6191 0.6279 0.6561
v 0.07068 0.38616 0.04671 0.4662 0.4819 0.5148
v 0.06831 0.40135 -0.04424 0.8812 0.8949 0.9078
v 0.06281 0.40240 0.03098 0.6541 0.6638 0.6939
v 0.07154 0.40146 0.04622 0.5625 0.5824 0.6084
v 0.06827 0.41689 -0.04370 0.8348 0.8452 0.8501
v 0.06471 0.41712 0.03046 0.6167 0.6254 0.6437
v 0.07291 0.41748 0.04544 0.6179 0.6341 0.6525
v 0.06839 0.43241 -0.04337 0.8806 0.8963 0.9059
v 0.06089 0.43318 0.01989 0.7020 0.7137 0.7490
v 0.06596 0.43250 0.02975 0.6248 0.6366 0.6578
v 0.07285 0.43193 0.04268 0.6655 0.6784 0.6898
v 0.06775 0.44662 -0.04267 0.8410 0.8501 0.8527
v 0.06216 0.44928 0.01844 0.6471 0.6503 0.6784
v 0.06738 0.44739 0.02913 0.5920 0.6029 0.6141
v 0.07366 0.44700 0.04075 0.6152 0.6216 0.6368
v 0.06835 0.46203 -0.04252 0.8959 0.9091 0.9241
v 0.06131 0.46833 -0.03856 0.7725 0.7843 0.8039
v 0.06280 0.46424 0.01695 0.7216 0.7229 0.7503
v 0.06885 0.46289 0.02883 0.6445 0.6577 0.6692
v 0.07438 0.46091 0.03939 0.6480 0.6598 0.6745
v 0.06740 0.47550 -0.04181 0.7938 0.8056 0.8176
v 0.06164 0.48044 -0.03817 0.7824 0.7873 0.7892
v 0.06420 0.47708 0.01623 0.6444 0.6471 0.6660
v 0.07096 0.47634 0.02960 0.6044 0.6178 0.6303
v 0.07549 0.47963 0.03762 0.6314 0.6353 0.6510
v 0.06751 0.49181 -0.04147 0.8703 0.8773 0.8916
v 0.06176 0.49116 -0.03817 0.7882 0.7892 0.7931
v 0.06460 0.49167 0.01418 0.7088 0.7118 0.7500
v 0.07246 0.49311 0.02869 0.6660 0.6774 0.6923
v 0.06817 0.50715 -0.04146 0.8340 0.8501 0.8636
v 0.06204 0.50577 -0.03821 0.7542 0.7660 0.7765
v 0.06207 0.51130 0.00509 0.7020 0.7020 0.7333
v 0.06697 0.50785 0.01492 0.6729 0.6741 0.7039
v 0.07301 0.50762 0.02654 0.6059 0.6196 0.6271
v 0.07051 0.52396 -0.04202 0.8216 0.8327 0.8497
v 0.06229 0.52358 -0.03749 0.7757 0.7882 0.8000
v 0.06247 0.52616 0.00240 0.6201 0.6216 0.6549
v 0.06813 0.52636 0.01292 0.5984 0.6044 0.6332
v 0.07401 0.52226 0.02564 0.6706 0.6851 0.6941
v 0.06940 0.53828 -0.04115 0.8134 0.8258 0.8403
v 0.06382 0.53851 -0.03806 0.7797 0.7889 0.7961
v 0.06236 0.53738 0.00246 0.4909 0.5015 0.5275
v 0.06853 0.53880 0.01283 0.4324 0.4512 0.4860
v 0.07494 0.53918 0.02424 0.6824 0.6989 0.7120
v 0.07167 0.55414 -0.04137 0.7793 0.7932 0.7971
v 0.06359 0.55597 -0.03735 0.7210 0.7305 0.7294
v 0.06243 0.55410 0.00242 0.5396 0.5485 0.5733
v 0.06944 0.55318 0.01432 0.4078 0.4353 0.4711
v 0.07496 0.55899 0.02214 0.2255 0.2686 0.3196
v 0.07053 0.56822 -0.04115 0.7634 0.7791 0.7843
v 0.06292 0.56775 -0.03738 0.7475 0.7553 0.7514
v 0.06124 0.56286 0.00416 0.5549 0.5627 0.5892
v 0.06668 0.56747 0.01445 0.3897 0.4244 0.4673
v 0.07154 0.57183 0.02371 0.2946 0.3294 0.3691
v 0.07245 0.58443 -0.04077 0.5702 0.5851 0.6024
v 0.06399 0.58387 -0.03633 0.6410 0.6552 0.6669
v 0.06619 0.58359 0.01537 0.5007 0.5287 0.5700
v 0.07272 0.58140 0.02443 0.2608 0.2966 0.3446
v 0.07260 0.60127 -0.04227 0.6035 0.6173 0.6408
v 0.06374 0.59986 -0.03711 0.6253 0.6399 0.6610
v 0.06483 0.59906 0.01434 0.2863 0.3212 0.3574
v 0.07244 0.59967 0.02281 0.2819 0.3118 0.3598
v 0.07084 0.61943 -0.05613 0.5757 0.5973 0.6047
v 0.06895 0.61199 -0.04727 0.2824 0.3112 0.3553
v 0.06105 0.60889 -0.03876 0.2627 0.2784 0.3216
v 0.06630 0.61400 0.01468 0.1879 0.2232 0.2720
v 0.07209 0.61722 0.02697 0.1826 0.2187 0.2580
v 0.07039 0.62695 -0.05588 0.6598 0.6824 0.6843
v 0.06633 0.63063 -0.05172 0.6078 0.6243 0.6376
v 0.06334 0.62747 0.01713 0.5013 0.5366 0.5520
v 0.06647 0.62593 0.02729 0.4157 0.4471 0.4740
v 0.07272 0.62598 0.04004 0.4954 0.5268 0.5429
v 0.06774 0.64193 -0.04441 0.7081 0.7294 0.7300
v 0.06334 0.65127 -0.03513 0.5314 0.5490 0.5608
v 0.06492 0.64937 -0.01546 0.4745 0.5043 0.5035
v 0.07124 0.64656 -0.00072 0.6399 0.6601 0.6627
v 0.07339 0.64045 0.01534 0.6353 0.6706 0.6824
v 0.07397 0.65563 -0.03921 0.5588 0.5745 0.5922
v 0.06481 0.66132 -0.03146 0.7522 0.7659 0.7643
v 0.06779 0.65942 -0.01614 0.6311 0.6499 0.6476
v 0.07418 0.65851 -0.00459 0.5975 0.6191 0.6216
v 0.07108 0.67020 -0.03022 0.7987 0.8105 0.7941
v 0.07292 0.67300 -0.01958 0.7459 0.7631 0.7451
v 0.07464 0.89195 -0.04314 0.3451 0.5059 0.7490
v 0.06848 0.88743 -0.02987 0.3062 0.4307 0.5695
v 0.06875 0.89097 -0.01915 0.2495 0.3691 0.5054
v 0.07179 0.90165 -0.04511 0.3512 0.5002 0.7420
v 0.06520 0.90068 -0.03102 0.3590 0.4980 0.6945
v 0.06608 0.89888 -0.01456 0.3179 0.4483 0.6184
v 0.07157 0.90422 -0.00791 0.3725 0.5098 0.7294
v 0.07485 0.92141 -0.12087 0.1976 0.3090 0.4392
v 0.07500 0.92515 -0.11776 0.3333 0.4510 0.6412
v 0.08234 0.01903 -0.30519 0.6463 0.6696 0.6613
v 0.08293 0.02469 -0.29070 0.6828 0.7075 0.6916
v 0.08576 0.02598 -0.27224 0.6804 0.7039 0.7000
v 0.08390 0.02708 -0.25687 0.6358 0.6559 0.6422
v 0.08313 0.02920 -0.24738 0.5595 0.5791 0.5608
v 0.08310 0.03385 -0.24138 0.6971 0.7148 0.7045
v 0.08427 0.03971 -0.22879 0.6914 0.7122 0.6991
v 0.08467 0.04417 -0.21848 0.6546 0.6722 0.6641
v 0.08596 0.04436 0.25793 0.2340 0.2680 0.2889
v 0.08189 0.04426 0.27026 0.4745 0.5046 0.5059
v 0.08151 0.04308 0.28572 0.2758 0.3046 0.3268
v 0.08313 0.04143 0.30102 0.2020 0.2373 0.2725
v 0.08375 0.04853 -0.21350 0.6184 0.6394 0.6454
v 0.08504 0.05097 -0.19958 0.6235 0.6510 0.6676
v 0.08105 0.05195 -0.18230 0.7039 0.7284 0.7206
v 0.08395 0.05338 -0.16557 0.5562 0.5843 0.5719
v 0.08164 0.05655 -0.15483 0.1886 0.2268 0.2647
v 0.08678 0.05766 -0.13752 0.1784 0.2230 0.2658
v 0.08560 0.05803 0.20958 0.1817 0.2092 0.2601
v 0.08262 0.05303 0.22706 0.1578 0.1922 0.2358
v 0.08459 0.04806 0.24035 0.1791 0.2118 0.2529
v 0.08050 0.04661 0.25335 0.1931 0.2275 0.2627
v 0.07902 0.06835 -0.15229 0.1655 0.2054 0.2423
v 0.08643 0.06726 -0.13680 0.2322 0.2764 0.3160
v 0.08529 0.06999 0.17010 0.2362 0.2837 0.3237
v 0.08049 0.06717 0.17631 0.2406 0.2824 0.3191
v 0.08163 0.06193 0.19482 0.2235 0.2627 0.3020
v 0.07762 0.07719 -0.14991 0.4961 0.5314 0.5588
v 0.08141 0.07859 -0.13739 0.5023 0.5333 0.5542
v 0.08273 0.08255 -0.12262 0.4759 0.5056 0.5165
v 0.08424 0.08856 -0.10866 0.2175 0.2661 0.3014
v 0.07850 0.08981 0.15288 0.2673 0.3379 0.3876
v 0.08128 0.08346 0.16755 0.3557 0.3996 0.4334
v 0.07703 0.07893 0.17351 0.2641 0.3098 0.3386
v 0.08270 0.09861 -0.10327 0.1483 0.1896 0.2324
v 0.07841 0.10175 0.12039 0.2319 0.2931 0.3422
v 0.08407 0.09875 0.13566 0.2226 0.2857 0.3383
v 0.08574 0.09296 0.14730 0.2425 0.3072 0.3686
v 0.08246 0.11301 -0.10206 0.1977 0.2364 0.2674
v 0.07734 0.11609 0.11147 0.1889 0.2418 0.2895
v 0.08174 0.11427 0.12090 0.2152 0.2722 0.3242
v 0.08763 0.11454 0.13374 0.2225 0.2805 0.3362
v 0.07948 0.12668 -0.10328 0.2702 0.3065 0.3375
v 0.08365 0.13067 -0.09759 0.3318 0.3613 0.3931
v 0.07861 0.13171 0.10824 0.1361 0.1800 0.2200
v 0.08405 0.12947 0.11812 0.2198 0.2749 0.3275
v 0.08801 0.12451 0.13197 0.2541 0.3055 0.3675
v 0.07722 0.14470 -0.10295 0.3255 0.3534 0.3839
v 0.08382 0.14354 -0.09734 0.3746 0.4074 0.4368
v 0.07598 0.14663 0.09738 0.1686 0.2078 0.2549
v 0.08173 0.14435 0.10591 0.2063 0.2609 0.3134
v 0.08771 0.13988 0.11433 0.1854 0.2387 0.2885
v 0.08066 0.16008 -0.10114 0.5124 0.5359 0.5608
v 0.08448 0.15836 -0.09765 0.3995 0.4298 0.4604
v 0.07663 0.16048 0.09682 0.1784 0.2176 0.2647
v 0.08234 0.15741 0.10091 0.1911 0.2471 0.3075
v 0.08061 0.17535 -0.10036 0.5551 0.5713 0.6003
v 0.08354 0.17364 -0.09790 0.4629 0.4875 0.5183
v 0.07960 0.17579 0.09594 0.1701 0.2152 0.2681
v 0.08088 0.17314 0.09852 0.1990 0.2559 0.3147
v 0.08085 0.19032 -0.10052 0.6065 0.6222 0.6475
v 0.08351 0.18999 -0.09789 0.4323 0.4612 0.4921
v 0.08035 0.18980 0.09600 0.1790 0.2296 0.2818
v 0.08172 0.19015 0.09790 0.2118 0.2667 0.3294
v 0.08221 0.20419 -0.10034 0.5514 0.5674 0.5964
v 0.08410 0.20470 -0.09800 0.5474 0.5660 0.5925
v 0.08094 0.20606 0.09525 0.1880 0.2356 0.2923
v 0.08119 0.19923 0.09762 0.2039 0.2510 0.3137
v 0.08284 0.21416 -0.10032 0.5088 0.5206 0.5363
v 0.08395 0.21912 -0.09488 0.6556 0.6719 0.6715
v 0.08228 0.21930 0.09224 0.1944 0.2415 0.2974
v 0.08598 0.22841 -0.08809 0.8601 0.8784 0.8667
v 0.08421 0.23526 -0.07472 0.7732 0.7931 0.7991
v 0.07771 0.23874 -0.06734 0.8118 0.8301 0.8327
v 0.08430 0.23671 0.07572 0.2088 0.2608 0.3265
v 0.08335 0.22893 0.08603 0.1699 0.2170 0.2693
v 0.08629 0.24633 -0.07043 0.7322 0.7507 0.7664
v 0.08112 0.25110 -0.06477 0.7008 0.7212 0.7339
v 0.08527 0.25235 0.06065 0.2025 0.2534 0.3103
v 0.07838 0.24657 0.06898 0.2157 0.2627 0.3255
v 0.08506 0.26389 -0.05758 0.7329 0.7518 0.7755
v 0.07797 0.26739 -0.05329 0.7325 0.7459 0.7796
v 0.08531 0.26676 0.05030 0.2348 0.2873 0.3520
v 0.08083 0.26179 0.05552 0.2373 0.2954 0.3595
v 0.08458 0.28215 -0.05652 0.7149 0.7278 0.7587
v 0.07788 0.27820 -0.05298 0.6889 0.7033 0.7373
v 0.08456 0.28029 0.04937 0.2307 0.2817 0.3471
v 0.07727 0.28137 0.05311 0.2222 0.2771 0.3386
v 0.08573 0.29442 -0.05671 0.7311 0.7445 0.7768
v 0.07832 0.29627 -0.05264 0.7165 0.7294 0.7604
v 0.08439 0.29489 0.04887 0.2328 0.2831 0.3544
v 0.07669 0.29742 0.05269 0.2412 0.3020 0.3706
v 0.08701 0.31191 -0.05701 0.7497 0.7631 0.7857
v 0.07813 0.30977 -0.05221 0.7826 0.7950 0.8213
v 0.08472 0.31031 0.04843 0.2110 0.2627 0.3251
v 0.08672 0.32565 -0.05674 0.6959 0.7098 0.7302
v 0.07931 0.32501 -0.05254 0.8016 0.8125 0.8345
v 0.08427 0.32622 0.04769 0.2157 0.2678 0.3294
v 0.07597 0.32372 0.05236 0.2196 0.2706 0.3353
v 0.08616 0.34034 -0.05564 0.8348 0.8382 0.8578
v 0.07945 0.34166 -0.05195 0.8739 0.8745 0.8935
v 0.08197 0.34063 0.04824 0.2021 0.2524 0.3169
v 0.08844 0.35775 -0.05618 0.7908 0.7948 0.8065
v 0.08099 0.35693 -0.05223 0.8324 0.8348 0.8510
v 0.08207 0.35607 0.04788 0.2122 0.2584 0.3181
v 0.08846 0.37144 -0.05624 0.8471 0.8510 0.8661
v 0.08112 0.37165 -0.05197 0.8569 0.8642 0.8828
v 0.08022 0.37042 0.04877 0.2000 0.2387 0.3031
v 0.08741 0.38499 -0.05569 0.8183 0.8176 0.8346
v 0.07975 0.38740 -0.05147 0.8549 0.8584 0.8754
v 0.08391 0.38622 0.04600 0.1860 0.2258 0.2852
v 0.08917 0.40080 -0.05538 0.8431 0.8541 0.8714
v 0.08124 0.40266 -0.05108 0.8913 0.9031 0.9154
v 0.08413 0.40259 0.04528 0.1807 0.2300 0.2857
v 0.08973 0.41590 -0.05540 0.7699 0.7784 0.7902
v 0.08233 0.41812 -0.05114 0.8381 0.8499 0.8639
v 0.08208 0.41553 0.04599 0.1799 0.2250 0.2873
v 0.08949 0.43155 -0.05483 0.8654 0.8784 0.8797
v 0.08147 0.43488 -0.05034 0.8790 0.8969 0.8975
v 0.08117 0.43433 0.04510 0.3012 0.3451 0.3984
v 0.08937 0.44923 -0.05421 0.8902 0.9059 0.9098
v 0.08410 0.44727 -0.05123 0.9031 0.9137 0.9161
v 0.08144 0.44839 0.04417 0.2418 0.2824 0.3368
v 0.09049 0.46104 -0.05449 0.8588 0.8745 0.8824
v 0.08384 0.46349 -0.05078 0.9129 0.9237 0.9394
v 0.08200 0.46285 0.04283 0.2914 0.3306 0.3799
v 0.08433 0.47828 -0.05063 0.8540 0.8584 0.8719
v 0.08095 0.47656 0.04131 0.3601 0.3927 0.4349
v 0.08332 0.49236 -0.04964 0.8745 0.8877 0.9001
v 0.07994 0.49249 0.04071 0.4839 0.5090 0.5383
v 0.08383 0.50602 -0.04979 0.8878 0.9008 0.9169
v 0.07736 0.50890 0.03445 0.6235 0.6363 0.6431
v 0.08274 0.50757 0.03977 0.3820 0.4157 0.4542
v 0.08291 0.52490 -0.04819 0.8556 0.8680 0.8840
v 0.07953 0.52394 0.03381 0.6183 0.6331 0.6527
v 0.08267 0.52311 0.03874 0.4232 0.4513 0.4841
v 0.08251 0.53661 -0.04814 0.8755 0.8830 0.8984
v 0.07920 0.54031 0.03125 0.6199 0.6389 0.6507
v 0.08486 0.53743 0.03823 0.4029 0.4368 0.4843
v 0.08287 0.55427 -0.04760 0.7795 0.7948 0.8063
v 0.08070 0.55468 0.02952 0.4743 0.5020 0.5345
v 0.08544 0.55181 0.03741 0.4614 0.4941 0.5412
v 0.08441 0.56873 -0.04859 0.7255 0.7412 0.7529
v 0.08343 0.56905 0.03215 0.3221 0.3668 0.4292
v 0.08559 0.56308 0.03719 0.3098 0.3490 0.4176
v 0.08361 0.58435 -0.04632 0.6303 0.6459 0.6562
v 0.08187 0.58242 0.03042 0.2884 0.3286 0.3844
v 0.08608 0.58952 0.03820 0.4471 0.4771 0.5216
v 0.08384 0.59916 -0.04741 0.6988 0.7163 0.7398
v 0.07942 0.59852 0.03025 0.3255 0.3601 0.4101
v 0.08765 0.59834 0.03861 0.3081 0.3513 0.4157
v 0.08413 0.61644 -0.06036 0.4491 0.4790 0.5057
v 0.08244 0.60879 -0.05124 0.3163 0.3428 0.3807
v 0.08053 0.61199 0.03204 0.1888 0.2280 0.2808
v 0.08481 0.61590 0.04349 0.1711 0.2078 0.2444
v 0.08808 0.62022 0.05265 0.1627 0.2039 0.2451
v 0.08451 0.62961 -0.06102 0.7288 0.7517 0.7427
v 0.07653 0.63626 0.03056 0.2667 0.2941 0.3176
v 0.08073 0.62807 0.04772 0.4275 0.4607 0.4834
v 0.08385 0.62615 0.05365 0.2859 0.3290 0.3694
v 0.08567 0.64003 -0.05543 0.8340 0.8562 0.8366
v 0.08150 0.64607 -0.04892 0.7054 0.7277 0.7281
v 0.07693 0.64986 0.00508 0.5412 0.5608 0.5725
v 0.08150 0.64871 0.01541 0.4385 0.4588 0.4684
v 0.08621 0.64545 0.02658 0.4603 0.4843 0.5005
v 0.08597 0.63755 0.03836 0.2549 0.2902 0.3255
v 0.08416 0.65730 -0.04470 0.6788 0.6980 0.7114
v 0.07743 0.66331 -0.03809 0.7882 0.8039 0.8078
v 0.07872 0.66104 0.00292 0.6753 0.6910 0.6925
v 0.08475 0.66034 0.01505 0.5980 0.6150 0.6186
v 0.08915 0.65805 0.02422 0.4471 0.4588 0.4676
v 0.08830 0.67224 -0.03926 0.8647 0.8784 0.8627
v 0.08123 0.67695 -0.03115 0.8505 0.8658 0.8440
v 0.07928 0.67853 -0.01492 0.7510 0.7637 0.7461
v 0.08383 0.67537 -0.00034 0.7407 0.7544 0.7358
v 0.08822 0.67082 0.01245 0.6536 0.6667 0.6627
v 0.08815 0.68644 -0.02791 0.7739 0.7869 0.7673
v 0.08730 0.68777 -0.01680 0.4533 0.4753 0.4847
v 0.08811 0.68422 -0.00558 0.5039 0.5137 0.5157
v 0.08934 0.87818 -0.04085 0.3137 0.4627 0.7098
v 0.08587 0.87574 -0.03186 0.1908 0.2832 0.3423
v 0.09025 0.89376 -0.05601 0.3333 0.4824 0.7255
v 0.08298 0.88815 -0.04665 0.3392 0.4915 0.7458
v 0.08226 0.88122 -0.02889 0.2275 0.3445 0.4784
v 0.08334 0.88798 -0.01762 0.3733 0.5114 0.7349
v 0.08745 0.90520 -0.11951 0.1594 0.2692 0.3961
v 0.08891 0.90518 -0.11303 0.0980 0.2078 0.2816
v 0.08345 0.90656 -0.06288 0.3417 0.4838 0.7206
v 0.07953 0.89871 -0.05309 0.3490 0.5098 0.7529
v 0.08351 0.89701 -0.00941 0.3824 0.5196 0.7392
v 0.08556 0.90358 -0.00603 0.3789 0.5167 0.7382
v 0.08050 0.91642 -0.12063 0.1816 0.2922 0.4150
v 0.08289 0.91911 -0.10742 0.2791 0.4089 0.5932
v 0.08430 0.91820 -0.09217 0.3641 0.5101 0.7484
v 0.08515 0.91332 -0.07674 0.3556 0.5028 0.7420
v 0.08233 0.91044 -0.06613 0.3647 0.5059 0.7412
v 0.07593 0.92558 -0.11568 0.3529 0.4824 0.6941
v 0.07809 0.92502 -0.11121 0.3529 0.4941 0.7137
v 0.09853 0.02071 -0.30531 0.5911 0.6144 0.6047
v 0.09944 0.02501 -0.29102 0.6346 0.6588 0.6569
v 0.09858 0.02562 -0.27321 0.6696 0.6951 0.6941
v 0.09782 0.02786 -0.25633 0.5370 0.5590 0.5576
v 0.10045 0.02917 -0.25000 0.3503 0.3765 0.4000
v 0.09723 0.03143 -0.25165 0.6078 0.6275 0.6333
v 0.09843 0.03352 -0.24422 0.4120 0.4398 0.4575
v 0.09705 0.03969 -0.23004 0.3400 0.3717 0.3971
v 0.10224 0.04301 -0.21449 0.2113 0.2523 0.2815
v 0.10333 0.04445 -0.20112 0.1588 0.1941 0.2294
v 0.10555 0.04477 -0.19040 0.1961 0.2314 0.2588
v 0.10235 0.04504 0.23364 0.1451 0.1725 0.2118
v 0.09826 0.04322 0.24282 0.2203 0.2529 0.2752
v 0.09676 0.04217 0.25350 0.5088 0.5324 0.5196
v 0.09836 0.04168 0.27171 0.5480 0.5637 0.5775
v 0.10095 0.04121 0.28928 0.1333 0.1490 0.1961
v 0.10109 0.03994 0.30202 0.1647 0.2000 0.2353
v 0.09377 0.03970 0.31182 0.1373 0.1608 0.2078
v 0.09442 0.04702 -0.21466 0.2008 0.2392 0.2855
v 0.09645 0.04813 -0.19885 0.2209 0.2588 0.2941
v 0.10111 0.04927 -0.18402 0.3988 0.4296 0.4537
v 0.09846 0.05253 -0.16809 0.6373 0.6569 0.6412
v 0.10091 0.05248 -0.15607 0.6627 0.6824 0.6804
v 0.09711 0.05683 -0.13653 0.4171 0.4535 0.4765
v 0.10058 0.06007 0.18472 0.2026 0.2327 0.2771
v 0.10045 0.05805 0.19880 0.1671 0.2000 0.2455
v 0.09887 0.05418 0.21185 0.1791 0.2121 0.2614
v 0.09846 0.04890 0.22603 0.1549 0.1856 0.2281
v 0.09584 0.04614 0.23525 0.1451 0.1765 0.2275
v 0.09832 0.06830 -0.13562 0.6375 0.6699 0.6832
v 0.10471 0.07291 0.15759 0.1824 0.2137 0.2569
v 0.09922 0.06824 0.16447 0.2182 0.2605 0.3042
v 0.09268 0.06211 0.17664 0.2490 0.2824 0.3216
v 0.09401 0.06065 0.19206 0.1882 0.2196 0.2627
v 0.09861 0.07647 -0.13272 0.5804 0.6020 0.6196
v 0.09856 0.08240 -0.12187 0.6827 0.7059 0.7029
v 0.09803 0.08892 -0.11129 0.6317 0.6541 0.6510
v 0.10064 0.08576 0.15375 0.2227 0.2773 0.3370
v 0.09740 0.08174 0.16044 0.2283 0.2771 0.3290
v 0.09810 0.09715 -0.10850 0.5854 0.6119 0.6248
v 0.09874 0.09898 0.13533 0.1865 0.2336 0.2900
v 0.09445 0.09271 0.14558 0.2549 0.2980 0.3686
v 0.09891 0.11454 -0.10758 0.6653 0.6831 0.6924
v 0.09952 0.11381 0.13146 0.1827 0.2363 0.2849
v 0.09874 0.12804 -0.10461 0.6871 0.7001 0.7101
v 0.09596 0.13416 0.12065 0.0854 0.1255 0.1587
v 0.09985 0.12820 0.13046 0.1515 0.2019 0.2423
v 0.09897 0.14359 -0.10426 0.6748 0.6931 0.7178
v 0.09714 0.14698 0.10905 0.0575 0.0895 0.1199
v 0.10061 0.14407 0.12061 0.0693 0.1147 0.1508
v 0.10483 0.14202 0.12928 0.0941 0.1402 0.1735
v 0.09880 0.15996 -0.10402 0.6590 0.6784 0.7048
v 0.10081 0.16116 0.09213 0.0897 0.1346 0.1828
v 0.10101 0.15352 0.10391 0.0578 0.0954 0.1281
v 0.10417 0.15569 0.11921 0.1075 0.1641 0.2082
v 0.09949 0.17504 -0.10424 0.6991 0.7140 0.7318
v 0.10116 0.17406 0.08923 0.1418 0.1925 0.2555
v 0.09903 0.18969 -0.10384 0.7084 0.7172 0.7298
v 0.09170 0.19125 -0.09948 0.7059 0.7216 0.7255
v 0.09929 0.18997 0.08839 0.1912 0.2407 0.3039
v 0.09883 0.20486 -0.10345 0.7381 0.7447 0.7455
v 0.09152 0.20098 -0.09945 0.7294 0.7294 0.7294
v 0.09937 0.20456 0.08837 0.2078 0.2560 0.3171
v 0.09954 0.21784 -0.10228 0.7034 0.7112 0.7061
v 0.09485 0.22334 -0.09717 0.7673 0.7768 0.7722
v 0.09790 0.22599 0.08228 0.1922 0.2392 0.2980
v 0.09811 0.21960 0.08689 0.1984 0.2455 0.3067
v 0.09934 0.22983 -0.08923 0.8740 0.8833 0.8652
v 0.09942 0.23757 -0.07976 0.7523 0.7649 0.7756
v 0.10229 0.24021 0.05998 0.2176 0.2765 0.3451
v 0.09700 0.23224 0.07353 0.2173 0.2714 0.3373
v 0.09958 0.24868 -0.07566 0.7683 0.7825 0.8005
v 0.09597 0.25597 -0.06748 0.8327 0.8523 0.8699
v 0.10149 0.25559 0.04832 0.2353 0.2863 0.3529
v 0.09733 0.25015 0.05524 0.2282 0.2816 0.3475
v 0.09990 0.26547 -0.06480 0.6161 0.6373 0.6694
v 0.09802 0.26535 0.04471 0.2235 0.2749 0.3394
v 0.09846 0.28011 -0.06378 0.6783 0.6970 0.7183
v 0.09672 0.27889 0.04329 0.2172 0.2691 0.3284
v 0.09851 0.29583 -0.06335 0.7047 0.7213 0.7486
v 0.09977 0.29432 0.04099 0.2336 0.2846 0.3501
v 0.09830 0.31106 -0.06286 0.7734 0.7832 0.8061
v 0.10563 0.31668 0.03673 0.2392 0.2902 0.3569
v 0.09685 0.30889 0.04231 0.2123 0.2644 0.3266
v 0.09941 0.32613 -0.06313 0.7054 0.7126 0.7316
v 0.09712 0.32721 0.04119 0.2162 0.2672 0.3304
v 0.09704 0.34069 -0.06127 0.7775 0.7786 0.7905
v 0.10404 0.34790 0.03659 0.2431 0.2941 0.3569
v 0.09786 0.33967 0.04020 0.2314 0.2835 0.3496
v 0.09868 0.35554 -0.06182 0.7672 0.7668 0.7833
v 0.10519 0.36177 0.03585 0.1647 0.2157 0.2784
v 0.09742 0.35608 0.03999 0.2111 0.2627 0.3242
v 0.09819 0.37137 -0.06155 0.8233 0.8267 0.8458
v 0.10211 0.37866 0.03625 0.1961 0.2471 0.3098
v 0.09441 0.37176 0.04043 0.1941 0.2451 0.3078
v 0.09781 0.38709 -0.06087 0.7595 0.7601 0.7754
v 0.10498 0.38722 0.03561 0.1902 0.2412 0.3039
v 0.09645 0.38722 0.03931 0.1833 0.2333 0.2961
v 0.09728 0.40241 -0.05989 0.7771 0.7891 0.8057
v 0.10402 0.40297 0.03493 0.2098 0.2588 0.3216
v 0.09572 0.40230 0.03909 0.2065 0.2575 0.3203
v 0.09784 0.41686 -0.05991 0.7310 0.7433 0.7608
v 0.10229 0.41522 0.03453 0.2118 0.2588 0.3255
v 0.09426 0.41681 0.03925 0.1974 0.2418 0.3098
v 0.09784 0.43285 -0.05925 0.7682 0.7806 0.7924
v 0.10298 0.43240 0.03391 0.2327 0.2928 0.3634
v 0.09498 0.43372 0.03797 0.1895 0.2471 0.3176
v 0.09772 0.44761 -0.05874 0.7651 0.7778 0.7849
v 0.09946 0.44662 0.03528 0.1843 0.2441 0.3078
v 0.09286 0.44787 0.03848 0.1914 0.2439 0.3114
v 0.09807 0.46266 -0.05846 0.7791 0.7919 0.8031
v 0.10087 0.46270 0.03419 0.2055 0.2533 0.3208
v 0.09317 0.46181 0.03805 0.2131 0.2654 0.3320
v 0.09635 0.47698 -0.05722 0.7950 0.8022 0.8092
v 0.09905 0.47958 0.03432 0.1922 0.2379 0.3033
v 0.09882 0.49373 -0.05773 0.8235 0.8306 0.8382
v 0.09895 0.49507 0.03355 0.1978 0.2453 0.3098
v 0.09107 0.48733 0.03763 0.2039 0.2510 0.3137
v 0.09959 0.50847 -0.05792 0.8429 0.8485 0.8574
v 0.09146 0.51155 -0.05379 0.8667 0.8706 0.8863
v 0.09736 0.50749 0.03369 0.1967 0.2425 0.3052
v 0.10029 0.52286 -0.05778 0.7882 0.7970 0.8076
v 0.09224 0.52406 -0.05343 0.8306 0.8439 0.8565
v 0.09879 0.52434 0.03199 0.1868 0.2328 0.2956
v 0.09922 0.53744 -0.05703 0.7982 0.8034 0.8199
v 0.09144 0.53482 -0.05305 0.8510 0.8627 0.8824
v 0.09986 0.53568 0.03111 0.2218 0.2655 0.3350
v 0.09993 0.55238 -0.05692 0.7918 0.8003 0.8078
v 0.09214 0.55391 -0.05284 0.7752 0.7908 0.8065
v 0.09917 0.55423 0.03085 0.2209 0.2667 0.3320
v 0.10152 0.56770 -0.05748 0.7651 0.7743 0.7822
v 0.09281 0.57212 -0.05254 0.7490 0.7647 0.7765
v 0.09714 0.57012 0.03129 0.2379 0.2810 0.3516
v 0.10260 0.58523 -0.05681 0.6369 0.6482 0.6591
v 0.09583 0.58224 -0.05242 0.7098 0.7242 0.7333
v 0.09954 0.58449 0.03143 0.2121 0.2516 0.3180
v 0.10025 0.59907 -0.05644 0.6898 0.7012 0.7098
v 0.09450 0.59992 -0.05243 0.6375 0.6532 0.6784
v 0.09972 0.59678 0.03295 0.2216 0.2667 0.3314
v 0.09236 0.60008 0.03769 0.2225 0.2686 0.3294
v 0.10096 0.61818 -0.07149 0.5029 0.5338 0.5505
v 0.09763 0.61201 -0.06443 0.2854 0.3235 0.3625
v 0.10062 0.60756 0.03595 0.2000 0.2392 0.2863
v 0.09698 0.61438 0.04275 0.2009 0.2374 0.2847
v 0.10269 0.62663 -0.07181 0.6363 0.6598 0.6549
v 0.09503 0.63153 -0.06551 0.6859 0.7087 0.6977
v 0.10300 0.63462 0.03667 0.2667 0.3020 0.3686
v 0.09804 0.62793 0.04590 0.2241 0.2649 0.3219
v 0.09941 0.64173 -0.06143 0.6730 0.6941 0.6833
v 0.09365 0.64928 -0.05338 0.7451 0.7843 0.7882
v 0.09813 0.64581 0.02869 0.2425 0.2801 0.3304
v 0.10225 0.65411 -0.05516 0.7817 0.8092 0.8052
v 0.09601 0.66046 -0.04890 0.7460 0.7769 0.7778
v 0.10299 0.66300 0.02117 0.2235 0.2706 0.3451
v 0.09676 0.65910 0.02619 0.2667 0.3087 0.3633
v 0.09842 0.67379 -0.04264 0.8072 0.8340 0.8235
v 0.09479 0.67889 -0.03841 0.8549 0.8667 0.8392
v 0.09950 0.67559 0.01433 0.3949 0.4459 0.5024
v 0.09883 0.69035 -0.03279 0.5810 0.6181 0.6268
v 0.09414 0.69482 -0.01485 0.0147 0.0725 0.1098
v 0.09830 0.68973 0.00025 0.2701 0.3127 0.3456
v 0.10165 0.68394 0.00849 0.2961 0.3569 0.4294
v 0.09852 0.70596 -0.03079 0.3207 0.4133 0.4448
v 0.09572 0.70519 -0.01666 0.1878 0.2747 0.3164
v 0.10239 0.70484 -0.00586 0.0348 0.1074 0.1544
v 0.09826 0.71883 -0.03204 0.5152 0.6193 0.6560
v 0.09554 0.71975 -0.01550 0.4645 0.5625 0.6029
v 0.10242 0.71675 -0.00614 0.0961 0.1915 0.2471
v 0.10345 0.73151 -0.02780 0.4422 0.5500 0.5863
v 0.10167 0.73031 -0.01766 0.3088 0.4098 0.4735
v 0.10536 0.81517 -0.04189 0.5559 0.6686 0.6814
v 0.10548 0.81373 -0.03087 0.4299 0.5462 0.5658
v 0.10537 0.81593 -0.02146 0.3522 0.4525 0.4894
v 0.10370 0.82767 -0.04327 0.4775 0.5906 0.6115
v 0.10270 0.82649 -0.03123 0.5180 0.6292 0.6488
v 0.10489 0.82585 -0.02077 0.3394 0.4475 0.4841
v 0.10175 0.84195 -0.04240 0.4613 0.5824 0.6000
v 0.09964 0.84091 -0.03098 0.5015 0.6189 0.6375
v 0.10376 0.84098 -0.01976 0.2366 0.3490 0.3991
v 0.10189 0.85673 -0.04200 0.3926 0.5078 0.5221
v 0.09747 0.85725 -0.03065 0.4025 0.5112 0.5331
v 0.10167 0.85667 -0.02066 0.1804 0.2816 0.3349
v 0.10555 0.87721 -0.10498 0.3209 0.4444 0.6431
v 0.10132 0.87261 -0.04501 0.3581 0.4920 0.5680
v 0.09660 0.87132 -0.02965 0.2225 0.3252 0.3936
v 0.10300 0.87303 -0.02257 0.3027 0.4212 0.5537
v 0.09596 0.89392 -0.11490 0.1922 0.2941 0.4392
v 0.10139 0.88841 -0.10656 0.2351 0.3538 0.4976
v 0.10575 0.88420 -0.09817 0.3373 0.4902 0.7216
v 0.10498 0.89439 -0.06970 0.4510 0.5647 0.5961
v 0.10138 0.89049 -0.06172 0.3454 0.4640 0.4959
v 0.09738 0.88347 -0.05132 0.2941 0.4259 0.5655
v 0.09874 0.88732 -0.01617 0.3534 0.4871 0.6102
v 0.09237 0.89876 -0.11663 0.2186 0.3373 0.4794
v 0.09762 0.90269 -0.10638 0.1504 0.2483 0.3298
v 0.10392 0.90661 -0.09268 0.1242 0.2248 0.2699
v 0.10098 0.90320 -0.07383 0.3166 0.4468 0.5252
v 0.09700 0.89909 -0.06535 0.3569 0.4895 0.6111
v 0.09871 0.89493 -0.00945 0.3353 0.4745 0.5961
v 0.09860 0.90388 -0.00477 0.3910 0.5311 0.7345
v 0.09686 0.91332 -0.10690 0.2148 0.3216 0.4584
v 0.09640 0.91216 -0.09235 0.2185 0.3401 0.4271
v 0.09301 0.91234 -0.08228 0.3582 0.5085 0.7503
v 0.11082 0.02277 -0.30472 0.5368 0.5679 0.5674
v 0.11373 0.02529 -0.29153 0.6252 0.6588 0.6633
v 0.11611 0.02640 -0.27400 0.6353 0.6627 0.6686
v 0.11182 0.02753 -0.25633 0.4157 0.4444 0.4523
v 0.11249 0.02832 -0.24243 0.2770 0.3093 0.3289
v 0.11677 0.02825 -0.22864 0.2966 0.3304 0.3373
v 0.11831 0.02931 -0.22051 0.2392 0.2784 0.2863
v 0.10665 0.03155 -0.23795 0.1569 0.1804 0.2353
v 0.11123 0.03377 -0.22581 0.2229 0.2570 0.2892
v 0.11467 0.03485 -0.21405 0.3698 0.3971 0.4003
v 0.11431 0.04068 -0.19944 0.5243 0.5450 0.5413
v 0.11242 0.04404 -0.18840 0.3441 0.3608 0.3422
v 0.11562 0.04388 0.22874 0.1426 0.1725 0.2186
v 0.11210 0.04187 0.23765 0.2672 0.2936 0.3171
v 0.11659 0.03966 0.25733 0.4902 0.5137 0.5059
v 0.11663 0.03984 0.27123 0.5373 0.5529 0.5882
v 0.11118 0.04015 0.28054 0.1333 0.1490 0.1961
v 0.11465 0.03956 0.29926 0.1490 0.1745 0.2176
v 0.11561 0.03888 0.31183 0.1843 0.2196 0.2471
v 0.11350 0.04803 -0.18297 0.6675 0.6877 0.6742
v 0.11432 0.04990 -0.17022 0.6719 0.6922 0.6824
v 0.11651 0.05424 -0.14958 0.7387 0.7659 0.7643
v 0.11122 0.05656 -0.14279 0.7610 0.7911 0.7976
v 0.11472 0.05946 0.17271 0.2353 0.2706 0.3294
v 0.11243 0.05820 0.18382 0.1922 0.2314 0.2784
v 0.11585 0.05374 0.19945 0.1482 0.1851 0.2353
v 0.11443 0.04984 0.21188 0.1797 0.2098 0.2542
v 0.10894 0.04718 0.22334 0.1699 0.2026 0.2431
v 0.11856 0.06604 -0.14636 0.6928 0.7265 0.7433
v 0.11113 0.06944 -0.14197 0.7420 0.7732 0.7828
v 0.11469 0.07067 0.15524 0.2153 0.2518 0.3149
v 0.11357 0.06227 0.16344 0.2174 0.2571 0.3087
v 0.11614 0.07896 -0.13446 0.6418 0.6732 0.6816
v 0.11413 0.08644 -0.12027 0.6385 0.6700 0.6757
v 0.11619 0.08869 0.13919 0.1980 0.2480 0.3108
v 0.11312 0.08173 0.15049 0.2207 0.2649 0.3283
v 0.11436 0.09519 -0.11571 0.6429 0.6758 0.6808
v 0.11271 0.09943 -0.11354 0.6017 0.6317 0.6431
v 0.10983 0.10300 0.12733 0.0941 0.1373 0.1608
v 0.11449 0.09990 0.13071 0.1442 0.1895 0.2344
v 0.11566 0.11322 -0.11537 0.6314 0.6619 0.6697
v 0.11377 0.11412 -0.11346 0.5901 0.6207 0.6352
v 0.10976 0.10958 0.12730 0.0706 0.0971 0.1230
v 0.11451 0.11422 0.13309 0.0550 0.0846 0.1125
v 0.11879 0.12596 -0.11573 0.3539 0.4275 0.4314
v 0.11435 0.12958 -0.11177 0.4585 0.5140 0.5284
v 0.11345 0.12830 0.13409 0.0905 0.1278 0.1637
v 0.11470 0.14425 -0.11052 0.3568 0.4010 0.4295
v 0.11323 0.14711 0.12234 0.0412 0.0657 0.1020
v 0.11085 0.13992 0.13062 0.0863 0.1298 0.1625
v 0.11557 0.15921 -0.11158 0.3526 0.3966 0.4242
v 0.11008 0.16297 0.09379 0.0462 0.0723 0.1017
v 0.11457 0.16132 0.10568 0.0649 0.1060 0.1399
v 0.11125 0.16059 0.11883 0.0843 0.1307 0.1708
v 0.11532 0.17425 -0.11079 0.3558 0.3816 0.4245
v 0.11396 0.17257 0.09058 0.0495 0.0867 0.1239
v 0.11778 0.16685 0.11228 0.0824 0.1333 0.1686
v 0.11569 0.16886 0.12016 0.0890 0.1315 0.1707
v 0.11523 0.18982 -0.11031 0.3671 0.3928 0.4331
v 0.11914 0.19454 0.08128 0.1882 0.2353 0.2980
v 0.11468 0.18875 0.08392 0.1765 0.2255 0.2922
v 0.11538 0.20422 -0.11034 0.4122 0.4344 0.4689
v 0.11633 0.20642 0.07897 0.1945 0.2431 0.3035
v 0.10701 0.20726 0.08418 0.2137 0.2608 0.3235
v 0.11481 0.21906 -0.10702 0.4624 0.4867 0.5089
v 0.11823 0.22567 -0.09640 0.4484 0.4797 0.5111
v 0.11471 0.22070 0.07594 0.1954 0.2448 0.3033
v 0.11268 0.22949 -0.09002 0.7184 0.7443 0.7616
v 0.11253 0.23550 -0.07802 0.4792 0.5176 0.5502
v 0.11799 0.23816 -0.06596 0.1967 0.2588 0.3114
v 0.11661 0.23962 0.05159 0.2196 0.2706 0.3373
v 0.11310 0.23449 0.05991 0.2216 0.2810 0.3471
v 0.10755 0.23103 0.06833 0.2275 0.2784 0.3451
v 0.10862 0.24763 -0.07610 0.3770 0.4179 0.4627
v 0.11433 0.24973 -0.06362 0.2812 0.3370 0.3823
v 0.11682 0.25705 -0.05223 0.1765 0.2235 0.2863
v 0.11484 0.25182 0.04306 0.2227 0.2737 0.3404
v 0.11013 0.24401 0.05247 0.2157 0.2784 0.3412
v 0.11089 0.26799 -0.05881 0.1528 0.2041 0.2569
v 0.11603 0.26412 -0.05055 0.1195 0.1682 0.2101
v 0.11585 0.26635 0.03378 0.2137 0.2647 0.3289
v 0.10874 0.26287 0.03929 0.2118 0.2627 0.3284
v 0.11224 0.27989 -0.06951 0.4745 0.5647 0.6196
v 0.11102 0.27962 -0.06363 0.2055 0.2704 0.3160
v 0.11879 0.28082 -0.05079 0.1245 0.1863 0.2387
v 0.11394 0.27941 0.03423 0.2183 0.2693 0.3327
v 0.10681 0.27811 0.03765 0.1980 0.2549 0.3118
v 0.11034 0.29519 -0.06211 0.1422 0.1950 0.2486
v 0.11804 0.29536 -0.04786 0.1111 0.1634 0.2144
v 0.11460 0.29485 0.03292 0.2255 0.2779 0.3422
v 0.10666 0.29301 0.03736 0.2353 0.2863 0.3529
v 0.11200 0.31067 -0.06085 0.2277 0.2797 0.3275
v 0.11861 0.31024 -0.05027 0.0946 0.1451 0.1931
v 0.11381 0.31024 0.03241 0.2131 0.2627 0.3301
v 0.11198 0.32600 -0.05916 0.1773 0.2238 0.2725
v 0.11879 0.32633 -0.05219 0.0824 0.1306 0.1788
v 0.11484 0.32637 0.03180 0.2118 0.2657 0.3284
v 0.11366 0.34074 -0.06111 0.2210 0.2635 0.3051
v 0.11977 0.33481 -0.05378 0.0980 0.1608 0.2118
v 0.11383 0.34242 0.03183 0.2188 0.2690 0.3396
v 0.11700 0.36063 -0.07091 0.1637 0.2222 0.2690
v 0.11503 0.35650 -0.06536 0.2543 0.3001 0.3422
v 0.11596 0.35729 0.03001 0.1969 0.2502 0.3137
v 0.11476 0.36823 -0.07383 0.2741 0.3328 0.3940
v 0.11405 0.37097 -0.06417 0.2972 0.3437 0.4042
v 0.11889 0.37432 -0.05049 0.1835 0.2314 0.3012
v 0.11294 0.37074 0.03115 0.2152 0.2662 0.3289
v 0.11066 0.38576 -0.06262 0.4015 0.4301 0.4765
v 0.11736 0.38583 -0.05073 0.1617 0.2078 0.2697
v 0.11341 0.38636 0.03099 0.2026 0.2536 0.3144
v 0.11119 0.40289 -0.06369 0.3983 0.4275 0.4740
v 0.11967 0.40241 -0.04783 0.1765 0.2235 0.2925
v 0.11321 0.40141 0.02991 0.2071 0.2549 0.3176
v 0.11180 0.41691 -0.06236 0.3931 0.4299 0.4709
v 0.11898 0.41458 -0.04999 0.1552 0.1989 0.2633
v 0.11534 0.41587 0.02748 0.1974 0.2431 0.3085
v 0.11157 0.43306 -0.06388 0.5272 0.5580 0.5843
v 0.11906 0.43014 -0.05110 0.1765 0.2235 0.2902
v 0.11391 0.43424 0.02828 0.2329 0.2855 0.3529
v 0.11140 0.44660 -0.06357 0.5255 0.5552 0.5825
v 0.11996 0.44620 -0.05017 0.1710 0.2063 0.2761
v 0.11471 0.44711 0.02751 0.2319 0.2846 0.3513
v 0.11257 0.46255 -0.06344 0.4994 0.5262 0.5546
v 0.12000 0.46349 -0.05209 0.1510 0.1971 0.2598
v 0.11311 0.46515 0.02694 0.2176 0.2627 0.3314
v 0.11269 0.47792 -0.06240 0.5410 0.5693 0.6010
v 0.12001 0.47776 -0.05254 0.1778 0.2248 0.2876
v 0.11306 0.47659 0.02651 0.1980 0.2431 0.3098
v 0.11312 0.49344 -0.06275 0.5105 0.5347 0.5616
v 0.12059 0.49485 -0.05295 0.1137 0.1608 0.2157
v 0.11362 0.49309 0.02565 0.2294 0.2778 0.3490
v 0.11483 0.50766 -0.06258 0.4925 0.5196 0.5506
v 0.12096 0.50272 -0.05328 0.1961 0.2471 0.3137
v 0.11346 0.50986 0.02557 0.2255 0.2745 0.3412
v 0.11492 0.52358 -0.06159 0.5000 0.5297 0.5633
v 0.12120 0.51707 -0.05347 0.2275 0.2784 0.3451
v 0.11986 0.53022 0.02071 0.2118 0.2627 0.3255
v 0.11148 0.52468 0.02536 0.1856 0.2327 0.2980
v 0.11436 0.53893 -0.06302 0.5776 0.5988 0.6279
v 0.11314 0.53783 0.02416 0.2294 0.2775 0.3422
v 0.11518 0.55384 -0.06294 0.5074 0.5280 0.5623
v 0.11892 0.55095 0.02036 0.2196 0.2627 0.3333
v 0.11031 0.55332 0.02510 0.2131 0.2562 0.3268
v 0.11394 0.56753 -0.06256 0.5511 0.5754 0.6054
v 0.11934 0.56791 0.01926 0.2235 0.2667 0.3373
v 0.11383 0.57026 0.02219 0.2118 0.2549 0.3255
v 0.11977 0.58969 -0.06995 0.5157 0.5412 0.5706
v 0.11499 0.58371 -0.06308 0.4909 0.5129 0.5342
v 0.11867 0.58063 0.02091 0.2013 0.2484 0.3059
v 0.11310 0.58435 0.02450 0.2011 0.2415 0.2992
v 0.11967 0.59673 -0.07021 0.6039 0.6269 0.6549
v 0.11415 0.59998 -0.06444 0.6573 0.6660 0.6762
v 0.12022 0.59420 0.02173 0.2118 0.2588 0.3216
v 0.11186 0.59899 0.02687 0.2044 0.2505 0.3113
v 0.11477 0.61323 -0.07559 0.3903 0.4234 0.4533
v 0.10904 0.60873 -0.06769 0.3137 0.3559 0.3951
v 0.11519 0.61395 0.03298 0.1954 0.2281 0.2725
v 0.10969 0.61883 0.03962 0.1863 0.2157 0.2588
v 0.11420 0.62941 -0.07637 0.6024 0.6323 0.6500
v 0.11779 0.62989 0.03489 0.2288 0.2680 0.3098
v 0.11151 0.62445 0.04027 0.2065 0.2451 0.2980
v 0.11928 0.63856 -0.07283 0.4784 0.5346 0.6039
v 0.11483 0.64525 -0.06479 0.5988 0.6187 0.6211
v 0.11676 0.64686 0.01909 0.2441 0.2882 0.3520
v 0.10918 0.64449 0.02456 0.2275 0.2737 0.3278
v 0.11634 0.65918 -0.05972 0.8072 0.8320 0.8320
v 0.10744 0.66447 -0.05263 0.9059 0.9294 0.9294
v 0.11363 0.66103 0.01525 0.2538 0.3076 0.3832
v 0.11827 0.66796 -0.05618 0.8039 0.8373 0.8588
v 0.11609 0.67623 -0.04857 0.5678 0.6196 0.6606
v 0.11653 0.67854 0.00533 0.2523 0.3203 0.4013
v 0.11288 0.67243 0.01129 0.2298 0.2949 0.3671
v 0.11542 0.68742 -0.04095 0.5817 0.6261 0.6654
v 0.11112 0.69318 -0.03652 0.2749 0.3420 0.3891
v 0.11257 0.69178 -0.00060 0.1513 0.2028 0.2611
v 0.11446 0.70449 -0.03413 0.2547 0.3353 0.3917
v 0.11307 0.70550 -0.00386 0.0930 0.1560 0.2165
v 0.11489 0.71982 -0.03548 0.3103 0.3911 0.4414
v 0.11954 0.72380 -0.00980 0.1078 0.1569 0.2196
v 0.11252 0.72034 -0.00561 0.1051 0.1749 0.2298
v 0.11433 0.73631 -0.03281 0.4051 0.4949 0.5397
v 0.11173 0.73669 -0.01609 0.1882 0.2670 0.3316
v 0.11496 0.75041 -0.03078 0.5533 0.6489 0.6850
v 0.11446 0.75028 -0.01741 0.1559 0.2471 0.3222
v 0.11433 0.76681 -0.03028 0.4683 0.5683 0.6071
v 0.11216 0.76531 -0.01885 0.3674 0.4627 0.5176
v 0.11790 0.78421 -0.04566 0.3885 0.4971 0.5248
v 0.11258 0.78075 -0.03077 0.3596 0.4677 0.4974
v 0.11177 0.78006 -0.01704 0.2966 0.3845 0.4378
v 0.11797 0.79974 -0.05684 0.3201 0.4299 0.4770
v 0.11316 0.79538 -0.04755 0.3644 0.4641 0.4934
v 0.10977 0.79570 -0.03038 0.4064 0.5162 0.5451
v 0.11154 0.79662 -0.01583 0.3178 0.4153 0.4624
v 0.11577 0.81173 -0.05967 0.3608 0.5182 0.7345
v 0.10852 0.81075 -0.04837 0.4364 0.5457 0.5700
v 0.10675 0.80692 -0.02919 0.1718 0.2682 0.3043
v 0.11108 0.81139 -0.01469 0.2459 0.3461 0.3952
v 0.11849 0.82595 -0.06098 0.2468 0.3652 0.5127
v 0.10960 0.82644 -0.05003 0.3924 0.4993 0.5292
v 0.11274 0.82658 -0.01263 0.1331 0.2199 0.2873
v 0.12027 0.84283 -0.08899 0.3392 0.4828 0.7142
v 0.11871 0.84311 -0.07469 0.3266 0.4796 0.7031
v 0.11773 0.84244 -0.06144 0.3255 0.4475 0.5732
v 0.11285 0.84319 -0.04911 0.3553 0.4584 0.4895
v 0.11263 0.84022 -0.01288 0.1300 0.2084 0.2681
v 0.11841 0.84686 -0.00849 0.0941 0.1608 0.2235
v 0.11611 0.85677 -0.09084 0.3520 0.4882 0.7108
v 0.11350 0.85616 -0.07642 0.3191 0.4454 0.5744
v 0.11550 0.85771 -0.05988 0.3903 0.5020 0.5124
v 0.11274 0.85579 -0.04948 0.4552 0.5659 0.5744
v 0.11320 0.85521 -0.01284 0.1286 0.2165 0.2784
v 0.10892 0.87196 -0.10081 0.3676 0.4990 0.7137
v 0.11150 0.87216 -0.09287 0.2900 0.4181 0.6132
v 0.11024 0.87157 -0.07770 0.2448 0.3471 0.3918
v 0.11260 0.87205 -0.06193 0.3797 0.4865 0.4916
v 0.11000 0.86905 -0.05066 0.3616 0.4643 0.4643
v 0.11304 0.87077 -0.01965 0.1725 0.2735 0.3330
v 0.10985 0.88127 -0.09962 0.1451 0.2392 0.3412
v 0.11109 0.88682 -0.09158 0.2078 0.3163 0.4039
v 0.11083 0.88814 -0.07698 0.2692 0.3619 0.3824
v 0.10891 0.88314 -0.06373 0.3524 0.4560 0.4661
v 0.11408 0.88543 -0.01765 0.1316 0.2279 0.2850
v 0.10817 0.89562 -0.09970 0.1098 0.1961 0.2902
v 0.11131 0.90176 -0.09107 0.2627 0.3744 0.4824
v 0.11150 0.90125 -0.07886 0.2978 0.4047 0.4502
v 0.11684 0.89903 -0.01002 0.2243 0.3467 0.4824
v 0.11301 0.90368 -0.00544 0.3229 0.4565 0.6408
v 0.10973 0.91096 -0.09435 0.3216 0.4667 0.6706
v 0.11632 0.91210 0.00034 0.3676 0.5049 0.7265
v 0.12742 0.02351 -0.30554 0.6020 0.6333 0.6349
v 0.12741 0.02553 -0.28941 0.6523 0.6797 0.6902
v 0.12480 0.02564 -0.26966 0.5176 0.5529 0.5804
v 0.13293 0.02467 -0.25787 0.6392 0.6627 0.6627
v 0.12822 0.02519 -0.24716 0.6627 0.6922 0.6902
v 0.12933 0.02783 -0.22775 0.6624 0.6788 0.6581
v 0.12906 0.03211 -0.22408 0.6059 0.6212 0.6020
v 0.12799 0.03569 -0.21251 0.6456 0.6637 0.6536
v 0.12848 0.04181 -0.19906 0.6758 0.6943 0.6804
v 0.13269 0.04372 0.21301 0.1401 0.1703 0.2118
v 0.12987 0.04146 0.22597 0.1739 0.2052 0.2331
v 0.12941 0.03948 0.24207 0.6118 0.6327 0.6131
v 0.13442 0.03861 0.25818 0.6118 0.6275 0.6235
v 0.13056 0.03880 0.26980 0.3196 0.3333 0.3608
v 0.12498 0.03920 0.28403 0.1412 0.1569 0.2039
v 0.12444 0.03835 0.31183 0.1765 0.2118 0.2471
v 0.13133 0.04630 -0.19331 0.6588 0.6776 0.6737
v 0.12780 0.04686 -0.18713 0.6203 0.6405 0.6346
v 0.12702 0.04817 -0.16479 0.5490 0.5660 0.5693
v 0.12941 0.05503 -0.14927 0.6723 0.6990 0.7043
v 0.12937 0.05827 0.16420 0.1765 0.2137 0.2706
v 0.12777 0.05482 0.18118 0.1616 0.2024 0.2447
v 0.13066 0.05037 0.19578 0.1412 0.1740 0.2193
v 0.12543 0.04667 0.21095 0.1320 0.1621 0.2039
v 0.12796 0.06780 -0.14795 0.5778 0.6112 0.6293
v 0.12744 0.07473 -0.14363 0.6980 0.7311 0.7406
v 0.13528 0.06953 0.14297 0.1804 0.2275 0.2902
v 0.12991 0.06586 0.15027 0.1797 0.2173 0.2827
v 0.12887 0.07912 -0.13559 0.7376 0.7699 0.7709
v 0.12833 0.08659 -0.12352 0.6891 0.7176 0.7205
v 0.13513 0.09023 0.12510 0.1608 0.2078 0.2706
v 0.12951 0.08583 0.13530 0.1937 0.2361 0.3004
v 0.12640 0.07827 0.14590 0.2026 0.2379 0.3046
v 0.13011 0.09818 -0.11933 0.5610 0.5979 0.6142
v 0.12974 0.09886 0.12503 0.1158 0.1439 0.1928
v 0.12496 0.10009 0.12967 0.1312 0.1682 0.2065
v 0.13036 0.11455 -0.11935 0.5927 0.6291 0.6409
v 0.13339 0.11269 0.12453 0.0565 0.0749 0.1173
v 0.12603 0.11333 0.13204 0.0715 0.0979 0.1315
v 0.12609 0.12318 -0.11596 0.1694 0.2361 0.2580
v 0.12978 0.12946 -0.10933 0.2196 0.2826 0.3106
v 0.13229 0.13009 0.12475 0.0635 0.0873 0.1280
v 0.12456 0.12737 0.13237 0.0706 0.0980 0.1384
v 0.12852 0.14435 -0.10840 0.2114 0.2736 0.3023
v 0.12930 0.14902 0.10947 0.0730 0.1015 0.1426
v 0.12672 0.14210 0.11861 0.0838 0.1151 0.1577
v 0.12161 0.13726 0.12832 0.0941 0.1216 0.1529
v 0.12832 0.15911 -0.11021 0.1344 0.1844 0.2164
v 0.12882 0.15939 0.10281 0.0704 0.1059 0.1442
v 0.12851 0.17430 -0.10999 0.2565 0.3063 0.3338
v 0.13027 0.17665 0.09369 0.0933 0.1351 0.1795
v 0.12714 0.16924 0.09936 0.0892 0.1407 0.1843
v 0.12603 0.18920 -0.11524 0.1137 0.1804 0.2118
v 0.12837 0.18928 -0.11138 0.2201 0.2728 0.2981
v 0.12948 0.19525 0.07811 0.1731 0.2202 0.2807
v 0.12825 0.18800 0.08981 0.1183 0.1613 0.2061
v 0.13078 0.18426 0.09765 0.1020 0.1412 0.1765
v 0.13000 0.20437 -0.10789 0.1932 0.2478 0.2845
v 0.13566 0.21168 -0.08652 0.0863 0.1373 0.1725
v 0.12706 0.20285 0.07419 0.1843 0.2321 0.2938
v 0.12883 0.21677 -0.10555 0.1964 0.2546 0.2998
v 0.13104 0.21940 -0.08993 0.2292 0.2784 0.3212
v 0.13106 0.22149 -0.08160 0.4576 0.4902 0.5098
v 0.13288 0.22234 0.06174 0.1733 0.2220 0.2792
v 0.12712 0.21830 0.06891 0.1833 0.2363 0.2902
v 0.12661 0.22886 -0.07292 0.6863 0.7208 0.7176
v 0.12982 0.23543 -0.06425 0.5729 0.6134 0.6345
v 0.12959 0.23563 0.04657 0.2000 0.2543 0.3176
v 0.12513 0.22924 0.05771 0.2216 0.2804 0.3471
v 0.12771 0.24889 -0.06099 0.4190 0.4747 0.4990
v 0.12674 0.25666 -0.05085 0.1020 0.1569 0.2065
v 0.13084 0.25153 0.03393 0.1843 0.2381 0.3031
v 0.13049 0.24469 0.03857 0.2059 0.2529 0.3216
v 0.12420 0.26968 -0.05454 0.1582 0.2157 0.2641
v 0.12952 0.26520 -0.04929 0.0993 0.1514 0.1929
v 0.12958 0.26502 0.02602 0.2086 0.2565 0.3263
v 0.12882 0.28054 -0.04807 0.2261 0.2946 0.3333
v 0.13406 0.28731 -0.03783 0.0137 0.0608 0.1059
v 0.12951 0.28033 0.02527 0.1977 0.2431 0.3124
v 0.12417 0.29534 -0.04092 0.1191 0.1789 0.2289
v 0.13087 0.29536 -0.03561 0.0645 0.1098 0.1508
v 0.13621 0.29417 -0.01298 0.1824 0.2216 0.2627
v 0.13556 0.29671 0.02172 0.1843 0.2314 0.3039
v 0.12676 0.29803 0.02606 0.1978 0.2426 0.3109
v 0.12326 0.31119 -0.04226 0.0784 0.1247 0.1678
v 0.13101 0.31021 -0.03606 0.0745 0.1181 0.1578
v 0.13435 0.31524 0.02135 0.2078 0.2588 0.3255
v 0.12875 0.31158 0.02423 0.1961 0.2416 0.3106
v 0.12510 0.33329 -0.05412 0.5020 0.6078 0.6353
v 0.12801 0.32709 -0.04654 0.0775 0.1244 0.1642
v 0.13226 0.32074 -0.03767 0.0680 0.1072 0.1503
v 0.13435 0.33013 0.02092 0.1706 0.2176 0.2765
v 0.12700 0.32732 0.02518 0.1732 0.2203 0.2850
v 0.12657 0.34181 -0.05685 0.1180 0.1823 0.2327
v 0.13165 0.33991 -0.05043 0.1199 0.1939 0.2461
v 0.13448 0.34251 0.02024 0.1843 0.2304 0.2951
v 0.12597 0.33928 0.02523 0.1863 0.2382 0.3039
v 0.12330 0.35561 -0.05968 0.0824 0.1370 0.1924
v 0.12528 0.35625 -0.04768 0.1277 0.1860 0.2510
v 0.12990 0.35499 -0.03230 0.1879 0.2500 0.3186
v 0.13349 0.35826 -0.02133 0.1987 0.2549 0.3216
v 0.13465 0.35455 0.01977 0.1490 0.1961 0.2562
v 0.12569 0.35684 0.02455 0.1935 0.2379 0.3046
v 0.12236 0.36400 -0.05440 0.0392 0.1020 0.1608
v 0.12246 0.36788 -0.04491 0.1647 0.2214 0.2919
v 0.12743 0.37120 -0.03104 0.1941 0.2502 0.3231
v 0.13418 0.37080 -0.01870 0.2212 0.2784 0.3486
v 0.13230 0.37177 0.02021 0.1739 0.2222 0.2863
v 0.12536 0.37509 0.02409 0.2301 0.2810 0.3438
v 0.12277 0.38682 -0.04194 0.1578 0.2088 0.2775
v 0.12744 0.38684 -0.03291 0.1670 0.2173 0.2807
v 0.13469 0.38573 -0.01871 0.1510 0.1990 0.2578
v 0.13230 0.38318 0.01973 0.1676 0.2147 0.2804
v 0.12485 0.38374 0.02400 0.1987 0.2497 0.3124
v 0.12289 0.40040 -0.04145 0.1833 0.2284 0.2980
v 0.12797 0.40308 -0.03172 0.2218 0.2756 0.3415
v 0.13382 0.40077 -0.01962 0.1974 0.2484 0.3137
v 0.13038 0.40204 0.01999 0.1830 0.2301 0.2928
v 0.12365 0.40607 0.02327 0.1961 0.2431 0.3059
v 0.12316 0.41966 -0.04327 0.2188 0.2698 0.3388
v 0.12907 0.41641 -0.03217 0.2192 0.2728 0.3364
v 0.13486 0.41413 -0.02051 0.2000 0.2510 0.3157
v 0.13245 0.41628 0.01907 0.1931 0.2412 0.3039
v 0.12368 0.41760 0.02338 0.2059 0.2523 0.3163
v 0.12399 0.43131 -0.04223 0.2141 0.2612 0.3302
v 0.12928 0.43506 -0.03272 0.2056 0.2499 0.3132
v 0.13495 0.43338 -0.02177 0.2248 0.2654 0.3294
v 0.13119 0.43351 0.01913 0.2294 0.2647 0.3314
v 0.12542 0.42742 0.02229 0.2235 0.2667 0.3373
v 0.12362 0.44558 -0.04382 0.1782 0.2166 0.2810
v 0.13075 0.44763 -0.03069 0.2346 0.2771 0.3444
v 0.13561 0.44717 -0.02077 0.1902 0.2314 0.2922
v 0.12991 0.44502 0.01936 0.2314 0.2706 0.3359
v 0.12389 0.44196 0.02309 0.2510 0.2941 0.3588
v 0.12386 0.46408 -0.04519 0.1899 0.2359 0.3008
v 0.13102 0.46479 -0.03192 0.2208 0.2635 0.3302
v 0.13274 0.46212 0.01586 0.1773 0.2220 0.2839
v 0.12429 0.47611 -0.04510 0.2204 0.2604 0.3310
v 0.13144 0.47748 -0.03151 0.2250 0.2721 0.3382
v 0.13600 0.48206 -0.02261 0.2353 0.2863 0.3529
v 0.12880 0.47652 0.01739 0.1871 0.2342 0.2969
v 0.12405 0.49405 -0.04651 0.1770 0.2245 0.2858
v 0.13278 0.49202 -0.02926 0.1941 0.2418 0.3052
v 0.13014 0.49504 0.01628 0.1837 0.2307 0.2935
v 0.12512 0.50909 -0.04582 0.2089 0.2617 0.3266
v 0.13219 0.50513 -0.03146 0.2294 0.2824 0.3510
v 0.12952 0.50623 0.01648 0.2008 0.2502 0.3137
v 0.12443 0.52414 -0.04758 0.2046 0.2578 0.3241
v 0.13375 0.52202 -0.02942 0.2045 0.2566 0.3277
v 0.12698 0.52522 0.01686 0.2007 0.2490 0.3118
v 0.12136 0.53393 -0.05429 0.2078 0.2588 0.3255
v 0.12472 0.53729 -0.04827 0.2020 0.2595 0.3333
v 0.13179 0.53672 -0.03422 0.2137 0.2686 0.3451
v 0.12789 0.53806 0.01603 0.2110 0.2573 0.3271
v 0.12179 0.55662 -0.05760 0.1961 0.2549 0.3373
v 0.12459 0.55273 -0.04873 0.1762 0.2271 0.3017
v 0.13279 0.55233 -0.03241 0.2170 0.2739 0.3523
v 0.13099 0.55522 0.01353 0.1974 0.2327 0.3026
v 0.12225 0.57005 -0.05586 0.1961 0.2431 0.3294
v 0.12602 0.56779 -0.04705 0.1983 0.2560 0.3333
v 0.13320 0.56710 -0.03310 0.2275 0.2833 0.3598
v 0.12881 0.56924 0.01438 0.2085 0.2529 0.3209
v 0.12302 0.58720 -0.05882 0.1741 0.2251 0.2973
v 0.12737 0.58297 -0.04661 0.1717 0.2231 0.2915
v 0.13370 0.58272 -0.03432 0.1600 0.2071 0.2776
v 0.12885 0.58265 0.01626 0.1843 0.2289 0.2852
v 0.12284 0.60467 -0.06961 0.1490 0.1804 0.2235
v 0.12374 0.59790 -0.06261 0.1550 0.2005 0.2643
v 0.13116 0.59953 -0.04561 0.1547 0.2035 0.2706
v 0.13508 0.59585 -0.03547 0.1843 0.2382 0.3098
v 0.12992 0.59871 0.01738 0.1953 0.2408 0.3016
v 0.12168 0.60020 0.02194 0.1961 0.2431 0.2980
v 0.12573 0.61828 -0.08522 0.5272 0.5682 0.5922
v 0.12743 0.61435 -0.07701 0.1891 0.2276 0.2863
v 0.13253 0.61254 -0.06132 0.1590 0.2022 0.2632
v 0.13358 0.60784 -0.05014 0.1824 0.2294 0.2922
v 0.12836 0.61522 0.02745 0.1931 0.2302 0.2802
v 0.12727 0.62316 -0.08573 0.5137 0.5490 0.5765
v 0.12724 0.62877 -0.07867 0.3373 0.3840 0.4356
v 0.13293 0.63013 -0.06381 0.1821 0.2444 0.3194
v 0.13425 0.63612 0.02140 0.2039 0.2510 0.3059
v 0.12977 0.62802 0.02944 0.2170 0.2593 0.3172
v 0.12352 0.64468 -0.06037 0.2405 0.2993 0.3734
v 0.12982 0.64481 -0.04750 0.1943 0.2658 0.3503
v 0.13452 0.64644 -0.03624 0.1820 0.2573 0.3467
v 0.12857 0.64603 0.01477 0.2071 0.2518 0.3106
v 0.12365 0.65792 -0.05878 0.2915 0.3717 0.4558
v 0.12666 0.65947 -0.04763 0.2739 0.3542 0.4451
v 0.13356 0.65971 -0.03251 0.2322 0.3094 0.4004
v 0.13644 0.66504 -0.02216 0.2196 0.2902 0.3765
v 0.13123 0.66375 0.00474 0.2373 0.3000 0.3784
v 0.12728 0.65725 0.00911 0.2170 0.2693 0.3281
v 0.12140 0.66826 -0.05575 0.2745 0.3451 0.4235
v 0.12353 0.67358 -0.04362 0.2796 0.3617 0.4567
v 0.13009 0.67284 -0.02879 0.2073 0.2846 0.3669
v 0.13398 0.67583 -0.01979 0.1819 0.2529 0.3176
v 0.12906 0.67542 -0.00052 0.2118 0.2693 0.3412
v 0.12338 0.66874 0.00706 0.2510 0.3020 0.3765
v 0.12559 0.69096 -0.02742 0.1961 0.2637 0.3500
v 0.13123 0.68927 -0.01583 0.2516 0.3379 0.4484
v 0.12616 0.68690 -0.00587 0.1333 0.1922 0.2612
v 0.12377 0.70555 -0.02630 0.2166 0.2871 0.3752
v 0.12701 0.70440 -0.01656 0.1982 0.2688 0.3581
v 0.12145 0.69900 -0.00714 0.0902 0.1373 0.1922
v 0.12545 0.72074 -0.02787 0.2373 0.3170 0.4033
v 0.12601 0.72013 -0.01732 0.1701 0.2404 0.3265
v 0.13456 0.74141 -0.04060 0.1971 0.2882 0.3412
v 0.12890 0.73541 -0.03279 0.2131 0.2880 0.3671
v 0.12827 0.73634 -0.01798 0.0976 0.1523 0.2135
v 0.13175 0.75006 -0.04201 0.4837 0.5961 0.6399
v 0.12371 0.75140 -0.03734 0.4261 0.5255 0.5529
v 0.12690 0.74797 -0.01145 0.1118 0.1829 0.2454
v 0.13197 0.75260 -0.00732 0.1294 0.2052 0.2693
v 0.13446 0.76925 -0.05607 0.4745 0.5702 0.5890
v 0.12955 0.76522 -0.04622 0.3638 0.4671 0.4952
v 0.12381 0.76322 -0.03708 0.3868 0.4946 0.5255
v 0.12832 0.76482 -0.01145 0.1327 0.2255 0.2967
v 0.13350 0.78180 -0.07516 0.2962 0.4308 0.5725
v 0.13134 0.78028 -0.06091 0.2240 0.3209 0.3591
v 0.12482 0.77850 -0.05028 0.3831 0.4833 0.5143
v 0.12922 0.78304 -0.01337 0.0913 0.1647 0.2267
v 0.13099 0.79659 -0.07983 0.3102 0.4556 0.6822
v 0.12423 0.79401 -0.06170 0.2791 0.3951 0.4856
v 0.13081 0.79722 -0.01461 0.1072 0.1889 0.2582
v 0.12784 0.81554 -0.08470 0.2941 0.4405 0.6314
v 0.12943 0.81072 -0.08051 0.2913 0.4300 0.6320
v 0.12189 0.80917 -0.06700 0.3255 0.4863 0.7451
v 0.12994 0.81017 -0.01557 0.1056 0.1882 0.2682
v 0.12463 0.82706 -0.08603 0.3119 0.4545 0.6485
v 0.12690 0.82607 -0.07666 0.3239 0.4573 0.6714
v 0.12183 0.82376 -0.06712 0.3275 0.4804 0.7412
v 0.12868 0.82754 -0.01542 0.0756 0.1583 0.2228
v 0.12261 0.83952 -0.08765 0.3582 0.4928 0.6915
v 0.13133 0.84218 -0.07611 0.2436 0.3442 0.4819
v 0.12945 0.84156 -0.01450 0.1399 0.2150 0.2990
v 0.12323 0.84769 -0.00816 0.1098 0.1725 0.2353
v 0.13039 0.85738 -0.07817 0.1048 0.1754 0.2812
v 0.12948 0.85781 -0.01433 0.1146 0.1891 0.2610
v 0.12232 0.87136 -0.08670 0.0980 0.1869 0.2967
v 0.13357 0.87400 -0.07329 0.2438 0.3516 0.5275
v 0.13460 0.87872 -0.02493 0.1882 0.2980 0.3922
v 0.12746 0.87246 -0.02077 0.1468 0.2497 0.3412
v 0.12401 0.87961 -0.08475 0.2588 0.3725 0.4980
v 0.12996 0.88594 -0.07681 0.3120 0.4366 0.6427
v 0.13501 0.89177 -0.06743 0.3725 0.4980 0.7216
v 0.13338 0.88187 -0.02416 0.3804 0.5137 0.7020
v 0.12785 0.88764 -0.02036 0.3791 0.5122 0.7286
v 0.12599 0.89982 -0.07691 0.3863 0.5167 0.7333
v 0.12880 0.90011 -0.06523 0.4069 0.5176 0.6794
v 0.13492 0.89680 -0.05309 0.3922 0.5373 0.7529
v 0.12664 0.89721 -0.01268 0.3978 0.5283 0.7563
v 0.12656 0.90546 -0.00547 0.3974 0.5268 0.7621
v 0.12934 0.91367 0.00348 0.3706 0.5059 0.7392
v 0.13209 0.91679 0.00719 0.3490 0.4863 0.7059
v 0.14404 0.02341 -0.30812 0.6013 0.6327 0.6405
v 0.14503 0.02416 -0.29472 0.6314 0.6627 0.6706
v 0.13813 0.02457 -0.27341 0.6275 0.6510 0.6510
v 0.14146 0.02424 -0.26350 0.6510 0.6745 0.6745
v 0.14563 0.02501 -0.24092 0.6347 0.6504 0.6319
v 0.14192 0.02758 -0.23257 0.7036 0.7222 0.6990
v 0.14584 0.03248 -0.22956 0.6972 0.7168 0.7000
v 0.14403 0.03790 -0.21348 0.6554 0.6759 0.6697
v 0.14225 0.04290 -0.20224 0.6564 0.6782 0.6769
v 0.14546 0.04418 0.20104 0.1235 0.1471 0.1941
v 0.14363 0.04167 0.20963 0.1281 0.1536 0.1987
v 0.14345 0.03847 0.22564 0.3961 0.4261 0.4190
v 0.14805 0.03790 0.23902 0.6288 0.6536 0.6261
v 0.14513 0.03789 0.25239 0.5569 0.5725 0.5627
v 0.14225 0.03787 0.27180 0.1941 0.2118 0.2451
v 0.14054 0.03782 0.28636 0.1255 0.1608 0.1961
v 0.13837 0.03741 0.29891 0.1569 0.1843 0.2235
v 0.14388 0.03604 0.31183 0.1255 0.1490 0.1961
v 0.13987 0.04705 -0.19362 0.6131 0.6314 0.6418
v 0.14578 0.04753 -0.18298 0.5854 0.6140 0.6370
v 0.14567 0.04780 -0.16630 0.5882 0.6088 0.6196
v 0.14281 0.05456 -0.15203 0.5267 0.5569 0.5733
v 0.15060 0.05447 -0.14271 0.1854 0.2308 0.2711
v 0.15103 0.05919 0.14090 0.2000 0.2471 0.3020
v 0.14432 0.05855 0.15004 0.1828 0.2225 0.2799
v 0.14435 0.05433 0.16672 0.1510 0.1882 0.2373
v 0.14657 0.05019 0.18261 0.1417 0.1793 0.2230
v 0.14412 0.04808 0.19161 0.1422 0.1676 0.2137
v 0.14221 0.06735 -0.15116 0.4762 0.5088 0.5303
v 0.14903 0.06980 -0.14096 0.2793 0.3151 0.3496
v 0.14977 0.07547 -0.12897 0.3647 0.3922 0.4157
v 0.14478 0.06810 0.13808 0.1660 0.2072 0.2706
v 0.13952 0.06235 0.14480 0.1627 0.1980 0.2569
v 0.14095 0.07831 -0.13678 0.4459 0.4784 0.4988
v 0.14219 0.08243 -0.12199 0.3310 0.3699 0.4071
v 0.14588 0.08618 -0.10814 0.1880 0.2403 0.2895
v 0.15157 0.08916 0.11223 0.1255 0.1725 0.2275
v 0.14534 0.08802 0.12031 0.1497 0.1948 0.2516
v 0.14219 0.07983 0.13353 0.1832 0.2202 0.2863
v 0.13712 0.09658 -0.11668 0.1714 0.2168 0.2611
v 0.14284 0.09898 -0.10572 0.1753 0.2223 0.2670
v 0.15028 0.09914 -0.09945 0.2784 0.3451 0.4078
v 0.15055 0.09368 0.11188 0.1314 0.1667 0.2118
v 0.14389 0.09910 0.11883 0.0847 0.1090 0.1483
v 0.13714 0.11570 -0.11598 0.1837 0.2294 0.2627
v 0.14327 0.11430 -0.10654 0.1886 0.2336 0.2693
v 0.15151 0.12126 -0.09786 0.2118 0.2549 0.2784
v 0.14294 0.11281 0.11959 0.0675 0.0873 0.1292
v 0.13993 0.12761 -0.10549 0.1275 0.1748 0.2083
v 0.14659 0.12920 -0.09199 0.0519 0.0793 0.1107
v 0.15093 0.13209 0.11253 0.0745 0.1020 0.1412
v 0.14464 0.12756 0.11837 0.0708 0.0949 0.1346
v 0.14054 0.14345 -0.10530 0.1191 0.1818 0.2143
v 0.14546 0.14361 -0.09003 0.0604 0.1018 0.1356
v 0.14590 0.15085 0.09686 0.0549 0.0706 0.1137
v 0.14446 0.14528 0.10596 0.0646 0.0914 0.1321
v 0.14229 0.13966 0.11558 0.0752 0.1046 0.1458
v 0.14114 0.15987 -0.10623 0.1668 0.2273 0.2585
v 0.14574 0.15893 -0.09000 0.0395 0.0716 0.1038
v 0.14401 0.16084 0.09268 0.0696 0.0993 0.1381
v 0.13818 0.15334 0.09933 0.0588 0.0863 0.1255
v 0.14100 0.17407 -0.10555 0.1275 0.1802 0.2150
v 0.14736 0.17351 -0.09080 0.0365 0.0605 0.0931
v 0.14707 0.17774 0.07789 0.1255 0.1621 0.2196
v 0.14096 0.17418 0.08746 0.0969 0.1299 0.1767
v 0.14038 0.18855 -0.10750 0.1312 0.1768 0.2131
v 0.14742 0.19057 -0.09440 0.0731 0.1133 0.1553
v 0.14573 0.19383 0.06547 0.1542 0.2013 0.2641
v 0.14201 0.18836 0.07481 0.1566 0.1961 0.2608
v 0.13799 0.18559 0.08695 0.1209 0.1667 0.2216
v 0.13893 0.20577 -0.10601 0.0857 0.1286 0.1696
v 0.14147 0.20356 -0.09188 0.0939 0.1342 0.1790
v 0.14470 0.20822 -0.08225 0.1632 0.2122 0.2503
v 0.14514 0.20376 0.06292 0.1630 0.2101 0.2706
v 0.13819 0.20150 0.06787 0.1647 0.2118 0.2745
v 0.13882 0.21460 -0.10724 0.1808 0.2424 0.2749
v 0.13792 0.21370 -0.09608 0.1275 0.1696 0.2059
v 0.14387 0.21916 -0.07772 0.4769 0.5062 0.5149
v 0.14897 0.22444 0.05124 0.1588 0.2069 0.2657
v 0.14444 0.21989 0.05680 0.1626 0.2087 0.2688
v 0.13705 0.22753 -0.07139 0.6980 0.7333 0.7216
v 0.14377 0.23551 -0.05852 0.4032 0.4441 0.4741
v 0.14928 0.23431 -0.05346 0.3320 0.3725 0.4183
v 0.14721 0.23834 0.03317 0.1882 0.2314 0.3035
v 0.14373 0.23138 0.04365 0.1951 0.2471 0.3142
v 0.14105 0.24613 -0.05753 0.3055 0.3596 0.3922
v 0.14721 0.25182 -0.04779 0.1463 0.2027 0.2549
v 0.14822 0.25510 -0.03092 0.1008 0.1496 0.1955
v 0.14866 0.25365 -0.01705 0.1059 0.1561 0.2063
v 0.14848 0.25317 -0.00163 0.1288 0.1804 0.2327
v 0.14955 0.25535 0.01526 0.1749 0.2275 0.2871
v 0.14427 0.25025 0.02730 0.1967 0.2408 0.3098
v 0.14220 0.26933 -0.04717 0.1108 0.1658 0.1872
v 0.14054 0.26677 -0.03247 0.1281 0.1770 0.2241
v 0.14366 0.26610 -0.01754 0.1276 0.1753 0.2262
v 0.14305 0.26455 0.00041 0.1369 0.1854 0.2378
v 0.14515 0.26527 0.01587 0.1787 0.2221 0.2853
v 0.13875 0.26574 0.02241 0.1882 0.2314 0.3020
v 0.14051 0.27829 -0.04452 0.1291 0.1881 0.2216
v 0.14526 0.28011 -0.03403 0.1299 0.1831 0.2231
v 0.14161 0.28114 -0.01685 0.1282 0.1765 0.2202
v 0.14123 0.27962 0.00009 0.1745 0.2132 0.2566
v 0.14543 0.28047 0.01516 0.1802 0.2198 0.2810
v 0.13671 0.28239 0.02181 0.1922 0.2353 0.3059
v 0.14478 0.29882 -0.03995 0.3095 0.3508 0.3713
v 0.14574 0.29298 -0.03477 0.1929 0.2391 0.2634
v 0.13950 0.29656 -0.01541 0.1626 0.2048 0.2443
v 0.14272 0.29593 -0.00116 0.1619 0.2029 0.2463
v 0.14706 0.29634 0.01297 0.1670 0.2107 0.2731
v 0.14505 0.30913 -0.03944 0.3850 0.4288 0.4484
v 0.14646 0.31147 -0.03695 0.2964 0.3508 0.3819
v 0.14210 0.31029 -0.01527 0.1228 0.1672 0.2125
v 0.14232 0.31101 -0.00040 0.1539 0.2042 0.2537
v 0.14486 0.31050 0.01468 0.1762 0.2248 0.2847
v 0.14343 0.32712 -0.04512 0.1351 0.1861 0.2273
v 0.14654 0.32236 -0.02923 0.1137 0.1582 0.2052
v 0.14345 0.32672 -0.01603 0.1294 0.1772 0.2285
v 0.14265 0.32576 -0.00089 0.1464 0.1989 0.2538
v 0.14569 0.32577 0.01406 0.1689 0.2170 0.2758
v 0.14494 0.34140 -0.04663 0.2112 0.2769 0.3280
v 0.14244 0.34492 -0.03031 0.2031 0.2659 0.3247
v 0.14141 0.34050 -0.01623 0.1752 0.2277 0.2899
v 0.14331 0.34123 -0.00289 0.1588 0.2090 0.2709
v 0.14619 0.34188 0.01325 0.1692 0.2162 0.2784
v 0.14959 0.35025 -0.04838 0.2549 0.3209 0.3556
v 0.13778 0.35525 -0.01391 0.1892 0.2436 0.3064
v 0.14292 0.35561 -0.00222 0.1611 0.2100 0.2729
v 0.14703 0.35633 0.01182 0.1660 0.2131 0.2754
v 0.13823 0.37068 -0.01097 0.1827 0.2337 0.2980
v 0.14362 0.37093 -0.00129 0.1698 0.2184 0.2812
v 0.14718 0.37171 0.01065 0.1773 0.2243 0.2871
v 0.13801 0.38947 -0.01178 0.1686 0.2186 0.2794
v 0.14340 0.38625 -0.00214 0.1480 0.1932 0.2544
v 0.14604 0.38648 0.01198 0.1601 0.2072 0.2699
v 0.13774 0.40195 -0.01295 0.1856 0.2366 0.2993
v 0.14383 0.40132 -0.00235 0.1539 0.2002 0.2618
v 0.14501 0.40241 0.01244 0.1716 0.2219 0.2846
v 0.13798 0.41602 -0.01454 0.1994 0.2493 0.3143
v 0.14383 0.41523 -0.00333 0.1558 0.1986 0.2631
v 0.14475 0.41612 0.01220 0.1897 0.2396 0.3023
v 0.13939 0.43256 -0.01340 0.2000 0.2497 0.3137
v 0.14522 0.43116 -0.00254 0.1971 0.2406 0.3052
v 0.14624 0.43086 0.01067 0.2549 0.2890 0.3498
v 0.13927 0.44621 -0.01439 0.2144 0.2490 0.3157
v 0.14665 0.44603 -0.00128 0.2540 0.2806 0.3368
v 0.14579 0.44755 0.01003 0.2314 0.2709 0.3345
v 0.14062 0.46375 -0.01270 0.2183 0.2595 0.3216
v 0.14619 0.46299 -0.00170 0.1779 0.2193 0.2812
v 0.14555 0.45983 0.00958 0.1784 0.2225 0.2882
v 0.13963 0.47808 -0.01559 0.2148 0.2662 0.3303
v 0.14768 0.47767 -0.00027 0.1748 0.2193 0.2814
v 0.14460 0.47623 0.00971 0.1791 0.2244 0.2885
v 0.14135 0.49357 -0.01343 0.1667 0.2078 0.2712
v 0.14838 0.49414 -0.00047 0.1627 0.2017 0.2636
v 0.14354 0.49406 0.00983 0.1721 0.2174 0.2815
v 0.14053 0.50578 -0.01573 0.1943 0.2418 0.3085
v 0.14834 0.50986 -0.00075 0.1843 0.2286 0.2976
v 0.14450 0.50766 0.00885 0.1856 0.2320 0.2961
v 0.14116 0.52264 -0.01531 0.1834 0.2309 0.2989
v 0.14872 0.52205 0.00067 0.1701 0.2164 0.2814
v 0.14173 0.52205 0.00918 0.1647 0.2125 0.2745
v 0.13689 0.53847 -0.02434 0.2137 0.2647 0.3353
v 0.14147 0.53939 -0.01591 0.1948 0.2418 0.3144
v 0.14884 0.53917 0.00135 0.1719 0.2144 0.2847
v 0.13969 0.53606 0.00956 0.1902 0.2333 0.3039
v 0.14128 0.55215 -0.01663 0.1926 0.2392 0.3108
v 0.14937 0.55303 0.00158 0.1694 0.2137 0.2811
v 0.14093 0.55549 0.00841 0.1791 0.2183 0.2902
v 0.13796 0.56724 -0.02401 0.2333 0.2784 0.3451
v 0.14320 0.56894 -0.01424 0.1899 0.2359 0.3064
v 0.14952 0.56942 0.00088 0.1812 0.2272 0.2931
v 0.14131 0.57121 0.00815 0.1922 0.2353 0.2990
v 0.13766 0.58446 -0.02701 0.1922 0.2461 0.3176
v 0.14251 0.58350 -0.01687 0.1743 0.2205 0.2854
v 0.14952 0.58384 -0.00004 0.1739 0.2166 0.2789
v 0.14130 0.58321 0.01016 0.1748 0.2157 0.2745
v 0.13998 0.60107 -0.03031 0.1660 0.2131 0.2784
v 0.14564 0.59775 -0.01640 0.1797 0.2217 0.2884
v 0.14990 0.59560 -0.00230 0.1804 0.2275 0.2902
v 0.14366 0.60012 0.01075 0.1843 0.2288 0.2856
v 0.13868 0.61814 -0.05822 0.1745 0.2324 0.3069
v 0.14250 0.61511 -0.04620 0.1698 0.2216 0.2863
v 0.14752 0.61312 -0.03324 0.1721 0.2181 0.2828
v 0.14980 0.61032 -0.02317 0.1765 0.2118 0.2784
v 0.14536 0.61225 0.01762 0.1748 0.2118 0.2588
v 0.14203 0.61851 0.02392 0.1971 0.2343 0.2853
v 0.13798 0.62433 -0.06012 0.1608 0.2183 0.2889
v 0.14250 0.62726 -0.04791 0.1745 0.2333 0.3044
v 0.14718 0.63050 -0.03421 0.2245 0.2853 0.3637
v 0.14855 0.63109 0.01880 0.1655 0.2102 0.2580
v 0.14128 0.62627 0.02419 0.1961 0.2353 0.2882
v 0.14067 0.64351 -0.02868 0.2059 0.2804 0.3680
v 0.14696 0.64627 -0.01620 0.1585 0.2196 0.2947
v 0.14792 0.64879 0.00563 0.1843 0.2333 0.2980
v 0.14544 0.64236 0.01130 0.1637 0.2108 0.2657
v 0.14213 0.66129 -0.01452 0.2074 0.2760 0.3525
v 0.14662 0.65656 -0.00219 0.2118 0.2706 0.3480
v 0.13785 0.67271 -0.01404 0.1588 0.2284 0.2951
v 0.14095 0.66940 -0.00508 0.2000 0.2627 0.3333
v 0.14305 0.74159 -0.05540 0.3765 0.4784 0.5373
v 0.14141 0.74151 -0.04636 0.3365 0.4253 0.4977
v 0.14118 0.74076 -0.03254 0.1031 0.1613 0.2157
v 0.13988 0.74138 -0.02091 0.0797 0.1268 0.1739
v 0.14779 0.75436 -0.07363 0.2524 0.3558 0.4257
v 0.14575 0.74987 -0.06116 0.3293 0.4164 0.4737
v 0.14336 0.74691 -0.04901 0.3355 0.4275 0.4904
v 0.14841 0.74399 -0.03110 0.1425 0.2052 0.2680
v 0.14496 0.74651 -0.01414 0.1157 0.1714 0.2349
v 0.14275 0.75300 -0.00645 0.1120 0.1860 0.2577
v 0.14409 0.76605 -0.07559 0.2872 0.4044 0.4883
v 0.14103 0.76519 -0.06165 0.4355 0.5374 0.5525
v 0.14103 0.76797 -0.00998 0.0824 0.1569 0.2235
v 0.14514 0.76172 -0.00674 0.1145 0.1976 0.2635
v 0.14140 0.78056 -0.07809 0.3497 0.4911 0.6840
v 0.14909 0.77947 -0.06202 0.3015 0.4324 0.6176
v 0.15112 0.78320 -0.05202 0.2222 0.3294 0.4850
v 0.14648 0.77955 -0.01171 0.1059 0.1810 0.2409
v 0.14040 0.79621 -0.07591 0.1983 0.3059 0.4515
v 0.14705 0.79580 -0.06314 0.3065 0.4333 0.6203
v 0.15104 0.79573 -0.05227 0.2510 0.3647 0.5373
v 0.14518 0.79553 -0.01558 0.2306 0.3365 0.4682
v 0.13803 0.80815 -0.07380 0.2641 0.3922 0.5425
v 0.14464 0.80827 -0.06235 0.2520 0.3716 0.5284
v 0.14990 0.81137 -0.05245 0.1392 0.2412 0.3706
v 0.14249 0.81139 -0.01805 0.3342 0.4615 0.6576
v 0.14348 0.82751 -0.06158 0.1584 0.2392 0.3490
v 0.14390 0.82671 -0.02139 0.2459 0.3599 0.5001
v 0.14081 0.84200 -0.06501 0.0882 0.1647 0.2575
v 0.15111 0.84635 -0.05173 0.0980 0.1843 0.2784
v 0.14898 0.84508 -0.02439 0.3157 0.4294 0.5902
v 0.14437 0.84000 -0.02239 0.3729 0.4929 0.6678
v 0.14365 0.85357 -0.06150 0.1033 0.1804 0.2680
v 0.15046 0.86061 -0.04827 0.3072 0.4222 0.4954
v 0.14616 0.85967 -0.02536 0.1010 0.1706 0.2422
v 0.14128 0.85388 -0.02105 0.0973 0.1639 0.2400
v 0.14154 0.87024 -0.06194 0.3020 0.4369 0.6384
v 0.14902 0.87193 -0.04495 0.3804 0.5169 0.6800
v 0.14675 0.87469 -0.02957 0.1458 0.2221 0.2859
v 0.13818 0.86714 -0.02328 0.0980 0.1706 0.2431
v 0.13941 0.88847 -0.05843 0.3686 0.5059 0.7431
v 0.14171 0.88951 -0.04732 0.3865 0.5281 0.7630
v 0.14541 0.88422 -0.02952 0.2463 0.3529 0.4742
v 0.14436 0.89010 -0.01836 0.2323 0.3181 0.4155
v 0.13844 0.89543 -0.04792 0.3961 0.5412 0.7490
v 0.14286 0.89851 -0.01111 0.3817 0.5124 0.7216
v 0.14660 0.90687 -0.00241 0.3935 0.5268 0.7582
v 0.14167 0.91234 0.00428 0.3686 0.5059 0.7333
v 0.14271 0.91858 0.01115 0.3490 0.4871 0.7051
v 0.15999 0.02330 -0.31042 0.6255 0.6529 0.6569
v 0.15454 0.02323 -0.28041 0.6471 0.6706 0.6706
v 0.16061 0.02292 -0.26005 0.6843 0.7078 0.7000
v 0.15893 0.02601 -0.24294 0.6502 0.6689 0.6475
v 0.15957 0.03172 -0.23936 0.7246 0.7455 0.7325
v 0.16008 0.03414 -0.22801 0.4484 0.4755 0.4851
v 0.15819 0.03949 -0.21366 0.4819 0.5110 0.5236
v 0.15886 0.04241 -0.19906 0.2987 0.3317 0.3585
v 0.16185 0.04381 -0.18225 0.1631 0.1976 0.2400
v 0.16459 0.04488 -0.17392 0.1922 0.2235 0.2745
v 0.16132 0.04464 0.18793 0.1196 0.1431 0.1902
v 0.15769 0.04232 0.19689 0.1220 0.1486 0.1937
v 0.15921 0.03775 0.21044 0.1451 0.1821 0.2200
v 0.15723 0.03663 0.22286 0.4078 0.4471 0.4549
v 0.15797 0.03641 0.24047 0.4373 0.4647 0.4588
v 0.15918 0.03645 0.25740 0.4063 0.4259 0.4478
v 0.15969 0.03572 0.27199 0.1402 0.1598 0.1980
v 0.16177 0.03454 0.28700 0.1216 0.1510 0.1833
v 0.15443 0.03539 0.29860 0.1255 0.1490 0.2039
v 0.16677 0.03298 0.31183 0.1020 0.1412 0.1373
v 0.15355 0.04631 -0.18567 0.3216 0.3529 0.3922
v 0.15918 0.04698 -0.16825 0.3412 0.3686 0.4072
v 0.16069 0.04837 -0.15379 0.6627 0.6886 0.7098
v 0.15545 0.05442 -0.13537 0.2437 0.2857 0.3232
v 0.16029 0.05501 -0.12391 0.1737 0.2229 0.2722
v 0.16032 0.05834 0.13761 0.1667 0.2029 0.2637
v 0.15642 0.05626 0.14845 0.1608 0.2020 0.2549
v 0.15953 0.05140 0.16843 0.1399 0.1791 0.2222
v 0.15809 0.04840 0.18018 0.1320 0.1608 0.2052
v 0.15318 0.04677 0.18900 0.1412 0.1647 0.2118
v 0.15326 0.06649 -0.13443 0.2039 0.2421 0.2791
v 0.15928 0.06863 -0.12312 0.3132 0.3529 0.3870
v 0.16341 0.06974 0.12521 0.1725 0.2118 0.2771
v 0.15859 0.06636 0.13004 0.1706 0.2074 0.2735
v 0.15498 0.07677 -0.11476 0.6157 0.6549 0.6627
v 0.15775 0.08201 -0.10541 0.4859 0.5305 0.5621
v 0.16196 0.08685 -0.09674 0.3120 0.3658 0.4176
v 0.16114 0.08750 0.10720 0.1399 0.1824 0.2327
v 0.15867 0.08117 0.11913 0.1521 0.1952 0.2514
v 0.15354 0.07653 0.12921 0.1725 0.2078 0.2745
v 0.15304 0.09137 -0.09961 0.2824 0.3569 0.4235
v 0.16035 0.09813 -0.09484 0.2621 0.3226 0.3818
v 0.15892 0.09815 0.10487 0.1079 0.1420 0.1808
v 0.15196 0.11294 -0.09992 0.3451 0.4088 0.4480
v 0.16049 0.11471 -0.09466 0.3230 0.3730 0.4117
v 0.15943 0.11236 0.10574 0.0703 0.0896 0.1272
v 0.15792 0.12738 -0.08674 0.0956 0.1502 0.1948
v 0.15955 0.13226 -0.08341 0.0519 0.0963 0.1377
v 0.16484 0.13061 0.05805 0.1150 0.1486 0.1874
v 0.16336 0.13281 0.07478 0.0753 0.1082 0.1416
v 0.16430 0.13226 0.09090 0.0693 0.1011 0.1338
v 0.15930 0.12718 0.10540 0.0496 0.0690 0.1057
v 0.15175 0.12468 0.11403 0.0745 0.0824 0.1294
v 0.16121 0.14571 -0.08692 0.1168 0.1812 0.2151
v 0.15920 0.14134 -0.08363 0.0680 0.1092 0.1471
v 0.16477 0.14663 0.04997 0.1422 0.1853 0.2333
v 0.16090 0.14434 0.05930 0.1504 0.1908 0.2308
v 0.15941 0.14432 0.07473 0.0638 0.0945 0.1240
v 0.15878 0.14452 0.09050 0.0672 0.0969 0.1358
v 0.15304 0.14252 0.10078 0.0500 0.0657 0.1069
v 0.15980 0.15939 -0.08926 0.1264 0.1866 0.2300
v 0.16434 0.16059 0.04926 0.1451 0.1863 0.2412
v 0.15972 0.15901 0.05915 0.1247 0.1631 0.2071
v 0.15942 0.15900 0.07603 0.0867 0.1198 0.1571
v 0.15735 0.15887 0.08882 0.0735 0.1023 0.1444
v 0.16038 0.17500 -0.09088 0.1708 0.2303 0.2673
v 0.16396 0.17369 0.04936 0.1471 0.1892 0.2402
v 0.16003 0.17517 0.05867 0.1373 0.1796 0.2298
v 0.15634 0.17393 0.07355 0.1051 0.1393 0.1901
v 0.15564 0.16714 0.08391 0.0804 0.1039 0.1510
v 0.15935 0.18999 -0.09296 0.1028 0.1577 0.1996
v 0.16360 0.18832 0.04969 0.1346 0.1804 0.2314
v 0.15714 0.18885 0.05936 0.1529 0.1984 0.2570
v 0.15545 0.18352 0.06975 0.1412 0.1804 0.2275
v 0.16074 0.20442 -0.08808 0.1809 0.2312 0.2654
v 0.15814 0.20462 -0.08331 0.1265 0.1778 0.2127
v 0.16380 0.20422 0.04962 0.1423 0.1894 0.2454
v 0.15658 0.20357 0.05582 0.1672 0.2146 0.2752
v 0.16258 0.21435 -0.08713 0.3529 0.3948 0.4209
v 0.16005 0.21683 -0.07773 0.2597 0.3078 0.3414
v 0.16169 0.22047 -0.06252 0.3049 0.3458 0.3797
v 0.16327 0.22531 -0.04718 0.4118 0.4392 0.4627
v 0.16016 0.22098 0.04781 0.1415 0.1885 0.2440
v 0.15413 0.21764 0.05351 0.1556 0.2026 0.2654
v 0.15247 0.22843 -0.05760 0.6608 0.6765 0.6804
v 0.15687 0.23342 -0.04503 0.2801 0.3238 0.3723
v 0.16224 0.23633 -0.03179 0.1551 0.2078 0.2638
v 0.16268 0.23507 -0.01484 0.1456 0.1980 0.2505
v 0.15938 0.23593 -0.00084 0.1306 0.1787 0.2324
v 0.16091 0.23643 0.01492 0.1331 0.1812 0.2350
v 0.15981 0.23505 0.02880 0.1665 0.2148 0.2745
v 0.15614 0.22991 0.03915 0.2000 0.2431 0.3137
v 0.15310 0.25236 -0.04527 0.1508 0.2090 0.2520
v 0.15560 0.24810 -0.03076 0.1361 0.1899 0.2415
v 0.15504 0.24753 -0.01988 0.1294 0.1843 0.2353
v 0.15318 0.24600 -0.00095 0.1268 0.1797 0.2288
v 0.15499 0.24891 0.01533 0.1543 0.2056 0.2588
v 0.15654 0.24476 0.02390 0.1804 0.2248 0.2902
v 0.15460 0.26452 -0.04744 0.1966 0.2654 0.2828
v 0.15243 0.27097 -0.03814 0.1412 0.1882 0.2510
v 0.15488 0.27925 -0.04282 0.3849 0.4553 0.4698
v 0.15411 0.28171 -0.03579 0.1582 0.2153 0.2601
v 0.15170 0.29975 -0.04024 0.4118 0.4667 0.4784
v 0.15497 0.29448 -0.03562 0.1989 0.2533 0.2934
v 0.15369 0.30999 -0.03281 0.1539 0.2125 0.2602
v 0.15715 0.32845 -0.04169 0.1080 0.1619 0.2036
v 0.16036 0.32543 -0.03180 0.1058 0.1487 0.1919
v 0.15183 0.33325 -0.02370 0.1137 0.1608 0.2078
v 0.15584 0.34310 -0.04496 0.1069 0.1539 0.1903
v 0.15766 0.33781 -0.03229 0.1168 0.1681 0.2157
v 0.15564 0.35121 -0.04818 0.2477 0.3074 0.3442
v 0.15191 0.50907 0.00444 0.1843 0.2294 0.2961
v 0.15271 0.52239 0.00340 0.1890 0.2341 0.3039
v 0.15290 0.53827 0.00247 0.2289 0.2814 0.3559
v 0.15230 0.55371 0.00107 0.1865 0.2349 0.3102
v 0.15327 0.57077 0.00031 0.1888 0.2308 0.3031
v 0.15435 0.58330 0.00154 0.1843 0.2294 0.2910
v 0.15655 0.60054 0.00065 0.1789 0.2200 0.2853
v 0.15381 0.61774 -0.02719 0.2010 0.2549 0.3225
v 0.15900 0.61432 -0.01438 0.1915 0.2359 0.3013
v 0.16408 0.60992 -0.00147 0.1813 0.2231 0.2928
v 0.15852 0.61406 0.01358 0.1837 0.2232 0.2790
v 0.15291 0.62539 -0.02952 0.2261 0.2850 0.3608
v 0.15879 0.62832 -0.01762 0.1982 0.2542 0.3248
v 0.16451 0.63375 -0.00264 0.3150 0.3922 0.4797
v 0.15848 0.62871 0.01537 0.3381 0.4179 0.5251
v 0.15514 0.64102 -0.01076 0.1778 0.2288 0.2980
v 0.15681 0.64486 -0.00167 0.2571 0.3316 0.4270
v 0.15544 0.64030 0.00890 0.4255 0.5216 0.6569
v 0.15246 0.75621 -0.05896 0.1686 0.2706 0.3922
v 0.15279 0.75228 -0.04408 0.1782 0.2566 0.3564
v 0.15377 0.75077 -0.03096 0.1608 0.2379 0.3386
v 0.15553 0.75328 -0.01474 0.1437 0.2139 0.3094
v 0.15586 0.75504 -0.00513 0.1242 0.1863 0.2569
v 0.15301 0.76692 -0.06119 0.2168 0.3297 0.4793
v 0.15399 0.76752 -0.04682 0.1765 0.2680 0.3967
v 0.15579 0.76526 -0.03104 0.1725 0.2588 0.3791
v 0.15844 0.76773 -0.01487 0.1882 0.2677 0.3868
v 0.15982 0.76630 -0.00474 0.2103 0.3098 0.4252
v 0.15226 0.77683 -0.05868 0.3004 0.4267 0.6133
v 0.15299 0.78244 -0.04585 0.1490 0.2431 0.3716
v 0.15569 0.77983 -0.03032 0.1858 0.2760 0.4000
v 0.15800 0.78042 -0.01321 0.2749 0.3875 0.5348
v 0.16435 0.77945 -0.00468 0.3660 0.4915 0.6873
v 0.15388 0.79671 -0.04294 0.1569 0.2627 0.3804
v 0.15988 0.79851 -0.02974 0.1914 0.2800 0.4086
v 0.15837 0.79462 -0.01300 0.3745 0.5072 0.7098
v 0.16289 0.79427 -0.00751 0.3667 0.5000 0.7118
v 0.15513 0.80879 -0.04411 0.1412 0.2235 0.3294
v 0.16328 0.80764 -0.02880 0.2078 0.2961 0.4314
v 0.15795 0.81145 -0.01349 0.3621 0.4948 0.6967
v 0.16447 0.80565 -0.00852 0.3647 0.5059 0.7098
v 0.15593 0.82529 -0.04616 0.0990 0.1735 0.2647
v 0.16352 0.82846 -0.03489 0.1824 0.2667 0.3882
v 0.15945 0.82451 -0.01599 0.3765 0.5153 0.7239
v 0.15728 0.84013 -0.04387 0.2580 0.3631 0.4902
v 0.16227 0.84216 -0.03150 0.2025 0.3025 0.4446
v 0.15937 0.84198 -0.02144 0.3902 0.5265 0.7333
v 0.15364 0.85705 -0.04374 0.2353 0.3338 0.4176
v 0.15897 0.85672 -0.02842 0.1423 0.2231 0.3170
v 0.16575 0.85919 -0.02253 0.2118 0.3294 0.4902
v 0.15851 0.87135 -0.02899 0.1669 0.2519 0.3357
v 0.16636 0.87422 -0.02272 0.1843 0.2843 0.3961
v 0.15529 0.88391 -0.02807 0.2459 0.3507 0.4241
v 0.16111 0.88749 -0.02048 0.1586 0.2406 0.3130
v 0.15761 0.89929 -0.01191 0.1598 0.2471 0.3348
v 0.15932 0.90588 -0.00353 0.3245 0.4500 0.6324
v 0.16523 0.91021 0.00364 0.3922 0.5255 0.7647
v 0.15717 0.91804 0.01332 0.3641 0.4948 0.7209
v 0.16513 0.92449 0.02214 0.3471 0.4843 0.7039
v 0.17642 0.02294 -0.30498 0.6298 0.6573 0.6580
v 0.17168 0.02320 -0.28307 0.5843 0.6078 0.6078
v 0.17935 0.02310 -0.26988 0.6941 0.7176 0.7098
v 0.17342 0.02366 -0.25426 0.6682 0.7012 0.6753
v 0.17388 0.02636 -0.24355 0.2575 0.2931 0.3086
v 0.17927 0.02913 -0.23035 0.1752 0.2131 0.2484
v 0.16783 0.03091 -0.23955 0.2771 0.2980 0.3490
v 0.17360 0.03254 -0.22754 0.3216 0.3522 0.3750
v 0.17288 0.03642 -0.21245 0.1539 0.1859 0.2271
v 0.17380 0.03785 -0.19852 0.1951 0.2304 0.2719
v 0.17436 0.03964 -0.18173 0.2034 0.2407 0.2735
v 0.17603 0.04215 -0.16866 0.2203 0.2520 0.2909
v 0.18120 0.04383 -0.15735 0.2373 0.2804 0.3216
v 0.17599 0.04270 0.18292 0.1222 0.1490 0.1935
v 0.17364 0.03874 0.19462 0.1373 0.1682 0.2139
v 0.17318 0.03602 0.20979 0.1788 0.2353 0.2894
v 0.17083 0.03546 0.22751 0.4000 0.4353 0.4549
v 0.17518 0.03475 0.24590 0.1621 0.1922 0.2183
v 0.17990 0.03385 0.25621 0.1392 0.1706 0.1961
v 0.17693 0.03368 0.27181 0.1556 0.1882 0.2196
v 0.17664 0.03331 0.28614 0.1333 0.1608 0.1922
v 0.17374 0.03266 0.30034 0.0536 0.0745 0.0941
v 0.17255 0.03225 0.31182 0.2627 0.3020 0.3059
v 0.17327 0.04723 -0.15277 0.4333 0.4542 0.4961
v 0.17462 0.04859 -0.13788 0.7157 0.7438 0.7471
v 0.17163 0.05325 -0.11861 0.2763 0.3173 0.3514
v 0.17782 0.05530 -0.11177 0.2498 0.2911 0.3283
v 0.17605 0.05841 0.12493 0.1422 0.1892 0.2412
v 0.17301 0.05656 0.13275 0.1718 0.2118 0.2690
v 0.17433 0.05303 0.15332 0.1725 0.2059 0.2569
v 0.17384 0.04964 0.16554 0.1597 0.1866 0.2342
v 0.17100 0.04665 0.17626 0.1235 0.1471 0.1941
v 0.17035 0.06736 -0.11645 0.4066 0.4431 0.4709
v 0.17748 0.06809 -0.11108 0.3923 0.4336 0.4638
v 0.17586 0.06800 0.11912 0.1630 0.2017 0.2619
v 0.17283 0.07756 -0.10323 0.6171 0.6481 0.6742
v 0.17376 0.08435 -0.09109 0.4340 0.4769 0.5157
v 0.17992 0.08828 -0.08167 0.2987 0.3425 0.3948
v 0.17903 0.08858 0.06023 0.0876 0.1142 0.1564
v 0.17961 0.08890 0.07021 0.0957 0.1216 0.1663
v 0.17880 0.08919 0.09398 0.1069 0.1431 0.1882
v 0.17604 0.08418 0.10416 0.1442 0.1906 0.2401
v 0.17375 0.07818 0.11436 0.1529 0.1976 0.2518
v 0.17053 0.09806 -0.08788 0.2884 0.3357 0.3832
v 0.17857 0.09946 -0.08061 0.2232 0.2690 0.3182
v 0.17910 0.09890 0.04945 0.0691 0.0990 0.1309
v 0.17350 0.09821 0.06032 0.0768 0.1059 0.1383
v 0.17673 0.09886 0.07550 0.0920 0.1183 0.1552
v 0.17726 0.09813 0.09064 0.1107 0.1448 0.1849
v 0.16966 0.09869 0.09894 0.1005 0.1358 0.1768
v 0.17104 0.11387 -0.08806 0.2069 0.2604 0.3063
v 0.17897 0.11435 -0.08039 0.1903 0.2407 0.2866
v 0.17789 0.11343 0.04763 0.0804 0.1114 0.1427
v 0.17128 0.11330 0.05880 0.0731 0.1015 0.1361
v 0.17279 0.11555 0.07505 0.0923 0.1213 0.1556
v 0.17518 0.11376 0.09004 0.1296 0.1690 0.2122
v 0.16899 0.11462 0.09941 0.0601 0.0876 0.1196
v 0.17027 0.12676 -0.08578 0.1751 0.2448 0.2738
v 0.17202 0.12874 -0.07747 0.0571 0.0906 0.1279
v 0.17671 0.13010 -0.06469 0.0618 0.0866 0.1137
v 0.17250 0.12877 0.04722 0.1707 0.2089 0.2575
v 0.16823 0.12296 0.05972 0.0779 0.1059 0.1417
v 0.16846 0.12540 0.07737 0.0941 0.1288 0.1686
v 0.16977 0.12557 0.08893 0.0986 0.1317 0.1653
v 0.16808 0.12415 0.09945 0.0575 0.0850 0.1163
v 0.16786 0.14304 -0.08726 0.0536 0.1163 0.1434
v 0.16910 0.14476 -0.07612 0.0668 0.1027 0.1373
v 0.17515 0.14403 -0.06516 0.0723 0.1066 0.1413
v 0.17306 0.14286 0.04447 0.1451 0.1843 0.2464
v 0.16731 0.16048 -0.08729 0.0655 0.1064 0.1423
v 0.17395 0.16085 -0.07489 0.0727 0.1138 0.1495
v 0.17686 0.15596 -0.06416 0.0489 0.0824 0.1158
v 0.17120 0.15629 0.04523 0.1464 0.1895 0.2484
v 0.16796 0.17424 -0.08738 0.0837 0.1314 0.1745
v 0.17428 0.17370 -0.07395 0.0763 0.1220 0.1603
v 0.17981 0.17831 -0.06788 0.0499 0.0868 0.1182
v 0.17194 0.17350 0.04440 0.1475 0.1946 0.2505
v 0.16891 0.18799 -0.08713 0.0795 0.1219 0.1636
v 0.17037 0.19010 -0.07724 0.0485 0.0852 0.1232
v 0.17654 0.18966 -0.06555 0.0702 0.1134 0.1532
v 0.17353 0.19034 0.04293 0.1490 0.1961 0.2510
v 0.16701 0.21206 -0.08575 0.0549 0.0902 0.1255
v 0.16742 0.20444 -0.07673 0.0541 0.0867 0.1249
v 0.17300 0.20395 -0.06190 0.0845 0.1331 0.1729
v 0.17946 0.20992 -0.05303 0.0523 0.0902 0.1268
v 0.17283 0.20349 0.04302 0.1541 0.2011 0.2571
v 0.16929 0.21474 -0.05779 0.1353 0.1843 0.2301
v 0.17494 0.21797 -0.04909 0.1620 0.2120 0.2588
v 0.17522 0.22443 -0.03212 0.3447 0.3939 0.4260
v 0.17555 0.22486 -0.01643 0.1788 0.2376 0.3004
v 0.17513 0.22289 0.00138 0.1616 0.2102 0.2627
v 0.17645 0.22368 0.00898 0.1388 0.1882 0.2463
v 0.17800 0.22404 0.03060 0.1484 0.1961 0.2529
v 0.17211 0.21820 0.04099 0.1447 0.1922 0.2479
v 0.16755 0.22996 -0.02929 0.1569 0.2118 0.2627
v 0.16867 0.22966 -0.01888 0.1902 0.2569 0.3137
v 0.16760 0.22770 -0.00109 0.1725 0.2255 0.2824
v 0.16932 0.22864 0.01401 0.1794 0.2343 0.2922
v 0.17159 0.22790 0.02920 0.1974 0.2497 0.3124
v 0.16812 0.32713 -0.02989 0.1145 0.1608 0.2039
v 0.16986 0.61533 0.00078 0.1971 0.2425 0.3121
v 0.17014 0.61572 0.00906 0.1922 0.2369 0.3043
v 0.16908 0.62554 0.00008 0.2146 0.2650 0.3350
v 0.16840 0.62623 0.01014 0.2569 0.3265 0.4059
v 0.16794 0.78664 -0.00488 0.3588 0.4784 0.6673
v 0.16850 0.79936 -0.01121 0.3412 0.4627 0.6471
v 0.17002 0.79477 -0.00451 0.3693 0.4934 0.6879
v 0.16733 0.81636 -0.02486 0.3765 0.4941 0.6980
v 0.17118 0.81047 -0.01254 0.3549 0.4765 0.6608
v 0.17317 0.81171 -0.00423 0.3716 0.4977 0.6997
v 0.17129 0.82701 -0.01735 0.3216 0.4458 0.6346
v 0.17617 0.82462 -0.00530 0.3663 0.4890 0.6855
v 0.17196 0.84172 -0.01529 0.3495 0.4804 0.6892
v 0.17928 0.84394 -0.00626 0.3510 0.4804 0.6667
v 0.17324 0.85840 -0.01735 0.2957 0.4152 0.5871
v 0.18067 0.85788 -0.00722 0.3137 0.4235 0.5902
v 0.17439 0.87188 -0.01831 0.2232 0.3275 0.4683
v 0.18148 0.87670 -0.00847 0.2902 0.4039 0.5686
v 0.17378 0.88592 -0.01396 0.1346 0.2173 0.3069
v 0.17911 0.89095 -0.00804 0.1020 0.1725 0.2392
v 0.17107 0.89681 -0.01171 0.1741 0.2612 0.3357
v 0.17559 0.90385 -0.00159 0.1294 0.2112 0.2866
v 0.18084 0.90957 0.00742 0.1176 0.1882 0.2431
v 0.17157 0.91120 0.00531 0.4039 0.5373 0.7137
v 0.17507 0.91563 0.01356 0.3380 0.4549 0.6467
v 0.17774 0.92272 0.02459 0.3676 0.5020 0.7284
v 0.17399 0.92593 0.02619 0.3343 0.4696 0.6843
v 0.19166 0.02112 -0.30737 0.6275 0.6614 0.6595
v 0.18944 0.02197 -0.28978 0.6055 0.6298 0.6180
v 0.19371 0.02166 -0.27122 0.5843 0.6118 0.5784
v 0.18714 0.02249 -0.25689 0.6094 0.6376 0.6165
v 0.18813 0.02324 -0.24253 0.6314 0.6611 0.6538
v 0.18905 0.02542 -0.22780 0.3725 0.4051 0.4251
v 0.19097 0.02848 -0.21558 0.1458 0.1815 0.2107
v 0.19563 0.03004 -0.20437 0.1686 0.2039 0.2392
v 0.18583 0.03221 -0.21179 0.3584 0.3898 0.4188
v 0.18932 0.03259 -0.19725 0.2174 0.2484 0.2776
v 0.19066 0.03408 -0.18138 0.2521 0.2880 0.3132
v 0.18839 0.03787 -0.16776 0.2356 0.2711 0.3077
v 0.19032 0.04133 -0.15309 0.2810 0.3196 0.3492
v 0.19526 0.04453 -0.14401 0.3725 0.4118 0.4471
v 0.19207 0.04418 0.16931 0.1275 0.1510 0.1980
v 0.18968 0.03920 0.18188 0.1403 0.1638 0.2096
v 0.19100 0.03508 0.19350 0.1482 0.1906 0.2400
v 0.18848 0.03417 0.21059 0.2314 0.2810 0.3359
v 0.18723 0.03416 0.23857 0.2588 0.3000 0.3255
v 0.19096 0.03316 0.25548 0.2484 0.2732 0.2980
v 0.18988 0.03268 0.27102 0.1529 0.1867 0.2180
v 0.19089 0.03180 0.28517 0.1359 0.1660 0.1961
v 0.18867 0.03141 0.30005 0.1020 0.1412 0.1412
v 0.19103 0.03129 0.31182 0.4078 0.4431 0.4490
v 0.18362 0.04675 -0.14531 0.4510 0.4784 0.5098
v 0.19181 0.04731 -0.13781 0.6196 0.6456 0.6652
v 0.19173 0.04819 -0.12382 0.6794 0.7010 0.7020
v 0.18817 0.05445 -0.10479 0.2777 0.3207 0.3504
v 0.19560 0.05500 -0.09705 0.2536 0.3026 0.3418
v 0.18931 0.05777 0.11924 0.1435 0.1812 0.2290
v 0.19253 0.05345 0.13470 0.1420 0.1780 0.2267
v 0.18913 0.05125 0.15170 0.1514 0.1843 0.2314
v 0.18781 0.04801 0.16291 0.1561 0.1812 0.2290
v 0.18767 0.06653 -0.10409 0.3027 0.3455 0.3849
v 0.19373 0.07016 -0.09480 0.3998 0.4392 0.4751
v 0.19626 0.07469 0.06482 0.0784 0.1020 0.1490
v 0.19616 0.07467 0.07222 0.0965 0.1216 0.1678
v 0.19395 0.06886 0.11128 0.1373 0.1741 0.2314
v 0.18541 0.06738 0.11522 0.1480 0.1875 0.2435
v 0.18580 0.07790 -0.09098 0.5572 0.5922 0.6228
v 0.18864 0.08351 -0.07732 0.3858 0.4281 0.4707
v 0.19437 0.08686 -0.06306 0.1941 0.2423 0.2969
v 0.19198 0.08733 0.04583 0.1122 0.1499 0.1991
v 0.18900 0.08153 0.06091 0.1035 0.1279 0.1747
v 0.18827 0.08272 0.07482 0.1048 0.1291 0.1754
v 0.18946 0.08453 0.08880 0.1203 0.1578 0.2036
v 0.18927 0.07988 0.10621 0.1529 0.1979 0.2539
v 0.18336 0.07654 0.11370 0.1098 0.1569 0.2118
v 0.18425 0.09952 -0.07414 0.2258 0.2764 0.3310
v 0.19274 0.09864 -0.06119 0.1535 0.1925 0.2378
v 0.19667 0.09724 -0.05349 0.1598 0.2029 0.2539
v 0.19526 0.10053 0.03621 0.1359 0.1739 0.2275
v 0.18839 0.09852 0.04239 0.1431 0.1821 0.2356
v 0.18471 0.11395 -0.07385 0.2126 0.2645 0.3105
v 0.19351 0.11405 -0.06085 0.1949 0.2394 0.2840
v 0.19701 0.11342 -0.05043 0.1353 0.1725 0.2118
v 0.19483 0.11169 0.03497 0.1320 0.1712 0.2183
v 0.18718 0.11199 0.04082 0.1385 0.1783 0.2217
v 0.18943 0.12872 -0.05957 0.0912 0.1375 0.1694
v 0.19184 0.12805 -0.04662 0.0465 0.0651 0.0867
v 0.19384 0.13052 -0.03419 0.0606 0.0891 0.1186
v 0.19590 0.13306 -0.00005 0.0425 0.0575 0.0941
v 0.19703 0.13589 0.02150 0.0549 0.0706 0.1059
v 0.19186 0.13014 0.03233 0.0953 0.1252 0.1680
v 0.18509 0.12699 0.03911 0.1309 0.1701 0.2230
v 0.18938 0.14371 -0.06100 0.1037 0.1572 0.1940
v 0.18922 0.14347 -0.04559 0.0554 0.0858 0.1154
v 0.19138 0.14410 -0.03278 0.0614 0.0936 0.1225
v 0.19599 0.14542 0.00005 0.0487 0.0706 0.1089
v 0.19218 0.14327 0.03141 0.0843 0.1175 0.1596
v 0.18390 0.13824 0.03897 0.1451 0.1863 0.2471
v 0.18275 0.16491 -0.07129 0.0824 0.1353 0.1725
v 0.18858 0.15963 -0.06232 0.0913 0.1420 0.1805
v 0.19192 0.15846 -0.04725 0.0732 0.1089 0.1434
v 0.19136 0.15877 -0.03127 0.0639 0.0962 0.1293
v 0.19636 0.15547 0.00119 0.0588 0.0797 0.1216
v 0.19122 0.15878 0.03295 0.0930 0.1289 0.1782
v 0.18373 0.15905 0.03848 0.1386 0.1778 0.2405
v 0.18306 0.16808 -0.07014 0.0745 0.1157 0.1529
v 0.18836 0.17425 -0.06049 0.0932 0.1446 0.1857
v 0.19439 0.17399 -0.04590 0.0641 0.0962 0.1294
v 0.19458 0.17239 -0.03329 0.0539 0.0820 0.1131
v 0.19709 0.17893 -0.00457 0.1059 0.1412 0.1765
v 0.19156 0.17464 0.03208 0.0881 0.1229 0.1684
v 0.18336 0.17367 0.03843 0.1431 0.1843 0.2412
v 0.18870 0.18980 -0.06022 0.1179 0.1687 0.2092
v 0.19420 0.18808 -0.04688 0.0667 0.1048 0.1401
v 0.19389 0.19277 -0.03211 0.0701 0.1130 0.1490
v 0.19659 0.19595 -0.01280 0.0706 0.1059 0.1425
v 0.19637 0.19056 -0.00179 0.0719 0.1041 0.1377
v 0.19194 0.18878 0.03114 0.0879 0.1200 0.1667
v 0.18312 0.18984 0.03773 0.1373 0.1843 0.2392
v 0.18832 0.20464 -0.05611 0.1985 0.2509 0.2785
v 0.19004 0.20522 -0.04876 0.0955 0.1342 0.1670
v 0.19076 0.20498 -0.02855 0.0946 0.1353 0.1693
v 0.19525 0.20240 -0.01683 0.0779 0.1150 0.1529
v 0.19316 0.20477 -0.00102 0.0711 0.1061 0.1431
v 0.19412 0.20600 0.00954 0.0755 0.1108 0.1471
v 0.19223 0.20605 0.03103 0.0824 0.1136 0.1590
v 0.18223 0.21071 0.03705 0.1608 0.2078 0.2627
v 0.18757 0.21259 -0.05515 0.1922 0.2641 0.2889
v 0.18669 0.21421 -0.04863 0.1854 0.2431 0.2762
v 0.18935 0.21579 -0.02976 0.1877 0.2379 0.2771
v 0.19137 0.21663 -0.01830 0.1827 0.2395 0.2853
v 0.18622 0.21600 -0.00153 0.1383 0.1854 0.2371
v 0.19053 0.21700 0.01289 0.1298 0.1729 0.2200
v 0.18860 0.21684 0.02951 0.1131 0.1520 0.2023
v 0.18579 0.85736 -0.00094 0.3242 0.4405 0.6244
v 0.18374 0.86776 -0.01009 0.2980 0.4196 0.6000
v 0.18821 0.87162 -0.00071 0.3243 0.4440 0.6281
v 0.19432 0.87529 0.00977 0.3242 0.4523 0.6497
v 0.18221 0.88447 -0.00895 0.1529 0.2562 0.4026
v 0.18771 0.88676 0.00036 0.1765 0.2773 0.4168
v 0.19452 0.88867 0.01012 0.2664 0.3882 0.5650
v 0.18479 0.89941 0.00207 0.0997 0.1759 0.2443
v 0.19290 0.90258 0.01384 0.1095 0.1976 0.2816
v 0.18727 0.91310 0.01707 0.1245 0.2108 0.2892
v 0.19188 0.91839 0.02758 0.1695 0.2622 0.3510
v 0.18555 0.92606 0.03118 0.3206 0.4618 0.6510
v 0.21112 0.01353 -0.31181 0.2980 0.3431 0.3588
v 0.20375 0.01800 -0.30620 0.2418 0.2712 0.3085
v 0.20658 0.01908 -0.28960 0.3863 0.4176 0.4431
v 0.20494 0.02028 -0.27606 0.5388 0.5647 0.5773
v 0.20426 0.02094 -0.26034 0.6322 0.6659 0.6486
v 0.20482 0.02179 -0.24458 0.6167 0.6402 0.6324
v 0.20304 0.02333 -0.22365 0.6366 0.6601 0.6549
v 0.20294 0.02555 -0.21036 0.3232 0.3585 0.3653
v 0.20365 0.02910 -0.19697 0.1908 0.2248 0.2719
v 0.21040 0.02956 -0.18355 0.2922 0.3333 0.3647
v 0.20803 0.03000 0.30247 0.3039 0.3451 0.3500
v 0.20993 0.02969 0.31183 0.2373 0.2745 0.2882
v 0.20347 0.03134 -0.18143 0.3480 0.3784 0.4137
v 0.20350 0.03304 -0.16765 0.3118 0.3461 0.3730
v 0.20511 0.03746 -0.15143 0.3261 0.3636 0.3959
v 0.20533 0.04206 -0.13979 0.3039 0.3419 0.3731
v 0.20989 0.04470 -0.12837 0.2549 0.3059 0.3412
v 0.20420 0.04200 0.16656 0.1306 0.1560 0.1994
v 0.20468 0.03575 0.17994 0.1367 0.1653 0.2123
v 0.20348 0.03294 0.19489 0.2314 0.2954 0.3582
v 0.20388 0.03249 0.20990 0.2549 0.3150 0.3673
v 0.20574 0.03298 0.22524 0.3582 0.3948 0.4301
v 0.20687 0.03316 0.24455 0.1294 0.1647 0.2000
v 0.20668 0.03226 0.25584 0.1631 0.1922 0.2149
v 0.21147 0.03136 0.26795 0.1647 0.1843 0.2078
v 0.20322 0.03037 0.29040 0.0922 0.1314 0.1490
v 0.20212 0.03071 0.30394 0.2941 0.3255 0.3333
v 0.20290 0.04641 -0.13296 0.4824 0.5078 0.5412
v 0.20325 0.04713 -0.12196 0.6667 0.6894 0.7043
v 0.20785 0.04708 -0.10663 0.6816 0.7051 0.7082
v 0.20428 0.05269 -0.08976 0.2910 0.3312 0.3623
v 0.20987 0.05567 -0.07910 0.1595 0.2052 0.2463
v 0.20942 0.05768 0.06415 0.0657 0.0833 0.1206
v 0.20700 0.05833 0.07541 0.0866 0.1141 0.1483
v 0.20691 0.05811 0.10789 0.1319 0.1676 0.2299
v 0.20357 0.05398 0.12147 0.1671 0.2141 0.2690
v 0.20638 0.05175 0.13447 0.1085 0.1346 0.1804
v 0.20432 0.04728 0.15407 0.1438 0.1699 0.2170
v 0.20066 0.06664 -0.09098 0.3225 0.3636 0.4050
v 0.20762 0.06852 -0.07939 0.3203 0.3576 0.3959
v 0.20903 0.07465 -0.06659 0.4863 0.5268 0.5582
v 0.20750 0.07432 0.05018 0.1124 0.1438 0.2013
v 0.20342 0.06692 0.06114 0.0776 0.0987 0.1457
v 0.20006 0.06835 0.07480 0.0941 0.1183 0.1624
v 0.20672 0.06831 0.09072 0.1054 0.1305 0.1749
v 0.20416 0.06713 0.10497 0.1302 0.1657 0.2204
v 0.20026 0.07745 -0.07357 0.5143 0.5513 0.5871
v 0.20246 0.08053 -0.06064 0.3185 0.3681 0.4198
v 0.20452 0.08336 -0.04734 0.1535 0.2082 0.2714
v 0.20667 0.08441 -0.03186 0.1677 0.2161 0.2710
v 0.20702 0.08554 -0.01664 0.1503 0.1961 0.2415
v 0.20654 0.08585 -0.00103 0.1279 0.1695 0.2124
v 0.20951 0.08584 0.01482 0.1268 0.1598 0.2026
v 0.20941 0.08825 0.02977 0.1324 0.1711 0.2191
v 0.20433 0.08107 0.04395 0.1268 0.1618 0.2219
v 0.19951 0.07686 0.05403 0.1235 0.1569 0.2118
v 0.19745 0.07723 0.08125 0.1157 0.1392 0.1863
v 0.19918 0.07854 0.09067 0.1235 0.1627 0.2098
v 0.20019 0.07759 0.10055 0.1353 0.1725 0.2294
v 0.19956 0.09892 -0.04541 0.1686 0.2137 0.2635
v 0.20290 0.09940 -0.03101 0.1261 0.1667 0.2086
v 0.20373 0.09835 -0.01624 0.1646 0.2083 0.2529
v 0.20208 0.09760 -0.00126 0.1309 0.1713 0.2110
v 0.20495 0.09847 0.01411 0.1430 0.1693 0.2159
v 0.20694 0.09868 0.02776 0.1431 0.1782 0.2265
v 0.19972 0.11278 -0.04627 0.1889 0.2363 0.2819
v 0.20302 0.11432 -0.03129 0.1547 0.1974 0.2422
v 0.20410 0.11405 -0.01711 0.1743 0.2167 0.2600
v 0.20221 0.11416 -0.00100 0.1349 0.1659 0.2084
v 0.20559 0.11451 0.01484 0.1400 0.1659 0.2095
v 0.20504 0.11383 0.02700 0.1400 0.1769 0.2258
v 0.19772 0.12153 -0.03998 0.0471 0.0588 0.0784
v 0.19933 0.12585 -0.02827 0.0605 0.0964 0.1275
v 0.20070 0.12967 -0.01690 0.0448 0.0663 0.0978
v 0.19872 0.12594 0.00004 0.0330 0.0493 0.0801
v 0.20095 0.12879 0.01295 0.0672 0.0888 0.1230
v 0.20014 0.12623 0.02422 0.0458 0.0608 0.0882
v 0.19745 0.14320 -0.02528 0.0667 0.0993 0.1333
v 0.19960 0.14508 -0.01756 0.0703 0.1045 0.1396
v 0.19784 0.14439 0.00091 0.0490 0.0745 0.1131
v 0.19982 0.14346 0.01407 0.0695 0.0947 0.1331
v 0.19846 0.14676 0.02343 0.0575 0.0758 0.1046
v 0.19788 0.15657 -0.02607 0.0734 0.1120 0.1479
v 0.19984 0.15970 -0.01692 0.0713 0.1062 0.1432
v 0.19999 0.16082 0.00035 0.0607 0.0869 0.1251
v 0.20198 0.15868 0.01350 0.0747 0.0995 0.1365
v 0.20084 0.15944 0.02501 0.0682 0.0914 0.1271
v 0.20202 0.17755 -0.02863 0.0736 0.1146 0.1501
v 0.20044 0.17485 -0.01688 0.0784 0.1143 0.1497
v 0.20126 0.17249 -0.00186 0.0732 0.1050 0.1395
v 0.20381 0.17528 0.01337 0.0699 0.0982 0.1338
v 0.20078 0.17290 0.02569 0.0827 0.1111 0.1520
v 0.20168 0.18617 -0.03025 0.0973 0.1464 0.1866
v 0.20122 0.18844 -0.01759 0.0861 0.1240 0.1606
v 0.19764 0.18505 0.00015 0.0732 0.1033 0.1366
v 0.20136 0.18892 0.01529 0.0787 0.1117 0.1480
v 0.20165 0.19002 0.02392 0.0824 0.1119 0.1533
v 0.19866 0.20949 -0.02533 0.1373 0.1814 0.2147
v 0.19860 0.20688 -0.02033 0.0919 0.1311 0.1681
v 0.20083 0.20501 0.01665 0.0739 0.1065 0.1474
v 0.20079 0.20334 0.02421 0.0606 0.0876 0.1290
v 0.19792 0.21472 -0.02202 0.1216 0.1725 0.2078
v 0.19927 0.21357 0.01662 0.1157 0.1549 0.1980
v 0.19731 0.21456 0.02357 0.0941 0.1333 0.1804
v 0.19906 0.88808 0.01738 0.3376 0.4699 0.6761
v 0.20309 0.89303 0.02397 0.1686 0.2902 0.4882
v 0.19887 0.89851 0.01940 0.3132 0.4420 0.6336
v 0.20120 0.90212 0.02512 0.2938 0.4256 0.6121
v 0.19904 0.91516 0.03085 0.1500 0.2485 0.3686
v 0.22189 0.01122 -0.30668 0.2562 0.2857 0.3018
v 0.22173 0.01371 -0.28720 0.2618 0.3069 0.3157
v 0.22576 0.01397 -0.27806 0.1176 0.1569 0.1784
v 0.21526 0.01588 -0.28908 0.1059 0.1431 0.1784
v 0.21970 0.01702 -0.27145 0.1514 0.1843 0.2243
v 0.21867 0.01912 -0.25721 0.2941 0.3255 0.3529
v 0.22088 0.02046 -0.24157 0.4980 0.5216 0.5359
v 0.21764 0.02150 -0.22923 0.5889 0.6209 0.6013
v 0.21960 0.02293 -0.21302 0.6327 0.6654 0.6438
v 0.21963 0.02548 -0.19639 0.4667 0.4965 0.5129
v 0.22065 0.02694 -0.18329 0.2627 0.3027 0.3373
v 0.22315 0.02859 -0.17188 0.2808 0.3208 0.3584
v 0.22627 0.03006 -0.15826 0.2157 0.2549 0.3020
v 0.22484 0.02954 0.27508 0.1804 0.1974 0.2222
v 0.22485 0.02907 0.28907 0.1765 0.2094 0.2180
v 0.22161 0.02891 0.30211 0.2780 0.3110 0.3149
v 0.22100 0.02898 0.31182 0.1686 0.1990 0.2065
v 0.21634 0.03107 -0.16680 0.4503 0.4817 0.5163
v 0.22056 0.03298 -0.15069 0.2941 0.3307 0.3565
v 0.22036 0.03758 -0.13819 0.2940 0.3318 0.3661
v 0.22175 0.04198 -0.12312 0.2756 0.3166 0.3512
v 0.22408 0.04412 -0.10803 0.2343 0.2765 0.3137
v 0.22171 0.04432 -0.08922 0.2363 0.2676 0.3049
v 0.22323 0.04483 -0.07836 0.2196 0.2471 0.2961
v 0.22096 0.04330 0.15284 0.1208 0.1506 0.1898
v 0.21781 0.03781 0.16806 0.1148 0.1417 0.1821
v 0.22015 0.03308 0.18075 0.1737 0.2196 0.2678
v 0.21879 0.03143 0.19461 0.2222 0.2706 0.3373
v 0.21754 0.03136 0.21158 0.2523 0.3020 0.3582
v 0.22109 0.03180 0.22642 0.1843 0.2314 0.2824
v 0.21936 0.03246 0.24155 0.2314 0.2686 0.3039
v 0.21691 0.03170 0.25977 0.1838 0.2127 0.2377
v 0.21973 0.03063 0.26901 0.1520 0.1784 0.1951
v 0.21464 0.03071 0.28072 0.1490 0.1686 0.1922
v 0.21534 0.04648 -0.09216 0.5529 0.5673 0.5882
v 0.21651 0.05091 -0.07497 0.3391 0.3697 0.3898
v 0.22009 0.05454 -0.06243 0.1544 0.1910 0.2287
v 0.22500 0.05657 -0.04600 0.1594 0.1958 0.2351
v 0.22679 0.05680 -0.03213 0.1467 0.1827 0.2227
v 0.22690 0.05716 -0.00223 0.1312 0.1678 0.2078
v 0.22552 0.06028 0.05157 0.1529 0.2000 0.2549
v 0.22164 0.05692 0.05919 0.1204 0.1651 0.2078
v 0.21970 0.05366 0.07520 0.0956 0.1260 0.1642
v 0.21792 0.05605 0.09034 0.1123 0.1422 0.1843
v 0.21846 0.05440 0.10353 0.1273 0.1658 0.2150
v 0.21896 0.05184 0.11894 0.1541 0.1910 0.2431
v 0.21996 0.04862 0.13639 0.1184 0.1443 0.1890
v 0.21488 0.04677 0.14692 0.1510 0.1745 0.2216
v 0.21363 0.06594 -0.07250 0.1490 0.1816 0.2133
v 0.21679 0.06878 -0.06141 0.2811 0.3190 0.3570
v 0.22280 0.06845 -0.04597 0.2054 0.2507 0.2974
v 0.22556 0.06779 -0.03331 0.1664 0.2099 0.2594
v 0.22517 0.07207 -0.01683 0.1451 0.1910 0.2409
v 0.22579 0.06805 -0.00175 0.1292 0.1708 0.2141
v 0.22573 0.07345 0.00984 0.1563 0.2017 0.2594
v 0.22303 0.06849 0.04838 0.1329 0.1704 0.2205
v 0.21745 0.06428 0.05481 0.1176 0.1655 0.2133
v 0.21234 0.06124 0.09522 0.0980 0.1333 0.1686
v 0.21377 0.07653 -0.04688 0.1618 0.2255 0.2990
v 0.21548 0.07775 -0.03039 0.1832 0.2331 0.2964
v 0.21677 0.07766 -0.01635 0.1490 0.2008 0.2533
v 0.21592 0.07821 0.00086 0.1422 0.1892 0.2461
v 0.21850 0.07963 0.01590 0.1426 0.1813 0.2374
v 0.21865 0.08223 0.02855 0.1482 0.1877 0.2452
v 0.21881 0.07836 0.04019 0.1539 0.1971 0.2627
v 0.23175 0.00583 -0.30548 0.3743 0.3857 0.3508
v 0.23436 0.00881 -0.28930 0.2314 0.2533 0.2627
v 0.23570 0.01210 -0.27408 0.3412 0.3698 0.3849
v 0.23789 0.01353 -0.25973 0.3523 0.3876 0.4118
v 0.24025 0.01415 -0.24744 0.2706 0.3118 0.3294
v 0.23058 0.01540 -0.25806 0.1176 0.1451 0.1902
v 0.23425 0.01711 -0.24204 0.1209 0.1503 0.1915
v 0.23498 0.01870 -0.22815 0.2490 0.2843 0.3137
v 0.23681 0.02028 -0.21371 0.4190 0.4487 0.4728
v 0.23644 0.02246 -0.19928 0.6634 0.6915 0.6935
v 0.23481 0.02493 -0.18306 0.4314 0.4608 0.4712
v 0.23521 0.02728 -0.16599 0.2382 0.2794 0.3176
v 0.23625 0.02876 -0.15389 0.2235 0.2675 0.3051
v 0.23893 0.02932 -0.14364 0.2157 0.2549 0.2928
v 0.23296 0.02913 0.27420 0.1584 0.1780 0.2063
v 0.23564 0.02789 0.28774 0.2516 0.2768 0.2912
v 0.23335 0.02759 0.30034 0.1922 0.2125 0.2314
v 0.23456 0.02767 0.31182 0.2098 0.2353 0.2471
v 0.23130 0.03083 -0.14707 0.5588 0.6020 0.6137
v 0.23461 0.03194 -0.13623 0.3451 0.3847 0.4083
v 0.23543 0.03690 -0.12219 0.2670 0.3066 0.3417
v 0.23559 0.04137 -0.10886 0.2093 0.2525 0.2828
v 0.23293 0.04291 -0.09224 0.2167 0.2520 0.2853
v 0.23381 0.04380 -0.07598 0.2031 0.2400 0.2769
v 0.24132 0.04456 -0.06560 0.2157 0.2510 0.2863
v 0.23973 0.04437 0.13802 0.1059 0.1320 0.1778
v 0.23600 0.04091 0.15075 0.1301 0.1542 0.2000
v 0.23483 0.03624 0.16575 0.1083 0.1358 0.1750
v 0.23694 0.03263 0.17856 0.1618 0.1980 0.2451
v 0.23503 0.03066 0.19753 0.2196 0.2693 0.3176
v 0.23611 0.03049 0.21067 0.1765 0.2196 0.2667
v 0.24019 0.03105 0.22772 0.1922 0.2471 0.2980
v 0.24049 0.03152 0.24101 0.1882 0.2431 0.2863
v 0.23782 0.03111 0.25502 0.0980 0.1255 0.1529
v 0.23242 0.04742 -0.06091 0.4227 0.4557 0.4784
v 0.23519 0.04857 -0.04573 0.2536 0.2919 0.3207
v 0.23252 0.05146 -0.03000 0.2373 0.2737 0.3048
v 0.23033 0.05221 -0.01599 0.1475 0.1869 0.2245
v 0.23196 0.04998 -0.00066 0.1219 0.1608 0.2027
v 0.23183 0.05382 0.01297 0.1220 0.1544 0.1983
v 0.23920 0.05509 0.02801 0.1239 0.1506 0.1954
v 0.23536 0.05658 0.04705 0.1294 0.1673 0.2062
v 0.23507 0.05244 0.05959 0.1286 0.1663 0.2078
v 0.23587 0.05079 0.07390 0.1438 0.1895 0.2314
v 0.23254 0.05039 0.09256 0.1118 0.1392 0.1804
v 0.23637 0.04893 0.10288 0.0797 0.1033 0.1438
v 0.23539 0.04893 0.11693 0.1124 0.1438 0.1830
v 0.23569 0.04686 0.13153 0.1046 0.1281 0.1752
v 0.22789 0.06601 -0.02732 0.1545 0.1922 0.2345
v 0.22792 0.06425 -0.01655 0.1315 0.1686 0.2066
v 0.23034 0.06789 0.01272 0.1246 0.1623 0.2039
v 0.23728 0.06929 0.03027 0.1340 0.1669 0.2168
v 0.23511 0.06661 0.04127 0.1347 0.1735 0.2176
v 0.22973 0.07641 0.02790 0.1490 0.1902 0.2510
v 0.22747 0.07615 0.03712 0.1412 0.1882 0.2431
v 0.24751 0.00221 -0.30694 0.5791 0.5725 0.5098
v 0.24974 0.00312 -0.28724 0.5498 0.5412 0.4824
v 0.24778 0.00631 -0.27158 0.2959 0.3059 0.2813
v 0.25065 0.00902 -0.25862 0.2181 0.2358 0.2444
v 0.25068 0.01290 -0.24269 0.3324 0.3623 0.3833
v 0.25307 0.01361 -0.22941 0.2967 0.3386 0.3516
v 0.25523 0.01459 -0.21600 0.0647 0.1000 0.1353
v 0.24366 0.01728 -0.22242 0.1412 0.1725 0.2157
v 0.24696 0.01835 -0.21184 0.1553 0.1851 0.2220
v 0.25061 0.01985 -0.19876 0.2490 0.2758 0.3131
v 0.24952 0.02253 -0.18297 0.5399 0.5654 0.5712
v 0.25132 0.02403 -0.16475 0.4294 0.4637 0.4735
v 0.25129 0.02546 -0.15112 0.2706 0.3098 0.3333
v 0.24858 0.02873 -0.13505 0.1619 0.1955 0.2297
v 0.25176 0.02967 -0.12453 0.1404 0.1780 0.2118
v 0.25023 0.03015 0.25876 0.1333 0.1549 0.1882
v 0.25199 0.02720 0.27419 0.1864 0.2093 0.2357
v 0.24823 0.02622 0.28463 0.3113 0.3343 0.3480
v 0.24887 0.02506 0.30032 0.1569 0.1765 0.1974
v 0.25152 0.02502 0.31183 0.2000 0.2196 0.2314
v 0.24680 0.03275 -0.12016 0.1725 0.2094 0.2353
v 0.24979 0.03636 -0.10736 0.2281 0.2648 0.2955
v 0.25267 0.03846 -0.09251 0.1880 0.2242 0.2584
v 0.25287 0.03931 -0.07947 0.3072 0.3486 0.3773
v 0.25221 0.04207 -0.06107 0.1833 0.2206 0.2627
v 0.25000 0.04455 -0.04776 0.1794 0.2108 0.2480
v 0.25257 0.04447 -0.03191 0.1582 0.1895 0.2275
v 0.25380 0.04446 -0.01557 0.1549 0.1902 0.2255
v 0.25386 0.04471 -0.00179 0.1382 0.1676 0.2059
v 0.25768 0.04531 0.01211 0.1373 0.1725 0.2078
v 0.25462 0.04534 0.09471 0.0784 0.0941 0.1294
v 0.25470 0.04497 0.10625 0.1020 0.1255 0.1660
v 0.25563 0.04514 0.11704 0.1020 0.1294 0.1686
v 0.25123 0.04287 0.13620 0.1170 0.1484 0.1863
v 0.25145 0.03853 0.15158 0.1059 0.1359 0.1758
v 0.25074 0.03486 0.16507 0.1147 0.1441 0.1824
v 0.24970 0.03177 0.18130 0.1663 0.2094 0.2557
v 0.25450 0.03074 0.19452 0.2157 0.2667 0.3020
v 0.25309 0.03070 0.21448 0.1922 0.2431 0.2882
v 0.25088 0.03124 0.24282 0.1399 0.1817 0.2196
v 0.25039 0.03079 0.25189 0.1000 0.1235 0.1549
v 0.24305 0.04589 -0.05667 0.4980 0.5176 0.5412
v 0.24638 0.04601 -0.04470 0.4065 0.4405 0.4654
v 0.24571 0.04638 -0.03035 0.4627 0.4902 0.5216
v 0.24481 0.04656 -0.02095 0.3529 0.3843 0.4078
v 0.24494 0.04633 -0.00104 0.1716 0.2000 0.2382
v 0.24871 0.04738 0.01486 0.1451 0.1860 0.2319
v 0.24983 0.05064 0.03242 0.1409 0.1846 0.2265
v 0.24708 0.05404 0.04372 0.1162 0.1529 0.1922
v 0.25074 0.04980 0.06155 0.1749 0.2306 0.2792
v 0.24956 0.04923 0.07278 0.1608 0.2157 0.2549
v 0.24860 0.04719 0.08917 0.0706 0.0980 0.1294
v 0.24770 0.04682 0.10584 0.0892 0.1167 0.1559
v 0.24808 0.04638 0.12238 0.1137 0.1392 0.1824
v 0.24279 0.06285 0.03644 0.1216 0.1608 0.2000
v 0.24349 0.06101 0.03804 0.1333 0.1725 0.2118
v 0.26273 0.00107 -0.30446 0.5712 0.5621 0.5007
v 0.26458 0.00147 -0.28828 0.5427 0.5341 0.4753
v 0.26532 0.00269 -0.27234 0.5498 0.5380 0.4800
v 0.26235 0.00461 -0.25811 0.5035 0.4973 0.4439
v 0.26456 0.00681 -0.24538 0.3162 0.3258 0.2936
v 0.26541 0.00909 -0.22796 0.2161 0.2296 0.2353
v 0.26665 0.01244 -0.21261 0.2887 0.3206 0.3402
v 0.26993 0.01382 -0.19883 0.2735 0.3098 0.3333
v 0.26027 0.01678 -0.19961 0.1196 0.1549 0.1902
v 0.26562 0.01798 -0.18268 0.1229 0.1556 0.1922
v 0.26466 0.02034 -0.16721 0.3784 0.4088 0.4353
v 0.26612 0.02163 -0.15417 0.4480 0.4804 0.4892
v 0.26725 0.02343 -0.13799 0.3760 0.4123 0.4103
v 0.26851 0.02506 -0.12421 0.1778 0.2144 0.2327
v 0.26700 0.02749 -0.10865 0.0855 0.1208 0.1608
v 0.26703 0.02953 -0.09664 0.2990 0.3412 0.3618
v 0.26698 0.02932 0.24420 0.0941 0.1150 0.1379
v 0.26700 0.02673 0.25760 0.1367 0.1566 0.1882
v 0.26575 0.02401 0.27005 0.1352 0.1564 0.1823
v 0.26436 0.02189 0.28665 0.1363 0.1539 0.1706
v 0.26738 0.01921 0.29967 0.2971 0.3078 0.2941
v 0.26394 0.02124 0.31182 0.2654 0.2784 0.2719
v 0.25929 0.03118 -0.10424 0.1804 0.2196 0.2353
v 0.26265 0.03264 -0.09089 0.1732 0.2084 0.2407
v 0.26366 0.03493 -0.07807 0.1935 0.2309 0.2723
v 0.26508 0.03729 -0.06170 0.2537 0.2899 0.3176
v 0.26670 0.03870 -0.04801 0.2477 0.2843 0.3111
v 0.26623 0.04065 -0.03286 0.1514 0.1812 0.2165
v 0.26669 0.04175 -0.01757 0.1216 0.1482 0.1843
v 0.26705 0.04226 -0.00367 0.1307 0.1569 0.1935
v 0.26811 0.04295 0.01605 0.1261 0.1546 0.1933
v 0.26877 0.04483 0.03024 0.1078 0.1451 0.1804
v 0.27178 0.04480 0.03847 0.0980 0.1373 0.1725
v 0.27156 0.04502 0.06722 0.1020 0.1294 0.1686
v 0.26973 0.04431 0.07813 0.1059 0.1333 0.1725
v 0.26653 0.04323 0.08949 0.1203 0.1458 0.1804
v 0.26535 0.04276 0.10357 0.1255 0.1569 0.1954
v 0.26721 0.04199 0.12121 0.1378 0.1686 0.2095
v 0.26507 0.03968 0.13701 0.1025 0.1328 0.1703
v 0.26547 0.03701 0.14935 0.1278 0.1584 0.1961
v 0.26526 0.03364 0.16594 0.1111 0.1412 0.1791
v 0.26900 0.03172 0.18022 0.0745 0.1137 0.1529
v 0.26498 0.03102 0.19786 0.2216 0.2696 0.3049
v 0.26862 0.03071 0.21365 0.2039 0.2549 0.3176
v 0.26326 0.03074 0.22844 0.2026 0.2536 0.3098
v 0.26111 0.03091 0.23763 0.2170 0.2575 0.2980
v 0.26061 0.04714 0.02815 0.1542 0.2007 0.2464
v 0.26555 0.04772 0.04467 0.1507 0.1972 0.2459
v 0.26217 0.04814 0.06126 0.1522 0.2000 0.2455
v 0.26170 0.04669 0.07437 0.1167 0.1500 0.1882
v 0.28084 0.00015 -0.30731 0.5902 0.5725 0.5157
v 0.28008 0.00064 -0.28743 0.5843 0.5608 0.5000
v 0.28273 0.00156 -0.27190 0.5778 0.5582 0.5020
v 0.28074 0.00333 -0.25971 0.5373 0.5255 0.4647
v 0.27834 0.00421 -0.24195 0.5778 0.5647 0.5098
v 0.27852 0.00432 -0.22718 0.5676 0.5559 0.5029
v 0.27899 0.00700 -0.21165 0.3235 0.3281 0.3131
v 0.28029 0.01069 -0.19894 0.1608 0.1798 0.2011
v 0.28065 0.01329 -0.18463 0.1399 0.1725 0.1941
v 0.28422 0.01404 -0.16876 0.2424 0.2745 0.2863
v 0.28614 0.01462 -0.16012 0.0039 0.0314 0.0549
v 0.27438 0.01635 -0.17626 0.1098 0.1451 0.1804
v 0.27759 0.01717 -0.16444 0.0843 0.1118 0.1471
v 0.28104 0.01773 -0.15403 0.0706 0.1007 0.1373
v 0.28077 0.02023 -0.13811 0.2463 0.2737 0.2996
v 0.27995 0.02189 -0.12209 0.4711 0.5053 0.5048
v 0.27977 0.02334 -0.10752 0.3314 0.3595 0.3758
v 0.27936 0.02726 -0.09059 0.1608 0.1914 0.2225
v 0.28261 0.02872 -0.07794 0.2379 0.2641 0.2980
v 0.28640 0.03031 0.19781 0.2039 0.2745 0.3294
v 0.28634 0.02973 0.21325 0.1647 0.2118 0.2569
v 0.28032 0.02933 0.22701 0.1203 0.1510 0.1837
v 0.28052 0.02610 0.24383 0.1048 0.1269 0.1540
v 0.28034 0.02245 0.25729 0.1404 0.1605 0.1882
v 0.27729 0.02053 0.27039 0.1157 0.1338 0.1608
v 0.28005 0.01803 0.28844 0.3427 0.3506 0.3263
v 0.27728 0.01844 0.30218 0.3216 0.3333 0.3059
v 0.28355 0.01963 0.31183 0.3431 0.3510 0.3431
v 0.27631 0.03074 -0.07544 0.4810 0.5163 0.5281
v 0.28080 0.03143 -0.06040 0.2651 0.2957 0.3110
v 0.27865 0.03330 -0.04520 0.2216 0.2549 0.2796
v 0.27931 0.03496 -0.03159 0.2032 0.2333 0.2603
v 0.28066 0.03672 -0.01654 0.1888 0.2166 0.2446
v 0.27939 0.03876 -0.00133 0.1728 0.2018 0.2324
v 0.27903 0.03946 0.01217 0.1319 0.1608 0.1996
v 0.28016 0.04068 0.02852 0.1187 0.1465 0.1875
v 0.28210 0.04122 0.04567 0.1216 0.1500 0.1902
v 0.28314 0.04136 0.06018 0.1199 0.1479 0.1882
v 0.28186 0.04147 0.07444 0.1270 0.1544 0.1936
v 0.28019 0.04051 0.08867 0.1053 0.1266 0.1580
v 0.27976 0.03906 0.10598 0.0824 0.1098 0.1392
v 0.27980 0.03838 0.11994 0.0997 0.1317 0.1641
v 0.27926 0.03609 0.13596 0.1169 0.1451 0.1875
v 0.28214 0.03313 0.14900 0.1004 0.1278 0.1671
v 0.28247 0.03122 0.16499 0.0824 0.1145 0.1529
v 0.27819 0.03150 0.18176 0.1608 0.2020 0.2431
v 0.27747 0.03093 0.19903 0.1882 0.2510 0.3098
v 0.27341 0.03105 0.20552 0.2000 0.2471 0.3020
v 0.29916 0.00010 -0.30672 0.5353 0.5176 0.4608
v 0.29430 0.00043 -0.29277 0.5882 0.5647 0.5072
v 0.29313 0.00173 -0.27254 0.5667 0.5500 0.4931
v 0.29500 0.00310 -0.26020 0.5404 0.5302 0.4675
v 0.29327 0.00321 -0.24507 0.5882 0.5706 0.5137
v 0.29528 0.00307 -0.23165 0.5824 0.5588 0.5098
v 0.29669 0.00353 -0.21187 0.5608 0.5471 0.4941
v 0.29486 0.00469 -0.19680 0.5634 0.5516 0.4961
v 0.29447 0.00825 -0.18365 0.2228 0.2341 0.2302
v 0.29676 0.01197 -0.16816 0.3719 0.3979 0.4163
v 0.29498 0.01391 -0.15266 0.2973 0.3325 0.3380
v 0.30022 0.01470 -0.14248 0.1294 0.1647 0.1843
v 0.28916 0.01679 -0.14572 0.0314 0.0667 0.1020
v 0.29451 0.01683 -0.13841 0.2706 0.3046 0.3229
v 0.29458 0.01862 -0.12336 0.2373 0.2637 0.2892
v 0.29460 0.01967 -0.10853 0.3696 0.3980 0.4157
v 0.29647 0.02142 -0.09095 0.5242 0.5529 0.5595
v 0.29606 0.02408 -0.07613 0.3882 0.4149 0.4306
v 0.29438 0.02672 -0.06300 0.1922 0.2216 0.2451
v 0.29462 0.02802 -0.04867 0.1765 0.2024 0.2314
v 0.29804 0.02778 -0.03185 0.1678 0.1898 0.2220
v 0.29732 0.02909 -0.01659 0.1549 0.1784 0.2098
v 0.30134 0.02927 0.00356 0.1373 0.1647 0.2039
v 0.29482 0.02982 0.15325 0.0954 0.1203 0.1621
v 0.29549 0.02873 0.16552 0.1898 0.2337 0.2863
v 0.29707 0.02824 0.18119 0.1761 0.2175 0.2645
v 0.29669 0.02851 0.19594 0.1275 0.1686 0.2118
v 0.29856 0.02769 0.21248 0.1176 0.1460 0.1804
v 0.29735 0.02523 0.22885 0.1187 0.1470 0.1779
v 0.29448 0.02221 0.24125 0.1248 0.1521 0.1835
v 0.29385 0.01911 0.25473 0.1137 0.1327 0.1647
v 0.29645 0.01691 0.26852 0.1196 0.1412 0.1745
v 0.29390 0.01733 0.29035 0.3765 0.3804 0.3490
v 0.29807 0.01707 0.29572 0.4039 0.4000 0.3804
v 0.30080 0.01833 0.31183 0.3843 0.3922 0.3725
v 0.28865 0.03058 -0.04351 0.2196 0.2392 0.2549
v 0.29011 0.03132 -0.02745 0.2294 0.2588 0.2765
v 0.29146 0.03179 -0.01721 0.3255 0.3608 0.3706
v 0.29350 0.03193 -0.00014 0.2162 0.2437 0.2633
v 0.29489 0.03299 0.01414 0.1872 0.2100 0.2349
v 0.29437 0.03457 0.02780 0.1129 0.1380 0.1765
v 0.29594 0.03542 0.04385 0.0967 0.1163 0.1497
v 0.29589 0.03645 0.05856 0.1154 0.1384 0.1773
v 0.29630 0.03638 0.07449 0.0902 0.1087 0.1406
v 0.29756 0.03463 0.09026 0.1222 0.1529 0.1810
v 0.29823 0.03365 0.10539 0.0878 0.1169 0.1435
v 0.29735 0.03283 0.12304 0.0895 0.1248 0.1523
v 0.29556 0.03189 0.13745 0.0980 0.1275 0.1618
v 0.28815 0.03045 0.18211 0.2157 0.2706 0.3216
v 0.31115 0.00017 -0.30658 0.5333 0.5216 0.4627
v 0.31285 0.00086 -0.28671 0.5578 0.5343 0.4794
v 0.31177 0.00213 -0.27615 0.5407 0.5312 0.4710
v 0.30912 0.00303 -0.26354 0.5706 0.5471 0.4961
v 0.31031 0.00371 -0.24518 0.5627 0.5510 0.4980
v 0.31298 0.00439 -0.22900 0.5634 0.5529 0.4980
v 0.31461 0.00584 -0.21436 0.5216 0.5150 0.4634
v 0.31205 0.00661 -0.19793 0.5327 0.5261 0.4771
v 0.31037 0.00817 -0.18334 0.2931 0.3059 0.2863
v 0.30699 0.00948 -0.16951 0.1725 0.1987 0.2052
v 0.30624 0.01268 -0.15355 0.3618 0.3794 0.3961
v 0.30706 0.01486 -0.13428 0.1843 0.2039 0.2157
v 0.31414 0.01492 0.25920 0.1961 0.2235 0.2627
v 0.31513 0.01492 0.27274 0.1941 0.2216 0.2608
v 0.31743 0.01515 0.29456 0.4353 0.4431 0.4235
v 0.31007 0.01659 -0.10650 0.1294 0.1647 0.1974
v 0.30395 0.01909 -0.09531 0.1451 0.1725 0.2118
v 0.31123 0.01816 -0.07877 0.1598 0.1853 0.2167
v 0.30884 0.02153 -0.05962 0.5706 0.5941 0.5941
v 0.31134 0.02192 -0.04704 0.5425 0.5660 0.5712
v 0.31045 0.02338 -0.03216 0.4000 0.4209 0.4301
v 0.30895 0.02534 -0.01845 0.2439 0.2698 0.2910
v 0.31077 0.02551 -0.00195 0.3500 0.3696 0.3853
v 0.31150 0.02732 0.01613 0.1425 0.1608 0.1974
v 0.31127 0.02892 0.03478 0.1196 0.1471 0.1863
v 0.31533 0.02858 0.04483 0.1007 0.1150 0.1529
v 0.31559 0.02955 0.06137 0.1157 0.1333 0.1627
v 0.31684 0.02945 0.07387 0.0863 0.1059 0.1294
v 0.31571 0.02984 0.08457 0.0863 0.0980 0.1255
v 0.31544 0.02942 0.10262 0.0536 0.0641 0.0824
v 0.31348 0.02925 0.12344 0.0863 0.1098 0.1425
v 0.31133 0.02858 0.13868 0.1122 0.1459 0.1867
v 0.31070 0.02806 0.15030 0.1464 0.1843 0.2359
v 0.31070 0.02693 0.16635 0.1513 0.1826 0.2314
v 0.31023 0.02558 0.18077 0.1039 0.1294 0.1681
v 0.31253 0.02399 0.19676 0.0966 0.1194 0.1561
v 0.31106 0.02336 0.21085 0.1166 0.1458 0.1840
v 0.31017 0.02014 0.22610 0.1286 0.1548 0.1942
v 0.30903 0.01773 0.23806 0.1124 0.1333 0.1752
v 0.30818 0.01602 0.25670 0.1431 0.1588 0.2020
v 0.30582 0.01619 0.27646 0.2039 0.2353 0.2471
v 0.30501 0.01599 0.29225 0.4667 0.4667 0.4275
v 0.30890 0.01630 0.30115 0.4510 0.4529 0.4373
v 0.31057 0.01610 0.31183 0.3229 0.3359 0.3320
v 0.30526 0.03120 0.03389 0.1294 0.1647 0.2000
v 0.30538 0.03184 0.04555 0.1578 0.1873 0.2235
v 0.30770 0.03185 0.06301 0.1588 0.1951 0.2245
v 0.30729 0.03216 0.07311 0.1408 0.1675 0.2047
v 0.30847 0.03160 0.09023 0.0637 0.0706 0.0941
v 0.30743 0.03098 0.10430 0.0693 0.0941 0.1203
v 0.30606 0.03081 0.11949 0.0686 0.1000 0.1294
v 0.30337 0.03093 0.13051 0.0902 0.1255 0.1529
v 0.32501 0.00074 -0.30763 0.5320 0.5163 0.4667
v 0.32667 0.00103 -0.28591 0.5239 0.5137 0.4518
v 0.32861 0.00309 -0.27350 0.5506 0.5361 0.4878
v 0.32234 0.00419 -0.25665 0.5490 0.5363 0.4833
v 0.32271 0.00517 -0.24366 0.5435 0.5318 0.4824
v 0.32114 0.00626 -0.23047 0.4830 0.4745 0.4307
v 0.32698 0.01430 0.22800 0.1490 0.1765 0.2157
v 0.32027 0.01443 0.24567 0.1961 0.2314 0.2667
v 0.32297 0.01435 0.25755 0.2078 0.2353 0.2745
v 0.33276 0.01304 0.26709 0.2157 0.2431 0.2745
v 0.32711 0.01427 0.29330 0.2196 0.2471 0.2863
v 0.32423 0.01718 -0.05903 0.0843 0.1118 0.1510
v 0.32542 0.01769 -0.05018 0.0510 0.0784 0.1176
v 0.32887 0.01821 -0.03380 0.1085 0.1137 0.1542
v 0.32521 0.02050 -0.01495 0.4990 0.5029 0.5176
v 0.33064 0.02031 0.00179 0.5088 0.5265 0.5206
v 0.32293 0.02350 0.01770 0.5059 0.5268 0.5111
v 0.32332 0.02492 0.03114 0.3059 0.3235 0.3294
v 0.32877 0.02491 0.04163 0.2353 0.2549 0.2637
v 0.32753 0.02626 0.05895 0.1043 0.1263 0.1569
v 0.32753 0.02714 0.07633 0.0804 0.0980 0.1275
v 0.32364 0.02826 0.08844 0.0824 0.0925 0.1192
v 0.32529 0.02785 0.10971 0.1765 0.2314 0.2824
v 0.32386 0.02836 0.12124 0.1059 0.1353 0.1725
v 0.32638 0.02774 0.13578 0.1987 0.2458 0.2980
v 0.32990 0.02662 0.15018 0.2565 0.3051 0.3733
v 0.32672 0.02404 0.16643 0.0938 0.1193 0.1601
v 0.32659 0.02096 0.18166 0.1150 0.1425 0.1775
v 0.32394 0.02001 0.19587 0.1187 0.1449 0.1813
v 0.32415 0.01776 0.21021 0.1039 0.1314 0.1706
v 0.32233 0.01624 0.22201 0.1088 0.1363 0.1755
v 0.31851 0.01554 0.23752 0.1059 0.1333 0.1725
v 0.32860 0.01552 0.31183 0.2902 0.3059 0.3098
v 0.34380 0.00295 -0.30219 0.5098 0.4967 0.4438
v 0.33864 0.00291 -0.28816 0.5052 0.4915 0.4412
v 0.33500 0.00347 -0.27784 0.5150 0.4993 0.4523
v 0.34485 0.01460 0.18554 0.0889 0.1072 0.1346
v 0.34356 0.01382 0.19718 0.1206 0.1451 0.1794
v 0.33999 0.01333 0.21172 0.1757 0.2047 0.2400
v 0.34035 0.01239 0.24155 0.2176 0.2451 0.2765
v 0.34281 0.01316 0.27873 0.2235 0.2588 0.2941
v 0.33551 0.01828 -0.01526 0.0980 0.1059 0.1569
v 0.34291 0.01729 -0.00206 0.0990 0.1225 0.1588
v 0.34185 0.01872 0.01597 0.2792 0.3027 0.3247
v 0.34098 0.02018 0.03278 0.4654 0.4784 0.4784
v 0.33825 0.02264 0.04777 0.4261 0.4444 0.4444
v 0.33981 0.02335 0.06087 0.3741 0.3953 0.3992
v 0.34062 0.02455 0.07663 0.1773 0.2078 0.2471
v 0.34273 0.02546 0.09105 0.1873 0.2314 0.2873
v 0.33994 0.02653 0.10276 0.1843 0.2314 0.2824
v 0.33931 0.02722 0.11977 0.1922 0.2392 0.2941
v 0.34141 0.02650 0.13628 0.2102 0.2635 0.3200
v 0.34370 0.02424 0.15168 0.1695 0.2009 0.2444
v 0.34108 0.02109 0.16475 0.1140 0.1417 0.1791
v 0.33729 0.01788 0.17905 0.1132 0.1343 0.1632
v 0.33465 0.01616 0.19445 0.1072 0.1242 0.1556
v 0.33942 0.01548 0.31182 0.3490 0.3569 0.3529
v 0.35670 0.00532 -0.31181 0.4941 0.4784 0.4314
v 0.35959 0.01321 0.17038 0.1067 0.1318 0.1702
v 0.35623 0.01203 0.18081 0.1467 0.1757 0.2110
v 0.35516 0.01117 0.19612 0.1869 0.2170 0.2510
v 0.35294 0.01111 0.21133 0.2529 0.2804 0.3118
v 0.35562 0.01111 0.22691 0.2118 0.2392 0.2627
v 0.35393 0.01132 0.24631 0.2196 0.2353 0.2706
v 0.34907 0.01688 0.01640 0.0941 0.1216 0.1529
v 0.35140 0.01743 0.02956 0.1150 0.1386 0.1765
v 0.35488 0.01775 0.04450 0.1004 0.1184 0.1525
v 0.35726 0.01860 0.06038 0.2367 0.2524 0.2724
v 0.35909 0.01993 0.07362 0.3482 0.3627 0.3753
v 0.35600 0.02326 0.08929 0.2935 0.3242 0.3477
v 0.35514 0.02495 0.10546 0.1863 0.2333 0.2882
v 0.35603 0.02584 0.12098 0.1863 0.2304 0.2843
v 0.35768 0.02478 0.13770 0.2131 0.2514 0.3007
v 0.35845 0.02044 0.15192 0.1333 0.1614 0.1991
v 0.35441 0.01733 0.16435 0.1298 0.1572 0.1932
v 0.37532 0.01411 0.15316 0.1373 0.1647 0.2039
v 0.37061 0.01183 0.16504 0.1426 0.1701 0.2093
v 0.37177 0.00914 0.17849 0.1935 0.2183 0.2556
v 0.37017 0.00939 0.19325 0.1863 0.2137 0.2490
v 0.36718 0.01002 0.21030 0.1856 0.2157 0.2510
v 0.37448 0.01162 0.24664 0.2039 0.2353 0.2784
v 0.36486 0.01863 0.07835 0.2418 0.2510 0.2850
v 0.36887 0.01914 0.09030 0.3101 0.3222 0.3406
v 0.37080 0.02167 0.10438 0.3201 0.3469 0.3708
v 0.37388 0.02223 0.11977 0.2859 0.3173 0.3340
v 0.37315 0.02090 0.13577 0.1614 0.1919 0.2320
v 0.37108 0.01708 0.15060 0.1674 0.1980 0.2355
v 0.39161 0.01492 0.12669 0.1373 0.1765 0.1843
v 0.38690 0.01434 0.13703 0.1539 0.1868 0.2186
v 0.38454 0.01214 0.15074 0.1181 0.1442 0.1795
v 0.38535 0.00982 0.16377 0.1780 0.2071 0.2439
v 0.38949 0.00871 0.17907 0.2029 0.2363 0.2716
v 0.38828 0.01055 0.20617 0.1961 0.2314 0.2588
v 0.38143 0.01908 0.12228 0.1603 0.1882 0.2244
v 0.38162 0.01692 0.13170 0.1485 0.1697 0.2034
v 0.38033 0.01529 0.14415 0.1059 0.1333 0.1725
v 0.40326 0.01348 0.12463 0.1157 0.1392 0.1667
v 0.40118 0.01225 0.13560 0.1307 0.1477 0.1817
v 0.40147 0.01068 0.15067 0.0719 0.0850 0.1176
v 0.40355 0.00992 0.16693 0.0824 0.1059 0.1333
v 0.39868 0.01587 0.11644 0.1373 0.1673 0.1895
v 0.41366 0.01511 0.11124 0.1020 0.1294 0.1608
v 0.42039 0.01375 0.12338 0.1196 0.1314 0.1667
v 0.41404 0.01203 0.14054 0.0863 0.0980 0.1451
v 0.41892 0.01137 0.15220 0.1137 0.1294 0.1725
v 0.41388 0.01052 0.17485 0.0922 0.1235 0.1529
v 0.41377 0.01876 0.09999 0.1902 0.2176 0.2412
v 0.43024 0.01460 0.12750 0.4510 0.4627 0.4902
v 0.43163 0.01367 0.13430 0.1255 0.1373 0.1725
v 0.43450 0.01382 0.14629 0.2549 0.2706 0.3059
v 0.43752 0.02010 0.08203 0.3216 0.3412 0.3529
v 0.43349 0.01819 0.09317 0.3098 0.3294 0.3451
v 0.42909 0.01581 0.10776 0.3255 0.3451 0.3608
v 0.44210 0.01435 0.14500 0.4431 0.4627 0.4784
v 0.44267 0.01781 0.09225 0.3373 0.3569 0.3686
v 0.44110 0.01662 0.11113 0.4471 0.4667 0.4824
v 0.44529 0.01661 0.11800 0.4941 0.5137 0.5294
v 0.44785 0.01583 0.12902 0.3941 0.4176 0.4412
v 0.46560 0.02086 0.06496 0.2980 0.3216 0.3216
v 0.45832 0.01915 0.08526 0.4196 0.4392 0.4510
v 0.46164 0.01860 0.10229 0.4745 0.4902 0.4941
v 0.46384 0.01764 0.11796 0.4353 0.4510 0.4719
v 0.47406 0.02150 0.05976 0.1843 0.2196 0.2471
v 0.47708 0.02136 0.07332 0.3196 0.3431 0.3569
v 0.48127 0.02081 0.08943 0.4490 0.4647 0.4765
v 0.47885 0.01935 0.10659 0.4824 0.4863 0.4941
v 0.49226 0.02275 0.05685 0.3000 0.3431 0.3078
v 0.49361 0.02150 0.08672 0.3373 0.3725 0.3529
v 0.51505 0.02492 0.03461 0.2980 0.3490 0.3137
v 0.50791 0.02363 0.06330 0.3196 0.3804 0.3157
v 0.50576 0.02320 0.07296 0.3294 0.3843 0.3294
v 0.52451 0.02550 0.04026 0.3529 0.4059 0.3647
v 0.52901 0.02535 0.05318 0.2980 0.3608 0.3098
v 0.53869 0.02662 0.03732 0.3255 0.3804 0.3294
v 0.55144 0.02805 0.01612 0.4118 0.4497 0.4261
v 0.55042 0.02779 0.02536 0.4510 0.4941 0.4765
v 0.56560 0.02991 0.00204 0.4059 0.4510 0.4392
v 0.56405 0.02940 0.01275 0.4627 0.4980 0.4941
v 0.57383 0.03203 -0.01629 0.4209 0.4627 0.4458
v 0.57210 0.03078 -0.00071 0.4026 0.4418 0.4379
v 0.58770 0.03655 -0.03350 0.4401 0.4840 0.4630
v 0.58330 0.03322 -0.01834 0.4336 0.4723 0.4471
v 0.58198 0.03187 -0.00573 0.4667 0.5098 0.4863
v 0.60502 0.04371 -0.05710 0.1328 0.1826 0.1658
v 0.59543 0.04083 -0.04520 0.2797 0.3488 0.3165
v 0.60269 0.03877 -0.02898 0.3044 0.3555 0.3434
v 0.59634 0.03458 -0.02005 0.3794 0.4196 0.3971
v 0.60644 0.05265 -0.07004 0.0627 0.1039 0.0941
v 0.60248 0.05153 -0.06141 0.2027 0.2759 0.2516
v 0.59888 0.05235 -0.04651 0.1887 0.2511 0.2449
v 0.60543 0.05010 -0.03556 0.0683 0.1053 0.1087
v 0.60600 0.06279 -0.05782 0.2784 0.3490 0.3451
v 0.60635 0.06344 -0.04689 0.2654 0.3542 0.3477
v 0.60649 0.05717 -0.06917 0.0745 0.1216 0.1137
f 117 148 159
f 117 159 123
f 118 140 149
f 118 108 117
f 117 149 148
f 149 117 118
f 88 85 123
f 118 78 108
f 123 85 117
f 85 118 117
f 118 85 78
f 85 88 84
f 84 58 59
f 140 118 108
f 58 84 83
f 123 126 125
f 88 125 90
f 123 125 88
f 127 91 128
f 126 128 125
f 526 514 527
f 1557 1556 1445
f 1557 1678 1556
f 1679 1678 1557
f 1555 1556 1677
f 1677 1556 1678
f 1679 1557 1558
f 1558 1682 1679
f 1821 1822 2008
f 1826 2013 2008
f 1679 1682 1826
f 1679 1822 1678
f 1823 1679 1826
f 1826 2014 2013
f 2007 1821 2008
f 1823 1822 1679
f 1822 1823 1826
f 1678 1821 1677
f 1821 1678 1822
f 1822 1826 2008
f 1141 1063 1143
f 1143 1063 1242
f 1063 1142 1242
f 1063 1141 1142
f 1242 1142 1143
f 1063 1064 1141
f 714 748 747
f 748 714 715
f 800 782 801
f 782 820 801
f 821 820 782
f 821 783 841
f 839 840 879
f 878 877 838
f 878 839 879
f 880 879 841
f 880 925 879
f 879 924 923
f 970 923 924
f 924 971 970
f 969 922 923
f 969 970 984
f 982 983 934
f 985 970 971
f 984 970 985
f 879 923 878
f 924 879 925
f 1037 1038 1047
f 1038 1048 1047
f 879 840 841
f 1047 1048 1103
f 1037 1046 1036
f 983 984 1046
f 783 821 782
f 820 821 840
f 820 840 801
f 1036 1046 984
f 800 840 839
f 969 923 970
f 747 748 782
f 985 1036 984
f 984 983 969
f 1037 1036 985
f 922 969 983
f 1037 1047 1046
f 878 923 877
f 840 821 841
f 782 748 783
f 801 840 800
f 838 839 878
f 877 923 922
f 842 881 841
f 683 650 651
f 684 683 651
f 1038 1037 985
f 927 973 926
f 784 822 783
f 783 748 749
f 823 842 822
f 926 881 927
f 1048 1038 986
f 985 986 1038
f 987 972 973
f 971 925 926
f 749 748 715
f 926 972 971
f 842 841 821
f 986 985 971
f 784 823 822
f 972 986 971
f 972 987 986
f 715 750 749
f 842 843 881
f 971 924 925
f 973 972 926
f 882 881 843
f 925 880 881
f 881 880 841
f 715 684 750
f 683 684 715
f 881 926 925
f 882 927 881
f 749 784 783
f 821 822 842
f 822 821 783
f 749 750 784
f 4274 4273 4245
f 4196 4242 4243
f 4296 4273 4274
f 4246 4274 4245
f 4273 4244 4272
f 4245 4273 4272
f 4244 4242 4198
f 4243 4242 4244
f 4196 4198 4242
f 4244 4245 4272
f 4242 4244 4273
f 4274 4295 4273
f 4242 4194 4196
f 4182 4133 4183
f 3978 3922 3923
f 4185 4186 4236
f 4089 4088 4038
f 4181 4232 4180
f 4232 4181 4233
f 4234 4235 4233
f 3926 3927 3924
f 4038 4088 4037
f 3629 3749 3748
f 3749 3859 3748
f 4137 4185 4136
f 4184 4185 4235
f 4137 4088 4089
f 4133 4135 4183
f 4085 4134 4133
f 3859 3860 3857
f 4035 4085 4034
f 4137 4187 4185
f 3857 3858 3923
f 4138 4187 4137
f 4233 4181 4234
f 4135 4086 4087
f 3750 3749 3629
f 3629 3630 3750
f 3860 3858 3857
f 4232 4231 4180
f 4132 4084 4085
f 4181 4133 4182
f 4034 4084 4083
f 3982 3983 3984
f 3923 3926 3924
f 3927 3926 3861
f 4086 4135 4134
f 4188 4187 4138
f 4085 4035 4086
f 4182 4183 4234
f 3750 3859 3749
f 4033 3977 4034
f 4132 4180 4131
f 4138 4089 4090
f 4138 4139 4188
f 4235 4234 4184
f 4134 4085 4086
f 4086 4035 4036
f 4087 4136 4135
f 3860 3750 3751
f 4184 4183 4135
f 4132 4083 4084
f 4185 4187 4186
f 3977 3976 3921
f 3750 3630 3751
f 3926 3923 3860
f 3979 3923 3924
f 3979 3978 3923
f 3630 3631 3751
f 4185 4236 4184
f 4136 4185 4184
f 4033 4032 3976
f 3921 3922 3977
f 4089 4138 4137
f 3856 3747 3748
f 3926 3860 3861
f 3922 3856 3857
f 3856 3922 3921
f 4036 4035 3979
f 3978 4034 3977
f 4184 4234 4183
f 4235 4233 4266
f 4265 4266 4233
f 4135 4136 4184
f 4236 4235 4184
f 4033 3976 3977
f 4234 4181 4182
f 4137 4136 4088
f 3922 3978 3977
f 3981 3980 3927
f 4088 4087 4037
f 4232 4264 4231
f 3748 3628 3629
f 3859 3857 3856
f 3748 3859 3856
f 4264 4232 4265
f 4133 4181 4132
f 3631 3752 3751
f 4085 4133 4132
f 4236 4233 4235
f 3978 4035 4034
f 3982 3984 4040
f 3981 3928 3983
f 4086 4036 4087
f 3978 3979 4035
f 3982 3981 3983
f 4038 4039 4089
f 3923 3858 3860
f 4037 3981 3982
f 4084 4034 4085
f 3862 3927 3861
f 3979 3980 4036
f 4033 4034 4083
f 4040 4038 3982
f 4133 4134 4135
f 3981 4037 3980
f 3981 3927 3928
f 3860 3751 3861
f 4083 4132 4131
f 3750 3860 3859
f 3923 3922 3857
f 4037 4036 3980
f 4180 4132 4181
f 4037 3982 4038
f 4039 4038 4040
f 3979 3924 3925
f 4037 4087 4036
f 3863 3927 3862
f 3927 3863 3928
f 3927 3925 3924
f 3925 3927 3980
f 3751 3752 3861
f 4265 4232 4233
f 3980 3979 3925
f 4088 4136 4087
f 3752 3862 3861
f 4375 4376 4380
f 4376 4372 4377
f 4372 4376 4371
f 4376 4381 4380
f 4376 4375 4371
f 4379 4375 4380
f 4383 4382 4379
f 4379 4380 4383
f 4378 4379 4384
f 4374 4375 4379
f 865 830 866
f 979 903 950
f 979 933 903
f 758 833 793
f 790 754 755
f 757 792 756
f 756 790 755
f 791 829 756
f 720 756 755
f 791 756 792
f 757 758 793
f 829 790 756
f 757 793 792
f 831 791 792
f 829 791 830
f 903 863 864
f 865 864 829
f 867 831 832
f 865 829 830
f 863 828 829
f 833 832 793
f 757 832 793
f 864 865 904
f 830 831 866
f 904 903 864
f 790 829 828
f 832 831 792
f 832 833 868
f 831 867 866
f 863 829 864
f 950 980 979
f 868 956 908
f 903 904 950
f 950 951 980
f 906 867 907
f 793 832 792
f 904 865 905
f 979 980 951
f 905 906 907
f 907 908 906
f 1014 957 1001
f 1014 956 957
f 955 909 957
f 907 908 955
f 909 1002 957
f 867 906 866
f 957 1002 1001
f 1032 979 951
f 956 955 957
f 956 909 908
f 955 954 907
f 908 909 955
f 904 952 951
f 904 979 950
f 979 951 950
f 755 754 719
f 719 720 755
f 867 832 868
f 1032 1031 979
f 954 905 907
f 951 979 904
f 865 866 905
f 907 868 908
f 866 906 905
f 907 867 868
f 956 868 833
f 830 791 831
f 1063 1003 1002
f 1141 1142 1143
f 1003 1064 1002
f 1141 1064 1142
f 1063 1002 1064
f 1003 1063 1064
f 1003 1141 1063
f 1063 1002 1142
f 135 134 175
f 176 175 134
f 176 139 175
f 175 171 135
f 139 181 176
f 207 171 175
f 175 176 181
f 139 146 181
f 146 139 106
f 175 181 180
f 180 207 175
f 180 211 207
f 1155 1156 1253
f 1154 1076 1155
f 1156 1157 1253
f 1157 1254 1253
f 1252 1154 1155
f 1250 1152 1153
f 1076 1075 1015
f 1015 1075 1074
f 1016 1076 1015
f 1153 1075 1154
f 1014 1015 1074
f 954 953 906
f 1155 1076 1156
f 906 953 905
f 952 905 953
f 952 904 905
f 1072 1071 1011
f 1071 1010 1011
f 905 954 906
f 1012 956 1013
f 1010 953 1011
f 957 1014 1013
f 1016 1015 959
f 957 910 911
f 1015 957 958
f 957 1013 956
f 910 957 956
f 958 957 911
f 957 1015 1014
f 1153 1074 1075
f 952 1010 1009
f 1071 1072 1151
f 1003 1001 1002
f 1074 1153 1152
f 955 956 1013
f 956 1002 1013
f 1141 1142 1002
f 1063 1141 1002
f 954 955 956
f 1063 956 1014
f 1002 956 1063
f 1002 1063 1014
f 1013 1014 956
f 1253 1252 1155
f 1014 1013 1002
f 1156 1076 1077
f 1075 1076 1154
f 1156 1077 1157
f 1012 1011 954
f 958 959 1015
f 955 956 1012
f 1151 1072 1152
f 1010 952 953
f 1012 1073 1072
f 1014 1073 1013
f 1002 956 1014
f 1002 1014 1001
f 1009 1010 1070
f 1152 1073 1074
f 1152 1072 1073
f 954 955 1012
f 1150 1070 1071
f 1073 1014 1074
f 1073 1012 1013
f 1150 1071 1151
f 1011 953 954
f 1072 1011 1012
f 1010 1071 1070
f 3311 3310 3314
f 3067 2818 3071
f 3072 3076 3073
f 3322 3323 3318
f 2818 3072 3071
f 3315 3311 3314
f 3067 2812 2818
f 3068 3314 3065
f 3071 3068 3067
f 3310 3062 3065
f 3310 3311 3486
f 3492 3489 3319
f 2823 3072 2818
f 3486 3311 3489
f 3314 3310 3065
f 3315 3489 3311
f 3314 3318 3315
f 3318 3314 3068
f 3318 3068 3072
f 3068 3065 3067
f 3065 3062 3061
f 3065 3061 2806
f 2806 3067 3065
f 3076 3077 3073
f 3077 3323 3322
f 3492 3319 3320
f 3073 3322 3318
f 3073 3077 3322
f 3320 3319 3323
f 3489 3490 3486
f 3323 3078 3326
f 3326 3324 3323
f 3323 3077 3078
f 3492 3320 3324
f 3489 3315 3319
f 3319 3315 3318
f 3078 3077 3326
f 3492 3490 3489
f 2824 3077 3076
f 3072 3073 3318
f 2824 2597 3077
f 2823 2597 2824
f 3323 3324 3320
f 3318 3323 3319
f 3492 3324 3494
f 3076 2823 2824
f 3495 3492 3494
f 3071 3072 3068
f 2823 3076 3072
f 2584 2817 2811
f 2823 2597 2827
f 2811 2806 2812
f 2591 2590 2584
f 2819 2824 2818
f 2384 2391 2390
f 2584 2818 2817
f 2584 2585 2818
f 2824 2823 2818
f 2817 2818 2812
f 2579 2584 2811
f 2812 2811 2817
f 2599 2392 2598
f 2393 2392 2599
f 2384 2584 2590
f 2599 2598 2593
f 2593 2393 2599
f 2598 2592 2593
f 2593 2823 2824
f 2585 2812 2818
f 2598 2391 2597
f 2592 2823 2593
f 2812 2585 2584
f 2812 3067 2806
f 2584 2818 2591
f 2591 2823 2592
f 2818 2823 2591
f 2812 2584 2811
f 2592 2598 2591
f 2590 2591 2385
f 2597 2591 2598
f 2391 2591 2597
f 2391 2385 2591
f 2391 2598 2392
f 2590 2385 2384
f 2384 2385 2391
f 2811 2812 2579
f 2584 2384 2583
f 2390 2591 2384
f 2591 2823 2822
f 2384 2591 2590
f 2822 2818 2584
f 2822 2823 2818
f 2590 2584 2583
f 2591 2822 2584
f 2583 2384 2590
f 2390 2197 2198
f 3498 3622 3624
f 3854 3853 3851
f 3620 3739 3740
f 3330 3499 3500
f 3615 3614 3735
f 3737 3735 3738
f 3617 3493 3492
f 3626 3627 3500
f 3745 3746 3626
f 3741 3740 3737
f 3613 3612 3614
f 3622 3621 3619
f 3618 3740 3737
f 3735 3614 3616
f 3746 3627 3626
f 3745 3744 3743
f 3851 3854 3852
f 3853 3743 3851
f 3744 3626 3625
f 3493 3619 3495
f 3499 3498 3625
f 3739 3619 3617
f 3497 3496 3622
f 3854 3743 3853
f 3617 3619 3493
f 3737 3740 3617
f 3616 3617 3737
f 3740 3739 3617
f 3621 3495 3619
f 3620 3742 3622
f 3615 3736 3617
f 3736 3737 3617
f 3622 3619 3620
f 3626 3500 3499
f 3499 3625 3626
f 3488 3613 3615
f 3485 3611 3613
f 3735 3736 3615
f 3745 3627 3746
f 3485 3613 3488
f 3611 3485 3610
f 3612 3613 3611
f 3854 3855 3745
f 3617 3618 3737
f 3481 3610 3485
f 3496 3621 3622
f 3626 3744 3745
f 3735 3616 3737
f 3624 3625 3498
f 3625 3624 3622
f 3620 3619 3739
f 3614 3615 3613
f 3740 3743 3742
f 3741 3738 3851
f 3737 3738 3741
f 3737 3736 3735
f 3622 3743 3742
f 3622 3744 3743
f 3621 3495 3324
f 3742 3740 3620
f 3740 3618 3739
f 3742 3741 3740
f 3621 3620 3619
f 3620 3621 3622
f 3744 3855 3743
f 3855 3854 3743
f 3620 3740 3619
f 3740 3739 3619
f 3741 3853 3851
f 3611 3610 3612
f 3743 3853 3741
f 3741 3743 3740
f 3743 3744 3623
f 3744 3625 3623
f 3742 3743 3623
f 3854 3745 3743
f 3500 3627 3330
f 3742 3623 3622
f 3497 3622 3498
f 3851 3743 3741
f 3741 3742 3743
f 3496 3495 3621
f 3623 3625 3622
f 1211 1128 1127
f 1211 1212 1216
f 1212 1217 1216
f 1211 1127 1205
f 1212 1129 1217
f 1129 1130 1217
f 1127 1128 1205
f 1128 1211 1205
f 2914 2919 3198
f 3198 3192 3193
f 3193 3192 3197
f 3198 2919 3197
f 3197 3192 3198
f 2688 2913 2908
f 2919 2918 3197
f 2909 3187 3188
f 2909 2914 2908
f 3193 2914 3198
f 2914 2909 2913
f 2913 2909 2908
f 2908 3187 2909
f 2919 2914 2913
f 2918 2919 2913
f 3193 3197 3436
f 3193 3437 3435
f 3435 3198 3194
f 3193 3434 3188
f 3434 3193 3435
f 3437 3193 3436
f 2922 2923 2918
f 3434 3188 3187
f 3433 3434 3187
f 2918 2923 3197
f 3434 3433 3188
f 3182 2909 3188
f 3187 2908 2914
f 3188 3433 3187
f 2914 3192 3187
f 3192 3188 3187
f 3193 3192 2914
f 2913 2692 2918
f 3188 3192 3193
f 1224 1315 1223
f 1316 1315 1224
f 1322 1315 1323
f 1227 1315 1322
f 1219 1218 1214
f 1316 1323 1315
f 1214 1218 1213
f 1316 1317 1323
f 1217 1213 1218
f 1222 1218 1223
f 1323 1317 1324
f 1217 1212 1213
f 1223 1315 1227
f 1218 1222 1217
f 4338 4333 4334
f 4338 4347 4346
f 4357 4359 4353
f 4350 4343 4346
f 4337 4342 4341
f 4353 4354 4357
f 4350 4354 4353
f 4353 4349 4350
f 4359 4362 4365
f 4351 4347 4348
f 4345 4350 4349
f 4357 4362 4359
f 4339 4347 4338
f 4332 4343 4342
f 4342 4345 4349
f 4349 4341 4342
f 4343 4350 4345
f 4339 4338 4334
f 4332 4331 4327
f 4337 4331 4332
f 4332 4342 4337
f 4345 4342 4343
f 4346 4343 4333
f 4332 4327 4343
f 4327 4333 4343
f 4327 4328 4333
f 4351 4350 4346
f 4351 4346 4347
f 4333 4338 4346
f 4348 4347 4339
f 4360 4361 4362
f 4348 4344 4352
f 4348 4352 4351
f 4358 4360 4361
f 4340 4344 4348
f 4355 4351 4352
f 4356 4358 4352
f 4361 4355 4358
f 4360 4364 4361
f 4361 4358 4356
f 4360 4355 4361
f 4354 4355 4360
f 4363 4360 4361
f 4360 4362 4357
f 4351 4355 4354
f 4363 4364 4360
f 4350 4351 4354
f 4357 4354 4360
f 4361 4364 4362
f 4352 4358 4355
f 173 174 209
f 209 179 173
f 174 203 209
f 209 203 210
f 253 282 252
f 191 208 221
f 208 191 178
f 178 191 190
f 174 168 169
f 178 209 208
f 168 173 132
f 179 209 178
f 208 209 221
f 221 209 222
f 177 178 190
f 254 222 238
f 191 221 190
f 282 253 283
f 190 221 220
f 238 239 254
f 239 268 254
f 254 268 267
f 267 284 254
f 253 254 283
f 221 253 252
f 283 284 267
f 284 283 254
f 222 254 221
f 221 254 253
f 252 220 221
f 204 234 233
f 239 210 240
f 222 209 238
f 205 204 202
f 233 240 204
f 205 234 204
f 202 204 201
f 174 204 203
f 174 201 204
f 240 210 204
f 203 204 210
f 174 169 201
f 169 170 201
f 209 210 239
f 209 239 238
f 173 168 174
f 228 227 195
f 190 228 195
f 195 189 190
f 170 202 201
f 232 202 235
f 138 132 173
f 144 178 177
f 132 169 168
f 235 232 263
f 3493 3617 3615
f 3616 3614 3613
f 3614 3610 3612
f 3492 3491 3490
f 3617 3492 3495
f 3490 3491 3615
f 3613 3490 3615
f 3494 3324 3495
f 3495 3494 3619
f 3495 3619 3617
f 3618 3617 3619
f 3613 3615 3616
f 3482 3478 3610
f 3492 3615 3491
f 3615 3492 3493
f 3618 3619 3739
f 3490 3613 3487
f 3482 3610 3481
f 3616 3615 3617
f 1305 1311 1304
f 1304 1311 1310
f 1316 1224 1223
f 1223 1218 1316
f 1214 1304 1310
f 1219 1214 1310
f 1218 1219 1309
f 1218 1309 1310
f 1310 1316 1218
f 1219 1310 1309
f 4373 4370 4368
f 4365 4367 4366
f 4370 4372 4369
f 4369 4372 4371
f 4370 4367 4365
f 4364 4363 4366
f 4370 4372 4367
f 4369 4371 4375
f 4369 4365 4370
f 4372 4373 4377
f 4372 4370 4373
f 4364 4366 4362
f 4366 4368 4364
f 4362 4366 4365
f 4373 4370 4377
f 4368 4370 4365
f 4366 4364 4365
f 4370 4368 4366
f 4365 4364 4368
f 3915 3916 3907
f 3906 3915 3907
f 3800 3799 3810
f 3800 3810 3811
f 3919 3918 3799
f 3918 3917 3798
f 3815 3809 3808
f 3799 3800 3919
f 3969 3908 3970
f 3814 3815 3808
f 3915 3796 3797
f 3916 3908 3907
f 3798 3917 3916
f 3969 3957 3894
f 3799 3918 3798
f 3970 3908 3909
f 3957 3893 3894
f 3809 3815 3810
f 3798 3797 3808
f 3798 3810 3799
f 3797 3798 3916
f 3798 3809 3810
f 3969 3894 3907
f 3970 3957 3969
f 3970 3958 3957
f 3907 3893 3906
f 3958 3970 3909
f 3908 3916 3909
f 3957 3894 3907
f 3893 3907 3894
f 3808 3809 3798
f 3916 3917 3909
f 3915 3797 3916
f 3957 3956 3893
f 3907 3908 3969
f 3936 3937 3871
f 3870 3936 3871
f 3871 3937 3872
f 3992 3993 3936
f 3937 3936 3872
f 3935 3887 3888
f 3888 3869 3935
f 3870 3935 3869
f 3935 3870 3936
f 3888 3869 3936
f 3936 3935 3992
f 3935 3936 3869
f 3887 3935 3869
f 3888 3936 3870
f 3869 3888 3870
f 577 553 578
f 578 576 577
f 529 553 552
f 550 529 552
f 674 642 675
f 643 676 675
f 707 674 675
f 706 674 707
f 643 675 642
f 643 644 676
f 479 457 436
f 479 478 457
f 457 478 456
f 479 458 496
f 479 495 478
f 478 495 456
f 479 436 458
f 494 456 495
f 640 642 674
f 494 495 515
f 556 515 516
f 530 494 515
f 516 515 495
f 557 556 558
f 555 579 554
f 553 529 530
f 530 554 553
f 579 610 554
f 553 554 610
f 581 557 558
f 557 581 556
f 496 531 517
f 580 579 555
f 517 479 496
f 581 580 556
f 515 556 555
f 517 495 479
f 554 530 555
f 517 516 495
f 517 558 516
f 556 580 555
f 555 530 515
f 553 577 552
f 558 517 531
f 706 739 705
f 558 556 516
f 611 645 644
f 642 610 643
f 611 610 579
f 610 642 609
f 579 612 611
f 611 644 610
f 644 643 610
f 612 645 611
f 612 579 580
f 578 553 610
f 610 609 578
f 609 640 608
f 675 708 707
f 551 550 552
f 552 577 551
f 641 642 640
f 576 578 609
f 576 609 608
f 436 437 458
f 609 642 641
f 609 641 640
f 676 708 675
f 2119 2116 2120
f 2511 2509 2508
f 2119 2125 2124
f 2125 2126 2130
f 2326 2130 2126
f 2324 2326 2126
f 2119 2120 2125
f 2130 2134 2129
f 2130 2129 2125
f 1956 2119 2124
f 1948 1944 2112
f 1956 1952 2119
f 2115 2119 1952
f 2116 2115 2112
f 2503 2502 2506
f 2126 2125 2121
f 2321 2506 2324
f 2324 2511 2326
f 2126 2121 2321
f 2112 2117 2116
f 2116 2117 2121
f 2117 2113 2318
f 2509 2511 2324
f 1948 2116 2115
f 2112 2113 2117
f 2321 2121 2318
f 2117 2318 2121
f 2120 2116 2121
f 2506 2508 2509
f 2124 2129 1956
f 2125 2129 2124
f 2125 2120 2121
f 2506 2318 2503
f 2318 2506 2321
f 1948 2115 1952
f 2119 2115 2116
f 2502 2505 2506
f 2126 2321 2324
f 2509 2324 2506
f 2508 2506 2505
f 2115 1948 2112
f 218 217 186
f 119 153 152
f 188 218 187
f 160 153 154
f 186 151 187
f 311 338 310
f 249 248 217
f 338 339 365
f 249 278 248
f 219 249 218
f 277 247 248
f 278 249 279
f 312 311 280
f 246 245 215
f 216 217 248
f 246 216 247
f 187 218 186
f 277 276 246
f 247 216 248
f 216 246 215
f 219 250 249
f 365 364 338
f 311 310 278
f 278 279 311
f 278 277 248
f 280 279 250
f 217 218 249
f 279 249 250
f 311 339 338
f 218 188 219
f 309 277 278
f 277 309 308
f 276 277 308
f 307 276 308
f 279 280 311
f 296 328 314
f 534 483 502
f 112 142 153
f 186 216 185
f 216 186 217
f 246 247 277
f 216 215 185
f 184 185 215
f 184 215 214
f 227 219 195
f 190 220 228
f 258 219 227
f 250 258 280
f 251 227 228
f 220 252 228
f 251 228 252
f 154 153 143
f 142 143 153
f 251 258 227
f 152 153 188
f 143 142 112
f 258 251 280
f 188 195 219
f 154 189 195
f 258 250 219
f 160 195 188
f 160 188 153
f 188 187 152
f 112 113 143
f 314 328 342
f 315 282 283
f 534 620 586
f 314 315 296
f 315 283 296
f 483 501 460
f 440 397 441
f 460 501 440
f 440 441 460
f 195 160 154
f 653 621 587
f 338 337 310
f 362 337 363
f 356 335 362
f 334 335 355
f 355 327 334
f 356 375 355
f 337 362 336
f 335 336 362
f 384 399 375
f 363 384 375
f 308 337 336
f 504 464 484
f 504 535 503
f 399 419 398
f 375 398 354
f 503 462 463
f 110 119 151
f 400 420 399
f 430 411 385
f 363 338 364
f 419 399 442
f 461 419 442
f 354 355 375
f 363 364 384
f 399 384 400
f 504 463 464
f 461 442 462
f 419 460 441
f 450 443 430
f 421 400 411
f 421 411 430
f 442 463 462
f 363 375 356
f 355 354 327
f 464 463 420
f 442 399 420
f 534 535 587
f 443 421 430
f 463 442 420
f 443 420 421
f 364 385 411
f 461 460 419
f 420 400 421
f 443 464 420
f 504 503 463
f 364 411 384
f 355 335 356
f 398 375 399
f 337 338 363
f 384 411 400
f 502 462 503
f 443 450 464
f 622 653 587
f 397 398 419
f 153 119 120
f 307 335 306
f 397 374 398
f 374 354 398
f 353 327 354
f 306 274 307
f 354 374 353
f 308 335 307
f 337 308 309
f 186 185 151
f 462 483 461
f 336 335 308
f 310 337 309
f 356 362 363
f 276 245 246
f 276 307 275
f 307 274 275
f 245 274 244
f 245 275 274
f 245 276 275
f 245 214 215
f 483 534 501
f 534 502 503
f 535 534 503
f 620 534 587
f 484 536 504
f 536 535 504
f 536 484 505
f 536 622 587
f 502 483 462
f 536 587 535
f 419 441 397
f 314 342 341
f 282 315 314
f 366 365 340
f 365 339 340
f 534 586 501
f 620 587 621
f 461 483 460
f 366 340 341
f 339 312 340
f 341 312 313
f 312 280 281
f 151 185 150
f 281 313 312
f 313 314 341
f 281 280 251
f 282 313 281
f 281 251 252
f 152 151 119
f 282 314 313
f 184 214 183
f 184 150 185
f 252 282 281
f 149 150 184
f 341 340 312
f 153 120 112
f 339 311 312
f 310 309 278
f 187 151 152
f 3936 3871 3872
f 301 302 331
f 2031 2227 2030
f 2016 1828 1829
f 1460 1352 1461
f 2226 2030 2227
f 1837 1838 2022
f 1829 1837 2016
f 1560 1559 1450
f 1700 1701 1577
f 2016 1837 2022
f 1451 1450 1343
f 1694 1838 1829
f 1682 1559 1683
f 1682 1558 1559
f 2031 2030 1845
f 1344 1452 1451
f 1571 1685 1562
f 1705 1847 1702
f 1557 1446 1448
f 1448 1559 1558
f 1829 1685 1694
f 1845 2029 2022
f 1460 1571 1562
f 1361 1352 1266
f 1352 1361 1469
f 1468 1469 1577
f 1577 1694 1571
f 1452 1344 1460
f 1684 1561 1685
f 1469 1578 1577
f 1694 1577 1700
f 1560 1450 1561
f 1452 1561 1451
f 1684 1685 1828
f 1256 1266 1352
f 1838 1694 1845
f 1837 1829 1838
f 1562 1452 1460
f 1571 1695 1694
f 1838 2023 2022
f 1845 1694 1700
f 1448 1558 1557
f 1845 2022 1838
f 1829 1828 1685
f 1345 1352 1344
f 2036 2031 1846
f 1460 1352 1469
f 1702 1701 1578
f 1460 1468 1577
f 1460 1577 1571
f 1683 1684 1828
f 1559 1684 1683
f 2030 2029 1845
f 1267 1361 1266
f 1561 1684 1560
f 1700 1701 1846
f 1851 1846 1847
f 1460 1469 1468
f 1578 1701 1577
f 1343 1344 1451
f 1685 1561 1562
f 1559 1449 1450
f 1571 1694 1685
f 1445 1446 1557
f 1700 1846 1845
f 2031 1845 1846
f 1559 1448 1449
f 1561 1450 1451
f 1846 1701 1702
f 1562 1561 1452
f 1684 1559 1560
f 1846 1702 1847
f 1344 1352 1460
f 1852 1851 1847
f 1883 2068 1881
f 2073 1883 1884
f 2068 1883 2072
f 1884 1889 2073
f 2073 2072 1883
f 2673 2472 2674
f 2468 2472 2673
f 3163 3160 2894
f 2271 2071 2072
f 2674 2669 2668
f 2077 2073 1889
f 2468 2673 2465
f 2895 2894 2668
f 2673 2668 2465
f 2895 3160 3163
f 3160 2891 2894
f 2894 2891 2668
f 2895 3163 2894
f 2891 2667 2668
f 2669 2895 2668
f 2668 2667 2464
f 2890 2667 2891
f 2674 2668 2673
f 2890 2665 2667
f 2080 2279 2276
f 2072 2073 2271
f 2080 2077 2078
f 2072 2071 2068
f 2469 2276 2279
f 2077 2276 2272
f 2077 2272 2073
f 2080 2078 1893
f 2271 2465 2270
f 2073 2272 2271
f 3160 3155 2891
f 2078 1890 1893
f 2276 2275 2271
f 1890 2077 1889
f 2275 2468 2271
f 2468 2465 2271
f 2272 2276 2271
f 2077 2080 2276
f 2268 2270 2461
f 2465 2668 2464
f 2464 2667 2461
f 2461 2667 2460
f 2078 2077 1890
f 2667 2664 2460
f 2270 2465 2464
f 2469 2275 2276
f 2468 2275 2469
f 2472 2468 2469
f 2080 2280 2279
f 2279 2472 2469
f 2461 2270 2464
f 3160 3410 3155
f 52 51 43
f 28 29 43
f 73 80 72
f 80 110 79
f 74 43 44
f 73 51 52
f 8 10 17
f 4 8 3
f 6 3 7
f 109 100 110
f 109 110 141
f 81 74 111
f 150 141 110
f 101 111 74
f 80 73 81
f 50 51 73
f 71 56 50
f 50 56 49
f 49 56 33
f 56 71 78
f 29 30 43
f 29 11 21
f 140 141 149
f 52 74 73
f 30 44 43
f 79 110 100
f 151 150 110
f 35 28 51
f 74 44 65
f 78 99 108
f 72 50 73
f 108 99 100
f 100 72 79
f 71 100 99
f 72 71 50
f 99 78 71
f 72 100 71
f 74 65 75
f 111 80 81
f 51 28 43
f 6 7 15
f 43 74 52
f 111 110 80
f 20 33 19
f 4 11 10
f 6 2 3
f 10 8 4
f 10 11 17
f 49 34 50
f 3 8 7
f 74 81 73
f 30 22 44
f 15 7 16
f 79 72 80
f 17 16 8
f 7 8 16
f 29 17 11
f 28 35 27
f 16 20 15
f 108 100 109
f 44 22 38
f 49 33 34
f 150 149 141
f 34 33 20
f 16 34 20
f 28 17 29
f 27 17 28
f 34 16 27
f 35 51 34
f 17 27 16
f 34 27 35
f 51 50 34
f 1114 1121 1113
f 1198 1123 1118
f 1198 1119 1190
f 1123 1205 1127
f 1123 1205 1197
f 1118 1117 1111
f 1206 1213 1212
f 1118 1119 1198
f 1198 1197 1123
f 1120 1199 1191
f 1199 1124 1120
f 1199 1121 1192
f 1292 1206 1198
f 1196 1118 1123
f 1192 1200 1199
f 1205 1212 1211
f 1198 1205 1197
f 1121 1199 1120
f 1206 1207 1213
f 1120 1113 1121
f 1206 1205 1198
f 1212 1205 1206
f 1112 1120 1119
f 1118 1111 1112
f 1196 1189 1117
f 1119 1118 1112
f 1113 1120 1112
f 1199 1119 1120
f 1199 1198 1119
f 1117 1184 1110
f 1123 1197 1196
f 1184 1117 1189
f 1118 1196 1117
f 1206 1199 1207
f 1199 1206 1198
f 630 631 664
f 732 770 769
f 548 549 550
f 771 772 809
f 807 770 733
f 891 849 850
f 888 889 938
f 737 774 736
f 605 637 604
f 851 850 806
f 630 598 631
f 737 703 704
f 890 889 891
f 935 937 936
f 664 697 696
f 852 807 808
f 806 807 851
f 851 807 852
f 668 667 634
f 669 634 670
f 734 735 773
f 634 669 668
f 771 700 734
f 702 735 701
f 667 633 634
f 734 668 669
f 700 771 733
f 701 734 669
f 635 636 670
f 735 734 701
f 667 668 700
f 635 670 634
f 772 771 734
f 633 601 634
f 733 699 700
f 602 635 634
f 734 700 668
f 670 702 701
f 700 699 667
f 636 635 602
f 734 773 772
f 773 735 736
f 735 702 736
f 671 702 670
f 636 637 670
f 701 669 670
f 736 702 703
f 671 703 702
f 601 602 634
f 671 670 637
f 938 889 890
f 671 672 703
f 805 850 849
f 733 771 807
f 671 637 672
f 638 672 637
f 809 808 771
f 849 848 804
f 805 806 850
f 698 665 666
f 853 808 809
f 737 736 703
f 848 847 804
f 847 848 888
f 806 805 770
f 804 768 805
f 807 771 808
f 990 992 991
f 571 572 573
f 774 737 738
f 737 704 738
f 847 803 804
f 846 847 888
f 807 806 770
f 769 805 768
f 738 704 705
f 888 887 846
f 847 802 803
f 802 847 846
f 770 805 769
f 768 803 767
f 731 769 768
f 672 704 703
f 546 545 528
f 767 729 730
f 665 697 664
f 768 767 731
f 665 664 631
f 803 802 767
f 548 573 572
f 545 569 600
f 573 574 572
f 704 672 673
f 733 732 699
f 773 736 774
f 730 731 767
f 888 938 937
f 667 698 666
f 848 889 888
f 889 849 891
f 766 767 802
f 697 698 731
f 666 632 633
f 571 603 602
f 732 698 699
f 697 731 730
f 674 705 673
f 667 699 698
f 672 639 673
f 697 665 698
f 697 730 696
f 632 631 599
f 640 674 673
f 638 639 672
f 673 639 640
f 732 731 698
f 666 633 667
f 696 729 695
f 696 695 664
f 639 638 607
f 637 605 638
f 666 665 632
f 632 600 633
f 695 663 664
f 769 731 732
f 804 805 849
f 607 638 606
f 545 600 568
f 606 605 573
f 665 631 632
f 638 605 606
f 639 607 608
f 639 608 640
f 605 603 573
f 630 664 663
f 599 600 632
f 992 990 935
f 605 604 603
f 936 992 935
f 602 604 636
f 732 733 770
f 599 598 568
f 576 608 607
f 607 606 575
f 602 603 604
f 631 598 599
f 568 598 545
f 574 606 573
f 576 607 575
f 574 575 606
f 696 730 729
f 766 729 767
f 575 577 576
f 575 574 573
f 571 602 570
f 570 602 601
f 577 575 551
f 573 548 575
f 575 548 551
f 548 550 551
f 552 550 549
f 704 673 705
f 893 851 852
f 808 893 852
f 547 550 549
f 547 549 548
f 548 572 547
f 705 674 706
f 774 738 775
f 775 776 774
f 570 571 569
f 569 570 601
f 547 572 571
f 601 633 600
f 739 738 705
f 600 569 601
f 849 889 848
f 850 851 891
f 636 604 637
f 888 937 887
f 937 935 887
f 603 571 573
f 546 569 545
f 768 804 803
f 568 600 599
f 178 173 179
f 172 173 178
f 62 95 68
f 96 62 92
f 137 132 138
f 173 172 137
f 178 137 172
f 61 62 68
f 137 178 145
f 170 133 169
f 63 93 92
f 133 92 93
f 95 62 96
f 96 92 133
f 93 170 133
f 62 63 92
f 138 173 137
f 132 133 169
f 137 136 105
f 95 131 105
f 105 131 137
f 96 133 132
f 132 95 96
f 144 145 178
f 132 137 131
f 136 137 144
f 62 61 40
f 144 137 145
f 131 95 132
f 2007 1820 1821
f 1439 1554 1551
f 938 937 939
f 890 939 938
f 1553 1677 1676
f 2200 2002 2003
f 1337 1238 1338
f 1818 1674 1675
f 936 937 992
f 2400 2403 2402
f 993 992 994
f 1444 1337 1445
f 1053 1055 1054
f 994 1056 993
f 1334 1234 1235
f 1236 1134 1237
f 1331 1439 1438
f 1444 1556 1555
f 1439 1550 1438
f 2398 2399 2601
f 1131 1132 1133
f 1238 1237 1136
f 940 939 890
f 891 941 940
f 1445 1556 1444
f 1551 1550 1439
f 1054 991 1055
f 2400 2602 2399
f 993 991 992
f 1551 1673 1550
f 2601 2399 2602
f 1818 2004 2003
f 2002 1818 2003
f 1052 990 1053
f 1056 1135 1055
f 1333 1331 1332
f 1335 1334 1235
f 1337 1444 1443
f 1237 1336 1236
f 1819 2004 1818
f 991 990 1054
f 1053 991 1054
f 1445 1337 1338
f 2003 2004 2202
f 2201 2399 2398
f 1237 1135 1136
f 1136 1135 1056
f 1055 1134 1054
f 1237 1134 1135
f 1445 1338 1446
f 1052 1053 1132
f 1337 1336 1237
f 1336 1443 1335
f 1443 1552 1442
f 1133 1053 1054
f 1818 1817 1673
f 1132 1053 1133
f 1675 1553 1676
f 1239 1136 1137
f 2203 2401 2202
f 891 940 890
f 1441 1440 1334
f 1337 1237 1238
f 991 993 1055
f 1444 1555 1443
f 938 993 937
f 1136 1239 1238
f 994 939 940
f 1552 1443 1555
f 1553 1555 1677
f 1054 1134 1133
f 1553 1552 1555
f 1442 1335 1443
f 1335 1236 1336
f 1440 1554 1439
f 1675 1552 1553
f 1442 1552 1441
f 1441 1335 1442
f 1335 1235 1236
f 1820 2007 2005
f 1674 1673 1551
f 1238 1239 1338
f 1236 1235 1134
f 1554 1675 1674
f 1441 1554 1440
f 1440 1333 1334
f 2401 2400 2403
f 1334 1333 1234
f 1234 1333 1233
f 1440 1439 1333
f 1234 1233 1232
f 1333 1439 1331
f 2200 2201 2398
f 1337 1443 1336
f 1136 1057 1137
f 1552 1554 1441
f 1332 1233 1333
f 1334 1335 1441
f 1331 1232 1332
f 1232 1233 1332
f 1131 1234 1232
f 1234 1131 1133
f 1672 1550 1673
f 2005 2006 2204
f 1554 1552 1675
f 1131 1052 1132
f 993 1056 1055
f 1673 1817 1672
f 1816 1672 1817
f 940 997 995
f 1055 1135 1134
f 2200 2003 2201
f 994 940 995
f 1551 1554 1674
f 1674 1818 1673
f 2204 2203 2005
f 2005 2004 1819
f 2005 1819 1820
f 2203 2004 2005
f 1821 1676 1677
f 1821 1820 1676
f 938 939 994
f 1820 1819 1675
f 993 992 937
f 1818 1675 1819
f 994 995 1057
f 1057 1056 994
f 1235 1234 1134
f 2203 2202 2004
f 938 994 993
f 990 991 1053
f 1675 1676 1820
f 1133 1134 1234
f 2403 2203 2204
f 2201 2003 2202
f 2203 2403 2401
f 1136 1056 1057
f 2202 2401 2400
f 2400 2201 2202
f 2399 2201 2400
f 2397 2199 2200
f 2199 2001 2002
f 1817 2001 1816
f 3629 3628 3501
f 2397 2398 2600
f 2831 3085 2830
f 2830 3084 2829
f 3502 3629 3501
f 2601 2830 2829
f 3332 3333 3502
f 3630 3629 3503
f 2831 2830 2602
f 3503 3631 3630
f 2601 2602 2830
f 2829 3084 3083
f 3332 3084 3085
f 3502 3333 3503
f 3332 3502 3501
f 3501 3084 3332
f 3501 3331 3084
f 3503 3629 3502
f 2830 3085 3084
f 1817 1818 2002
f 3083 3084 3331
f 2199 2002 2200
f 2600 2601 2829
f 2601 2600 2398
f 2001 1817 2002
f 2397 2200 2398
f 2886 3153 2882
f 2882 3153 3148
f 2886 2664 2889
f 3158 3154 3153
f 3153 2886 2889
f 2665 2664 2667
f 2665 2890 2889
f 2889 2664 2665
f 2664 2886 2661
f 2889 3158 3153
f 2891 2887 2890
f 3154 3158 3159
f 2887 2891 3155
f 3154 2890 2887
f 3159 2890 3154
f 3155 3154 2887
f 3159 3158 2890
f 2890 3158 2889
f 4202 4204 4248
f 4201 4151 4152
f 4169 4170 4223
f 4249 4277 4276
f 4275 4247 4249
f 4170 4171 4224
f 4248 4249 4247
f 4152 4202 4201
f 4152 4168 4169
f 4168 4167 4114
f 4250 4249 4204
f 4223 4204 4203
f 4248 4247 4202
f 4169 4223 4203
f 4200 4245 4199
f 4202 4152 4169
f 4246 4247 4275
f 4202 4203 4204
f 4170 4224 4223
f 4224 4171 4172
f 4224 4204 4223
f 4297 4296 4274
f 4299 4298 4277
f 4224 4172 4225
f 4204 4249 4248
f 4297 4275 4298
f 4201 4200 4151
f 4115 4116 4169
f 4276 4277 4298
f 4115 4168 4114
f 4276 4275 4249
f 4151 4167 4168
f 4168 4152 4151
f 4245 4200 4201
f 4245 4247 4246
f 4246 4275 4274
f 4247 4245 4201
f 4151 4150 4167
f 4295 4274 4296
f 4296 4273 4295
f 4115 4169 4168
f 4249 4250 4277
f 4169 4203 4202
f 4275 4297 4274
f 4202 4247 4201
f 4298 4275 4276
f 70 97 69
f 98 70 107
f 135 97 139
f 139 97 106
f 135 139 176
f 176 134 135
f 107 106 98
f 98 106 97
f 98 97 70
f 135 41 64
f 70 97 64
f 97 135 64
f 70 77 107
f 1864 1715 1714
f 2048 2047 1860
f 1866 2050 1865
f 1864 1860 1711
f 1864 1868 1869
f 1869 1865 1864
f 1714 1864 1711
f 2050 1866 2051
f 1860 1865 1861
f 2048 1865 2050
f 1719 1869 1718
f 1870 1865 1869
f 1868 1718 1869
f 1861 2048 1860
f 1865 2048 1861
f 1860 1864 1865
f 1865 1870 1866
f 4180 4231 4130
f 4083 4082 4032
f 4083 4032 4033
f 4130 4082 4131
f 4082 4083 4131
f 4130 4231 4179
f 4180 4130 4131
f 1884 1737 1738
f 1519 1621 1620
f 1734 1737 1733
f 1874 1875 1878
f 1738 1885 1884
f 1730 1878 1875
f 1519 1520 1621
f 1621 1622 1628
f 1884 1883 1737
f 2067 2068 2071
f 1616 1737 1734
f 1743 1738 1627
f 1881 2068 1880
f 1737 1616 1620
f 1727 1606 1610
f 2068 2067 1880
f 1610 1730 1727
f 1520 1622 1621
f 1885 1738 1890
f 1621 1627 1738
f 1622 1520 1628
f 1620 1621 1738
f 1747 1631 1637
f 1747 1744 1631
f 1893 1747 1894
f 1747 1743 1744
f 1631 1744 1628
f 1610 1611 1616
f 1628 1744 1743
f 1730 1610 1615
f 1610 1616 1615
f 1743 1747 1746
f 1875 1727 1730
f 1743 1746 1893
f 1730 1881 1878
f 1733 1883 1881
f 1890 1743 1893
f 1877 1881 1880
f 1730 1733 1881
f 1743 1627 1628
f 1730 1615 1733
f 1616 1734 1615
f 1519 1518 1514
f 1890 1738 1743
f 1881 1877 1878
f 1527 1628 1520
f 2268 2071 2270
f 2270 2071 2271
f 1628 1627 1621
f 1620 1514 1518
f 1893 1746 1747
f 2071 2268 2067
f 1884 1885 1889
f 1620 1616 1514
f 1889 1885 1890
f 1737 1620 1738
f 1518 1519 1620
f 1615 1734 1733
f 1733 1737 1883
f 1209 1208 1201
f 1208 1207 1200
f 1199 1200 1207
f 1200 1201 1208
f 1213 1207 1214
f 1208 1304 1214
f 1305 1304 1298
f 1208 1299 1298
f 1298 1299 1305
f 1207 1208 1214
f 1298 1304 1208
f 1299 1208 1209
f 4324 4314 4315
f 4324 4325 4315
f 4280 4253 4281
f 4226 4227 4207
f 4250 4251 4278
f 4312 4313 4299
f 4207 4227 4252
f 4228 4174 4175
f 4206 4207 4252
f 4315 4314 4301
f 4252 4227 4208
f 4301 4314 4300
f 4251 4252 4279
f 4299 4277 4278
f 4208 4253 4252
f 4250 4252 4251
f 4208 4227 4228
f 4253 4280 4252
f 4251 4206 4252
f 4314 4313 4300
f 4227 4226 4173
f 4279 4300 4278
f 4280 4281 4302
f 4299 4300 4313
f 4281 4282 4302
f 4173 4174 4227
f 4277 4250 4278
f 4226 4207 4206
f 4301 4280 4302
f 4302 4315 4301
f 4300 4299 4278
f 4314 4324 4313
f 4279 4280 4301
f 4252 4280 4279
f 4302 4316 4315
f 4279 4301 4300
f 4299 4312 4298
f 4313 4298 4299
f 4228 4227 4174
f 4251 4279 4278
f 1789 1668 1671
f 1662 1547 1661
f 1783 1789 1782
f 1437 1436 1548
f 1770 1656 1662
f 1667 1782 1662
f 1548 1547 1662
f 1662 1776 1770
f 1782 1668 1789
f 1782 1776 1662
f 1789 1788 1671
f 1547 1548 1436
f 1924 1776 1782
f 941 942 943
f 775 812 774
f 812 775 813
f 813 856 855
f 855 812 813
f 811 773 774
f 809 810 853
f 893 941 892
f 811 853 810
f 854 811 855
f 855 898 897
f 943 941 893
f 853 811 854
f 855 897 854
f 898 947 897
f 1000 999 944
f 853 854 895
f 946 897 947
f 854 896 895
f 898 899 947
f 773 810 772
f 941 997 940
f 998 944 999
f 856 899 898
f 1006 1068 1067
f 895 893 808
f 944 895 945
f 947 948 1005
f 895 896 945
f 947 945 946
f 1067 1066 1006
f 948 1006 1005
f 947 899 948
f 998 996 997
f 1060 996 998
f 997 999 998
f 1061 1060 998
f 1061 998 999
f 1000 944 945
f 1000 1062 1061
f 946 945 897
f 945 1004 1000
f 943 944 998
f 1000 1061 999
f 1067 1147 1146
f 1147 1067 1068
f 1145 1067 1146
f 892 891 851
f 997 943 998
f 1065 1005 1066
f 1062 1065 1144
f 893 892 851
f 1066 1067 1145
f 853 895 808
f 897 896 854
f 811 810 773
f 809 772 810
f 812 855 811
f 941 891 892
f 812 811 774
f 944 894 895
f 894 943 893
f 894 893 895
f 944 943 894
f 1066 1005 1006
f 1062 1000 1065
f 1000 1004 1065
f 943 997 941
f 1005 1065 1004
f 947 1004 945
f 945 896 897
f 898 855 856
f 1005 1004 947
f 1147 1159 1160
f 1159 1080 1160
f 1267 1270 1269
f 1160 1080 1081
f 1345 1256 1352
f 1367 1269 1270
f 1092 1160 1081
f 1092 1167 1160
f 1267 1266 1256
f 1147 1246 1146
f 1247 1159 1160
f 1080 1159 1068
f 1159 1247 1147
f 1247 1246 1147
f 1167 1257 1160
f 1267 1256 1257
f 1352 1345 1247
f 1247 1256 1345
f 1167 1267 1257
f 1257 1256 1160
f 1246 1345 1344
f 1160 1256 1247
f 1159 1147 1068
f 1167 1168 1267
f 1345 1246 1247
f 511 524 523
f 511 470 491
f 512 511 491
f 524 511 512
f 566 565 543
f 566 524 525
f 542 524 543
f 524 566 543
f 512 525 524
f 565 542 543
f 595 565 566
f 524 542 523
f 627 595 566
f 525 544 566
f 525 526 544
f 525 512 526
f 544 527 567
f 566 544 567
f 527 544 526
f 595 626 565
f 626 595 627
f 1546 1663 1549
f 1547 1548 1661
f 1657 1663 1546
f 1662 1549 1548
f 1662 1661 1548
f 1545 1549 1662
f 1549 1663 1662
f 1668 1663 1549
f 1663 1667 1662
f 1667 1548 1662
f 1667 1663 1668
f 1667 1668 1782
f 4160 4161 4218
f 3993 3936 3994
f 4049 4105 4104
f 4049 4048 4016
f 3937 3994 3936
f 4160 4106 4161
f 4049 4016 3991
f 4050 3992 3993
f 4238 4218 4191
f 4216 4159 4217
f 4238 4262 4218
f 4164 4163 4109
f 4161 4106 4107
f 4218 4262 4217
f 3938 3937 3872
f 4106 4050 4051
f 4217 4159 4160
f 4052 4107 4051
f 4104 4103 4048
f 4049 3991 3992
f 4053 3994 3995
f 4218 4219 4191
f 4159 4216 4158
f 3993 3994 4051
f 3889 3936 3869
f 4106 4051 4107
f 4105 4049 4050
f 4106 4160 4105
f 4219 4218 4161
f 4049 3992 4050
f 4104 4048 4049
f 4104 4105 4159
f 3995 3994 3938
f 4051 4050 3993
f 4217 4160 4218
f 4015 4016 4048
f 3994 4053 4052
f 3992 3935 3993
f 4050 4106 4105
f 3870 3871 3937
f 3937 3938 3994
f 3993 3935 3936
f 4052 4051 3994
f 4159 4105 4160
f 4103 4075 4076
f 4162 4219 4161
f 4161 4107 4162
f 4108 4107 4052
f 4048 4076 4077
f 4076 4048 4103
f 4076 4014 3952
f 4077 4076 4015
f 3952 4015 4076
f 4015 4048 4077
f 4076 4075 4014
f 3951 4014 3950
f 4014 4075 4074
f 4014 4074 3950
f 4104 4158 4103
f 4107 4109 4162
f 4053 4108 4052
f 4109 4108 4053
f 4107 4108 4109
f 4104 4159 4158
f 4162 4109 4163
f 1194 1115 1185
f 1122 1194 1193
f 1115 1194 1122
f 1201 1193 1194
f 1201 1122 1193
f 1126 1201 1200
f 1200 1192 1121
f 1200 1121 1125
f 1125 1121 1122
f 1125 1122 1126
f 1122 1201 1126
f 1125 1126 1200
f 1201 1194 1202
f 473 465 487
f 487 465 488
f 473 453 465
f 474 465 453
f 452 453 473
f 473 487 452
f 590 562 591
f 451 471 450
f 471 451 472
f 450 484 464
f 485 471 472
f 471 485 450
f 485 505 484
f 484 450 485
f 485 472 486
f 486 505 485
f 718 719 754
f 719 718 654
f 756 721 757
f 622 718 689
f 757 721 758
f 653 622 689
f 451 452 472
f 487 486 472
f 452 487 472
f 720 655 756
f 756 655 721
f 721 722 758
f 718 622 654
f 719 655 720
f 590 591 655
f 656 721 655
f 539 590 589
f 589 538 539
f 505 538 537
f 537 536 505
f 656 655 591
f 538 589 588
f 721 656 722
f 622 588 654
f 536 537 588
f 654 655 719
f 538 588 537
f 588 589 654
f 655 654 589
f 622 536 588
f 589 590 655
f 505 506 538
f 590 539 562
f 506 507 538
f 507 539 538
f 520 539 507
f 488 507 487
f 486 487 506
f 487 507 506
f 506 505 486
f 38 23 39
f 22 23 38
f 94 67 95
f 67 68 95
f 144 114 104
f 144 104 136
f 29 22 30
f 24 23 40
f 21 11 22
f 136 104 105
f 103 104 113
f 76 75 66
f 65 66 75
f 94 103 66
f 65 44 45
f 12 22 11
f 103 102 76
f 104 103 94
f 104 95 105
f 113 104 114
f 44 39 45
f 39 40 45
f 103 76 66
f 75 76 102
f 119 110 111
f 113 112 102
f 111 120 119
f 22 12 23
f 120 111 112
f 11 23 12
f 111 102 112
f 22 29 21
f 67 66 45
f 65 44 66
f 45 66 44
f 67 61 68
f 155 189 154
f 144 155 154
f 155 177 190
f 177 155 144
f 143 144 154
f 189 155 190
f 114 143 113
f 40 67 45
f 39 23 40
f 66 67 94
f 95 104 94
f 114 144 143
f 101 74 75
f 75 102 101
f 101 102 111
f 103 113 102
f 40 61 67
f 39 44 38
f 3436 3202 3439
f 3197 3202 3436
f 3437 3436 3439
f 3203 3440 3439
f 3440 3437 3439
f 3202 3203 3439
f 3202 3439 3441
f 3197 2923 3202
f 3207 3202 3441
f 3199 3194 3198
f 3198 3437 3438
f 3438 3437 3440
f 3198 3438 3199
f 3198 3435 3437
f 1211 1210 1204
f 1197 1204 1196
f 1204 1205 1211
f 1204 1197 1205
f 1204 1210 1303
f 1297 1204 1303
f 1303 1210 1215
f 1215 1308 1303
f 1302 1403 1296
f 1297 1302 1296
f 1302 1297 1303
f 1302 1408 1403
f 1403 1397 1296
f 1303 1308 1302
f 1307 1408 1302
f 1308 1307 1302
f 1291 1204 1297
f 1296 1290 1291
f 1291 1297 1296
f 1196 1204 1291
f 2597 2390 2391
f 2591 2390 2597
f 2823 2591 2597
f 2597 2391 2386
f 1940 1939 2109
f 2106 2110 2109
f 1940 2106 2109
f 2103 2106 2102
f 1935 1940 1934
f 1782 1925 1924
f 1940 1939 1934
f 2109 2112 1944
f 1939 2109 1944
f 1669 1663 1664
f 2106 1935 2102
f 1929 1930 1934
f 1930 1935 1934
f 1925 2099 2098
f 1783 1925 1782
f 2098 2102 1930
f 2103 2102 2099
f 2102 2098 2099
f 1783 1668 1784
f 1784 1669 1778
f 1778 1669 1664
f 1668 1669 1784
f 1783 1784 1777
f 1668 1783 1671
f 1778 1919 1777
f 1925 1929 1924
f 1930 1925 2098
f 1930 2102 1935
f 1930 1929 1925
f 1783 1789 1671
f 1772 1915 1778
f 1777 1784 1778
f 2107 2106 2103
f 1777 1919 1783
f 1925 1783 1919
f 1668 1663 1669
f 2110 2106 2107
f 2106 1940 1935
f 1521 1528 1527
f 1523 1522 1426
f 1527 1520 1521
f 1425 1426 1522
f 1529 1523 1530
f 1425 1522 1424
f 1523 1529 1522
f 1521 1424 1522
f 1424 1327 1425
f 1529 1528 1521
f 1522 1529 1521
f 1521 1423 1424
f 1423 1521 1520
f 1530 1536 1529
f 1529 1536 1535
f 1534 1632 1528
f 1638 1637 1631
f 1632 1638 1631
f 1754 1748 1634
f 1528 1534 1527
f 1536 1633 1535
f 1634 1639 1633
f 1640 1754 1753
f 1634 1635 1754
f 1640 1753 1639
f 1754 1639 1753
f 1639 1634 1754
f 1754 1758 1639
f 1534 1528 1529
f 1758 1644 1639
f 1633 1536 1634
f 1534 1535 1633
f 1632 1534 1633
f 1638 1633 1639
f 1633 1638 1632
f 1639 1754 1640
f 1534 1529 1535
f 1631 1527 1533
f 1533 1527 1534
f 1632 1631 1533
f 1628 1527 1631
f 1533 1534 1632
f 2481 2691 2478
f 3207 3441 3439
f 2476 2478 2691
f 2687 2476 2691
f 2695 2918 2692
f 2692 2694 2695
f 2692 2691 2694
f 3203 3202 2928
f 2923 2695 2698
f 2695 2694 2697
f 2694 2697 2698
f 2695 2694 2698
f 2917 2918 2923
f 2698 2697 2923
f 2918 2695 2923
f 2923 2697 2922
f 2917 2923 2922
f 2922 2918 2917
f 3202 3207 3439
f 2691 2481 2694
f 2688 2691 2692
f 2913 2688 2692
f 2688 2687 2691
f 1489 1494 1495
f 1488 1387 1388
f 1401 1495 1394
f 1401 1500 1495
f 1394 1494 1488
f 1596 1489 1495
f 1489 1596 1591
f 1494 1394 1495
f 1590 1596 1595
f 1591 1596 1590
f 1388 1394 1488
f 1590 1489 1591
f 1488 1494 1489
f 1489 1590 1488
f 1506 1403 1408
f 1397 1396 1391
f 1390 1391 1396
f 1391 1390 1383
f 1384 1391 1383
f 1290 1296 1391
f 1402 1403 1506
f 1397 1402 1396
f 1601 1597 1602
f 1391 1384 1290
f 1497 1502 1602
f 1497 1396 1502
f 1491 1390 1497
f 1396 1402 1502
f 1497 1602 1597
f 1497 1390 1396
f 1402 1397 1403
f 1402 1407 1502
f 1296 1397 1391
f 1530 1523 1426
f 1330 1427 1329
f 1755 1754 1641
f 1328 1427 1426
f 1537 1635 1634
f 1431 1530 1426
f 1425 1327 1426
f 1427 1431 1426
f 1754 1635 1641
f 1536 1530 1431
f 1536 1435 1537
f 1435 1536 1431
f 1432 1435 1431
f 1328 1329 1427
f 1536 1537 1634
f 1431 1427 1432
f 2434 2427 2635
f 2437 2434 2634
f 3370 3363 3369
f 2850 2849 2623
f 3357 3106 3107
f 3357 3108 3358
f 2863 2860 2859
f 2866 2863 3130
f 2421 2429 2224
f 3376 3382 3130
f 2428 2631 2630
f 2867 2643 2639
f 3130 2863 3126
f 1842 2027 2026
f 1842 1843 2027
f 2639 2864 2867
f 2642 2638 2639
f 2643 2642 2639
f 3115 3107 3114
f 2434 2435 2428
f 3373 3126 3125
f 2623 2428 2421
f 2421 2224 2430
f 2863 2859 3126
f 3126 3120 3125
f 3373 3125 3368
f 2863 2864 2639
f 2859 3120 3126
f 3382 3134 3130
f 2860 2863 2864
f 3120 2859 2860
f 2864 2639 2860
f 2634 2860 2639
f 3369 3368 3119
f 3120 2860 3121
f 2850 3108 2849
f 3121 3369 3120
f 2867 2863 2866
f 2639 2437 2634
f 3370 3369 3121
f 2434 2435 2635
f 2435 2231 2428
f 2223 2231 2224
f 2231 2223 2428
f 2224 2026 2225
f 2429 2428 2223
f 3108 2850 3109
f 2429 2223 2224
f 2027 2028 2017
f 1843 2028 2027
f 2225 2027 2017
f 2027 2225 2026
f 2860 2634 2635
f 2624 2421 2422
f 2434 2635 2634
f 3121 2861 3114
f 3370 3114 3364
f 2867 2870 2871
f 3363 3370 3364
f 3120 3369 3119
f 2856 3114 2861
f 3134 3382 3383
f 3114 2856 2855
f 3108 3109 3358
f 2630 2861 2635
f 3373 3130 3126
f 3364 3114 3356
f 2861 2630 2856
f 2866 3130 2870
f 3115 3114 2856
f 2217 2422 2225
f 2225 2017 2217
f 3356 3114 3106
f 2866 2870 2867
f 2427 2630 2635
f 2630 2631 2856
f 2624 2623 2421
f 3106 3357 3356
f 2427 2434 2428
f 2428 2630 2427
f 2849 2631 2623
f 2631 2428 2623
f 2421 2428 2429
f 2430 2224 2225
f 2631 2849 2856
f 2856 3107 3115
f 2849 3108 3107
f 3108 3357 3107
f 2422 2421 2430
f 3130 3373 3376
f 2225 2422 2430
f 2874 2870 3134
f 3368 3125 3119
f 2623 2624 2850
f 2871 2643 2867
f 3107 3106 3114
f 2861 2860 2635
f 2646 2643 2871
f 2864 2863 2867
f 2849 3107 2856
f 2025 2026 2224
f 2850 2624 2625
f 2860 2861 3121
f 3114 3370 3121
f 2018 2218 2217
f 3125 3120 3119
f 2625 2624 2422
f 2870 3130 3134
f 2018 2217 2017
f 2218 2018 2019
f 1495 1600 1596
f 1601 1600 1495
f 1726 1600 1723
f 1723 1727 1726
f 1600 1601 1723
f 1601 1496 1501
f 1601 1495 1496
f 1727 1723 1601
f 1601 1606 1727
f 1605 1600 1726
f 1605 1726 1725
f 1604 1605 1725
f 295 326 325
f 391 372 392
f 351 325 352
f 326 295 332
f 294 324 265
f 392 393 417
f 295 304 332
f 324 295 325
f 272 303 271
f 303 304 295
f 294 350 324
f 303 272 304
f 322 293 323
f 437 436 392
f 295 324 294
f 350 393 349
f 391 416 348
f 295 271 303
f 372 391 348
f 293 294 323
f 352 325 326
f 323 294 324
f 293 322 348
f 392 372 349
f 374 352 353
f 374 373 352
f 373 396 395
f 351 373 395
f 351 352 373
f 397 396 374
f 396 373 374
f 324 325 351
f 326 332 353
f 392 436 391
f 349 393 392
f 350 324 351
f 324 349 323
f 265 294 293
f 372 348 322
f 372 348 323
f 323 349 372
f 416 457 456
f 349 324 350
f 393 350 394
f 348 322 323
f 416 436 457
f 440 395 396
f 264 265 293
f 436 416 391
f 438 394 439
f 350 418 394
f 438 393 394
f 353 352 326
f 438 417 393
f 397 440 396
f 392 417 437
f 395 418 350
f 418 439 394
f 437 417 438
f 395 440 418
f 295 294 266
f 266 271 295
f 395 350 351
f 2445 2249 2250
f 2434 2236 2231
f 2438 2236 2434
f 2437 2236 2438
f 2230 2034 2035
f 2035 2231 2230
f 2235 2230 2236
f 2231 2435 2434
f 2024 1839 1840
f 2024 2034 2033
f 1840 1841 2024
f 1841 1840 1696
f 2438 2434 2437
f 2231 2236 2230
f 2024 1841 2025
f 2250 2244 2446
f 2446 2244 2442
f 2239 2240 2245
f 2224 2231 2232
f 2024 2033 1839
f 2235 2236 2437
f 2450 2445 2446
f 2442 2244 2443
f 2440 2240 2235
f 2648 2447 2649
f 2443 2240 2440
f 2446 2442 2443
f 2440 2642 2643
f 2646 2875 2649
f 2871 2875 2646
f 2034 2024 2035
f 2231 2035 2232
f 2035 2024 2025
f 2224 2232 2035
f 2025 2224 2035
f 2446 2447 2648
f 2443 2244 2245
f 2443 2649 2447
f 2639 2642 2440
f 2244 2239 2245
f 2443 2440 2646
f 2437 2440 2235
f 2250 2446 2445
f 2643 2646 2440
f 2447 2446 2443
f 2649 2443 2646
f 2240 2443 2245
f 2440 2437 2639
f 2246 2247 2242
f 2237 2241 2439
f 2237 2044 2241
f 2242 2241 2246
f 2048 2246 2241
f 2241 2441 2439
f 2241 2044 2048
f 2048 2044 2043
f 2436 2233 2237
f 2441 2241 2242
f 2246 2048 2050
f 2242 2247 2444
f 2047 2048 2043
f 2441 2242 2444
f 2237 2439 2436
f 2037 2043 2044
f 1993 1994 1815
f 1992 1996 2179
f 2161 2166 2165
f 2533 2534 2347
f 2530 2534 2533
f 1983 1979 1984
f 1815 1812 1989
f 2174 2169 2175
f 1993 1999 1998
f 1993 1994 1999
f 2533 2347 2351
f 1815 1993 1998
f 2347 2165 2170
f 1811 1815 1814
f 2171 2166 1988
f 2170 2165 2166
f 2347 2534 2344
f 1979 1983 2166
f 1815 1989 1993
f 1998 1814 1815
f 1811 1812 1815
f 2171 2170 2166
f 2166 1983 1988
f 1989 1811 1988
f 1988 1983 1984
f 1988 1984 1989
f 1980 1984 1979
f 1997 1998 2181
f 1814 1998 1997
f 2181 1999 2182
f 2181 1998 1999
f 1812 1811 1989
f 1987 2169 2170
f 1992 2169 1987
f 1810 1992 1987
f 2751 2530 2533
f 2175 2169 1992
f 2531 2534 2530
f 2747 2530 2751
f 2534 2531 2344
f 2344 2161 2165
f 2166 2162 1979
f 2344 2165 2347
f 2161 2162 2166
f 2170 2171 1988
f 1811 1813 1810
f 1988 1810 1987
f 1810 1988 1811
f 1813 1814 1992
f 1814 1813 1811
f 1988 1987 2170
f 1813 1992 1810
f 1997 1992 1814
f 1996 1992 1997
f 3175 3182 3181
f 3181 3431 3429
f 3429 3175 3181
f 3431 3432 3429
f 89 87 88
f 89 88 90
f 88 87 83
f 88 83 84
f 87 58 60
f 121 116 82
f 82 87 86
f 82 57 58
f 82 58 87
f 60 83 87
f 83 60 58
f 86 121 82
f 226 213 225
f 109 141 140
f 140 108 109
f 182 194 147
f 183 148 149
f 183 213 182
f 225 213 257
f 213 214 245
f 197 231 230
f 214 213 183
f 244 273 243
f 183 182 148
f 244 257 213
f 213 226 182
f 243 257 244
f 257 243 273
f 226 194 182
f 147 148 182
f 158 159 148
f 225 257 260
f 231 259 230
f 257 286 285
f 231 260 259
f 184 183 149
f 148 147 158
f 273 285 286
f 285 256 257
f 259 260 256
f 273 244 274
f 231 225 260
f 245 244 213
f 334 306 335
f 286 257 273
f 257 256 260
f 158 147 194
f 333 327 332
f 333 306 334
f 304 305 333
f 304 333 332
f 305 273 306
f 332 327 353
f 334 327 333
f 274 306 273
f 333 305 306
f 305 304 272
f 305 272 273
f 273 272 285
f 317 297 287
f 403 424 423
f 289 319 318
f 452 433 444
f 381 371 370
f 371 346 347
f 343 317 344
f 270 290 300
f 288 299 289
f 367 344 368
f 288 289 318
f 404 379 367
f 403 423 402
f 388 404 387
f 424 425 445
f 269 300 289
f 371 370 346
f 382 360 383
f 451 432 452
f 383 360 361
f 369 345 370
f 446 467 466
f 445 444 423
f 368 387 404
f 298 288 287
f 345 346 370
f 343 344 367
f 318 287 288
f 368 388 387
f 388 405 404
f 360 321 330
f 300 290 289
f 320 290 291
f 289 299 269
f 320 319 290
f 360 347 321
f 371 360 382
f 370 389 369
f 346 345 319
f 300 261 270
f 404 367 368
f 317 318 345
f 448 447 427
f 289 290 319
f 379 403 378
f 390 389 370
f 360 330 331
f 369 368 345
f 361 360 331
f 317 287 318
f 434 415 435
f 346 320 347
f 368 344 345
f 287 297 298
f 344 317 345
f 320 291 330
f 331 330 301
f 360 371 347
f 290 270 261
f 316 317 343
f 320 346 319
f 381 371 382
f 321 320 330
f 410 415 409
f 407 390 380
f 405 388 389
f 427 447 426
f 380 371 381
f 368 369 388
f 390 407 389
f 389 426 406
f 389 388 369
f 425 405 406
f 380 381 407
f 407 406 389
f 405 389 406
f 380 370 371
f 268 299 298
f 299 288 298
f 270 261 269
f 296 283 297
f 269 268 239
f 268 298 297
f 297 267 268
f 283 267 297
f 269 299 268
f 269 261 300
f 270 269 240
f 426 447 446
f 426 425 406
f 370 380 390
f 406 427 426
f 202 205 234
f 270 234 261
f 240 269 239
f 202 235 205
f 445 446 466
f 444 474 453
f 474 444 445
f 404 424 403
f 453 452 444
f 433 452 432
f 425 424 405
f 423 433 432
f 425 446 445
f 466 467 489
f 328 358 342
f 367 379 343
f 343 379 359
f 402 378 403
f 358 359 378
f 329 316 359
f 358 357 341
f 359 379 378
f 444 433 423
f 359 316 343
f 297 329 296
f 366 341 357
f 357 378 377
f 297 317 329
f 358 329 359
f 358 328 329
f 378 357 358
f 402 377 378
f 341 342 358
f 328 296 329
f 317 316 329
f 382 409 408
f 240 233 234
f 428 429 434
f 410 382 383
f 270 240 234
f 382 410 409
f 429 408 409
f 381 382 408
f 407 427 406
f 408 407 381
f 434 429 409
f 409 414 434
f 408 429 428
f 330 291 301
f 235 263 262
f 262 234 235
f 235 234 205
f 434 414 415
f 261 262 291
f 302 301 292
f 301 291 292
f 262 263 292
f 415 414 409
f 234 262 261
f 427 407 408
f 428 427 408
f 262 292 291
f 425 426 446
f 290 261 291
f 379 404 403
f 422 423 432
f 446 447 467
f 447 468 467
f 468 490 467
f 424 404 405
f 490 489 467
f 423 424 445
f 318 319 345
f 347 320 321
f 423 422 402
f 4080 4065 4119
f 4081 4025 4026
f 4062 4117 4116
f 4115 4061 4062
f 4067 4066 4081
f 4172 4173 4226
f 4121 4174 4173
f 4079 4118 4064
f 4172 4119 4120
f 4081 4065 4080
f 4118 4117 4064
f 4171 4118 4172
f 4081 4027 4067
f 4225 4226 4206
f 4121 4122 4174
f 4067 4121 4066
f 4119 4079 4080
f 4081 4066 4065
f 4079 4119 4118
f 4116 4117 4170
f 4205 4251 4250
f 4120 4173 4172
f 4065 4066 4120
f 4115 4062 4116
f 4065 4120 4119
f 4081 4080 4025
f 4225 4172 4226
f 4171 4117 4118
f 4251 4205 4206
f 4121 4173 4120
f 4225 4206 4205
f 4027 4081 4026
f 4170 4117 4171
f 4205 4250 4204
f 4205 4224 4225
f 4117 4062 4063
f 4066 4121 4120
f 4116 4170 4169
f 4205 4204 4224
f 4119 4172 4118
f 4064 4117 4063
f 1499 1504 1503
f 1598 1499 1493
f 1386 1393 1385
f 1588 1485 1486
f 1492 1393 1386
f 1493 1492 1386
f 1492 1592 1593
f 1594 1593 1588
f 1608 1504 1603
f 1492 1493 1592
f 1481 1386 1379
f 1493 1498 1492
f 1499 1598 1504
f 1485 1492 1493
f 1493 1499 1498
f 1593 1598 1493
f 1482 1588 1485
f 1386 1485 1493
f 1485 1593 1493
f 1393 1289 1385
f 1485 1386 1481
f 1504 1608 1507
f 1493 1492 1593
f 1593 1485 1588
f 1498 1400 1492
f 1493 1593 1592
f 1586 1588 1482
f 1481 1482 1485
f 1393 1492 1400
f 1598 1603 1504
f 1503 1498 1499
f 1503 1504 1507
f 1686 1699 1687
f 1564 1688 1563
f 1463 1573 1572
f 1263 1264 1358
f 1690 1834 1689
f 1831 1832 2017
f 1686 1687 1830
f 1833 2020 2019
f 1686 1843 1699
f 1697 1573 1574
f 1464 1465 1575
f 1699 1698 1574
f 2025 1842 2026
f 1831 2017 2028
f 1832 1689 1833
f 1831 1830 1687
f 1463 1462 1355
f 1833 1834 2020
f 2028 1844 1831
f 1689 1688 1565
f 1687 1699 1563
f 1575 1465 1576
f 1841 1697 1698
f 1832 1688 1689
f 1575 1576 1563
f 1691 1834 1690
f 1691 1835 1834
f 1576 1465 1466
f 1564 1453 1454
f 1563 1688 1687
f 1583 1478 1584
f 1360 1347 1453
f 1566 1690 1689
f 1842 1841 1698
f 2018 1833 2019
f 1688 1564 1565
f 1843 1844 2028
f 1472 1471 1462
f 1830 1844 1843
f 1478 1579 1584
f 1478 1471 1472
f 1463 1464 1574
f 1832 2018 2017
f 1579 1478 1471
f 1573 1463 1574
f 1358 1264 1359
f 1574 1575 1699
f 1565 1454 1566
f 1843 1842 1698
f 1472 1572 1579
f 1454 1565 1564
f 1832 1833 2018
f 2021 2020 1834
f 1478 1477 1471
f 1359 1466 1358
f 1830 1843 1686
f 1830 1831 1844
f 1463 1472 1462
f 1583 1477 1478
f 1687 1688 1832
f 1464 1463 1357
f 1832 1831 1687
f 1574 1464 1575
f 1843 1698 1699
f 1698 1697 1574
f 1572 1472 1463
f 1358 1465 1357
f 1563 1453 1564
f 1358 1466 1465
f 1833 1689 1834
f 1834 1835 2021
f 2025 1841 1842
f 1471 1472 1579
f 1477 1364 1471
f 1575 1563 1699
f 1565 1566 1689
f 1357 1465 1464
f 1079 1018 1019
f 1019 1018 961
f 1079 1078 1018
f 1076 1017 1077
f 1018 1077 1017
f 961 1018 960
f 659 724 692
f 1017 1076 1016
f 726 693 660
f 660 693 659
f 627 661 660
f 660 661 726
f 694 726 661
f 694 661 629
f 960 914 961
f 726 762 761
f 1016 959 1017
f 725 693 726
f 693 724 659
f 956 833 834
f 762 795 761
f 694 727 762
f 835 762 727
f 795 835 869
f 834 795 869
f 759 760 794
f 660 659 626
f 723 691 692
f 656 657 690
f 759 723 724
f 693 725 724
f 626 627 660
f 723 722 691
f 657 658 691
f 1255 1254 1157
f 795 834 794
f 761 794 760
f 690 657 691
f 1078 1157 1077
f 761 725 726
f 759 722 723
f 727 728 835
f 727 629 662
f 761 795 794
f 794 833 759
f 961 914 915
f 727 694 629
f 796 870 835
f 960 959 913
f 915 870 796
f 835 911 910
f 1017 959 960
f 913 914 960
f 835 912 911
f 691 658 692
f 912 870 914
f 835 956 869
f 913 959 912
f 835 728 796
f 911 912 959
f 762 835 795
f 835 870 912
f 869 956 834
f 694 762 726
f 956 835 910
f 960 1018 1017
f 870 915 914
f 959 958 911
f 912 914 913
f 1078 1077 1018
f 758 722 759
f 760 725 761
f 724 725 760
f 722 656 690
f 1255 1157 1158
f 691 722 690
f 1079 1158 1078
f 758 759 833
f 1078 1158 1157
f 724 760 759
f 723 692 724
f 834 833 794
f 623 656 591
f 657 656 623
f 661 627 596
f 596 566 567
f 661 628 629
f 566 596 627
f 597 596 567
f 596 597 628
f 628 661 596
f 628 597 629
f 2214 2016 2215
f 2215 2216 2420
f 2416 2415 2211
f 2416 2417 2406
f 2216 2215 2222
f 2215 2419 2418
f 2418 2620 2417
f 2212 2416 2211
f 1683 1826 1682
f 2419 2215 2420
f 1826 1683 1827
f 2214 2418 2417
f 2014 2211 2013
f 2214 2213 2016
f 2005 2007 2006
f 2403 2204 2404
f 2619 2407 2417
f 2416 2212 2417
f 2212 2213 2417
f 2415 2206 2211
f 2007 2204 2006
f 2213 2214 2417
f 1827 1683 1828
f 2212 2014 2213
f 2206 2404 2205
f 2204 2205 2404
f 1826 1827 2014
f 2015 2213 2014
f 1827 2015 2014
f 2419 2420 2621
f 2206 2415 2404
f 2404 2415 2405
f 2416 2406 2415
f 2215 2418 2214
f 2418 2419 2620
f 2016 2213 2015
f 2619 2417 2620
f 2415 2406 2405
f 2007 2205 2204
f 2205 2008 2206
f 2008 2013 2211
f 2206 2008 2211
f 2008 2205 2007
f 1828 2016 2015
f 2014 2212 2211
f 2417 2407 2406
f 1827 1828 2015
f 2820 2813 2814
f 2813 2819 2818
f 2381 2386 2380
f 2190 2193 2387
f 2386 2393 2394
f 2193 2190 2191
f 2190 2381 2191
f 2381 2387 2386
f 2586 2587 2594
f 2814 2808 2815
f 2191 2194 2193
f 2386 2594 2380
f 2587 2588 2380
f 2818 2812 2813
f 2819 2813 2820
f 2815 2808 2809
f 2387 2193 2386
f 2381 2380 2588
f 2824 2819 2586
f 2580 2378 2588
f 2801 2807 2806
f 2808 2814 2807
f 2813 2807 2814
f 2593 2824 2586
f 2586 2819 2587
f 2382 2381 2378
f 2588 2378 2381
f 2813 2812 2807
f 2814 2815 2580
f 2580 2588 2814
f 2594 2593 2586
f 2807 2812 2806
f 2381 2190 2387
f 2820 2587 2819
f 2588 2587 2820
f 2587 2380 2594
f 2820 2814 2588
f 2453 2660 2456
f 2446 2648 2653
f 2453 2449 2655
f 2450 2446 2451
f 2451 2446 2653
f 2660 2453 2655
f 2450 2451 2652
f 2653 2652 2656
f 2653 2656 2657
f 2648 2873 2652
f 2649 2875 2648
f 2871 2870 2875
f 2870 2874 2875
f 2877 2652 2873
f 3382 3133 3134
f 3134 3382 3139
f 2873 2648 2874
f 2873 3138 3143
f 2880 2652 2877
f 2652 2653 2648
f 2877 2873 3143
f 2655 2449 2651
f 2258 2453 2257
f 2652 2880 2655
f 2450 2254 2445
f 2873 2874 3138
f 2254 2249 2445
f 3139 2874 3134
f 2652 2657 2656
f 2651 2652 2655
f 2655 2879 2884
f 2651 2449 2450
f 3138 3139 3382
f 2880 2879 2655
f 2449 2453 2258
f 2884 2660 2655
f 3139 3138 2874
f 2652 2651 2450
f 2254 2450 2449
f 2657 2652 2653
f 2451 2653 2652
f 2648 2875 2874
f 2449 2258 2254
f 1278 1277 1271
f 1175 1169 1170
f 1277 1374 1375
f 1168 1174 1270
f 1174 1093 1175
f 1170 1169 1094
f 1168 1270 1267
f 1273 1272 1170
f 1271 1277 1270
f 1177 1171 1170
f 1169 1175 1094
f 1096 1034 1095
f 1094 1095 1170
f 1175 1170 1272
f 1083 1084 1094
f 1175 1272 1271
f 1277 1375 1367
f 1099 1096 1034
f 1170 1096 1177
f 1096 1170 1095
f 1270 1174 1175
f 1084 1095 1094
f 1096 1099 1177
f 1369 1272 1273
f 1175 1271 1270
f 1367 1270 1277
f 1273 1170 1176
f 1085 1025 1084
f 1273 1176 1177
f 1094 1175 1093
f 1176 1170 1177
f 1025 1095 1084
f 1095 1025 1034
f 3094 3343 3093
f 2850 2851 3109
f 3517 3646 3516
f 3093 2838 2839
f 3650 3649 3521
f 2838 2612 2839
f 3519 3346 3520
f 3342 3093 3343
f 3882 3950 3949
f 3517 3343 3344
f 3884 3766 3767
f 3649 3520 3521
f 3346 3519 3518
f 3518 3647 3519
f 3094 3093 2839
f 3347 3521 3520
f 3766 3884 3883
f 3095 3096 3346
f 3947 3880 3948
f 3767 3768 3885
f 3884 3952 3951
f 2010 1836 1824
f 2009 2021 2010
f 3648 3520 3649
f 3346 3518 3345
f 3095 2840 3096
f 3645 3768 3767
f 2411 2209 2412
f 3349 3099 3100
f 2617 2844 3100
f 2219 2207 2410
f 2413 2617 2412
f 2842 2615 2843
f 2842 2614 2615
f 3100 3099 2617
f 2614 2411 2615
f 2410 2409 2219
f 2839 2613 2840
f 2408 2612 2424
f 2208 2410 2207
f 3768 3769 3886
f 3523 3522 3350
f 3882 3883 3950
f 3350 3349 3100
f 3953 3952 3885
f 3885 3952 3884
f 2612 2613 2839
f 2614 2409 2410
f 2412 2210 2413
f 2219 2019 2220
f 3096 2840 2841
f 2615 2411 2616
f 2409 2408 2425
f 2424 2425 2408
f 2219 2220 2207
f 2614 2410 2411
f 3521 3348 3522
f 3650 3651 3773
f 2613 2612 2408
f 2618 2844 2617
f 3650 3522 3651
f 2841 2842 3097
f 3347 3096 2841
f 3098 2843 3099
f 2613 2614 2840
f 2627 2424 2612
f 2841 3097 3347
f 3348 3349 3522
f 2616 2843 2615
f 2411 2410 2208
f 2840 2614 2841
f 2617 3099 2843
f 3098 2842 2843
f 3098 3348 3097
f 2616 2617 2843
f 3346 3096 3347
f 3520 3346 3347
f 3098 3349 3348
f 2616 2411 2412
f 2209 2210 2412
f 2612 2852 2626
f 2617 2616 2412
f 2409 2614 2613
f 3350 3522 3349
f 2414 2413 2210
f 2613 2408 2409
f 2618 2617 2413
f 2841 2614 2842
f 2219 2424 2218
f 2219 2425 2424
f 3348 3347 3097
f 3348 3521 3347
f 2618 2413 2414
f 3523 3651 3522
f 2425 2219 2409
f 2217 2423 2422
f 2209 2411 2208
f 3521 3522 3650
f 2842 3098 3097
f 3098 3099 3349
f 3092 2851 2838
f 3766 3883 3765
f 2217 2218 2423
f 3869 3888 3887
f 2423 2218 2424
f 2219 2218 2019
f 2627 2423 2424
f 3514 3643 3532
f 3643 3765 3764
f 3643 3642 3660
f 3531 3643 3660
f 3764 3642 3643
f 3881 3765 3882
f 3950 3883 3951
f 3766 3765 3644
f 3644 3765 3643
f 3531 3532 3643
f 3881 3764 3765
f 3952 3953 4015
f 3886 3885 3768
f 2838 3093 3092
f 3883 3884 3951
f 2851 3092 3110
f 3343 3516 3342
f 3885 3884 3767
f 3645 3644 3515
f 4014 3951 3952
f 3519 3520 3648
f 3648 3518 3519
f 3885 3886 3953
f 3765 3883 3882
f 3095 3094 2839
f 3516 3645 3515
f 2625 2851 2850
f 2207 2020 2208
f 2852 2851 2626
f 3646 3768 3645
f 3516 3646 3645
f 3341 3342 3515
f 2012 2210 2011
f 2020 2021 2208
f 3094 3095 3345
f 3110 3109 2851
f 3092 3093 3342
f 3514 3341 3515
f 3650 3772 3649
f 3881 3882 3948
f 3948 3880 3881
f 2839 2840 3095
f 3764 3784 3660
f 3764 3660 3642
f 3881 3880 3764
f 3784 3764 3880
f 3769 3887 3886
f 3888 3887 3770
f 1824 1825 2010
f 3769 3770 3887
f 3889 3869 3771
f 3770 3648 3889
f 1825 2011 2010
f 3887 3954 3886
f 3758 3871 3757
f 3647 3648 3519
f 3646 3517 3518
f 2021 2009 2208
f 3644 3645 3766
f 3889 3771 3770
f 2208 2009 2209
f 3647 3646 3518
f 3517 3345 3518
f 3515 3644 3643
f 3358 3109 3359
f 2009 2010 2209
f 2423 2626 2422
f 3344 3094 3345
f 2220 2019 2020
f 4016 4015 3954
f 3870 3936 3889
f 3757 3871 3772
f 3953 3886 3954
f 3345 3517 3344
f 3647 3771 3770
f 2414 2210 2012
f 3888 3771 3869
f 3770 3769 3646
f 2207 2220 2020
f 3889 3648 3772
f 3359 3532 3358
f 3757 3651 3758
f 2625 2422 2626
f 3772 3773 3757
f 3360 3109 3110
f 2010 2021 1836
f 3647 3648 3770
f 2627 2626 2423
f 3344 3343 3094
f 3870 3889 3871
f 3768 3646 3769
f 3757 3773 3651
f 3515 3342 3516
f 3935 3954 3887
f 3871 3889 3772
f 3872 3871 3758
f 3992 3991 3954
f 3648 3647 3518
f 4016 3954 3991
f 3937 3936 3870
f 3110 3342 3360
f 3532 3359 3514
f 2010 2011 2209
f 3643 3514 3515
f 3953 3954 4015
f 3359 3342 3341
f 1835 1836 2021
f 3954 3935 3992
f 3770 3771 3888
f 3646 3647 3770
f 3516 3343 3517
f 2851 2852 2838
f 3648 3649 3772
f 2838 2852 2612
f 3514 3359 3341
f 2612 2626 2627
f 3531 3358 3532
f 3359 3360 3342
f 3092 3342 3110
f 3345 3095 3346
f 1681 2011 1825
f 2625 2626 2851
f 3767 3766 3645
f 2209 2011 2210
f 2012 2011 1681
f 3772 3650 3773
f 3359 3109 3360
f 4199 4149 4150
f 4165 4150 4149
f 4146 4145 4099
f 4197 4196 4147
f 4148 4100 4111
f 4145 4098 4099
f 4145 4097 4098
f 4146 4099 4147
f 4095 4092 4091
f 4097 4045 4046
f 4091 4140 4139
f 3989 4045 4044
f 4198 4245 4244
f 4148 4111 4149
f 4197 4147 4148
f 4114 4166 4113
f 4095 4142 4140
f 4098 4097 4046
f 4090 4139 4138
f 4112 4113 4165
f 4113 4060 4114
f 4111 4112 4165
f 4195 4146 4147
f 4166 4167 4150
f 4198 4148 4149
f 4144 4143 4097
f 4096 4097 4143
f 4200 4199 4150
f 4113 4059 4060
f 4110 4111 4100
f 4099 4110 4100
f 4098 4047 4099
f 4141 4190 4140
f 4110 4099 4055
f 4095 4044 4096
f 4055 4099 4047
f 4145 4194 4144
f 4055 4056 4110
f 4045 4096 4044
f 4145 4146 4195
f 4166 4114 4167
f 4150 4151 4200
f 4142 4096 4143
f 4095 4094 4043
f 4198 4196 4197
f 4189 4139 4140
f 4110 4056 4111
f 4140 4091 4092
f 4198 4197 4148
f 4141 4139 4140
f 4165 4113 4166
f 4188 4139 4189
f 4099 4100 4147
f 4111 4165 4149
f 4142 4095 4096
f 4139 4090 4091
f 4094 4095 4091
f 4096 4045 4097
f 4190 4189 4140
f 4190 4144 4194
f 4144 4190 4141
f 4143 4141 4140
f 4061 4114 4060
f 4144 4141 4143
f 4199 4245 4198
f 4143 4140 4142
f 4095 4140 4092
f 4114 4061 4115
f 4148 4147 4100
f 4149 4199 4198
f 4196 4195 4147
f 4144 4097 4145
f 4150 4165 4166
f 4195 4196 4194
f 4145 4195 4194
f 4095 4043 4044
f 428 449 427
f 469 448 449
f 448 427 449
f 475 476 492
f 454 476 475
f 449 434 454
f 448 468 447
f 470 449 454
f 434 449 428
f 475 470 454
f 491 470 475
f 469 468 448
f 492 491 475
f 469 449 470
f 477 454 455
f 454 434 435
f 455 454 435
f 476 454 477
f 476 477 493
f 491 492 512
f 514 513 493
f 512 492 493
f 513 512 493
f 526 512 513
f 526 513 514
f 492 476 493
f 3955 3893 3956
f 4063 4078 4079
f 4111 4057 4112
f 4019 4020 4002
f 3955 3945 3944
f 4018 4002 4001
f 4046 4045 3997
f 4002 4060 4059
f 4055 3998 4056
f 3999 3943 3944
f 3942 3998 3997
f 4022 4021 3959
f 4080 4079 4024
f 3957 4002 3956
f 3955 3956 4017
f 3990 3997 4045
f 4054 4055 4047
f 4057 4111 4056
f 4023 4024 4078
f 3999 3945 4000
f 3957 3958 4020
f 4002 4059 4058
f 4002 4018 3956
f 4047 4098 4046
f 4064 4063 4079
f 3999 4057 4056
f 4020 4019 3957
f 4002 4058 4001
f 4061 4003 4004
f 4000 4017 4001
f 4054 3997 4055
f 4017 4000 3945
f 4001 4017 3956
f 3956 4018 4001
f 4046 3997 4054
f 4022 4078 4062
f 4017 3945 3955
f 3999 3998 3943
f 4056 3998 3999
f 4058 4112 4057
f 4058 4059 4113
f 4058 4000 4001
f 4000 4057 3999
f 3958 4021 4003
f 4060 4002 4003
f 4004 4003 4021
f 4078 4063 4062
f 4022 4004 4021
f 4045 3989 3990
f 4022 4023 4078
f 4004 4005 4062
f 4022 3959 3960
f 4022 4062 4005
f 3943 3998 3942
f 3958 3959 4021
f 4061 4060 4003
f 4004 4062 4061
f 4057 4000 4058
f 4022 4005 4004
f 4046 4054 4047
f 3996 3997 3990
f 3999 3944 3945
f 4002 3957 4019
f 4113 4112 4058
f 4003 4002 4020
f 4079 4078 4024
f 4055 3997 3998
f 4020 3958 4003
f 2992 2991 2996
f 2996 2997 2992
f 3003 2997 2996
f 3264 3003 3263
f 2351 2538 2533
f 2538 2351 2350
f 2751 2538 2755
f 2754 2755 2538
f 2751 2755 2754
f 2750 2996 2746
f 2995 2751 2750
f 2746 2747 2750
f 2747 2746 2996
f 2991 2747 2996
f 2750 2747 2751
f 2996 2750 2751
f 2995 2996 2751
f 3003 2996 2995
f 3003 2995 3002
f 2750 2751 2754
f 2750 2754 3002
f 2533 2538 2751
f 2995 2750 3002
f 3003 3002 3008
f 3007 3002 3006
f 3002 3007 3008
f 3001 3006 3002
f 377 402 376
f 432 401 402
f 376 386 366
f 402 413 376
f 376 366 357
f 376 413 386
f 402 422 432
f 451 412 431
f 412 451 450
f 430 412 450
f 413 402 401
f 365 385 364
f 386 365 366
f 365 386 385
f 401 432 431
f 357 377 376
f 451 431 432
f 412 385 413
f 386 413 385
f 401 412 413
f 431 412 401
f 385 412 430
f 2868 3127 2865
f 2645 2640 2641
f 2865 2868 2869
f 2645 2641 2441
f 2641 2439 2441
f 2644 2641 2645
f 2865 2641 2644
f 2865 2640 2641
f 2641 2640 2636
f 2641 2636 2637
f 3127 3123 3122
f 2865 2644 2868
f 2868 2869 3131
f 2637 2636 2633
f 2872 2645 2647
f 2637 2862 2636
f 2872 2869 2645
f 2862 2858 2633
f 2868 2645 2869
f 3127 3122 2862
f 3127 3128 3123
f 2644 2645 2868
f 2862 2865 3127
f 2441 2647 2645
f 2641 2637 2436
f 2862 2633 2636
f 2641 2436 2439
f 2865 2862 2640
f 2862 2637 2640
f 2637 2641 2640
f 2868 3131 3127
f 3131 3128 3127
f 2629 2628 2621
f 2621 2420 2622
f 2632 2854 2629
f 2628 2854 2853
f 3116 2854 2857
f 3111 2854 3116
f 2620 2419 2621
f 2853 3111 3104
f 3104 2848 2853
f 2854 2628 2629
f 3112 3116 3361
f 2621 2628 2848
f 2629 2622 2426
f 2632 2857 2854
f 2853 2848 2628
f 3111 2853 2854
f 2426 2622 2420
f 3112 3105 3104
f 3112 3111 3116
f 2622 2629 2621
f 3112 3104 3111
f 3149 3396 3145
f 3144 3145 3141
f 3145 3391 3141
f 3406 3155 3410
f 3391 3145 3396
f 3154 3155 3406
f 3396 3149 3401
f 3405 3154 3406
f 3405 3401 3149
f 3154 3405 3149
f 3406 3401 3405
f 3153 3154 3149
f 3148 3153 3149
f 1248 1265 1264
f 1348 1455 1454
f 1252 1349 1251
f 1264 1263 1248
f 1347 1346 1249
f 1349 1348 1251
f 1348 1454 1347
f 1453 1563 1466
f 1248 1151 1152
f 1453 1466 1467
f 1466 1359 1467
f 1250 1348 1347
f 1467 1360 1453
f 1347 1360 1346
f 1265 1248 1249
f 1348 1250 1251
f 1347 1249 1250
f 1153 1154 1251
f 1153 1251 1250
f 1265 1359 1264
f 1359 1265 1360
f 1347 1454 1453
f 1359 1360 1467
f 1466 1563 1576
f 1265 1249 1360
f 1152 1250 1249
f 1151 1248 1150
f 1455 1348 1349
f 1252 1251 1154
f 1249 1346 1360
f 1248 1152 1249
f 1244 1245 1342
f 1137 1058 1138
f 996 995 997
f 1140 1144 1244
f 1140 1139 1061
f 1338 1339 1446
f 1057 1058 1137
f 1144 1145 1244
f 1138 1139 1240
f 1339 1338 1240
f 1057 995 1058
f 1140 1062 1144
f 996 1058 995
f 1245 1146 1246
f 1060 1058 996
f 1058 1060 1059
f 1240 1239 1138
f 1340 1341 1447
f 1139 1241 1240
f 1062 1140 1061
f 1245 1145 1146
f 1239 1137 1138
f 1340 1446 1339
f 1140 1241 1139
f 1240 1338 1239
f 1447 1449 1446
f 1138 1059 1060
f 1138 1061 1139
f 1446 1449 1448
f 1243 1341 1340
f 1144 1066 1145
f 1241 1140 1244
f 1447 1446 1340
f 1342 1245 1343
f 1342 1341 1244
f 1339 1240 1340
f 1340 1240 1241
f 1061 1138 1060
f 1449 1341 1450
f 1246 1344 1343
f 1341 1342 1450
f 1144 1065 1066
f 1244 1341 1243
f 1340 1241 1243
f 1059 1138 1058
f 1449 1447 1341
f 1343 1450 1342
f 1241 1244 1243
f 1244 1145 1245
f 1246 1343 1245
f 2762 2765 3011
f 2545 2548 2762
f 2169 2355 2350
f 2545 2762 2541
f 3008 3011 3012
f 3269 3003 3008
f 3008 3270 3269
f 3001 3002 2754
f 3003 3269 3263
f 2541 2355 2542
f 3016 3011 3015
f 2347 2170 2351
f 3007 2761 3011
f 2758 3007 3002
f 2768 3021 2765
f 2765 3015 3011
f 2765 2769 2768
f 3016 3012 3011
f 2765 3021 3015
f 2541 2762 2758
f 2537 2538 2350
f 3263 3269 3270
f 3270 3264 3263
f 2548 2765 2762
f 3007 2758 2761
f 3007 3011 3008
f 2762 3011 2761
f 2169 2350 2351
f 2538 2537 2754
f 2769 3021 2768
f 2754 2537 2541
f 3012 3270 3008
f 2754 2758 3002
f 2761 2758 2762
f 2541 2542 2545
f 2350 2355 2541
f 2537 2350 2541
f 2758 2754 2541
f 2351 2170 2169
f 3144 3141 3140
f 3149 3144 3148
f 3145 3144 3149
f 3135 2869 2872
f 2876 3135 2872
f 2872 3131 2869
f 2876 2872 2650
f 2878 3144 3140
f 2647 2650 2872
f 3135 3131 2872
f 2876 3140 3135
f 3140 2876 2878
f 1387 1380 1388
f 1366 1269 1367
f 1366 1367 1375
f 1374 1375 1380
f 1388 1380 1381
f 1474 1367 1366
f 1380 1381 1375
f 1375 1374 1366
f 1395 1394 1389
f 1388 1389 1394
f 1267 1366 1362
f 1267 1269 1366
f 1849 2034 2033
f 2239 2238 2234
f 2040 2033 2041
f 2033 2040 1849
f 1849 1850 1840
f 1857 1862 1858
f 2235 2041 2033
f 1858 1709 1854
f 2040 2041 2235
f 2238 2244 2243
f 2040 2235 2234
f 1704 1707 1583
f 2230 2033 2034
f 1696 1573 1697
f 1839 2033 1849
f 1704 1579 1572
f 1583 1584 1579
f 1854 1853 1858
f 2239 2244 2238
f 1704 1572 1696
f 1849 1704 1850
f 1583 1579 1704
f 2049 1862 1857
f 2049 1857 2045
f 2240 2234 2235
f 1863 1858 1862
f 1709 1858 1863
f 2234 2240 2239
f 1707 1704 1703
f 1849 1703 1704
f 1709 1706 1854
f 1696 1840 1704
f 2238 2049 2045
f 2234 2039 2040
f 1839 1849 1840
f 1840 1850 1704
f 1849 1707 1703
f 2230 2235 2033
f 1854 1707 1849
f 1706 1707 1854
f 1849 1848 1854
f 1848 1849 2040
f 2234 2238 2039
f 1707 1582 1583
f 1841 1696 1697
f 1854 1848 2040
f 1582 1707 1706
f 2045 2039 2238
f 2039 1854 2040
f 1573 1696 1572
f 1854 2039 1853
f 1857 1853 2039
f 2045 1857 2039
f 1853 1857 1858
f 2049 2238 2243
f 116 107 82
f 106 115 146
f 156 146 157
f 146 115 121
f 115 116 121
f 115 106 116
f 121 157 146
f 77 82 107
f 116 106 107
f 1020 1021 1081
f 949 900 916
f 872 815 816
f 871 872 917
f 856 813 814
f 1020 1081 1068
f 916 871 917
f 814 813 776
f 856 857 899
f 948 1007 1006
f 1020 1068 1007
f 873 918 872
f 917 964 963
f 816 777 778
f 813 775 776
f 776 815 814
f 949 916 962
f 949 962 1007
f 816 872 858
f 857 900 899
f 916 900 871
f 963 964 1022
f 964 917 918
f 857 856 814
f 1021 963 1022
f 917 962 916
f 962 917 963
f 815 872 857
f 963 1021 962
f 948 900 949
f 1006 1007 1068
f 1068 1081 1080
f 1021 1020 962
f 1007 962 1020
f 917 872 918
f 873 872 859
f 815 777 816
f 777 815 776
f 1007 948 949
f 857 814 815
f 740 776 738
f 859 872 816
f 857 871 900
f 900 948 899
f 872 871 857
f 776 775 738
f 740 777 776
f 3843 3718 3711
f 3843 3847 3726
f 3392 3577 3397
f 3843 3726 3718
f 3398 3397 3402
f 3711 3838 3843
f 3719 3581 3718
f 3712 3581 3577
f 3577 3581 3397
f 3586 3719 3718
f 3156 3150 3403
f 2893 3162 2892
f 2893 3156 3162
f 3392 3573 3577
f 3408 3414 3162
f 3586 3581 3719
f 3407 3414 3408
f 3407 3581 3586
f 3718 3581 3712
f 3162 3156 3408
f 3156 3403 3408
f 3407 3403 3402
f 3397 3581 3402
f 3407 3408 3403
f 3581 3407 3402
f 3398 3402 3403
f 2903 2678 2902
f 3181 2905 2906
f 2474 2683 2472
f 3175 3176 2903
f 2909 3182 2906
f 2472 2683 2678
f 3181 3182 3176
f 2684 2683 2688
f 2905 3181 2903
f 2906 2905 2909
f 2683 2687 2688
f 2908 2684 2688
f 2678 2683 2684
f 2683 2474 2687
f 2905 2902 2684
f 3181 3175 2903
f 3176 3175 3181
f 2902 2905 2903
f 2906 3182 3181
f 2905 2684 2908
f 2908 2909 2905
f 2902 2678 2684
f 2678 2903 2679
f 3849 3733 3734
f 3421 3420 3428
f 3421 3599 3598
f 3597 3598 3592
f 3734 3726 3847
f 3733 3593 3734
f 3421 3174 3166
f 3427 3172 3173
f 3179 3173 3427
f 3849 3846 3733
f 3734 3850 3849
f 3598 3599 3593
f 3598 3733 3592
f 3428 3174 3421
f 3592 3591 3597
f 3847 3850 3734
f 3419 3597 3591
f 3420 3597 3419
f 3180 2904 3174
f 3598 3597 3420
f 3850 3847 3846
f 3179 3174 3173
f 3850 3846 3849
f 3179 3180 3174
f 3420 3421 3598
f 3426 3427 3419
f 2904 3180 3179
f 3427 3174 3428
f 3174 2904 2900
f 3427 3173 3174
f 3427 3426 3172
f 3427 3428 3420
f 3598 3593 3733
f 3419 3427 3420
f 2392 2396 2391
f 2386 2391 2392
f 2197 2391 2198
f 2392 2393 2386
f 2390 2391 2197
f 2396 2395 2198
f 2391 2396 2198
f 2198 2396 2390
f 2390 2396 2391
f 2386 2393 2593
f 2593 2594 2386
f 1395 1496 1394
f 1394 1496 1495
f 1032 1008 1090
f 1165 1090 1091
f 1090 1031 1032
f 1090 1008 1069
f 1008 1032 951
f 1069 1091 1090
f 1148 1069 1149
f 1263 1150 1248
f 1008 1009 1069
f 1069 1009 1070
f 952 1009 951
f 1165 1091 1148
f 1355 1356 1463
f 1149 1150 1166
f 1356 1357 1463
f 951 1009 1008
f 1150 1263 1166
f 1261 1262 1356
f 1261 1165 1262
f 1165 1166 1262
f 1356 1262 1357
f 1148 1166 1165
f 1262 1358 1357
f 1148 1149 1166
f 1355 1260 1356
f 1263 1262 1166
f 1262 1263 1358
f 1261 1356 1260
f 1165 1164 1090
f 1089 1031 1090
f 1070 1149 1069
f 1150 1149 1070
f 1148 1091 1069
f 2029 2030 2022
f 2228 2227 2031
f 2030 2221 2022
f 2215 2221 2222
f 2221 2215 2022
f 2227 2222 2226
f 2215 2016 2022
f 2222 2228 2426
f 2228 2031 2032
f 2037 2038 2032
f 2432 2431 2426
f 2431 2432 2632
f 2037 2044 2038
f 2216 2222 2420
f 2228 2222 2227
f 2229 2032 2038
f 2038 2044 2237
f 2426 2228 2432
f 2431 2629 2426
f 2629 2431 2632
f 2030 2226 2221
f 2233 2037 2038
f 2229 2038 2233
f 2221 2226 2222
f 2426 2420 2222
f 2237 2233 2038
f 2228 2032 2229
f 2936 3216 2941
f 2924 2920 3201
f 3201 3200 3206
f 2941 3219 2946
f 3196 3201 2920
f 2924 3206 2930
f 3216 3213 3215
f 3208 3204 2929
f 2928 2929 3204
f 3206 2924 3201
f 2928 2935 2929
f 2477 2693 2480
f 2480 2693 2479
f 3212 3215 3213
f 3209 3204 3208
f 2477 2690 2689
f 2696 2916 2921
f 2482 2480 2479
f 2693 2916 2696
f 2693 2696 2479
f 3209 3205 3204
f 2916 2915 2921
f 2931 2706 2702
f 2925 2921 2924
f 2689 2693 2477
f 2935 3208 2929
f 2485 2699 2484
f 2912 2911 2916
f 2477 2685 2689
f 3216 2936 3213
f 2921 2699 2696
f 2689 2912 2916
f 3213 2936 3210
f 2942 2937 2936
f 2942 2936 2941
f 2686 2477 2475
f 3196 2916 2911
f 2924 2930 2931
f 2482 2696 2485
f 2916 3196 2915
f 3206 3209 3210
f 2936 2930 3210
f 2941 2946 2942
f 2920 2921 3196
f 2931 2936 2937
f 2696 2482 2479
f 2699 2485 2696
f 2685 2477 2686
f 3209 3206 3205
f 3216 3219 2941
f 2921 2915 3196
f 2931 2702 2925
f 3206 3210 2930
f 2706 2937 2709
f 2937 2706 2931
f 2488 2303 2485
f 2709 2942 2946
f 2485 2484 2488
f 2925 2699 2921
f 2709 2946 2712
f 2916 2693 2689
f 2947 2712 2946
f 2924 2921 2920
f 2699 2925 2702
f 2699 2702 2488
f 2303 2488 2491
f 3200 3205 3206
f 2925 2924 2931
f 2488 2702 2487
f 2936 2931 2930
f 2937 2942 2709
f 2699 2488 2484
f 1567 1690 1566
f 1692 1824 1836
f 1691 1690 1567
f 1459 1457 1458
f 1693 1570 1681
f 1350 1253 1254
f 1567 1568 1691
f 1456 1568 1567
f 1349 1350 1457
f 1254 1255 1350
f 1824 1692 1680
f 1457 1351 1459
f 1255 1351 1350
f 1350 1349 1252
f 1253 1350 1252
f 1568 1692 1691
f 1825 1680 1693
f 1457 1568 1456
f 1692 1568 1569
f 1692 1693 1680
f 1569 1693 1692
f 1456 1455 1349
f 1681 1825 1693
f 1351 1457 1350
f 1569 1459 1568
f 1693 1569 1570
f 1836 1835 1691
f 1569 1459 1570
f 1457 1459 1568
f 1566 1454 1455
f 1680 1825 1824
f 1836 1691 1692
f 1456 1349 1457
f 1455 1456 1567
f 1566 1455 1567
f 237 207 211
f 236 237 207
f 236 207 206
f 266 236 237
f 211 242 237
f 206 237 236
f 242 266 237
f 266 294 265
f 241 236 242
f 242 271 266
f 236 237 242
f 207 237 206
f 236 264 207
f 264 236 265
f 236 266 265
f 1409 1404 1405
f 1410 1414 1409
f 1414 1312 1409
f 1317 1311 1312
f 1317 1310 1311
f 1317 1316 1310
f 1405 1410 1409
f 2944 2943 2949
f 2708 2705 2707
f 2938 2939 2933
f 3217 3220 3218
f 2940 2945 3217
f 3218 3220 3221
f 2707 2710 2708
f 3218 3215 3214
f 2959 2960 2954
f 3220 3217 2945
f 2711 2714 2948
f 2313 2310 2314
f 2940 3214 2935
f 2939 2934 2933
f 2707 2489 2492
f 2935 2934 2940
f 2108 1936 1937
f 3211 2935 3214
f 2955 2960 3226
f 3220 2949 2955
f 3215 3211 3214
f 2933 2704 2705
f 2704 2707 2705
f 2935 2928 2934
f 2948 2943 2711
f 3221 3220 3223
f 2948 2717 2953
f 3226 2960 2959
f 2314 2310 2311
f 3223 3220 2955
f 3212 3211 3215
f 2498 2713 2495
f 3208 2935 3211
f 2105 2108 2311
f 3211 3212 3209
f 2949 2954 2955
f 3214 2940 3217
f 3223 3224 3221
f 2960 2955 2954
f 3223 3226 3227
f 3202 2923 2927
f 2932 2933 2927
f 2922 2926 2927
f 2933 2934 2928
f 2949 2943 2948
f 2495 2310 2313
f 2940 2934 2939
f 2943 2944 2939
f 2307 2310 2492
f 2923 2922 2927
f 2705 2708 2938
f 2311 2310 2308
f 2927 2928 3202
f 2948 2714 2717
f 2945 2949 2950
f 2955 3226 3223
f 2716 2717 2713
f 2714 2713 2717
f 2710 2714 2711
f 2928 2927 2933
f 2939 2938 2943
f 2310 2307 2308
f 3223 3227 3224
f 3211 3209 3208
f 2938 2933 2705
f 2707 2492 2710
f 2495 2710 2492
f 2950 2949 3220
f 2953 2954 2948
f 2940 2939 2945
f 2713 2714 2710
f 2495 2492 2310
f 1931 1937 2108
f 2711 2943 2938
f 2954 2949 2948
f 3214 3217 3218
f 2932 2704 2933
f 3220 2945 2950
f 2708 2711 2938
f 3213 3210 3212
f 3212 3210 3209
f 2932 2927 2926
f 2707 2704 2489
f 2498 2495 2313
f 2105 2311 2308
f 2713 2710 2495
f 2945 2939 2944
f 2944 2949 2945
f 2710 2711 2708
f 3161 3167 3162
f 2904 2680 2900
f 2676 2670 2896
f 3413 3594 3599
f 3594 3593 3599
f 3599 3421 3413
f 3593 3421 3599
f 3726 3586 3718
f 2901 2900 2676
f 2466 2671 2677
f 2896 2892 3162
f 3166 2901 2896
f 2473 2681 2680
f 3174 2901 3166
f 2677 2676 2471
f 3727 3734 3594
f 2896 2897 2892
f 2470 2471 2676
f 3421 3422 3413
f 2896 3167 3166
f 3161 3414 3413
f 2676 2680 2681
f 3727 3726 3734
f 3422 3167 3413
f 2900 2680 2676
f 2900 2901 3174
f 3727 3594 3586
f 2471 2466 2677
f 3167 2896 3162
f 3167 3422 3421
f 2677 2670 2676
f 3407 3586 3594
f 2671 2670 2677
f 2676 2681 2473
f 2281 2282 2473
f 3414 3407 3413
f 2282 2471 2473
f 2897 2896 2671
f 3726 3727 3586
f 3167 3421 3166
f 2896 2670 2671
f 2282 2277 2471
f 3734 3593 3594
f 3413 3407 3594
f 3167 3161 3413
f 2676 2473 2470
f 2901 2676 2896
f 3162 3414 3161
f 2473 2471 2470
f 1363 1353 1354
f 1089 1030 1031
f 1030 1088 1029
f 1268 1258 1353
f 1162 1172 1161
f 1353 1363 1268
f 1087 1029 1088
f 1028 1087 1086
f 1028 1029 1087
f 1259 1163 1260
f 1354 1258 1259
f 1259 1258 1162
f 1268 1162 1258
f 1258 1354 1353
f 1260 1354 1259
f 1162 1163 1259
f 1173 1162 1268
f 1173 1172 1268
f 1087 1161 1172
f 1162 1161 1087
f 1087 1172 1098
f 1163 1088 1089
f 1165 1261 1164
f 1261 1260 1164
f 1087 1088 1162
f 1030 1089 1088
f 1090 1164 1089
f 1162 1088 1163
f 1163 1164 1260
f 1260 1355 1354
f 1089 1164 1163
f 1162 1173 1172
f 3081 3330 2828
f 3329 3499 3330
f 2596 2195 2389
f 2191 2382 2379
f 3327 3496 3328
f 3080 3329 3081
f 2195 2383 2388
f 2828 2826 3081
f 3081 2826 3080
f 2192 2383 2195
f 3328 3497 3499
f 3082 2828 3330
f 3080 2825 3079
f 2828 2195 2596
f 2191 2382 2192
f 2383 2192 2382
f 3080 3079 3327
f 2196 2195 2389
f 3496 3497 3328
f 2379 2382 2378
f 2388 2595 2389
f 2383 2595 2388
f 3329 3080 3328
f 3627 2828 3330
f 3499 3329 3328
f 2595 2596 2389
f 2381 2382 2191
f 3080 2826 2825
f 3329 3330 3081
f 2828 2596 2826
f 3498 3499 3497
f 2191 2192 2195
f 2382 2379 2381
f 2191 2195 2194
f 2388 2389 2195
f 2596 2595 2826
f 3328 3080 3327
f 4229 4175 4176
f 4175 4123 4176
f 4177 4210 4230
f 4124 4123 4069
f 4209 4229 4230
f 4229 4228 4175
f 4070 4124 4069
f 4070 4069 4009
f 4209 4208 4228
f 4254 4208 4209
f 4070 4071 4124
f 4124 4176 4123
f 4176 4177 4230
f 4125 4177 4124
f 4009 4069 4029
f 4230 4210 4209
f 3912 3911 3788
f 4127 4072 4073
f 4229 4209 4228
f 4174 4122 4175
f 4210 4177 4211
f 4012 4074 4073
f 4124 4071 4125
f 4229 4176 4230
f 4010 4011 4072
f 3946 3947 4009
f 4253 4208 4254
f 4177 4176 4124
f 3920 3801 3911
f 3963 3897 3964
f 3898 3899 3964
f 4029 3967 3968
f 3965 3966 4027
f 3899 3965 3964
f 3788 3911 3801
f 3898 3964 3897
f 3788 3789 3912
f 3788 3801 3789
f 4067 4068 4121
f 4073 4072 4012
f 3896 3962 3911
f 4123 4175 4122
f 4006 4028 4007
f 4011 4010 3947
f 4177 4125 4153
f 4125 4071 4126
f 4126 4153 4125
f 3947 4010 4009
f 3968 4009 4029
f 3946 4009 3968
f 3948 3949 4012
f 4069 4122 4068
f 4074 4013 3950
f 3896 3897 3962
f 3962 3973 3911
f 4010 4072 4071
f 3948 3882 3949
f 4012 3950 4013
f 3897 3912 3789
f 3912 3897 3896
f 4006 4067 4027
f 4122 4069 4123
f 4069 4068 4008
f 3948 4011 3947
f 4126 4071 4072
f 4127 4126 4072
f 4027 3966 4028
f 4072 4011 4012
f 4012 4011 3948
f 4012 4013 4074
f 3964 4026 4025
f 4153 4211 4177
f 3949 3950 4012
f 4006 4068 4067
f 4008 4007 4028
f 3967 3966 3900
f 3911 3912 3896
f 4068 4007 4008
f 4028 3966 3967
f 3962 3897 3963
f 3779 3897 3789
f 4071 4009 4010
f 3967 4029 4028
f 4027 3964 3965
f 3897 3779 3898
f 3900 3965 3899
f 3965 3900 3966
f 4070 4009 4071
f 4026 3964 4027
f 4029 4008 4028
f 4069 4008 4029
f 4068 4006 4007
f 4068 4122 4121
f 4027 4028 4006
f 4025 3963 3964
f 2432 2637 2633
f 2229 2432 2228
f 2229 2233 2433
f 2432 2633 2632
f 2857 2632 2858
f 2233 2436 2433
f 2633 2858 2632
f 2433 2432 2229
f 2637 2432 2433
f 2433 2436 2637
f 1645 1542 1541
f 1646 1539 1542
f 1646 1542 1645
f 1539 1646 1645
f 1645 1758 1646
f 1641 1646 1755
f 1646 1641 1645
f 1758 1755 1759
f 1641 1635 1540
f 1537 1540 1635
f 1641 1539 1645
f 1755 1646 1759
f 1641 1540 1539
f 1755 1758 1754
f 1759 1646 1758
f 1542 1539 1541
f 1541 1539 1540
f 1644 1758 1645
f 3334 3505 3504
f 3508 3633 3506
f 3336 3509 3508
f 3332 3085 3086
f 2603 2832 2831
f 2604 2403 2607
f 2833 2604 2834
f 2831 2832 3085
f 2403 2608 2607
f 2603 2401 2604
f 3631 3504 3505
f 3505 3507 3508
f 2604 2607 2608
f 3508 3634 3633
f 3506 3633 3505
f 2833 2834 3087
f 2834 2605 2608
f 2604 2608 2605
f 3086 3333 3332
f 2401 2403 2604
f 3634 3508 3636
f 3333 3504 3503
f 3335 3505 3334
f 2833 2603 2604
f 3087 3086 2832
f 3505 3335 3507
f 2831 2602 2603
f 3333 3087 3334
f 3507 3336 3508
f 3632 3631 3505
f 3335 3336 3507
f 3503 3504 3631
f 2835 3089 3088
f 2832 3086 3085
f 3088 3087 2834
f 3508 3509 3636
f 3088 3334 3087
f 2605 2606 2608
f 3333 3334 3504
f 3089 3337 3336
f 2609 2606 2608
f 3632 3505 3633
f 3335 3334 3089
f 2832 2603 2833
f 3088 2834 2835
f 3335 3089 3336
f 2605 2834 2604
f 2401 2603 2400
f 3333 3086 3087
f 2833 3087 2832
f 2403 2404 2608
f 3505 3508 3506
f 2602 2400 2603
f 3088 3089 3334
f 1312 1305 1306
f 1312 1311 1305
f 1201 1202 1293
f 1301 1300 1294
f 1294 1300 1293
f 1312 1404 1409
f 1299 1306 1305
f 1202 1203 1293
f 1203 1294 1293
f 1202 1300 1293
f 1404 1399 1405
f 1398 1300 1301
f 1299 1293 1300
f 1300 1306 1299
f 1300 1404 1306
f 1293 1299 1201
f 1301 1294 1399
f 1202 1195 1203
f 1301 1399 1398
f 1294 1392 1399
f 1300 1398 1399
f 1194 1195 1202
f 1201 1299 1209
f 1404 1300 1399
f 1306 1404 1312
f 2087 2090 1911
f 2281 2286 2081
f 1907 2086 2087
f 2086 1907 1906
f 1664 1663 1657
f 1771 1766 1772
f 1766 1760 1906
f 1766 1771 1765
f 1772 1766 1910
f 2087 1911 1907
f 1910 1907 1911
f 1771 1772 1778
f 1771 1778 1777
f 1766 1772 1658
f 1658 1771 1777
f 1778 1664 1777
f 1772 1771 1658
f 1664 1658 1777
f 1653 1766 1658
f 2285 2286 2281
f 2081 2282 2281
f 2286 2084 2081
f 1911 1906 1907
f 1906 1907 1910
f 2281 2473 2475
f 2281 2475 2285
f 1658 1664 1657
f 2083 2087 2086
f 1910 1766 1906
f 2086 1906 2083
f 2087 2083 2084
f 2083 1906 1902
f 2356 2364 2363
f 2182 1994 2176
f 2363 2364 2547
f 1995 2176 1994
f 2358 2354 2544
f 1994 2182 1999
f 2358 2353 2354
f 2374 2551 2554
f 2357 2353 2358
f 2363 2547 2551
f 2361 2367 2187
f 2369 2551 2368
f 2551 2374 2368
f 2551 2369 2363
f 2173 2177 2176
f 1989 1994 1993
f 2361 2187 2182
f 1989 1990 1994
f 2173 2176 2172
f 2368 2362 2369
f 1995 1994 1990
f 1995 2172 2176
f 2173 2178 2177
f 2367 2368 2374
f 2177 2178 2356
f 2356 2183 2177
f 2178 2352 2353
f 2183 2356 2363
f 2178 2173 2352
f 2544 2357 2358
f 2178 2357 2356
f 2367 2362 2368
f 1990 2172 1995
f 2177 2183 2176
f 2367 2361 2362
f 2353 2540 2354
f 2176 2183 2182
f 2353 2357 2178
f 2362 2363 2369
f 2354 2540 2544
f 2547 2364 2544
f 2356 2357 2364
f 2357 2544 2364
f 2362 2361 2182
f 2362 2183 2363
f 2182 2183 2362
f 618 619 686
f 785 716 751
f 751 687 752
f 844 786 845
f 883 844 845
f 824 785 786
f 687 716 686
f 823 824 843
f 716 687 751
f 621 652 620
f 844 883 843
f 843 883 882
f 717 752 688
f 824 786 844
f 844 843 824
f 752 687 688
f 927 883 928
f 750 785 784
f 824 823 785
f 685 686 716
f 684 651 685
f 882 883 927
f 751 786 785
f 823 784 785
f 751 752 786
f 785 750 716
f 787 845 786
f 843 842 823
f 685 750 684
f 501 586 561
f 686 685 618
f 501 500 440
f 482 439 459
f 619 561 687
f 618 533 561
f 459 440 500
f 750 685 716
f 499 459 500
f 585 651 650
f 651 618 685
f 585 618 651
f 459 499 482
f 561 500 501
f 687 586 688
f 619 687 686
f 418 440 459
f 652 688 620
f 688 586 620
f 688 652 653
f 418 459 439
f 561 586 687
f 653 717 688
f 752 787 786
f 499 500 561
f 561 619 618
f 533 499 561
f 533 618 585
f 482 499 533
f 788 787 752
f 717 653 689
f 788 752 717
f 621 653 652
f 126 163 162
f 126 125 162
f 128 125 165
f 165 125 162
f 162 158 198
f 159 162 163
f 197 193 225
f 200 165 199
f 225 194 226
f 126 123 163
f 225 231 197
f 164 165 199
f 163 123 159
f 194 198 158
f 165 164 166
f 197 198 194
f 197 194 193
f 193 194 225
f 159 158 162
f 1278 1272 1279
f 1272 1278 1271
f 1285 1383 1382
f 1279 1272 1376
f 1390 1389 1382
f 1278 1283 1277
f 1368 1376 1272
f 1390 1382 1383
f 1388 1382 1389
f 1277 1381 1375
f 1284 1283 1278
f 1490 1496 1597
f 1491 1497 1490
f 1496 1395 1389
f 1390 1491 1389
f 1382 1388 1381
f 1490 1389 1491
f 1389 1490 1496
f 1497 1496 1490
f 1279 1376 1278
f 1597 1601 1496
f 1285 1278 1376
f 1376 1383 1285
f 1284 1285 1382
f 1597 1496 1497
f 1381 1283 1382
f 1283 1284 1382
f 1381 1277 1283
f 1285 1284 1278
f 3932 3986 3931
f 3756 3866 3865
f 3761 3875 3874
f 3864 3755 3865
f 3931 3865 3866
f 4042 4093 4041
f 3866 3867 3931
f 3933 3987 3932
f 3863 3752 3753
f 3930 3865 3931
f 3987 4042 4041
f 3983 3928 3929
f 4039 4090 4089
f 3988 4042 3987
f 3990 3940 3941
f 3933 3988 3987
f 4090 4093 4091
f 3633 3634 3754
f 3756 3760 3873
f 3761 3874 3760
f 3933 3939 3934
f 3874 3875 3940
f 3940 3990 3989
f 4041 3986 3987
f 3875 3762 3876
f 3989 3988 3934
f 3867 3866 3756
f 3930 3984 3929
f 3932 3868 3933
f 3874 3868 3873
f 3754 3755 3864
f 3940 3934 3939
f 3988 4044 4043
f 3776 3877 3876
f 3940 3939 3874
f 3656 3655 3662
f 3933 3874 3939
f 3873 3868 3932
f 3864 3865 3930
f 4041 4093 4090
f 3983 3929 3984
f 3928 3863 3864
f 3776 3775 3655
f 3942 3997 3941
f 4041 4039 4040
f 3633 3753 3752
f 3941 3875 3876
f 3760 3874 3873
f 4093 4094 4091
f 3759 3760 3756
f 4042 4043 4094
f 3942 3877 3943
f 4093 4042 4094
f 3756 3873 3867
f 3752 3863 3862
f 3940 3989 3934
f 3931 3985 3930
f 3752 3632 3633
f 3932 3867 3873
f 3877 3776 3890
f 3762 3875 3761
f 3984 3985 4040
f 3753 3864 3863
f 4040 3985 3986
f 3986 4041 4040
f 4039 4041 4090
f 4043 4042 3988
f 3763 3762 3774
f 3775 3876 3763
f 3987 3986 3932
f 3864 3930 3929
f 3877 3942 3876
f 3776 3876 3775
f 3631 3632 3752
f 3996 3990 3941
f 3933 3868 3874
f 3941 3997 3996
f 3984 3930 3985
f 3656 3785 3777
f 3763 3876 3762
f 3774 3775 3763
f 3864 3753 3754
f 3942 3941 3876
f 3929 3928 3864
f 3877 3890 3943
f 3867 3932 3931
f 3933 3934 3988
f 3753 3633 3754
f 3777 3655 3656
f 3940 3875 3941
f 3777 3890 3776
f 3655 3777 3776
f 3988 3989 4044
f 3985 3931 3986
f 2508 2721 2724
f 2508 2724 2511
f 2494 2491 2490
f 2496 2499 2500
f 2712 2499 2496
f 2496 2500 2497
f 2709 2496 2493
f 2490 2493 2494
f 2951 2946 3219
f 2494 2493 2496
f 2712 2496 2709
f 2505 2721 2508
f 2487 2702 2706
f 2491 2706 2490
f 2709 2493 2490
f 2965 2961 3228
f 2487 2706 2491
f 2497 2494 2496
f 2315 2497 2500
f 2718 2505 2502
f 2712 2715 2499
f 2715 2502 2499
f 2503 2500 2499
f 2500 2503 2318
f 3216 3215 3218
f 3225 3224 3228
f 3227 3228 3224
f 2499 2502 2503
f 2718 2502 2715
f 2318 2315 2500
f 2505 2718 2721
f 2488 2487 2491
f 3222 3218 3221
f 3222 3219 3218
f 3221 3225 3222
f 3221 3224 3225
f 3222 2951 3219
f 3219 3216 3218
f 2965 3228 3231
f 2709 2490 2706
f 3228 3227 3230
f 3230 3231 3228
f 2715 2947 2952
f 3225 2951 3222
f 2715 2712 2947
f 2951 2952 2946
f 2721 2718 2962
f 3225 3228 2956
f 2956 2962 2718
f 2965 2721 2961
f 2962 2956 2961
f 2951 3225 2956
f 2715 2952 2718
f 2957 2952 2951
f 2961 2721 2962
f 2957 2718 2952
f 2956 2718 2957
f 2956 2957 2951
f 2952 2947 2946
f 2956 3228 2961
f 2724 2721 2965
f 1896 1901 1895
f 1745 1751 1750
f 1891 1897 1745
f 1751 1897 1750
f 1897 1896 1750
f 1902 1896 2083
f 1892 1897 1891
f 1755 1895 1901
f 1892 1898 1897
f 1897 2081 1896
f 1896 1750 1756
f 1901 1759 1755
f 2079 2081 1898
f 1749 1895 1755
f 2282 2081 2277
f 1902 1901 1896
f 1896 1756 1902
f 1905 1902 1906
f 1898 1892 2079
f 2081 1897 1898
f 1905 1759 1901
f 1896 1895 1749
f 2277 2081 2079
f 1896 1749 1750
f 1897 1751 1745
f 2083 1896 2081
f 1902 1905 1901
f 1749 1755 1635
f 2084 2083 2081
f 1977 2158 2159
f 2159 2153 2154
f 1977 2153 2158
f 2158 2153 2159
f 1977 1980 1976
f 2148 2149 2153
f 2154 2153 2149
f 1985 1990 1984
f 1989 1984 1990
f 1985 1980 1981
f 1980 1985 1984
f 1981 1980 1977
f 2163 1981 1982
f 1977 1982 1981
f 1978 1982 1977
f 2163 1982 1978
f 1977 2159 1978
f 2167 1981 2163
f 2167 1985 1981
f 3024 3278 3018
f 3024 3280 3278
f 3275 3278 3279
f 3018 3017 3023
f 3271 3270 3274
f 3454 3457 3455
f 3450 3266 3449
f 3458 3457 3275
f 3275 3279 3458
f 3450 3448 3260
f 3012 3016 3013
f 3453 3449 3265
f 3016 3017 3013
f 3454 3275 3457
f 3017 3274 3013
f 2992 2997 2998
f 3261 3448 3257
f 3449 3453 3454
f 3255 3259 3256
f 3454 3450 3449
f 3271 3454 3453
f 3022 3016 3015
f 3259 3265 3266
f 3453 3264 3270
f 3266 3450 3260
f 3265 3264 3453
f 3451 3448 3450
f 3260 3259 3266
f 3261 3260 3448
f 3274 3275 3271
f 3004 3264 2997
f 3256 3259 3260
f 3261 3257 3260
f 3448 3447 3257
f 3257 3256 3260
f 3271 3453 3270
f 3266 3265 3449
f 3015 3021 3022
f 3278 3274 3017
f 3264 3004 3003
f 3024 3018 3023
f 3017 3016 3022
f 3259 3255 2998
f 2992 2998 2993
f 3004 2997 3003
f 3259 2998 2997
f 3022 3021 2769
f 3274 3270 3012
f 3028 3280 3024
f 3271 3275 3454
f 3017 3022 3023
f 3278 3275 3274
f 2998 3255 2993
f 3265 3259 3264
f 3278 3017 3018
f 3012 3013 3274
f 3259 2997 3264
f 2254 2257 2253
f 1716 1720 1593
f 2053 2248 2052
f 2249 2248 2053
f 1603 1720 1724
f 1867 1862 2053
f 2261 2459 2265
f 1863 1862 1713
f 1716 1871 1720
f 1593 1717 1716
f 1720 1603 1598
f 1716 1712 1867
f 2063 1873 2060
f 1717 1713 1716
f 2069 2065 2265
f 2257 2056 2253
f 2257 2254 2258
f 2265 2262 2261
f 2253 2056 2254
f 1867 1712 1862
f 2453 2456 2261
f 1594 1717 1593
f 2057 1871 2053
f 2059 2060 2057
f 2065 2062 2265
f 2261 2258 2262
f 1713 1717 1588
f 2254 2052 2249
f 1598 1593 1720
f 2053 2049 2249
f 1717 1594 1588
f 2052 2254 2056
f 2244 2250 2243
f 2243 2250 2249
f 2262 2257 2261
f 2056 2257 2059
f 2269 2069 2265
f 2456 2459 2261
f 1862 1712 1713
f 2057 2060 1873
f 1867 2053 1871
f 2052 2056 2053
f 1716 1867 1871
f 2062 2261 2265
f 1862 2049 2053
f 2062 2066 2063
f 2057 2053 2056
f 2065 2069 2066
f 2249 2049 2243
f 2261 2257 2453
f 1873 1871 2057
f 1871 1873 1724
f 2062 2063 2059
f 2249 2052 2248
f 2059 2057 2056
f 2261 2062 2257
f 2262 2258 2257
f 2266 2262 2265
f 2266 2265 2261
f 1871 1724 1720
f 2065 2066 2062
f 2261 2262 2266
f 1716 1713 1712
f 2060 2059 2063
f 2062 2059 2257
f 2261 2257 2258
f 1770 1769 1763
f 1651 1644 1645
f 1644 1651 1650
f 1651 1764 1650
f 1924 1776 1918
f 1776 1918 1770
f 1770 1775 1769
f 1764 1770 1763
f 1770 1764 1651
f 1763 1650 1764
f 1656 1770 1651
f 1775 1770 1776
f 1929 1928 1787
f 1794 1798 1797
f 1796 1794 1797
f 1545 1662 1656
f 1781 1923 1928
f 1929 1928 1924
f 1924 1923 1781
f 1776 1924 1781
f 1924 1928 1923
f 1775 1776 1781
f 1546 1544 1657
f 1943 1944 1947
f 1546 1549 1545
f 1544 1546 1543
f 1545 1546 1657
f 1545 1656 1651
f 1543 1546 1545
f 1545 1651 1543
f 1542 1544 1543
f 1793 1796 1937
f 1645 1542 1543
f 1787 1792 1786
f 1792 1791 1786
f 1929 1933 1928
f 1929 1934 1933
f 1938 1792 1933
f 1938 1795 1792
f 1792 1795 1791
f 1791 1795 1794
f 1543 1651 1645
f 1794 1938 1795
f 1939 1944 1938
f 1795 1798 1794
f 1938 1944 1943
f 1947 1944 1948
f 1798 1795 1943
f 1933 1934 1939
f 1928 1792 1787
f 1928 1787 1781
f 1939 1938 1933
f 1792 1928 1933
f 1943 1795 1938
f 1796 1793 1794
f 1878 1877 1874
f 1599 1600 1604
f 1590 1715 1589
f 1604 1600 1605
f 1872 1719 1721
f 1599 1721 1722
f 1721 1604 1725
f 1874 1872 1726
f 1872 1869 1719
f 1599 1604 1721
f 1721 1722 1872
f 1880 2067 1877
f 1875 1726 1727
f 1872 1722 1726
f 1726 1875 1874
f 1600 1599 1595
f 1872 1875 1874
f 1719 1715 1590
f 1590 1595 1719
f 1721 1725 1722
f 1722 1600 1599
f 1719 1722 1721
f 1868 1864 1718
f 1600 1722 1721
f 1600 1721 1599
f 1718 1714 1715
f 1864 1714 1718
f 1719 1718 1715
f 1719 1599 1721
f 1726 1722 1725
f 1595 1599 1719
f 1596 1600 1595
f 2284 2283 2280
f 2280 2283 2279
f 2287 2292 2291
f 2284 2288 2283
f 2476 2287 2291
f 2291 2478 2476
f 2476 2474 2287
f 2474 2283 2287
f 2082 2288 2284
f 2287 2288 2292
f 2279 2283 2474
f 2474 2476 2687
f 2474 2472 2279
f 2284 2280 2080
f 2288 2082 2085
f 2283 2288 2287
f 2082 2284 2080
f 2082 2080 1899
f 1893 1899 2080
f 1414 1420 1318
f 1435 1433 1538
f 1635 1538 1636
f 1532 1538 1531
f 1741 1742 1888
f 1312 1414 1317
f 1524 1429 1525
f 1891 1739 1886
f 1507 1608 1508
f 1750 1749 1636
f 1420 1415 1421
f 1415 1420 1414
f 1330 1428 1427
f 1882 1888 1735
f 1433 1531 1538
f 1405 1410 1406
f 1626 1735 1742
f 1625 1618 1626
f 1735 1626 1619
f 1618 1619 1626
f 1735 1619 1736
f 1618 1736 1619
f 1736 1618 1735
f 1618 1625 1617
f 1618 1613 1735
f 1613 1608 1609
f 1614 1613 1609
f 1731 1879 1882
f 1613 1732 1731
f 1876 1724 1873
f 1731 1882 1735
f 1618 1612 1613
f 1609 1608 1729
f 1728 1608 1603
f 1876 1731 1728
f 1731 1876 1879
f 1732 1729 1731
f 1735 1613 1731
f 1603 1724 1728
f 1614 1609 1729
f 1729 1728 1731
f 1732 1614 1729
f 1608 1728 1729
f 1724 1876 1728
f 1614 1732 1613
f 1891 1886 1892
f 1429 1532 1433
f 2069 2075 2070
f 1538 1532 1636
f 1887 1886 1740
f 1735 1888 1742
f 1886 2079 1892
f 1416 1415 1410
f 2075 2076 2070
f 1512 1511 1416
f 2070 2066 2069
f 1636 1630 1629
f 1630 1745 1629
f 1745 1750 1629
f 1636 1532 1630
f 2066 2070 1879
f 1636 1629 1750
f 1324 1428 1330
f 2075 2269 2274
f 1415 1416 1511
f 1416 1507 1512
f 1617 1612 1618
f 1749 1635 1636
f 1623 1630 1524
f 1433 1435 1432
f 1888 1887 1741
f 2277 2079 2278
f 1427 1433 1432
f 1613 1513 1508
f 1525 1421 1516
f 1517 1516 1511
f 1623 1745 1630
f 1428 1429 1433
f 1511 1516 1415
f 1879 1876 2063
f 1886 2074 2079
f 1433 1532 1531
f 1434 1532 1433
f 1414 1318 1317
f 1507 1416 1411
f 2070 2076 1882
f 1612 1513 1613
f 1537 1538 1635
f 1612 1617 1512
f 1524 1630 1532
f 1739 1891 1745
f 2278 2074 2273
f 1626 1741 1625
f 1613 1508 1608
f 1428 1324 1419
f 1429 1428 1420
f 1525 1516 1517
f 1537 1435 1538
f 1740 1886 1739
f 1886 2075 2074
f 1419 1324 1420
f 1428 1433 1427
f 1888 2076 2075
f 1411 1410 1406
f 1624 1625 1741
f 1741 1887 1740
f 1624 1525 1625
f 1430 1429 1420
f 1430 1525 1429
f 1430 1420 1421
f 1626 1742 1741
f 1414 1324 1317
f 1532 1429 1524
f 1430 1421 1525
f 1420 1324 1414
f 1517 1625 1526
f 1624 1623 1524
f 1617 1625 1517
f 1526 1525 1517
f 1879 2070 1882
f 1887 1888 2075
f 1623 1624 1740
f 2074 2278 2079
f 1739 1745 1623
f 2074 2075 2273
f 1886 1887 2075
f 1524 1525 1624
f 1879 2063 2066
f 1624 1741 1740
f 1415 1414 1410
f 2269 2075 2069
f 1415 1516 1421
f 1873 2063 1876
f 2076 1888 1882
f 1507 1508 1513
f 1513 1612 1512
f 1507 1513 1512
f 1623 1740 1739
f 1617 1517 1512
f 1525 1526 1625
f 1419 1420 1428
f 1410 1411 1416
f 1511 1512 1517
f 1189 1287 1286
f 1287 1189 1196
f 1273 1377 1369
f 1286 1377 1280
f 1189 1286 1188
f 1183 1184 1280
f 1184 1188 1280
f 1286 1290 1384
f 1377 1286 1384
f 1286 1280 1188
f 1369 1377 1368
f 1287 1196 1291
f 1368 1377 1376
f 1290 1287 1291
f 1273 1280 1377
f 1272 1369 1368
f 1376 1377 1384
f 1383 1376 1384
f 1286 1287 1290
f 1189 1188 1184
f 2107 2103 2104
f 2303 2100 2099
f 2312 2309 2497
f 2312 2107 2309
f 2104 2100 2306
f 2099 2104 2103
f 2485 2303 2300
f 2297 2093 2090
f 2104 2306 2309
f 2494 2497 2309
f 2309 2107 2104
f 2300 2100 2095
f 2296 2297 2293
f 2303 2306 2100
f 2312 2110 2107
f 2494 2309 2491
f 2104 2099 2100
f 2303 2100 2300
f 2312 2497 2315
f 2293 2482 2296
f 2100 2096 2095
f 2309 2306 2491
f 2293 2297 2090
f 2485 2300 2482
f 2482 2300 2296
f 2093 2300 2096
f 2096 2300 2095
f 2296 2300 2297
f 2300 2093 2297
f 2491 2306 2303
f 2480 2482 2293
f 2090 2290 2293
f 2477 2289 2475
f 2480 2289 2477
f 2289 2286 2285
f 2475 2289 2285
f 2090 2087 2290
f 2315 2110 2312
f 2289 2480 2293
f 2289 2084 2286
f 2290 2084 2289
f 2289 2087 2290
f 2084 2290 2087
f 2293 2290 2289
f 1910 1915 1772
f 2113 2110 2315
f 1911 2090 1910
f 2109 2110 2112
f 2112 2110 2113
f 2318 2113 2315
f 1915 2089 2092
f 2089 2093 2092
f 2096 2095 2093
f 2089 1910 2090
f 1919 1915 1920
f 1920 2095 1919
f 1919 1914 1915
f 2095 1925 1919
f 2099 2095 2100
f 1920 2092 2095
f 2093 2089 2090
f 2098 1925 2095
f 2095 2099 2098
f 2089 1915 1910
f 1915 1919 1778
f 2093 2095 2092
f 1915 2092 1920
f 3919 3972 3974
f 3895 3971 3960
f 3909 3971 3895
f 4025 4080 4024
f 3974 3971 3918
f 4031 3973 4024
f 3972 4024 3961
f 3909 3895 3958
f 3918 3919 3974
f 4023 3961 4024
f 3801 3920 3800
f 4024 4030 4031
f 4024 3972 4030
f 3972 3973 4030
f 3973 3920 3911
f 3910 3909 3917
f 4022 3960 3961
f 4022 3961 4023
f 3920 3919 3800
f 3973 3962 4024
f 3920 3975 3919
f 4031 4030 3973
f 4024 3963 4025
f 3918 3971 3910
f 3959 3958 3895
f 3961 3960 3972
f 3975 3973 3972
f 3974 3972 3971
f 3963 4024 3962
f 3910 3917 3918
f 3971 3909 3910
f 3920 3973 3975
f 3972 3960 3971
f 3975 3972 3919
f 3960 3959 3895
f 1174 1168 1093
f 921 876 922
f 876 921 920
f 1023 965 966
f 1084 1023 1024
f 1024 1023 966
f 1023 964 965
f 966 921 967
f 1093 1168 1167
f 1167 1092 1093
f 1081 1021 1082
f 921 966 920
f 967 921 922
f 964 1023 1022
f 1044 1034 1035
f 1082 1021 1022
f 877 922 876
f 1081 1093 1092
f 1034 1044 1043
f 1093 1081 1082
f 1033 1093 1082
f 1033 1082 1022
f 1044 1035 982
f 1035 981 982
f 968 922 982
f 1025 981 1034
f 1034 981 1035
f 982 988 1044
f 981 1025 967
f 1022 1083 1082
f 1022 1082 1093
f 1094 1082 1083
f 1082 1094 1093
f 934 922 983
f 1022 1093 1033
f 968 981 967
f 981 968 982
f 966 967 1025
f 966 1025 1024
f 922 968 967
f 1025 1084 1024
f 1084 1083 1023
f 934 982 922
f 1022 1023 1083
f 3388 3389 3380
f 3381 3380 3389
f 3565 3557 3556
f 3564 3565 3556
f 3381 3382 3565
f 3381 3565 3564
f 2671 2466 2467
f 2879 2885 2884
f 2466 2273 2467
f 2274 2467 2273
f 2462 2274 2463
f 2274 2273 2075
f 2463 2274 2269
f 3382 3390 3138
f 2459 2660 2663
f 2265 2463 2269
f 3557 3382 3376
f 2666 2671 2672
f 2671 2666 2897
f 2892 2897 2893
f 2463 2666 2462
f 3390 3389 3138
f 2663 2662 2666
f 2884 3152 3151
f 3399 3147 3400
f 2463 2265 2459
f 2663 2666 2463
f 2456 2660 2459
f 2663 2660 2662
f 2462 2666 2467
f 2877 3143 3142
f 3147 3152 2884
f 2666 2888 2893
f 2666 2672 2467
f 2662 2659 2888
f 3147 3395 3400
f 3156 2893 2888
f 3156 2888 3157
f 2666 2892 2893
f 2467 2672 2671
f 2877 3142 2880
f 2662 2660 2659
f 3151 3157 2888
f 2883 3151 2888
f 3150 3156 3157
f 3142 3389 3395
f 3150 3157 3151
f 2466 2471 2273
f 2662 2459 2663
f 2884 3151 2883
f 3152 3147 3146
f 3150 3151 3403
f 3151 3146 3399
f 3382 3389 3390
f 2277 2278 2273
f 2662 2888 2666
f 3399 3404 3151
f 3151 3404 3403
f 3146 3147 3399
f 3142 3395 3147
f 2879 3142 3147
f 3400 3395 3394
f 3138 3389 3142
f 3137 3142 3143
f 2277 2273 2471
f 3143 3138 3137
f 3137 3138 3142
f 3152 3146 3151
f 2883 2659 2884
f 3381 3389 3382
f 2459 2663 2463
f 2893 2897 2666
f 2659 2883 2888
f 2880 3142 2879
f 3557 3565 3382
f 2884 2879 3147
f 2884 2659 2660
f 2462 2467 2274
f 474 445 465
f 465 445 466
f 593 625 624
f 625 658 624
f 509 489 490
f 511 469 470
f 469 511 468
f 541 521 510
f 542 522 523
f 468 511 510
f 511 522 510
f 541 522 542
f 468 510 490
f 522 511 523
f 522 541 510
f 508 488 489
f 508 489 509
f 489 488 466
f 509 520 508
f 488 465 466
f 509 521 520
f 658 659 692
f 623 592 624
f 593 624 592
f 565 626 594
f 564 565 593
f 541 563 540
f 659 625 626
f 542 565 564
f 541 540 520
f 540 539 520
f 625 593 594
f 520 521 541
f 593 565 594
f 563 592 591
f 594 626 625
f 540 563 562
f 507 488 508
f 563 541 592
f 564 593 592
f 591 562 563
f 564 541 542
f 507 508 520
f 541 564 592
f 539 540 562
f 623 591 592
f 657 623 624
f 658 657 624
f 510 509 490
f 510 521 509
f 625 659 658
f 712 713 746
f 683 617 650
f 497 519 518
f 532 518 519
f 532 519 560
f 559 518 532
f 519 498 560
f 584 532 560
f 584 559 532
f 584 560 617
f 617 616 584
f 497 480 519
f 458 480 497
f 497 496 458
f 531 496 497
f 498 482 533
f 585 617 560
f 482 498 481
f 680 712 679
f 585 650 617
f 560 498 533
f 438 481 480
f 482 481 438
f 480 437 438
f 560 533 585
f 439 482 438
f 559 531 497
f 582 531 583
f 583 531 559
f 558 582 581
f 583 559 584
f 582 558 531
f 497 518 559
f 711 678 679
f 678 711 710
f 677 678 710
f 676 644 677
f 645 677 644
f 679 712 711
f 747 782 800
f 498 519 481
f 481 519 480
f 613 646 612
f 745 712 746
f 437 480 458
f 580 613 612
f 645 612 646
f 712 681 713
f 711 712 744
f 682 713 681
f 682 715 714
f 649 648 616
f 714 713 682
f 648 682 681
f 648 649 682
f 715 649 683
f 746 713 747
f 714 747 713
f 682 649 715
f 617 649 616
f 649 617 683
f 615 648 614
f 582 614 581
f 614 583 615
f 613 580 581
f 679 646 647
f 583 584 615
f 614 613 581
f 648 615 584
f 648 647 614
f 613 614 647
f 678 645 679
f 613 647 646
f 584 616 648
f 582 583 614
f 679 645 646
f 680 647 681
f 647 680 679
f 677 645 678
f 681 712 680
f 745 746 765
f 681 647 648
f 744 712 745
f 166 167 165
f 164 127 166
f 127 129 166
f 125 89 128
f 89 125 91
f 129 127 128
f 129 130 166
f 167 166 130
f 130 129 128
f 91 128 89
f 127 124 125
f 165 167 130
f 127 125 128
f 128 91 125
f 90 125 89
f 165 130 128
f 161 127 164
f 127 161 124
f 1231 1226 1227
f 1322 1323 1328
f 1225 1221 1222
f 1216 1221 1220
f 1225 1220 1221
f 1221 1216 1217
f 1226 1222 1227
f 1215 1210 1216
f 1215 1216 1220
f 1223 1227 1222
f 1329 1328 1323
f 1226 1225 1222
f 1230 1226 1231
f 1426 1327 1328
f 1327 1230 1328
f 1329 1323 1330
f 1323 1324 1330
f 1211 1216 1210
f 1225 1229 1321
f 1222 1221 1217
f 1319 1320 1325
f 1423 1519 1422
f 1229 1326 1321
f 1325 1320 1326
f 1321 1326 1320
f 1520 1519 1423
f 1423 1422 1325
f 1319 1325 1422
f 1230 1229 1225
f 1229 1230 1326
f 1220 1321 1314
f 1326 1327 1424
f 1230 1327 1326
f 1226 1230 1225
f 1321 1220 1225
f 1321 1320 1314
f 1424 1423 1326
f 1423 1325 1326
f 1328 1227 1322
f 1227 1328 1230
f 1231 1227 1230
f 3394 3388 3393
f 3680 3553 3546
f 3561 3562 3554
f 3564 3563 3381
f 3556 3555 3564
f 3392 3397 3398
f 3561 3554 3553
f 3387 3388 3380
f 3386 3387 3561
f 3562 3555 3554
f 3393 3392 3398
f 3561 3387 3379
f 3392 3393 3387
f 3563 3555 3562
f 3553 3680 3685
f 3547 3554 3555
f 3562 3379 3563
f 3563 3564 3555
f 3398 3394 3393
f 3561 3379 3562
f 3381 3563 3380
f 3563 3379 3380
f 3387 3386 3392
f 3387 3380 3379
f 3547 3555 3548
f 3546 3553 3547
f 3387 3393 3388
f 3539 3546 3547
f 3554 3547 3553
f 3389 3394 3395
f 3394 3398 3399
f 3389 3388 3394
f 3833 3838 3704
f 3711 3704 3838
f 3403 3404 3398
f 3394 3399 3400
f 3816 3815 3822
f 3827 3833 3828
f 3817 3811 3816
f 3815 3821 3822
f 3690 3827 3697
f 3398 3404 3399
f 3815 3816 3810
f 3821 3826 3822
f 3822 3823 3817
f 3823 3690 3691
f 3817 3816 3822
f 3810 3816 3811
f 3832 3833 3827
f 3827 3822 3826
f 3822 3689 3821
f 3696 3821 3689
f 3696 3826 3821
f 3691 3817 3823
f 3811 3670 3800
f 3573 3392 3386
f 3817 3684 3811
f 3833 3704 3697
f 3569 3698 3697
f 3680 3679 3685
f 3811 3680 3670
f 3711 3705 3704
f 3718 3712 3711
f 3705 3712 3577
f 3569 3692 3698
f 3711 3712 3705
f 3822 3690 3823
f 3705 3577 3573
f 3690 3822 3827
f 3690 3697 3691
f 3685 3679 3684
f 3828 3697 3827
f 3573 3569 3705
f 3697 3704 3705
f 3573 3386 3569
f 3561 3692 3569
f 3386 3561 3569
f 3691 3697 3698
f 3691 3698 3692
f 3828 3833 3697
f 3553 3692 3561
f 3685 3692 3553
f 3817 3691 3684
f 3692 3685 3691
f 3691 3685 3684
f 3811 3684 3679
f 3811 3679 3680
f 3680 3546 3670
f 3546 3539 3670
f 3705 3569 3697
f 1709 1713 1588
f 1583 1586 1582
f 1586 1706 1709
f 1115 1116 1185
f 1586 1709 1588
f 1275 1274 1181
f 1583 1582 1476
f 1582 1586 1476
f 1282 1281 1186
f 1385 1282 1378
f 1288 1186 1281
f 1187 1180 1181
f 1181 1274 1187
f 1194 1185 1195
f 1116 1106 1185
f 1116 1115 1106
f 1462 1471 1355
f 1379 1385 1378
f 1365 1364 1355
f 1372 1268 1363
f 1586 1482 1476
f 1713 1709 1863
f 1108 1180 1107
f 1107 1179 1106
f 1186 1180 1187
f 1185 1106 1179
f 1365 1471 1364
f 1378 1370 1379
f 1195 1186 1288
f 1371 1379 1370
f 1354 1355 1364
f 1385 1379 1386
f 1372 1363 1364
f 1180 1108 1181
f 1109 1182 1181
f 1182 1268 1275
f 1182 1172 1268
f 1281 1289 1288
f 1275 1181 1182
f 1186 1187 1282
f 1187 1274 1282
f 1371 1370 1274
f 1274 1370 1282
f 1471 1365 1355
f 1373 1477 1476
f 1289 1282 1385
f 1185 1186 1195
f 1371 1481 1379
f 1275 1371 1274
f 1354 1364 1363
f 1107 1180 1179
f 1275 1268 1276
f 1275 1276 1372
f 1476 1477 1583
f 1098 1109 1097
f 1109 1172 1182
f 1373 1476 1372
f 1481 1476 1482
f 1185 1179 1186
f 1086 1087 1098
f 1109 1108 1097
f 1098 1097 1086
f 1372 1371 1275
f 1282 1289 1281
f 1582 1706 1586
f 1108 1109 1181
f 1268 1372 1276
f 1372 1475 1371
f 1475 1372 1476
f 1364 1477 1373
f 1370 1378 1282
f 1179 1180 1186
f 1476 1481 1475
f 1372 1364 1373
f 1481 1371 1475
f 1109 1098 1172
f 1652 1646 1653
f 1766 1647 1760
f 1647 1766 1653
f 1653 1658 1657
f 1542 1652 1544
f 1657 1652 1653
f 1652 1542 1646
f 1653 1646 1647
f 1657 1544 1652
f 2647 2441 2444
f 1874 1877 2061
f 2454 2256 2260
f 2268 2264 2067
f 2252 2444 2247
f 1869 1872 1870
f 2263 2259 2260
f 2256 2255 2251
f 1874 2058 1872
f 2255 2252 2256
f 2255 2260 2259
f 2058 1870 1872
f 2260 2064 2264
f 2256 2255 2058
f 2256 2055 2058
f 2054 2055 2251
f 2264 2263 2260
f 2061 2064 2260
f 2260 2256 2255
f 2058 2061 2256
f 2264 2268 2263
f 2267 2263 2268
f 2064 2061 1877
f 2064 1877 2067
f 2064 2067 2264
f 2055 1870 2058
f 1866 1870 2055
f 2061 2260 2256
f 2246 2251 2252
f 2247 2246 2252
f 2055 2054 2050
f 2251 2246 2054
f 2050 2051 2055
f 2054 2246 2050
f 2055 2256 2251
f 2055 2051 1866
f 1874 2061 2058
f 2251 2448 2252
f 2252 2251 2256
f 2448 2444 2252
f 2650 2647 2448
f 2647 2444 2448
f 3294 3045 3295
f 3464 3469 3295
f 3056 2796 2792
f 3052 3303 3307
f 3482 3477 3478
f 3291 3464 3295
f 3303 3052 3049
f 3049 3045 3299
f 3477 3303 3473
f 3049 3052 2792
f 3477 3481 3307
f 3473 3299 3469
f 3299 3294 3295
f 3478 3477 3473
f 2784 2785 2787
f 2787 2785 2788
f 3464 3291 3290
f 3313 3063 3309
f 3037 3284 3285
f 3284 3037 3036
f 3041 3290 3291
f 3290 3285 3289
f 3290 3289 3462
f 3037 3290 3040
f 3285 3290 3037
f 3284 3289 3285
f 3041 3040 3290
f 3463 3290 3462
f 3464 3290 3463
f 3060 3309 3063
f 2785 3049 2788
f 3045 3049 2785
f 3045 3041 3291
f 3041 3045 3040
f 2783 3040 3045
f 3045 2785 2783
f 3309 3488 3313
f 2792 3052 3056
f 3487 3313 3488
f 3312 3313 3487
f 3303 3049 3299
f 3295 3469 3299
f 3303 3299 3473
f 3045 3294 3299
f 2796 3056 3060
f 3060 3056 3307
f 3307 3309 3060
f 3307 3303 3477
f 2788 3049 2792
f 3481 3477 3482
f 3307 3485 3309
f 3056 3052 3307
f 3485 3488 3309
f 3485 3307 3481
f 3295 3045 3291
f 224 256 223
f 255 242 223
f 223 230 229
f 256 224 230
f 255 223 256
f 255 256 242
f 230 224 223
f 271 285 272
f 255 256 285
f 259 256 230
f 255 271 242
f 271 255 285
f 3262 3452 3267
f 3459 3456 3458
f 3601 3451 3450
f 3277 3459 3276
f 2999 2994 3258
f 3272 3273 3456
f 3448 3451 3452
f 2999 3258 3262
f 2752 2748 2994
f 3602 3452 3451
f 2999 2752 2994
f 3267 2999 3262
f 3451 3601 3602
f 3257 3261 3262
f 3602 3604 3452
f 3456 3267 3452
f 3459 3277 3272
f 3459 3458 3276
f 3604 3456 3452
f 3601 3603 3602
f 3267 3456 3273
f 3273 3268 3267
f 3450 3603 3601
f 3458 3603 3455
f 3279 3276 3458
f 3604 3603 3458
f 3604 3458 3456
f 3602 3603 3604
f 3272 3456 3459
f 3258 3257 3262
f 3262 3261 3448
f 3455 3457 3458
f 3448 3452 3262
f 3603 3450 3454
f 3603 3454 3455
f 3469 3607 3474
f 3608 3480 3484
f 3607 3609 3610
f 3473 3476 3477
f 3607 3610 3478
f 3469 3474 3473
f 3472 3473 3468
f 3608 3609 3480
f 3477 3476 3480
f 3467 3468 3463
f 3609 3608 3611
f 3474 3607 3478
f 3472 3476 3473
f 3462 3467 3463
f 3478 3473 3474
f 3469 3463 3468
f 3463 3469 3464
f 3607 3605 3477
f 3480 3609 3477
f 3473 3477 3474
f 3609 3607 3606
f 3467 3472 3468
f 3477 3609 3606
f 3477 3605 3474
f 3606 3607 3477
f 3612 3609 3611
f 3468 3473 3469
f 3609 3612 3610
f 3608 3484 3611
f 3484 3487 3611
f 3613 3611 3487
f 3605 3469 3474
f 3469 3605 3607
f 2172 1990 1991
f 2353 2352 2349
f 1991 2167 2172
f 2168 2172 2167
f 2167 1991 1986
f 2172 2168 2348
f 1986 1985 2167
f 1991 1990 1985
f 2173 2172 2352
f 2348 2352 2172
f 1985 1986 1991
f 2167 2164 2168
f 2167 2163 2164
f 2164 2345 2168
f 2348 2349 2352
f 2345 2348 2168
f 89 122 87
f 124 121 122
f 125 122 89
f 86 87 121
f 125 124 122
f 122 121 87
f 3509 3336 3337
f 2609 2836 2608
f 2836 3089 2835
f 2608 2835 2834
f 2610 2609 2405
f 2608 2836 2835
f 2609 2608 2405
f 3089 2836 3090
f 3090 2836 2837
f 2610 2837 2836
f 2405 2608 2404
f 2837 3091 3090
f 3337 3089 3090
f 2610 2405 2406
f 3090 3091 3337
f 2610 2836 2609
f 2796 3060 2799
f 2788 2791 2787
f 2791 2792 2795
f 2792 2796 2795
f 2795 2568 2791
f 2795 2796 2569
f 2795 2569 2568
f 2791 2788 2792
f 2799 2572 2796
f 2568 2572 2571
f 2569 2796 2572
f 3063 2804 2799
f 2571 2572 2574
f 2574 2572 2575
f 2572 2804 2575
f 2572 2799 2804
f 3063 2799 3060
f 2569 2572 2568
f 3031 3030 3033
f 2565 2780 2777
f 2782 3039 2780
f 2777 2775 2562
f 2559 2562 2775
f 2784 3039 2782
f 3030 2777 3033
f 2777 2562 2565
f 3034 3031 3033
f 3036 2777 2780
f 2780 3039 3036
f 3039 3038 3036
f 2785 2784 2782
f 2777 3030 2775
f 3036 3033 2777
f 2785 2782 2783
f 3039 2784 3044
f 2565 2562 2563
f 2563 2559 2560
f 3032 2776 3029
f 2561 2776 2564
f 2776 2779 2564
f 2565 2563 2566
f 2779 2563 2564
f 2561 2564 2560
f 3037 3040 2781
f 3040 2783 2781
f 2779 2781 2563
f 2783 2782 2781
f 2782 2780 2781
f 2781 2566 2563
f 2564 2563 2560
f 2566 2780 2565
f 2566 2781 2780
f 2561 2557 2776
f 3028 3281 3280
f 2562 2559 2563
f 2554 2557 2558
f 3281 3028 3025
f 2774 2776 2557
f 3029 3025 3028
f 3025 3029 2774
f 2776 2774 3029
f 2554 2770 2774
f 2774 2557 2554
f 3029 3031 3032
f 3036 3037 3033
f 3037 2778 3034
f 2779 2778 2781
f 3028 3031 3029
f 2779 3034 2778
f 3037 3034 3033
f 2778 3037 2781
f 3031 3034 2776
f 2776 3032 3031
f 3034 2779 2776
f 2770 3025 2774
f 1760 1646 1759
f 1906 1760 1905
f 1647 1646 1760
f 1759 1905 1760
f 1540 1646 1542
f 1641 1646 1540
f 1541 1540 1542
f 1755 1641 1635
f 3188 3182 3432
f 3182 3430 3432
f 3182 3176 3430
f 3434 3188 3432
f 3431 3432 3434
f 3178 3173 3172
f 3431 3182 3188
f 3179 3173 3178
f 3179 3178 3184
f 3434 3431 3188
f 3189 3190 3184
f 3190 2910 3189
f 3189 3188 3194
f 3430 3176 3429
f 3432 3430 3429
f 3178 3177 3183
f 3177 3182 3183
f 3188 3193 3194
f 3426 3171 3172
f 3189 3182 3188
f 3194 3193 3435
f 3182 3429 3176
f 3418 3425 3426
f 3426 3419 3418
f 3426 3425 3171
f 3183 3184 3178
f 3431 3181 3182
f 3171 3425 3170
f 3170 3176 3171
f 3177 3171 3176
f 3182 3177 3176
f 3183 3189 3184
f 3183 2910 3189
f 3179 3184 3185
f 3182 3189 3183
f 3178 3172 3177
f 3172 3171 3177
f 3191 3190 3196
f 3201 3195 3200
f 3195 3201 3196
f 3190 3195 3196
f 3190 3191 3185
f 3184 3190 3185
f 2681 2680 2686
f 3195 3190 3189
f 3191 3196 2911
f 2686 2473 2681
f 3191 2911 3185
f 2907 3185 3186
f 2680 2904 2907
f 3185 2911 2907
f 2907 2911 2912
f 2680 2685 2686
f 2680 2907 2685
f 2686 2475 2685
f 3203 3438 3440
f 3204 3200 3199
f 3204 3203 2928
f 3204 3205 3200
f 2907 3180 3185
f 3180 3179 3185
f 3195 3194 3200
f 2904 3180 2907
f 3194 3199 3200
f 2475 2473 2686
f 3194 3195 3189
f 3199 3438 3204
f 3204 3438 3203
f 2689 2907 2912
f 2907 2689 2685
f 4074 4075 4129
f 4153 4126 4154
f 4286 4285 4259
f 4102 4157 4156
f 4256 4257 4284
f 4260 4216 4261
f 4216 4217 4261
f 4212 4213 4258
f 4214 4215 4259
f 4260 4215 4216
f 4237 4216 4262
f 4214 4213 4155
f 4258 4214 4259
f 4214 4258 4213
f 4214 4157 4215
f 4156 4157 4214
f 4284 4257 4285
f 4155 4154 4126
f 4255 4281 4254
f 4102 4103 4157
f 4102 4101 4128
f 4156 4178 4127
f 4101 4102 4156
f 4155 4213 4154
f 4103 4158 4157
f 4127 4178 4126
f 4178 4155 4126
f 4129 4102 4128
f 4285 4257 4258
f 4214 4155 4156
f 4217 4262 4216
f 4262 4238 4237
f 4255 4211 4256
f 4127 4073 4074
f 4216 4237 4261
f 4129 4128 4074
f 4282 4281 4255
f 4216 4215 4158
f 4284 4283 4256
f 4212 4153 4154
f 4157 4158 4215
f 4156 4127 4101
f 4211 4153 4212
f 4127 4074 4128
f 4282 4256 4283
f 4261 4237 4269
f 4282 4255 4256
f 4256 4211 4257
f 4258 4257 4212
f 4211 4255 4210
f 4075 4103 4102
f 4257 4211 4212
f 4259 4215 4260
f 4154 4213 4212
f 4075 4102 4129
f 4210 4255 4209
f 4155 4178 4156
f 4209 4255 4254
f 4128 4101 4127
f 4286 4259 4260
f 4259 4285 4258
f 4281 4253 4254
f 3000 2753 2752
f 2760 2757 2756
f 2532 2749 2753
f 2752 2999 3000
f 3014 2764 3010
f 2764 2767 2551
f 2753 3005 2756
f 3009 3273 3272
f 3009 3014 3010
f 2543 2544 2759
f 2759 2544 2760
f 3009 3272 3277
f 3014 3277 3276
f 2349 2532 2536
f 3005 2753 2999
f 2760 3010 2759
f 3019 3025 3026
f 3276 3279 3014
f 2771 2767 3026
f 2536 2535 2539
f 2756 2540 2539
f 2756 2757 2540
f 3279 3019 3020
f 3000 2999 2753
f 2345 2346 2348
f 3005 3010 2760
f 2554 2550 2551
f 3010 3273 3009
f 3010 3268 3273
f 2771 3026 3025
f 2540 2349 2536
f 2763 2764 3014
f 3281 3278 3280
f 3005 3268 3010
f 3278 3281 3279
f 3014 3020 2763
f 2536 2539 2540
f 2763 2767 2764
f 2544 2543 2547
f 3279 3281 3025
f 2759 2764 2543
f 3268 3005 3267
f 2764 2547 2543
f 2753 2749 2752
f 2544 2540 2760
f 2535 2536 2532
f 2764 2551 2547
f 2770 2771 3025
f 2748 2752 2749
f 3279 3020 3014
f 2756 3005 2760
f 2770 2554 2771
f 2535 2536 2349
f 2760 2540 2757
f 2554 2551 2767
f 2767 2551 2550
f 2767 3019 3026
f 3005 2999 3267
f 2756 2539 2753
f 3014 3009 3277
f 2348 2346 2349
f 2753 2539 2535
f 2767 2763 3020
f 2535 2532 2753
f 2554 2767 2771
f 3019 2767 3020
f 2349 2540 2353
f 3019 3279 3025
f 2764 2759 3010
f 3091 2837 2845
f 3638 3637 3511
f 3512 3340 3352
f 3101 3102 3338
f 3104 3353 3103
f 3351 3352 3339
f 2407 2610 2406
f 3759 3755 3637
f 3352 3340 3339
f 2610 2846 2837
f 3754 3634 3635
f 3755 3635 3637
f 3635 3636 3637
f 3339 3338 3351
f 2845 3101 3091
f 3635 3755 3754
f 3339 3512 3511
f 2845 2837 2846
f 3760 3759 3638
f 3756 3865 3755
f 2619 2846 2610
f 3103 2846 2847
f 2847 2620 2621
f 2621 2848 2847
f 2847 2619 2620
f 3509 3637 3636
f 2847 3104 3103
f 3511 3510 3338
f 2611 2619 2610
f 2848 3104 2847
f 3510 3637 3509
f 3103 3352 3102
f 3102 3101 2846
f 2846 3103 3102
f 3338 3339 3511
f 3351 3338 3102
f 3759 3637 3638
f 3511 3512 3639
f 2619 2610 2407
f 3352 3103 3353
f 3639 3638 3511
f 2846 3101 2845
f 3510 3511 3637
f 3756 3755 3759
f 3510 3337 3338
f 3338 3091 3101
f 3352 3351 3102
f 3338 3337 3091
f 3636 3635 3634
f 2619 2847 2846
f 3340 3512 3339
f 3509 3337 3510
f 1859 1855 1860
f 1856 1711 1860
f 1714 1589 1715
f 1855 1852 1856
f 2046 1860 2047
f 2043 2042 2046
f 1859 2046 1855
f 2036 2037 2032
f 1860 1855 1856
f 1846 1851 2036
f 2036 2042 2043
f 1852 1855 1851
f 1859 1860 2046
f 1710 1711 1708
f 2046 2047 2043
f 2042 2036 1855
f 1851 1855 2036
f 2043 2037 2036
f 1711 1589 1714
f 1708 1711 1856
f 2046 2042 1855
f 2032 2031 2036
f 3762 3761 3640
f 3354 3361 3362
f 3655 3526 3527
f 3640 3761 3639
f 3513 3512 3524
f 3362 3526 3355
f 3354 3525 3353
f 3105 3361 3354
f 3112 3361 3105
f 3641 3640 3653
f 3354 3355 3525
f 3639 3761 3760
f 3526 3655 3654
f 3653 3654 3774
f 3654 3653 3525
f 3653 3652 3525
f 3762 3640 3641
f 3353 3105 3354
f 3512 3640 3639
f 3652 3524 3525
f 3762 3641 3653
f 3533 3526 3362
f 3775 3774 3654
f 3654 3655 3775
f 3105 3353 3104
f 3526 3654 3525
f 3513 3640 3512
f 3652 3640 3524
f 3353 3525 3524
f 3526 3533 3527
f 3355 3526 3525
f 3524 3512 3352
f 3640 3652 3653
f 3760 3638 3639
f 3354 3362 3355
f 3524 3640 3513
f 3774 3762 3653
f 3353 3524 3352
f 2701 2922 2697
f 2932 2926 2704
f 2700 2704 2701
f 2926 2700 2701
f 2481 2697 2694
f 2481 2483 2697
f 2489 2701 2486
f 2926 2701 2704
f 2926 2922 2701
f 2294 2298 2483
f 2478 2291 2481
f 2703 2700 2701
f 2483 2481 2294
f 2701 2697 2486
f 2481 2291 2294
f 2486 2697 2483
f 2483 2298 2486
f 2489 2704 2701
f 2703 2701 2704
f 2301 2486 2298
f 2704 2700 2703
f 837 798 799
f 765 799 798
f 764 745 765
f 797 744 763
f 798 764 765
f 743 710 744
f 781 819 818
f 744 710 711
f 964 919 965
f 763 764 797
f 918 859 901
f 778 777 741
f 918 873 859
f 859 860 901
f 819 781 836
f 764 763 744
f 781 743 744
f 778 779 817
f 816 778 817
f 964 918 919
f 901 919 918
f 781 780 743
f 743 780 742
f 838 877 837
f 837 797 798
f 744 745 764
f 764 798 797
f 816 817 859
f 740 741 777
f 875 836 876
f 744 797 781
f 819 836 875
f 876 836 837
f 738 739 740
f 874 875 920
f 875 861 819
f 740 706 741
f 874 860 861
f 920 966 919
f 966 965 919
f 797 837 836
f 781 797 836
f 876 920 875
f 818 780 781
f 677 710 709
f 747 765 746
f 742 710 743
f 739 706 740
f 709 676 677
f 838 799 800
f 741 707 708
f 742 779 778
f 742 708 709
f 799 765 800
f 676 709 708
f 707 741 706
f 742 741 708
f 710 742 709
f 875 874 861
f 779 742 780
f 837 877 876
f 920 919 874
f 838 800 839
f 919 860 874
f 860 818 861
f 859 817 860
f 741 742 778
f 860 919 901
f 799 838 837
f 765 747 800
f 818 860 817
f 780 818 817
f 819 861 818
f 779 780 817
f 2142 2136 1963
f 2524 2525 2338
f 2531 2530 2527
f 2521 2335 2338
f 2743 2524 2527
f 2327 2515 2512
f 2524 2521 2338
f 2519 2522 2521
f 1966 2147 2142
f 2335 2332 2146
f 2329 2136 2141
f 2142 1963 1966
f 1966 1809 1963
f 1967 1966 1963
f 2515 2516 2519
f 2527 2530 2747
f 2329 2141 2332
f 2152 2151 2147
f 2136 2142 2141
f 2151 2338 2335
f 2519 2516 2329
f 2519 2518 2515
f 2524 2743 2740
f 2528 2527 2341
f 1963 2136 2137
f 2152 2147 1972
f 2146 2147 2151
f 2335 2146 2151
f 1972 2147 1969
f 2521 2524 2738
f 2528 2341 2344
f 2522 2335 2521
f 2527 2524 2338
f 2329 2332 2519
f 2329 2516 2515
f 2338 2151 2156
f 2146 2141 2147
f 1969 2147 1966
f 2527 2338 2341
f 2332 2141 2146
f 2152 2156 2151
f 2519 2332 2335
f 2141 2142 2147
f 2518 2519 2521
f 2344 2531 2528
f 2335 2522 2519
f 2338 2156 2341
f 2747 2743 2527
f 2527 2528 2531
f 2329 2515 2327
f 1799 1801 1946
f 2114 1945 1946
f 1949 1946 1801
f 1802 1804 1803
f 1796 1942 1937
f 1799 1796 1800
f 1937 1942 1941
f 1800 1796 1797
f 1799 1942 1796
f 1953 1949 1803
f 2111 1941 1942
f 1946 1942 1799
f 1798 1943 1797
f 1943 1947 1797
f 1947 1800 1797
f 1950 1800 1947
f 1952 1951 1947
f 1799 1800 1801
f 1800 1802 1801
f 1952 1955 1951
f 1956 1955 1952
f 1950 1955 1954
f 2111 1942 1946
f 1801 1803 1949
f 2111 2108 1937
f 1950 1804 1802
f 2114 2118 2317
f 1945 2111 1946
f 1803 1801 1802
f 2320 2118 2323
f 2317 2314 2114
f 1950 1954 1804
f 1950 1802 1800
f 1952 1947 1948
f 1937 1941 2111
f 2114 2314 2111
f 1945 2114 2111
f 2320 2317 2118
f 2118 1946 1949
f 1951 1950 1947
f 1955 1950 1951
f 2108 2111 2311
f 2122 1949 1953
f 1946 2118 2114
f 1949 2122 2118
f 230 224 192
f 224 181 192
f 242 211 223
f 223 224 229
f 224 230 229
f 192 146 156
f 180 181 211
f 181 212 211
f 212 181 224
f 212 224 211
f 224 223 211
f 230 192 196
f 192 181 146
f 4304 4305 4317
f 4290 4307 4289
f 4317 4316 4304
f 4285 4290 4305
f 4290 4268 4291
f 4286 4267 4285
f 4323 4311 4336
f 4290 4308 4291
f 4285 4305 4284
f 4263 4287 4271
f 4221 4192 4220
f 4290 4291 4309
f 4267 4290 4285
f 4305 4290 4289
f 4238 4239 4270
f 4221 4164 4222
f 4322 4323 4336
f 4268 4290 4267
f 4307 4305 4289
f 4240 4270 4239
f 4220 4164 4221
f 4268 4269 4291
f 4263 4241 4222
f 4286 4268 4267
f 4311 4323 4310
f 4271 4241 4263
f 4323 4322 4310
f 4164 4220 4163
f 4241 4193 4222
f 4322 4309 4310
f 4193 4241 4240
f 4192 4193 4240
f 4192 4191 4219
f 4220 4219 4163
f 4239 4192 4240
f 4193 4192 4221
f 4192 4219 4220
f 4322 4308 4309
f 4191 4192 4239
f 4237 4238 4270
f 4287 4311 4271
f 4319 4318 4325
f 4193 4221 4222
f 4325 4316 4315
f 4239 4238 4191
f 4302 4303 4316
f 4315 4316 4324
f 4324 4316 4325
f 4316 4317 4325
f 4270 4292 4269
f 4293 4310 4292
f 4292 4270 4293
f 4271 4311 4294
f 4310 4293 4294
f 4293 4270 4294
f 4294 4270 4240
f 4294 4311 4310
f 4271 4240 4241
f 4240 4271 4294
f 4303 4283 4304
f 4307 4320 4321
f 4304 4283 4284
f 4306 4317 4307
f 4282 4283 4303
f 4282 4303 4302
f 4303 4317 4316
f 4306 4307 4320
f 4284 4305 4304
f 4317 4303 4304
f 4292 4291 4269
f 4260 4268 4286
f 4261 4269 4260
f 4270 4269 4237
f 4324 4325 4318
f 4268 4260 4269
f 4320 4319 4326
f 4328 4327 4319
f 4324 4318 4331
f 4331 4318 4327
f 4318 4319 4327
f 4319 4320 4328
f 4325 4317 4326
f 4162 4163 4219
f 4320 4329 4328
f 4339 4335 4348
f 4339 4334 4335
f 4335 4334 4329
f 4335 4329 4330
f 4333 4328 4334
f 4321 4329 4320
f 4321 4330 4329
f 4334 4328 4329
f 4321 4307 4308
f 4322 4321 4308
f 4308 4290 4309
f 4330 4321 4322
f 4336 4335 4330
f 4336 4344 4340
f 4335 4340 4348
f 4335 4336 4340
f 4322 4336 4330
f 4337 4324 4331
f 4291 4310 4309
f 4310 4291 4292
f 4306 4320 4326
f 4307 4290 4308
f 4317 4305 4307
f 4325 4326 4319
f 4326 4317 4306
f 1046 989 983
f 1100 1099 1044
f 1117 1110 1111
f 1100 1111 1110
f 1045 988 989
f 1043 1099 1034
f 1110 1184 1100
f 1045 1100 1044
f 1102 1047 1103
f 1100 1178 1099
f 1177 1099 1178
f 1178 1184 1273
f 1102 1101 1046
f 1045 1101 1100
f 1045 989 1046
f 1273 1183 1280
f 1113 1112 1102
f 1045 1046 1101
f 989 988 983
f 1045 1044 988
f 1099 1043 1044
f 1111 1100 1101
f 1102 1103 1113
f 983 988 982
f 1183 1273 1184
f 1101 1102 1111
f 1184 1178 1100
f 1102 1046 1047
f 1112 1111 1102
f 1178 1273 1177
f 1400 1392 1393
f 1392 1294 1393
f 1295 1393 1294
f 1399 1392 1400
f 1503 1400 1498
f 1294 1288 1295
f 1288 1203 1195
f 1503 1507 1411
f 1203 1288 1294
f 1405 1399 1406
f 1295 1289 1393
f 1406 1399 1400
f 1406 1400 1503
f 1288 1289 1295
f 1411 1406 1503
f 1807 1960 1805
f 1803 1805 1953
f 1960 1957 1805
f 1805 1957 1953
f 1956 2129 1959
f 1804 1805 1803
f 1804 1806 1805
f 1954 1958 1806
f 1962 2134 1965
f 1806 1958 1808
f 1808 1805 1806
f 1808 1958 1961
f 1808 1807 1805
f 1962 1965 1964
f 1806 1804 1954
f 1958 1954 1955
f 1959 1955 1956
f 1962 1958 1959
f 1960 1809 1963
f 1958 1962 1961
f 1964 1963 1809
f 2134 2139 1965
f 2323 2118 2122
f 1955 1959 1958
f 1808 1964 1809
f 1809 1960 1807
f 1808 1961 1964
f 1962 1964 1961
f 2134 1962 1959
f 1959 2129 2134
f 1809 1807 1808
f 2127 2327 2325
f 1953 2123 2122
f 2127 2122 2123
f 2123 1957 2127
f 1957 2127 2128
f 2128 1957 1960
f 2128 1960 2133
f 1960 2137 2133
f 1963 2137 1960
f 2133 2136 2132
f 2133 2132 1960
f 2329 2327 2136
f 2128 2133 2132
f 2127 2325 2323
f 2127 2323 2122
f 2136 2327 2132
f 1953 1957 2123
f 2132 2127 2128
f 2137 2136 2133
f 2127 2132 2327
f 3140 3141 3135
f 3132 3128 3131
f 3132 3129 3128
f 3372 3375 3551
f 3544 3372 3551
f 3385 3378 3377
f 3375 3132 3377
f 3377 3132 3136
f 3551 3375 3558
f 3385 3377 3136
f 3128 3375 3374
f 3374 3375 3372
f 3123 3374 3372
f 3374 3123 3128
f 3132 3375 3129
f 3135 3141 3136
f 3375 3377 3558
f 3124 3123 3372
f 3385 3136 3384
f 3129 3375 3374
f 3136 3132 3135
f 3128 3129 3374
f 3135 3132 3131
f 1976 1975 1973
f 1967 1963 1964
f 1974 2153 1971
f 2153 1977 1974
f 1971 1974 1970
f 2143 2138 2139
f 2148 2143 2144
f 1976 1973 1974
f 1970 1974 1973
f 2149 2148 2144
f 1975 1980 1979
f 1967 1969 1966
f 2143 2148 1971
f 1965 2138 2143
f 2143 1971 1968
f 1968 1965 2143
f 1973 1972 1969
f 1968 1967 1965
f 1973 1975 1972
f 1974 2148 2153
f 1979 2162 2157
f 2138 1965 2139
f 2144 2143 2139
f 1967 1970 1969
f 2148 1974 1971
f 1968 1970 1967
f 2157 2152 1975
f 1975 1979 2157
f 1975 1976 1980
f 1967 1964 1965
f 2344 2341 2156
f 2161 2344 2156
f 1977 1976 1974
f 1969 1970 1973
f 2161 2156 2162
f 2156 2152 2157
f 1971 1970 1968
f 2157 2162 2156
f 2152 1972 1975
f 192 157 193
f 199 197 164
f 161 197 193
f 161 193 157
f 197 161 164
f 192 193 196
f 196 193 197
f 162 198 197
f 198 165 162
f 161 157 121
f 157 192 156
f 199 198 197
f 230 196 197
f 124 161 121
f 198 199 165
f 2187 2373 2189
f 2179 2184 2365
f 2546 2548 2545
f 2360 2365 2549
f 2766 2549 2552
f 2360 2359 2175
f 2772 3022 2769
f 2377 2376 2372
f 2189 2372 2371
f 2175 2359 2355
f 3023 3022 3027
f 3022 2772 3027
f 2189 2371 2188
f 2546 2545 2360
f 2185 2188 2366
f 1997 2181 2186
f 3023 3027 3024
f 2555 2773 2769
f 2187 2367 2373
f 1996 1997 2179
f 2000 2180 1997
f 2186 2185 1997
f 2179 1997 2180
f 2773 2772 2769
f 2185 2184 2180
f 2554 2373 2374
f 2377 2557 2376
f 2557 2377 2373
f 2555 2556 2559
f 2554 2557 2373
f 2376 2371 2372
f 2769 2766 2552
f 2180 2000 2185
f 2181 2187 2186
f 2773 2555 2559
f 2372 2373 2377
f 2366 2365 2184
f 2376 2375 2371
f 2374 2373 2367
f 2366 2184 2185
f 2773 2559 2775
f 2552 2370 2553
f 2189 2373 2372
f 3030 3027 2775
f 2775 3027 2773
f 2542 2355 2359
f 2546 2549 2548
f 2375 2555 2371
f 2553 2371 2555
f 2555 2375 2556
f 2552 2555 2769
f 2556 2376 2557
f 2766 2765 2548
f 2560 2557 2561
f 2370 2371 2553
f 3030 3031 3028
f 2169 2174 2355
f 2555 2552 2553
f 2184 2179 2180
f 2186 2189 2188
f 2175 2355 2174
f 2549 2370 2552
f 1997 2185 2000
f 2365 2360 2179
f 2549 2546 2360
f 3027 3030 3028
f 2559 2556 2560
f 2360 2545 2359
f 2188 2371 2366
f 2548 2549 2766
f 2772 2773 3027
f 2365 2366 2370
f 2556 2375 2376
f 2182 2187 2181
f 2189 2186 2187
f 2179 2360 2175
f 2366 2371 2370
f 2365 2370 2549
f 2560 2556 2557
f 1992 2179 2175
f 2765 2766 2769
f 2545 2542 2359
f 3028 3024 3027
f 2185 2186 2188
f 1413 1418 1515
f 1510 1413 1509
f 1413 1510 1408
f 1509 1611 1607
f 1519 1514 1515
f 1509 1505 1412
f 1413 1515 1510
f 1417 1509 1412
f 1606 1611 1610
f 1505 1510 1509
f 1607 1611 1606
f 1514 1417 1509
f 1412 1510 1509
f 1307 1313 1413
f 1220 1308 1215
f 1307 1314 1313
f 1509 1407 1505
f 1308 1220 1314
f 1308 1314 1307
f 1408 1307 1413
f 1506 1505 1407
f 1502 1407 1505
f 1407 1412 1505
f 1506 1407 1408
f 1505 1607 1502
f 1402 1506 1407
f 1510 1514 1509
f 1408 1510 1505
f 1408 1505 1506
f 1602 1502 1607
f 1509 1412 1407
f 1606 1602 1607
f 1606 1601 1602
f 1509 1514 1611
f 1418 1319 1422
f 1514 1616 1611
f 1514 1510 1515
f 1509 1607 1505
f 1320 1313 1314
f 1515 1418 1422
f 1313 1418 1413
f 1313 1319 1418
f 1519 1515 1422
f 1320 1319 1313
f 1105 1115 1114
f 1040 1050 1049
f 1049 1106 1105
f 1041 1042 1097
f 1114 1104 1105
f 1107 1041 1097
f 1106 1115 1105
f 789 754 790
f 753 717 718
f 754 753 718
f 826 788 827
f 753 789 788
f 932 903 933
f 825 826 885
f 977 1028 976
f 931 932 978
f 754 789 753
f 787 788 825
f 977 931 978
f 788 826 825
f 827 788 789
f 790 827 789
f 717 689 718
f 788 717 753
f 1050 1106 1049
f 979 1031 978
f 1113 1103 1114
f 932 933 979
f 1114 1115 1121
f 1115 1122 1121
f 902 903 932
f 932 979 978
f 1030 1029 978
f 977 1029 1028
f 978 1029 977
f 1028 1041 1027
f 978 1031 1030
f 1042 1086 1097
f 1042 1041 1028
f 1050 1051 1106
f 1042 1028 1086
f 1114 1103 1104
f 1040 1026 1041
f 1051 1040 1041
f 885 886 930
f 863 902 932
f 828 863 862
f 902 863 903
f 974 927 928
f 932 886 863
f 845 884 883
f 1039 987 1040
f 974 928 975
f 885 845 825
f 927 974 973
f 975 928 929
f 1028 1027 976
f 1027 1041 1026
f 930 931 977
f 885 884 845
f 845 787 825
f 827 790 828
f 884 928 883
f 929 928 884
f 1027 975 976
f 1026 974 975
f 1040 987 973
f 1026 973 974
f 862 826 827
f 973 1026 1040
f 1039 986 987
f 1048 986 1039
f 1040 1049 1039
f 1048 1039 1049
f 1049 1105 1048
f 929 930 976
f 862 885 826
f 929 976 975
f 885 930 884
f 930 886 931
f 886 885 862
f 886 932 931
f 1104 1103 1048
f 886 862 863
f 976 930 977
f 930 929 884
f 828 862 827
f 1050 1040 1051
f 975 1027 1026
f 1105 1104 1048
f 1041 1107 1051
f 1097 1108 1107
f 1107 1106 1051
f 2805 3064 2810
f 2379 2580 2581
f 3321 3320 3070
f 3074 3324 3075
f 2821 2595 2589
f 2595 2821 2826
f 3492 3493 3495
f 3490 3317 3312
f 3496 3327 3325
f 2810 2578 2575
f 3495 3496 3325
f 3324 3495 3325
f 3320 3069 3070
f 3488 3490 3487
f 3312 3317 3313
f 3313 3317 3063
f 2575 2578 2577
f 2383 2589 2595
f 2804 3063 3064
f 2574 2575 2577
f 3316 3321 3317
f 2574 2576 2573
f 2826 2821 2825
f 2816 2578 2810
f 2379 2378 2580
f 2580 2576 2577
f 3069 3074 3075
f 3490 3312 3487
f 3325 3327 3079
f 3324 3069 3320
f 2821 3075 3079
f 3494 3320 3492
f 2589 2582 2821
f 3070 3075 2821
f 3064 3066 2810
f 3075 3325 3079
f 2581 2816 2582
f 2575 2804 2810
f 2383 2382 2589
f 2589 2382 2581
f 2581 2582 2589
f 2382 2379 2581
f 3492 3316 3490
f 3316 3320 3321
f 3079 2825 2821
f 3316 3492 3320
f 2804 3064 2805
f 3490 3316 3317
f 3066 3321 3070
f 2576 2809 2573
f 3066 3317 3321
f 2815 2809 2580
f 3488 3491 3490
f 2578 2582 2577
f 3064 3063 3066
f 2581 2580 2577
f 2580 2809 2576
f 2821 2816 3070
f 3066 3063 3317
f 3070 2816 3066
f 2821 2582 2816
f 3074 3069 3324
f 3490 3617 3492
f 2573 2809 2803
f 3490 3615 3617
f 3615 3491 3488
f 2578 2816 2582
f 2581 2577 2582
f 3494 3324 3320
f 2577 2576 2574
f 3324 3325 3075
f 2810 2804 2805
f 3066 2816 2810
f 3069 3075 3070
f 2878 2876 2654
f 3148 3144 2878
f 2452 2256 2454
f 2448 2252 2255
f 2452 2255 2256
f 2255 2452 2448
f 2448 2452 2650
f 3148 2878 2882
f 2457 2454 2260
f 2260 2454 2455
f 2650 2654 2876
f 2268 2460 2457
f 2882 2654 2658
f 2661 2460 2664
f 2264 2457 2458
f 2267 2264 2263
f 2452 2658 2654
f 2457 2661 2658
f 2886 2882 2658
f 2268 2457 2264
f 2268 2264 2267
f 2661 2457 2460
f 2457 2658 2454
f 2654 2650 2452
f 2654 2882 2878
f 2457 2260 2264
f 2886 2658 2661
f 2268 2461 2460
f 2658 2452 2454
f 3411 3584 3410
f 3169 2899 2903
f 3164 3169 3416
f 2674 2675 2898
f 3417 3589 3416
f 3169 3429 3423
f 3429 3182 3175
f 3409 3405 3410
f 3405 3406 3410
f 2898 2899 3169
f 3406 3405 3583
f 3595 3589 3417
f 2898 3168 2895
f 3416 3588 3412
f 3160 2895 3164
f 3417 3425 3418
f 3417 3424 3425
f 3588 3416 3589
f 3170 3425 3424
f 3169 3176 3170
f 2895 2669 2674
f 2472 2678 2674
f 2898 2895 2674
f 2899 2675 2679
f 3164 3165 3415
f 3416 3423 3417
f 3416 3169 3423
f 3423 3424 3417
f 3415 3165 3416
f 3416 3411 3415
f 3411 3164 3415
f 3165 3164 3416
f 3579 3578 3401
f 3401 3406 3579
f 2678 2679 2674
f 3579 3406 3583
f 3410 3584 3583
f 3584 3411 3587
f 3583 3405 3582
f 3583 3582 3410
f 3582 3405 3409
f 3582 3409 3410
f 3411 3588 3587
f 3423 3169 3170
f 3412 3588 3411
f 3412 3411 3416
f 3411 3410 3160
f 3160 3164 3411
f 3164 3168 3169
f 3164 2895 3168
f 3170 3424 3423
f 2898 3169 3168
f 3176 3169 2903
f 2899 2898 2675
f 2899 2679 2903
f 2675 2674 2679
f 3367 3544 3537
f 3366 3367 3536
f 3361 3112 3362
f 3117 3365 3362
f 3655 3534 3661
f 3112 3113 3362
f 3533 3534 3527
f 3116 3117 3112
f 3661 3534 3536
f 3362 3365 3366
f 3662 3537 3667
f 3537 3536 3367
f 3123 3372 3371
f 3537 3662 3536
f 3536 3662 3661
f 3122 3123 2862
f 3122 3117 2858
f 3372 3367 3371
f 3122 3118 3117
f 3122 2858 2862
f 3362 3366 3534
f 3123 3371 3118
f 3533 3362 3534
f 3118 3122 3123
f 3117 3113 3112
f 3118 3371 3366
f 3371 3367 3366
f 3656 3662 3785
f 3117 3118 3365
f 3116 2858 3117
f 2858 3116 2857
f 3372 3544 3367
f 3366 3365 3118
f 3655 3527 3534
f 3536 3534 3366
f 3661 3662 3655
f 3113 3117 3362
f 3802 3670 3671
f 3803 3791 3790
f 3780 3791 3899
f 3804 3805 3791
f 3900 3899 3792
f 3672 3664 3671
f 3803 3664 3672
f 3539 3547 3540
f 3913 3791 3792
f 3671 3663 3789
f 3898 3779 3780
f 3780 3899 3898
f 3780 3779 3789
f 3790 3780 3789
f 3899 3791 3913
f 3792 3899 3913
f 3663 3664 3790
f 3790 3791 3780
f 3790 3789 3663
f 3671 3789 3802
f 3663 3671 3664
f 3792 3791 3805
f 3805 3804 3673
f 3803 3790 3664
f 3673 3672 3548
f 3803 3673 3804
f 3791 3803 3804
f 3673 3803 3672
f 3673 3549 3541
f 3671 3539 3540
f 3672 3540 3548
f 3540 3672 3671
f 3549 3673 3548
f 3550 3549 3556
f 3550 3556 3557
f 3547 3548 3540
f 3548 3556 3549
f 3548 3555 3556
f 3528 3529 3658
f 3657 3528 3658
f 3531 3660 3530
f 3373 3550 3376
f 3658 3782 3657
f 3530 3357 3531
f 3369 3363 3535
f 3364 3528 3535
f 3659 3658 3529
f 3535 3543 3369
f 3357 3530 3356
f 3376 3550 3557
f 3368 3550 3373
f 3543 3368 3369
f 3535 3363 3364
f 3528 3364 3356
f 3666 3535 3528
f 3657 3666 3528
f 3530 3660 3659
f 3356 3530 3529
f 3529 3530 3659
f 3356 3529 3528
f 3801 3670 3802
f 3802 3789 3801
f 3670 3539 3671
f 3800 3670 3801
f 3792 3674 3665
f 3675 3543 3535
f 3674 3543 3675
f 3549 3542 3541
f 3792 3805 3674
f 3550 3368 3542
f 3900 3792 3781
f 3782 3781 3657
f 3550 3542 3549
f 3783 3782 3658
f 3659 3783 3658
f 3901 3782 3783
f 3675 3666 3674
f 3900 3901 3967
f 3368 3543 3542
f 3901 3783 3902
f 3901 3902 3968
f 3946 3968 3880
f 3358 3531 3357
f 3543 3674 3542
f 3674 3666 3665
f 3901 3781 3782
f 3674 3673 3541
f 3674 3805 3673
f 3657 3781 3665
f 3903 3902 3784
f 3947 3946 3880
f 3675 3535 3666
f 3542 3674 3541
f 3781 3792 3665
f 3901 3968 3967
f 3902 3783 3784
f 3781 3901 3900
f 3657 3665 3666
f 3783 3659 3784
f 3880 3968 3902
f 3903 3880 3902
f 3880 3903 3784
f 3659 3660 3784
f 9 2 1
f 14 13 25
f 32 37 36
f 14 32 26
f 18 32 14
f 33 18 19
f 33 37 32
f 5 6 14
f 18 15 19
f 25 42 41
f 1 5 9
f 19 6 15
f 19 15 20
f 6 1 2
f 1 6 5
f 18 33 32
f 56 37 33
f 14 15 18
f 25 14 26
f 14 6 15
f 9 5 14
f 3447 3446 3253
f 3253 3445 3446
f 2155 2339 2342
f 2160 2163 2159
f 2155 2342 2159
f 2164 2163 2160
f 2154 2155 2159
f 2160 2342 2345
f 2342 2160 2159
f 3253 3445 3249
f 2982 3246 3250
f 3258 3254 3257
f 3253 3254 3250
f 3253 3447 3257
f 3250 3246 3249
f 3242 3246 3243
f 3253 3250 3249
f 3239 3443 3242
f 3239 3242 3240
f 3257 3254 3253
f 3443 3444 3246
f 3247 3246 2982
f 3240 2975 3237
f 3246 3242 3443
f 2164 2160 2345
f 3242 3243 3240
f 3243 3246 3247
f 1978 2159 2163
f 2730 2975 2733
f 3240 3243 2975
f 2975 2972 3237
f 2972 2975 2730
f 3249 3246 3248
f 3256 3257 3253
f 3252 3248 3251
f 3249 3252 3253
f 3249 3248 3252
f 3252 3251 3256
f 3445 3246 3249
f 3256 3253 3252
f 3444 3246 3445
f 3247 2982 2978
f 2737 2736 2739
f 2736 2737 2978
f 2982 2739 2736
f 2733 2975 2978
f 2978 2737 2733
f 2978 2975 3243
f 2978 2982 2736
f 3243 3247 2978
f 2145 2150 2144
f 2149 2144 2150
f 2529 2742 2745
f 2745 2742 2744
f 2529 2532 2345
f 2994 3254 3258
f 3250 2986 2982
f 2990 3254 2994
f 3254 2990 2986
f 2986 3250 3254
f 2517 2520 2331
f 2737 2523 2520
f 2514 2513 2328
f 2741 2742 2739
f 2529 2342 2339
f 2532 2349 2346
f 2748 2990 2994
f 2511 2514 2326
f 2744 2986 2990
f 2982 2986 2741
f 2334 2331 2520
f 2520 2523 2333
f 2334 2520 2333
f 2749 2532 2529
f 2742 2986 2744
f 2526 2742 2529
f 2526 2523 2742
f 2523 2739 2742
f 2513 2514 2511
f 2741 2986 2742
f 2339 2342 2343
f 2745 2749 2529
f 2514 2328 2326
f 2745 2748 2749
f 2529 2339 2526
f 2529 2345 2342
f 2744 2748 2745
f 2337 2526 2340
f 2749 2994 2748
f 2748 2744 2990
f 2741 2739 2982
f 2526 2339 2340
f 2343 2340 2339
f 2532 2346 2345
f 2337 2523 2526
f 2342 2340 2343
f 2334 2333 2337
f 2737 2520 2733
f 2523 2737 2739
f 2328 2517 2331
f 2337 2333 2523
f 2517 2513 2730
f 2733 2520 2517
f 2517 2730 2733
f 2513 2511 2730
f 2513 2517 2328
f 2511 2727 2730
f 2724 2727 2511
f 2330 2333 2145
f 2330 2331 2334
f 2333 2150 2145
f 2139 2145 2144
f 2328 2135 2130
f 2339 2336 2340
f 2989 3255 3251
f 2340 2336 2337
f 2336 2339 2150
f 2131 2326 2130
f 2140 2330 2145
f 2336 2150 2333
f 2330 2334 2333
f 2989 2993 3255
f 3256 3251 3255
f 2339 2154 2150
f 2149 2150 2154
f 2334 2337 2336
f 2154 2339 2155
f 2130 2135 2134
f 2139 2140 2145
f 2140 2135 2330
f 2330 2135 2328
f 2140 2139 2135
f 2340 2342 2339
f 2134 2135 2139
f 2328 2130 2326
f 2328 2331 2330
f 2334 2336 2333
f 1702 1578 1580
f 1578 1581 1580
f 1374 1380 1484
f 1705 1856 1852
f 1705 1708 1856
f 1366 1374 1480
f 1361 1362 1470
f 1361 1267 1362
f 1708 1705 1585
f 1470 1362 1366
f 1487 1590 1589
f 1469 1470 1474
f 1585 1580 1581
f 1705 1580 1585
f 1361 1470 1469
f 1473 1580 1581
f 1585 1580 1473
f 1473 1479 1585
f 1479 1587 1585
f 1587 1479 1483
f 1474 1366 1480
f 1474 1374 1366
f 1589 1711 1587
f 1580 1705 1702
f 1387 1488 1484
f 1473 1581 1474
f 1474 1470 1366
f 1480 1374 1484
f 1480 1473 1474
f 1484 1488 1487
f 1387 1484 1380
f 1578 1469 1581
f 1847 1705 1852
f 1474 1581 1469
f 1480 1479 1473
f 1479 1480 1483
f 1483 1484 1487
f 1484 1483 1480
f 1585 1711 1708
f 1711 1585 1587
f 1487 1587 1483
f 1589 1587 1487
f 1590 1487 1488
f 2316 2498 2313
f 2498 2716 2713
f 2314 2317 2316
f 2320 2504 2319
f 2498 2501 2716
f 2501 2719 2716
f 2311 2111 2314
f 2973 2735 2976
f 2507 2722 2504
f 2510 2512 2725
f 2327 2512 2510
f 2515 2734 2731
f 2322 2323 2507
f 2976 2734 2979
f 2738 2979 2734
f 2729 2728 2970
f 2732 2731 2973
f 2973 2976 2977
f 2970 2732 2973
f 2977 2974 2973
f 2728 2731 2732
f 2728 2732 2970
f 2976 2981 2977
f 2964 2963 2966
f 2964 2960 2959
f 2968 3232 2967
f 2964 2959 2958
f 2966 2967 2964
f 3226 3229 3227
f 2958 2723 2963
f 2723 2958 2720
f 2967 2971 2968
f 2964 2958 2963
f 2970 2967 2966
f 2971 2974 3238
f 3229 3230 3227
f 2964 2967 3232
f 2316 2317 2320
f 2316 2313 2314
f 2504 2501 2320
f 2501 2316 2320
f 2501 2498 2316
f 2968 3235 3232
f 3229 2960 2964
f 3232 3229 2964
f 3229 3233 3230
f 3235 2968 2971
f 2958 2954 2953
f 2958 2953 2720
f 2971 3238 3235
f 3229 3232 3233
f 2726 2970 2966
f 2960 3229 3226
f 2971 2970 2974
f 2970 2973 2974
f 2322 2320 2323
f 2510 2725 2507
f 2507 2323 2510
f 2325 2327 2510
f 2954 2958 2959
f 2507 2725 2722
f 3235 3236 3233
f 3233 3232 3235
f 2971 2967 2970
f 2731 2728 2512
f 2980 2976 2979
f 2740 2984 2738
f 2720 2719 2723
f 2980 2984 2981
f 2988 2983 2743
f 2988 2984 2983
f 2984 2740 2983
f 2722 2719 2504
f 2983 2740 2743
f 2991 2992 2747
f 2963 2723 2726
f 2743 2747 2987
f 2985 2981 2984
f 2987 2747 2992
f 2989 2988 2992
f 2720 2717 2716
f 2512 2728 2725
f 2972 3234 3237
f 2969 3234 2972
f 2993 2989 2992
f 2989 2985 2984
f 2988 2989 2984
f 2738 2980 2979
f 2972 2730 2969
f 2969 2730 2727
f 2524 2740 2738
f 2984 2980 2738
f 2743 2987 2988
f 2988 2987 2992
f 2515 2518 2734
f 2980 2981 2976
f 2724 2965 2969
f 2963 2726 2966
f 2724 2969 2727
f 2510 2323 2325
f 2963 2722 2723
f 2521 2738 2518
f 3234 3233 3237
f 2504 2322 2507
f 3230 3233 3231
f 3233 3236 3237
f 2953 2717 2720
f 2518 2738 2734
f 2720 2716 2719
f 2512 2515 2731
f 3236 3240 3237
f 3442 3236 3239
f 3234 3231 3233
f 3231 3234 2965
f 2965 3234 2969
f 3241 2977 3244
f 2981 2985 3244
f 3241 3239 3238
f 2719 2722 2723
f 3239 3442 3443
f 3245 3246 3242
f 3240 3442 3239
f 2985 2989 3251
f 2726 2723 2722
f 3240 3236 3442
f 2725 2726 2722
f 2726 2725 2966
f 3245 3242 3241
f 2728 2726 2725
f 2735 2734 2976
f 3248 3245 3244
f 2735 2973 2731
f 3248 2985 3251
f 3248 3246 3245
f 3241 3244 3245
f 3239 3241 3242
f 2985 3248 3244
f 2977 3238 2974
f 2981 3244 3245
f 2726 2728 2970
f 3239 3236 3238
f 3244 2977 2981
f 2735 2731 2734
f 3238 2977 3241
f 3238 3236 3235
f 2719 2501 2504
f 2322 2504 2320
f 3287 3043 3293
f 3288 3035 3038
f 3283 3035 3288
f 3038 3043 3288
f 3287 3282 3288
f 3036 3038 3035
f 3043 3038 3039
f 3282 3283 3288
f 3043 3287 3288
f 2803 2798 2570
f 2803 2570 2573
f 2567 2794 2568
f 2571 2574 2570
f 2574 2573 2570
f 2570 2794 2567
f 2570 2798 2794
f 2798 2793 2794
f 2570 2567 2571
f 2791 2790 2786
f 2568 2794 2791
f 2790 2791 2794
f 2571 2567 2568
f 2791 2786 2787
f 3057 3053 3054
f 3057 3061 2800
f 3053 3050 3054
f 3061 2800 2806
f 2802 2809 2808
f 2809 2802 2803
f 2784 2787 3043
f 3044 3043 3039
f 2784 3043 3044
f 2786 3043 2787
f 2786 3048 3043
f 3053 3057 3061
f 3057 3061 3062
f 3062 3310 3308
f 3467 3462 3461
f 3486 3487 3484
f 3302 3306 3475
f 3476 3475 3479
f 3461 3466 3467
f 3479 3483 3480
f 3466 3472 3467
f 3308 3483 3306
f 3306 3302 3305
f 3308 3306 3305
f 3305 3058 3308
f 3466 3471 3472
f 3306 3483 3479
f 3483 3484 3480
f 3058 3062 3308
f 3302 3475 3471
f 3479 3475 3306
f 3486 3483 3310
f 3476 3479 3480
f 3471 3475 3472
f 3472 3475 3476
f 3054 3058 3304
f 3304 3305 3300
f 3058 3305 3304
f 3057 3062 3058
f 3305 3301 3300
f 3300 3050 3054
f 3058 3054 3057
f 3300 3054 3304
f 3292 3460 3286
f 3470 3465 3297
f 3287 3286 3460
f 3292 3465 3460
f 3308 3310 3483
f 3483 3486 3484
f 3490 3487 3486
f 3301 3305 3302
f 3302 3298 3301
f 3301 3298 3297
f 3301 3297 3296
f 3296 3297 3292
f 3292 3297 3465
f 3300 3301 3296
f 3050 3300 3296
f 3470 3298 3471
f 3470 3466 3465
f 3471 3466 3470
f 3470 3297 3298
f 3471 3298 3302
f 3287 3283 3282
f 3283 3288 3284
f 3466 3461 3460
f 3288 3283 3287
f 3288 3287 3460
f 3462 3288 3461
f 3466 3460 3465
f 3460 3461 3288
f 3288 3289 3284
f 3288 3462 3289
f 3046 3297 3047
f 3046 3292 3296
f 3048 3042 3043
f 3042 3048 3047
f 3292 3297 3046
f 3286 3293 3292
f 3293 3042 3047
f 3286 3287 3293
f 3293 3043 3042
f 3047 3297 3293
f 3292 3293 3297
f 2794 2789 2790
f 2794 2793 2789
f 2786 2790 3048
f 3051 3048 2790
f 2790 2789 3051
f 2797 2798 2803
f 3048 3051 3047
f 2793 2798 2797
f 2797 2803 2802
f 2793 3051 2789
f 3055 3051 2793
f 3051 3055 3054
f 2807 2802 2808
f 3051 3054 3050
f 3047 3050 3046
f 3059 3054 3055
f 3059 2802 3058
f 2801 3057 3058
f 3058 3054 3059
f 2802 2801 3058
f 2797 3059 2793
f 2800 2801 2806
f 3050 3047 3051
f 2797 2802 3059
f 2800 3057 2801
f 3059 3055 2793
f 2802 2807 2801
f 3296 3046 3050
f 3284 3035 3283
f 3284 3036 3035
f 2301 2302 2305
f 2304 2301 2305
f 2302 2301 2298
f 1916 1921 2097
f 1921 1927 1926
f 1644 1649 1643
f 2097 2302 2299
f 1775 1768 1769
f 1768 1775 1774
f 1790 1793 1937
f 1774 1660 1655
f 1926 2101 2097
f 2101 2105 2305
f 1774 1775 1780
f 2305 2308 2307
f 2101 1926 1927
f 1650 1762 1649
f 1762 1768 1649
f 1768 1655 1649
f 1654 1649 1655
f 1780 1666 1660
f 1779 1773 1665
f 1666 1665 1660
f 1659 1654 1660
f 1659 1665 1773
f 1660 1774 1780
f 1639 1644 1643
f 1642 1637 1638
f 1642 1752 1637
f 1648 1643 1649
f 2292 2288 2088
f 1908 2088 1903
f 1900 1757 1904
f 1757 1900 1752
f 1899 2085 2082
f 1904 1903 1899
f 1752 1900 1747
f 1899 1894 1900
f 1900 1894 1747
f 1899 1893 1894
f 1903 2088 2085
f 1747 1637 1752
f 1903 2085 1899
f 2088 2288 2085
f 1899 1900 1904
f 1912 2091 1908
f 2091 1916 2094
f 1912 1909 1913
f 2295 2091 2299
f 2299 2298 2295
f 2094 2299 2091
f 1916 1912 1917
f 2292 2091 2295
f 2291 2292 2294
f 1912 1908 1909
f 2088 1908 2091
f 2294 2292 2295
f 1913 1917 1912
f 1909 1761 1913
f 1916 2091 1912
f 2294 2295 2298
f 2091 2292 2088
f 1644 1650 1649
f 1638 1639 1643
f 1665 1659 1660
f 1655 1660 1654
f 1649 1654 1648
f 1643 1648 1642
f 1638 1643 1642
f 1762 1650 1763
f 1768 1774 1655
f 1786 1665 1666
f 1775 1781 1780
f 1786 1670 1665
f 1786 1780 1781
f 1781 1787 1786
f 1937 1931 1932
f 1773 1767 1659
f 1937 1932 1790
f 1642 1757 1752
f 1909 1904 1761
f 1931 2105 1932
f 1785 1922 1779
f 1917 1913 1767
f 1908 1903 1904
f 1931 2105 1926
f 2097 1921 1926
f 2305 2105 2308
f 1916 1917 1922
f 1763 1768 1762
f 1768 1763 1769
f 1916 1922 1921
f 1931 1926 1927
f 2305 2097 2101
f 2094 1916 2097
f 2299 2302 2298
f 1779 1665 1670
f 1785 1779 1670
f 1791 1794 1793
f 1791 1793 1790
f 2299 2094 2097
f 2101 1926 2105
f 2302 2097 2305
f 1927 1921 1922
f 1931 1927 1932
f 2108 2105 1931
f 2304 2305 2307
f 2492 2489 2304
f 2304 2486 2301
f 2486 2304 2489
f 2492 2304 2307
f 1780 1786 1666
f 1670 1786 1785
f 1786 1791 1790
f 1786 1790 1785
f 1917 1767 1773
f 1917 1773 1922
f 1654 1761 1648
f 1761 1654 1767
f 1785 1927 1922
f 1648 1757 1642
f 1779 1922 1773
f 1908 1904 1909
f 1913 1761 1767
f 1654 1659 1767
f 1790 1932 1785
f 1761 1757 1648
f 1761 1904 1757
f 1932 1927 1785
f 54 55 58
f 48 55 47
f 53 57 77
f 57 82 77
f 32 55 48
f 55 54 47
f 53 46 47
f 36 55 32
f 57 53 58
f 54 53 47
f 58 53 54
f 31 26 32
f 70 41 64
f 85 84 78
f 56 78 55
f 84 55 78
f 84 59 55
f 55 36 37
f 37 56 55
f 58 55 59
f 70 41 46
f 42 47 41
f 46 41 47
f 46 53 77
f 31 25 26
f 47 42 25
f 25 31 47
f 48 31 32
f 48 47 31
f 70 46 77
f 3560 3681 3552
f 3807 3812 3813
f 3785 3662 3786
f 3681 3686 3682
f 3686 3687 3682
f 3588 3728 3729
f 3706 3575 3576
f 3537 3668 3667
f 3813 3812 3818
f 3574 3396 3578
f 3819 3813 3818
f 3818 3688 3819
f 3578 3396 3401
f 3678 3677 3806
f 3570 3574 3575
f 3568 3560 3567
f 3706 3707 3700
f 3807 3813 3814
f 3560 3568 3693
f 3693 3686 3560
f 3944 3943 3878
f 3725 3842 3724
f 3842 3725 3846
f 3570 3391 3574
f 3566 3567 3559
f 3558 3377 3384
f 3579 3580 3576
f 3700 3699 3706
f 3731 3732 3724
f 3141 3391 3384
f 3391 3396 3574
f 3567 3384 3571
f 3571 3572 3567
f 3391 3570 3571
f 3814 3808 3807
f 3676 3538 3545
f 3572 3693 3568
f 3570 3575 3571
f 3576 3575 3580
f 3904 3891 3778
f 3576 3575 3579
f 3787 3786 3793
f 3681 3560 3686
f 3699 3575 3706
f 3579 3574 3578
f 3576 3580 3707
f 3580 3713 3707
f 3714 3708 3713
f 3583 3580 3579
f 3583 3584 3580
f 3720 3721 3713
f 3721 3714 3713
f 3720 3713 3584
f 3585 3720 3584
f 3584 3587 3585
f 3721 3720 3585
f 3587 3588 3585
f 3720 3728 3721
f 3585 3729 3721
f 3721 3728 3729
f 3729 3720 3721
f 3729 3728 3720
f 3538 3676 3668
f 3845 3848 3731
f 3590 3591 3732
f 3733 3732 3591
f 3731 3589 3590
f 3418 3597 3590
f 3589 3731 3730
f 3597 3418 3419
f 3596 3418 3590
f 3417 3418 3596
f 3733 3725 3732
f 3827 3696 3831
f 3796 3915 3795
f 3832 3837 3838
f 3914 3915 3906
f 3725 3733 3846
f 3731 3723 3845
f 3814 3820 3821
f 3914 3795 3915
f 3832 3831 3837
f 3590 3597 3591
f 3892 3904 3905
f 3717 3723 3724
f 3838 3833 3832
f 3831 3836 3837
f 3567 3384 3385
f 3567 3566 3384
f 3558 3566 3559
f 3723 3717 3716
f 3595 3596 3589
f 3566 3558 3384
f 3385 3384 3378
f 3378 3384 3377
f 3715 3839 3709
f 3696 3689 3820
f 3696 3825 3826
f 3592 3733 3591
f 3703 3696 3831
f 3906 3893 3905
f 3830 3826 3825
f 3820 3689 3821
f 3839 3840 3834
f 3814 3821 3815
f 3879 3944 3878
f 3830 3831 3826
f 3831 3696 3826
f 3725 3724 3732
f 3955 3891 3892
f 3723 3731 3724
f 3696 3827 3826
f 3595 3417 3596
f 3879 3878 3891
f 3891 3890 3777
f 3731 3590 3732
f 3840 3716 3717
f 3832 3827 3831
f 3905 3893 3892
f 3708 3714 3709
f 3891 3955 3944
f 3777 3778 3891
f 3944 3879 3891
f 3878 3943 3890
f 3708 3709 3701
f 3845 3723 3722
f 3835 3834 3840
f 3717 3836 3710
f 3686 3693 3694
f 3715 3709 3714
f 3709 3839 3834
f 3722 3723 3715
f 3731 3848 3730
f 3693 3701 3694
f 3840 3715 3723
f 3686 3694 3687
f 3841 3835 3840
f 3714 3721 3722
f 3702 3701 3709
f 3841 3836 3835
f 3841 3710 3836
f 3845 3722 3844
f 3715 3840 3839
f 3710 3841 3717
f 3812 3687 3818
f 3825 3824 3829
f 3840 3717 3841
f 3835 3830 3834
f 3841 3836 3717
f 3844 3730 3848
f 3829 3709 3834
f 3834 3830 3829
f 3841 3842 3837
f 3730 3844 3722
f 3702 3709 3829
f 3841 3837 3836
f 3721 3730 3722
f 3701 3707 3708
f 3729 3589 3730
f 3836 3830 3835
f 3707 3701 3700
f 3831 3830 3836
f 3723 3716 3840
f 3715 3714 3722
f 3701 3702 3695
f 3701 3693 3700
f 3829 3695 3702
f 3695 3694 3701
f 3730 3721 3729
f 3559 3567 3560
f 3820 3825 3696
f 3825 3829 3830
f 3812 3683 3687
f 3824 3695 3829
f 3589 3729 3588
f 3559 3552 3558
f 3544 3545 3537
f 3545 3552 3676
f 3559 3560 3552
f 3729 3585 3588
f 3678 3669 3677
f 3795 3806 3796
f 3707 3713 3708
f 3812 3682 3687
f 3552 3681 3676
f 3538 3668 3537
f 3667 3668 3662
f 3793 3786 3668
f 3793 3794 3787
f 3575 3574 3579
f 3669 3668 3677
f 3668 3676 3677
f 3141 3384 3136
f 3793 3668 3669
f 3538 3537 3545
f 3794 3793 3669
f 3904 3786 3905
f 3786 3904 3778
f 3545 3544 3552
f 3571 3384 3391
f 3806 3807 3796
f 3808 3796 3807
f 3794 3905 3787
f 3786 3778 3777
f 3683 3682 3812
f 3572 3568 3567
f 3795 3794 3669
f 3786 3787 3905
f 3678 3806 3669
f 3682 3683 3677
f 3795 3905 3794
f 3378 3558 3559
f 3819 3688 3695
f 3682 3677 3676
f 3552 3544 3551
f 3806 3795 3669
f 3695 3824 3825
f 3842 3838 3837
f 3844 3848 3845
f 3558 3552 3551
f 3796 3808 3797
f 3795 3914 3905
f 3814 3813 3820
f 3687 3694 3695
f 3695 3688 3687
f 3906 3905 3914
f 3825 3820 3824
f 3824 3820 3695
f 3575 3699 3571
f 3818 3687 3688
f 3706 3576 3707
f 3806 3683 3812
f 3558 3377 3559
f 3677 3683 3806
f 3843 3842 3847
f 3846 3847 3842
f 3693 3572 3700
f 3842 3841 3717
f 3596 3590 3589
f 3786 3662 3668
f 3955 3892 3893
f 3786 3777 3785
f 3819 3820 3813
f 3676 3681 3682
f 3904 3892 3891
f 3820 3819 3695
f 3717 3724 3842
f 3571 3700 3572
f 3890 3891 3878
f 3838 3842 3843
f 3559 3377 3378
f 3378 3377 3558
f 3584 3713 3580
f 3700 3571 3699
f 3812 3807 3806
