# low-poly George Cartier monument (vertex-clustered, baked vertex colours)
v -0.59919 0.00813 0.12040 0.5490 0.5686 0.5412
v -0.60138 0.00716 0.12403 0.5647 0.5961 0.5908
v -0.60034 0.00775 0.13332 0.6069 0.6265 0.6422
v -0.59832 0.00864 0.14131 0.4314 0.4549 0.5020
v -0.60148 0.01344 0.11747 0.5544 0.5849 0.5681
v -0.60475 0.01231 0.12522 0.5725 0.6004 0.6073
v -0.60304 0.01284 0.13326 0.5294 0.5534 0.5608
v -0.59956 0.01141 0.14209 0.4804 0.5157 0.5510
v -0.59895 0.02149 0.11264 0.6157 0.6510 0.6314
v -0.60182 0.02106 0.11673 0.5465 0.5719 0.5607
v -0.60243 0.02140 0.12427 0.5142 0.5358 0.5426
v -0.60012 0.02038 0.13024 0.5255 0.5471 0.5490
v -0.59653 0.00832 0.11839 0.5549 0.5824 0.5510
v -0.59665 0.00793 0.14504 0.4502 0.4761 0.5184
v -0.59450 0.00800 0.15110 0.4490 0.4784 0.5147
v -0.59170 0.00816 0.15795 0.5275 0.5627 0.5686
v -0.59214 0.01468 0.11031 0.5916 0.6303 0.5882
v -0.59606 0.01199 0.11478 0.5769 0.6111 0.5781
v -0.59526 0.01209 0.14612 0.4078 0.4431 0.4784
v -0.59571 0.00990 0.15028 0.4604 0.4957 0.5278
v -0.59168 0.00963 0.15759 0.5098 0.5373 0.5686
v -0.59295 0.02123 0.10999 0.6062 0.6400 0.6124
v -0.59683 0.02523 0.11405 0.6366 0.6614 0.6418
v -0.59647 0.02529 0.12571 0.5157 0.5412 0.5510
v -0.59317 0.02290 0.13397 0.4598 0.4814 0.4765
v -0.59355 0.01872 0.14030 0.3922 0.3804 0.3529
v -0.59091 0.02747 0.11119 0.5750 0.5951 0.5696
v -0.59315 0.02844 0.11622 0.6099 0.6385 0.6367
v -0.59110 0.02863 0.12455 0.5395 0.5709 0.5821
v -0.58548 0.00777 0.16927 0.5863 0.6176 0.6294
v -0.58390 0.01605 0.10237 0.5682 0.6105 0.5481
v -0.58702 0.01455 0.10587 0.5642 0.6020 0.5373
v -0.58505 0.01631 0.15445 0.3569 0.3882 0.4392
v -0.58886 0.01133 0.15797 0.5020 0.5333 0.5765
v -0.58320 0.01080 0.16611 0.3569 0.3725 0.3843
v -0.58190 0.02056 0.10319 0.6003 0.6327 0.6000
v -0.58643 0.02100 0.10598 0.6012 0.6330 0.6009
v -0.58553 0.02203 0.14381 0.3569 0.3725 0.4235
v -0.58068 0.02236 0.14844 0.3608 0.3882 0.4627
v -0.58147 0.02730 0.10353 0.6418 0.6654 0.6523
v -0.58427 0.02998 0.10810 0.6209 0.6473 0.6291
v -0.58643 0.03236 0.11648 0.6153 0.6436 0.6477
v -0.58518 0.03185 0.12614 0.4671 0.4902 0.4930
v -0.58375 0.02930 0.13287 0.5251 0.5455 0.5597
v -0.58067 0.03530 0.11176 0.6863 0.7216 0.7098
v -0.58181 0.03539 0.11738 0.4948 0.5148 0.5045
v -0.57202 0.00843 0.18629 0.2353 0.2510 0.2941
v -0.57337 0.00481 0.19239 0.3529 0.3686 0.3725
v -0.57984 0.01620 0.09873 0.5725 0.6196 0.5882
v -0.57659 0.01371 0.16938 0.3157 0.3431 0.3941
v -0.57660 0.01005 0.17711 0.2451 0.2510 0.2824
v -0.57340 0.01928 0.09375 0.5784 0.6183 0.5431
v -0.57640 0.02149 0.09985 0.6087 0.6399 0.6076
v -0.57662 0.02568 0.14664 0.2588 0.2863 0.3608
v -0.57423 0.02376 0.15208 0.2902 0.3235 0.3941
v -0.57635 0.01958 0.15794 0.2235 0.2471 0.3196
v -0.57318 0.01778 0.16693 0.2510 0.2745 0.3373
v -0.57554 0.02963 0.10169 0.6521 0.6771 0.6562
v -0.57827 0.03276 0.10621 0.6246 0.6528 0.6282
v -0.57804 0.03433 0.12825 0.5275 0.5667 0.5569
v -0.57467 0.03392 0.13425 0.4824 0.5098 0.4922
v -0.57488 0.02992 0.14092 0.4549 0.4680 0.5216
v -0.57363 0.02677 0.14747 0.2588 0.2941 0.3608
v -0.57196 0.03704 0.10373 0.5294 0.5490 0.5333
v -0.57492 0.03742 0.10871 0.5733 0.5954 0.5626
v -0.57697 0.03883 0.11659 0.5644 0.5848 0.5679
v -0.57573 0.03813 0.12413 0.4788 0.5034 0.4856
v -0.57185 0.03687 0.13077 0.3608 0.4078 0.3608
v -0.57207 0.04355 0.11725 0.5647 0.6039 0.5725
v -0.56731 0.00640 0.19790 0.5392 0.5686 0.5824
v -0.56488 0.00547 0.20317 0.4059 0.4157 0.4363
v -0.57056 0.01598 0.17269 0.2510 0.2745 0.3294
v -0.56727 0.01406 0.17916 0.4255 0.4549 0.4922
v -0.56718 0.01019 0.18708 0.3725 0.3902 0.4078
v -0.56464 0.00871 0.19504 0.4196 0.4314 0.4510
v -0.56466 0.02167 0.08587 0.4327 0.4758 0.4078
v -0.56688 0.02253 0.09200 0.5652 0.6015 0.5480
v -0.56897 0.02449 0.09662 0.5747 0.6039 0.5874
v -0.57024 0.02468 0.15472 0.2824 0.3176 0.3765
v -0.56617 0.02476 0.16030 0.4422 0.4667 0.5157
v -0.56563 0.02165 0.16662 0.2059 0.2216 0.2627
v -0.56554 0.01817 0.17365 0.3098 0.3373 0.4000
v -0.56451 0.02785 0.09514 0.6222 0.6458 0.6327
v -0.56763 0.03062 0.09832 0.6593 0.6874 0.6685
v -0.56942 0.03429 0.13809 0.7255 0.7412 0.7373
v -0.56769 0.03099 0.14398 0.4084 0.4359 0.4908
v -0.56685 0.02779 0.15209 0.3755 0.4108 0.4755
v -0.56381 0.02834 0.15702 0.5216 0.5608 0.6078
v -0.56644 0.03739 0.10186 0.5420 0.5644 0.5564
v -0.56841 0.04100 0.10748 0.7095 0.7279 0.7060
v -0.57142 0.04247 0.11543 0.7294 0.7569 0.7111
v -0.56850 0.04171 0.12492 0.4792 0.5106 0.4925
v -0.56733 0.03753 0.13309 0.3072 0.3503 0.3124
v -0.56554 0.04454 0.11093 0.6035 0.6392 0.6314
v -0.56739 0.04512 0.11566 0.4214 0.4649 0.4688
v -0.56816 0.04369 0.12197 0.6784 0.6980 0.6569
v -0.55976 0.00715 0.20722 0.5882 0.6157 0.6392
v -0.55940 0.00586 0.21148 0.4529 0.4667 0.4824
v -0.55939 0.01523 0.18662 0.4275 0.4444 0.4680
v -0.55886 0.01261 0.19465 0.3559 0.3657 0.3892
v -0.55700 0.01047 0.20222 0.5150 0.5359 0.5556
v -0.55491 0.02511 0.07761 0.3072 0.3882 0.2092
v -0.55844 0.02384 0.08225 0.4975 0.5355 0.4986
v -0.56100 0.02417 0.08945 0.5973 0.6299 0.6015
v -0.55935 0.02393 0.16934 0.5784 0.6078 0.6431
v -0.55833 0.01955 0.17821 0.3255 0.3490 0.3856
v -0.55722 0.02979 0.08270 0.6843 0.7262 0.7202
v -0.55803 0.03043 0.09166 0.6885 0.7201 0.7035
v -0.56098 0.03311 0.09604 0.7701 0.7956 0.7711
v -0.56256 0.03291 0.14708 0.3529 0.3882 0.4235
v -0.56001 0.03240 0.15212 0.4150 0.4471 0.4863
v -0.55832 0.02989 0.16041 0.5216 0.5490 0.5869
v -0.55543 0.02897 0.16690 0.4490 0.4804 0.5137
v -0.55548 0.03893 0.08336 0.6798 0.7126 0.7172
v -0.55538 0.03708 0.09173 0.7657 0.7961 0.7775
v -0.55943 0.03841 0.09760 0.7300 0.7544 0.7338
v -0.56286 0.04311 0.10473 0.7451 0.7608 0.7569
v -0.55919 0.04284 0.12714 0.5059 0.5686 0.5882
v -0.55856 0.03881 0.13576 0.4314 0.4745 0.5039
v -0.55848 0.03637 0.14265 0.4913 0.5126 0.5350
v -0.55505 0.04762 0.08347 0.7243 0.7563 0.7686
v -0.55488 0.04711 0.09522 0.3608 0.3686 0.3569
v -0.55695 0.04751 0.09958 0.6321 0.6545 0.6402
v -0.55903 0.04796 0.10779 0.6423 0.6607 0.6462
v -0.56028 0.04739 0.11506 0.5365 0.5639 0.5561
v -0.56012 0.04536 0.12312 0.5608 0.6157 0.6275
v -0.55474 0.05790 0.08291 0.7324 0.7588 0.7765
v -0.55501 0.05474 0.09972 0.6264 0.6484 0.6386
v -0.55545 0.05433 0.10731 0.6952 0.7084 0.6888
v -0.55460 0.06249 0.08242 0.6706 0.7020 0.7137
v -0.55253 0.00772 0.21565 0.4353 0.4549 0.4784
v -0.55024 0.01382 0.20568 0.3569 0.3725 0.3961
v -0.54876 0.01175 0.21226 0.4294 0.4451 0.4647
v -0.54604 0.00980 0.21836 0.4431 0.4549 0.4745
v -0.55291 0.02513 0.07716 0.3366 0.4092 0.2641
v -0.55437 0.02443 0.07901 0.2941 0.3412 0.2627
v -0.55077 0.02417 0.17867 0.5231 0.5506 0.5749
v -0.55074 0.02001 0.18718 0.4471 0.4614 0.4824
v -0.54990 0.01780 0.19435 0.4000 0.4137 0.4451
v -0.54614 0.01770 0.20033 0.4118 0.4275 0.4627
v -0.54919 0.02982 0.07593 0.6238 0.6604 0.6100
v -0.55326 0.03044 0.07877 0.7005 0.7362 0.7251
v -0.55431 0.03354 0.09205 0.5686 0.6078 0.5765
v -0.55361 0.03377 0.15935 0.4275 0.4510 0.4745
v -0.55072 0.02978 0.17032 0.5945 0.6275 0.6510
v -0.54761 0.03742 0.07722 0.6801 0.7150 0.7114
v -0.55151 0.03944 0.07946 0.7676 0.8031 0.8078
v -0.55336 0.03938 0.09184 0.7141 0.7432 0.7224
v -0.55386 0.04050 0.09559 0.8020 0.8294 0.7980
v -0.55167 0.04198 0.13454 0.4103 0.4485 0.4779
v -0.55102 0.04085 0.14330 0.3933 0.4173 0.4510
v -0.54947 0.03957 0.15171 0.4439 0.4647 0.4976
v -0.54855 0.03846 0.15967 0.5471 0.5725 0.5971
v -0.54693 0.04833 0.07747 0.7971 0.8250 0.8358
v -0.55160 0.04745 0.08033 0.8122 0.8430 0.8536
v -0.55308 0.04743 0.09264 0.7836 0.8031 0.7840
v -0.55397 0.04697 0.09542 0.6667 0.6804 0.6569
v -0.55416 0.04906 0.11803 0.3902 0.4353 0.4549
v -0.54680 0.04527 0.12579 0.4078 0.4608 0.5000
v -0.54807 0.04394 0.13509 0.3725 0.4118 0.4510
v -0.54706 0.04453 0.13920 0.3804 0.4196 0.4588
v -0.54708 0.05593 0.07739 0.8559 0.8765 0.8858
v -0.55198 0.05638 0.08107 0.7743 0.7984 0.8102
v -0.55291 0.05571 0.09196 0.7485 0.7739 0.7602
v -0.55406 0.05812 0.09994 0.5493 0.5744 0.5716
v -0.55233 0.05748 0.10758 0.4173 0.4458 0.4523
v -0.54915 0.05296 0.11585 0.8667 0.8784 0.8510
v -0.54644 0.06342 0.07752 0.7529 0.7716 0.7735
v -0.55104 0.06516 0.08117 0.6629 0.6898 0.6999
v -0.55092 0.06464 0.09158 0.5495 0.5786 0.5833
v -0.54996 0.06487 0.09938 0.5342 0.5640 0.5711
v -0.54819 0.06417 0.10632 0.5113 0.5392 0.5417
v -0.54846 0.07297 0.08245 0.4408 0.5185 0.5322
v -0.54727 0.07308 0.09015 0.3328 0.3945 0.4058
v -0.54695 0.07015 0.09542 0.5412 0.5647 0.5569
v -0.54666 0.07809 0.08729 0.3490 0.4471 0.4667
v -0.54273 0.00751 0.22809 0.5686 0.5902 0.6118
v -0.54503 0.01682 0.20482 0.6353 0.6549 0.6706
v -0.54090 0.01622 0.21232 0.5320 0.5542 0.5752
v -0.53979 0.01240 0.22191 0.5706 0.5941 0.6020
v -0.54322 0.02441 0.18668 0.4408 0.4580 0.4753
v -0.54094 0.02294 0.19497 0.6284 0.6500 0.6725
v -0.54024 0.02007 0.20331 0.4594 0.4734 0.4896
v -0.53801 0.01953 0.20838 0.4824 0.4980 0.5020
v -0.54184 0.03166 0.07246 0.5779 0.6250 0.5452
v -0.54548 0.03236 0.17175 0.6137 0.6490 0.6784
v -0.54139 0.03105 0.17687 0.4487 0.4756 0.4986
v -0.54018 0.02755 0.18549 0.3752 0.3908 0.4065
v -0.53804 0.02621 0.19184 0.4157 0.4275 0.4471
v -0.54166 0.03935 0.07432 0.7089 0.7334 0.7451
v -0.53884 0.04308 0.13772 0.3392 0.3843 0.4255
v -0.54479 0.04300 0.14592 0.4588 0.4941 0.5216
v -0.54463 0.04320 0.15449 0.5333 0.5608 0.5922
v -0.54145 0.04111 0.16010 0.5559 0.5775 0.6176
v -0.54079 0.03831 0.16867 0.5396 0.5655 0.5953
v -0.54153 0.04757 0.07484 0.7003 0.7236 0.7408
v -0.54051 0.04777 0.12025 0.3020 0.3569 0.4078
v -0.54036 0.04499 0.12434 0.3706 0.4216 0.4706
v -0.54240 0.04367 0.13341 0.3373 0.3765 0.4157
v -0.54110 0.04479 0.14283 0.4118 0.4471 0.4843
v -0.54057 0.04574 0.15141 0.4521 0.4824 0.5160
v -0.53836 0.04392 0.16035 0.6176 0.6451 0.6725
v -0.54237 0.05637 0.07519 0.7886 0.8142 0.8270
v -0.54080 0.05726 0.11556 0.2941 0.3216 0.3627
v -0.54148 0.06496 0.07557 0.7264 0.7494 0.7588
v -0.54513 0.06847 0.10121 0.5346 0.5686 0.5778
v -0.54230 0.06656 0.11032 0.5812 0.6118 0.6227
v -0.54002 0.06399 0.11393 0.5778 0.6065 0.6105
v -0.54090 0.07148 0.07577 0.5507 0.6165 0.6336
v -0.54215 0.07515 0.08036 0.3525 0.4766 0.5003
v -0.54476 0.07533 0.09243 0.3081 0.4140 0.4269
v -0.54228 0.07363 0.09992 0.3115 0.3795 0.3870
v -0.53916 0.07262 0.10694 0.3011 0.3678 0.3739
v -0.54009 0.07905 0.08420 0.3101 0.3971 0.4144
v -0.54137 0.08196 0.09097 0.3548 0.4425 0.4616
v -0.53999 0.08194 0.09876 0.2126 0.2882 0.3179
v -0.53796 0.08690 0.09455 0.2000 0.2549 0.2667
v -0.53753 0.08756 0.09650 0.2026 0.2549 0.2654
v -0.53666 0.00833 0.23579 0.4549 0.4706 0.4745
v -0.53485 0.01584 0.22214 0.5843 0.6039 0.6255
v -0.53344 0.01230 0.23213 0.5686 0.5902 0.6078
v -0.52888 0.01307 0.23866 0.4627 0.4863 0.5137
v -0.53481 0.02413 0.20513 0.5480 0.5716 0.5980
v -0.53277 0.02180 0.21276 0.5804 0.6039 0.6157
v -0.52882 0.01890 0.22282 0.5490 0.5647 0.5608
v -0.53228 0.03324 0.06747 0.4382 0.4889 0.3690
v -0.53617 0.03345 0.07030 0.6497 0.6954 0.6144
v -0.53505 0.03365 0.17843 0.1941 0.2118 0.2235
v -0.53437 0.03214 0.18545 0.3516 0.3680 0.3824
v -0.53363 0.03002 0.19421 0.3730 0.3912 0.3912
v -0.53086 0.02957 0.20202 0.4322 0.4471 0.4620
v -0.53042 0.03889 0.06814 0.7885 0.8060 0.8034
v -0.53506 0.03897 0.07062 0.8350 0.8505 0.8583
v -0.53315 0.04284 0.12787 0.3137 0.3529 0.3948
v -0.53132 0.04289 0.13441 0.3275 0.3706 0.4176
v -0.53362 0.04182 0.16924 0.5230 0.5314 0.5662
v -0.53273 0.03816 0.17542 0.4078 0.4137 0.4304
v -0.53054 0.03592 0.18538 0.5464 0.5647 0.5752
v -0.53032 0.03472 0.19235 0.4608 0.4745 0.4902
v -0.53012 0.04711 0.06850 0.8566 0.8710 0.8893
v -0.53484 0.04759 0.07091 0.8000 0.8233 0.8410
v -0.52940 0.05060 0.12044 0.4471 0.5059 0.5804
v -0.53133 0.04648 0.12261 0.3333 0.3895 0.4458
v -0.53312 0.04580 0.14316 0.4113 0.4458 0.4789
v -0.53367 0.04849 0.15230 0.4269 0.4510 0.4784
v -0.53270 0.04766 0.16011 0.4661 0.4936 0.5305
v -0.53082 0.04493 0.16909 0.4412 0.4569 0.4941
v -0.52979 0.05550 0.06823 0.8675 0.8816 0.8965
v -0.53448 0.05693 0.07105 0.8595 0.8794 0.8895
v -0.53133 0.05602 0.11635 0.3307 0.3843 0.4575
v -0.52973 0.06332 0.06886 0.7098 0.7324 0.7392
v -0.53369 0.06550 0.07148 0.6790 0.7034 0.7220
v -0.53284 0.06604 0.11367 0.6444 0.6758 0.6693
v -0.53021 0.07036 0.06901 0.5216 0.5686 0.5980
v -0.53272 0.07374 0.07314 0.3932 0.4855 0.5124
v -0.53521 0.07735 0.07881 0.3010 0.3990 0.4147
v -0.53613 0.07339 0.11026 0.2745 0.3556 0.3595
v -0.53165 0.07322 0.11330 0.3922 0.5098 0.5098
v -0.52868 0.07831 0.07758 0.1961 0.2784 0.2980
v -0.53228 0.08188 0.08246 0.3590 0.4430 0.4581
v -0.53531 0.08557 0.08918 0.3118 0.3967 0.4059
v -0.53495 0.08418 0.10357 0.2157 0.2941 0.3098
v -0.53391 0.07994 0.10741 0.2203 0.2784 0.2928
v -0.52858 0.08745 0.08509 0.3412 0.4549 0.4471
v -0.53153 0.09087 0.09146 0.3150 0.4069 0.4167
v -0.53415 0.09055 0.09803 0.2838 0.3689 0.3742
v -0.52899 0.08827 0.10418 0.1020 0.1765 0.2000
v -0.52871 0.10101 0.08616 0.2510 0.3451 0.3608
v -0.52988 0.09985 0.09124 0.2006 0.2882 0.3094
v -0.53064 0.09715 0.09628 0.1529 0.2275 0.2490
v -0.53140 0.10913 0.08418 0.3222 0.4136 0.4284
v -0.53152 0.10746 0.08987 0.1129 0.1831 0.2153
v -0.53022 0.11542 0.08399 0.3961 0.4941 0.5317
v -0.52998 0.11567 0.08916 0.1641 0.2280 0.2655
v -0.52631 0.01683 0.23179 0.7098 0.7412 0.7529
v -0.52475 0.01537 0.23778 0.5176 0.5294 0.5490
v -0.52282 0.01351 0.24616 0.5755 0.5931 0.6137
v -0.52342 0.02399 0.22165 0.6654 0.6967 0.7150
v -0.52201 0.02114 0.22769 0.6486 0.6706 0.6824
v -0.52062 0.01793 0.23646 0.4863 0.5020 0.4980
v -0.52807 0.03431 0.06508 0.5203 0.5712 0.4235
v -0.52816 0.03384 0.19842 0.3137 0.3255 0.3451
v -0.52597 0.03331 0.20593 0.4261 0.4431 0.4588
v -0.52468 0.03014 0.21215 0.4006 0.4291 0.4409
v -0.52237 0.02694 0.21873 0.3882 0.4196 0.4275
v -0.52407 0.03843 0.06429 0.6696 0.6938 0.6374
v -0.52616 0.04285 0.13288 0.3804 0.4196 0.4667
v -0.52714 0.04306 0.17248 0.4275 0.4667 0.5059
v -0.52807 0.04181 0.17751 0.4745 0.4784 0.4941
v -0.52765 0.03872 0.18755 0.4719 0.4967 0.5033
v -0.52614 0.04004 0.19397 0.4340 0.4562 0.4614
v -0.52311 0.03962 0.20345 0.4078 0.4322 0.4408
v -0.52055 0.03655 0.20805 0.4235 0.4510 0.4745
v -0.52365 0.04794 0.06510 0.8472 0.8647 0.8877
v -0.52365 0.04964 0.12595 0.2357 0.2780 0.3201
v -0.52282 0.04748 0.13438 0.2271 0.2598 0.2912
v -0.52365 0.04839 0.14238 0.3804 0.4046 0.4201
v -0.52425 0.05037 0.15054 0.3996 0.4216 0.4408
v -0.52808 0.05019 0.16285 0.4627 0.4902 0.5392
v -0.52597 0.04777 0.16863 0.3773 0.3851 0.4141
v -0.52556 0.04882 0.17618 0.4601 0.4745 0.4967
v -0.52405 0.04724 0.18588 0.3882 0.4000 0.4167
v -0.52338 0.04649 0.19546 0.3490 0.3647 0.3859
v -0.52245 0.04468 0.20205 0.3242 0.3412 0.3608
v -0.52372 0.05685 0.06534 0.8654 0.8837 0.8982
v -0.52225 0.05665 0.11826 0.6708 0.7041 0.7218
v -0.52165 0.05332 0.12307 0.5892 0.6127 0.6212
v -0.52057 0.05227 0.14548 0.4176 0.4451 0.4804
v -0.52117 0.05279 0.15050 0.4392 0.4667 0.5059
v -0.52531 0.05373 0.15746 0.4000 0.4294 0.4667
v -0.52188 0.05602 0.17006 0.4980 0.5150 0.5778
v -0.52287 0.05356 0.17499 0.5098 0.5333 0.5882
v -0.52382 0.06541 0.06622 0.6699 0.6955 0.7169
v -0.52223 0.06589 0.11125 0.4431 0.4756 0.4812
v -0.52140 0.06176 0.11380 0.6706 0.7039 0.7235
v -0.52379 0.07179 0.06713 0.4450 0.5319 0.5571
v -0.52505 0.07568 0.07166 0.2735 0.3485 0.3725
v -0.52269 0.07416 0.10962 0.2364 0.2802 0.3020
v -0.52353 0.08202 0.07554 0.3351 0.4183 0.4404
v -0.52692 0.08451 0.07991 0.4092 0.4879 0.5000
v -0.52368 0.08235 0.10806 0.2098 0.2641 0.2915
v -0.52084 0.08896 0.07663 0.3658 0.3978 0.4213
v -0.52583 0.09105 0.08221 0.3733 0.4543 0.4649
v -0.52827 0.09249 0.08838 0.3680 0.4569 0.4693
v -0.52325 0.09320 0.10262 0.2497 0.3417 0.3773
v -0.52354 0.08839 0.10573 0.2373 0.3098 0.3356
v -0.52088 0.09855 0.07725 0.4025 0.4657 0.4809
v -0.52521 0.10015 0.08141 0.4500 0.5537 0.5751
v -0.52821 0.09763 0.08802 0.4566 0.5692 0.5950
v -0.52238 0.09903 0.09926 0.2131 0.3209 0.3647
v -0.52066 0.10973 0.07719 0.4874 0.5927 0.6196
v -0.52514 0.10803 0.08036 0.3154 0.3941 0.4042
v -0.52279 0.10959 0.09414 0.1431 0.2227 0.2762
v -0.52143 0.10591 0.09577 0.1441 0.2255 0.2824
v -0.52063 0.11516 0.07771 0.5388 0.6447 0.6722
v -0.52500 0.11737 0.08118 0.3473 0.4454 0.4784
v -0.52365 0.11742 0.09111 0.2738 0.3522 0.3963
v -0.52190 0.12336 0.08230 0.3636 0.4443 0.4804
v -0.52260 0.12252 0.08868 0.3281 0.3987 0.4322
v -0.51574 0.01677 0.24663 0.4922 0.5157 0.5431
v -0.51267 0.01622 0.25328 0.6784 0.7098 0.7216
v -0.51550 0.02334 0.23198 0.6376 0.6627 0.6855
v -0.51540 0.02034 0.23874 0.6078 0.6268 0.6359
v -0.51391 0.01810 0.24705 0.5373 0.5451 0.5412
v -0.51619 0.03109 0.22120 0.5088 0.5368 0.5456
v -0.51280 0.02903 0.22831 0.5137 0.5361 0.5468
v -0.51375 0.04106 0.05892 0.4727 0.5330 0.3889
v -0.51837 0.03985 0.06146 0.6863 0.7152 0.6417
v -0.51909 0.04182 0.20801 0.2196 0.2353 0.2471
v -0.51768 0.03923 0.21295 0.3749 0.4016 0.4149
v -0.51267 0.03833 0.21869 0.4451 0.4765 0.5039
v -0.51329 0.04731 0.05946 0.8458 0.8659 0.8860
v -0.51766 0.04675 0.06192 0.8259 0.8482 0.8761
v -0.51877 0.05181 0.12964 0.0471 0.0784 0.1216
v -0.51933 0.05115 0.13409 0.0986 0.1305 0.1697
v -0.51672 0.05064 0.19775 0.3314 0.3569 0.3686
v -0.51688 0.04794 0.20422 0.3520 0.3745 0.3941
v -0.51580 0.04543 0.21115 0.3208 0.3482 0.3741
v -0.51312 0.05713 0.05947 0.8074 0.8289 0.8392
v -0.51783 0.05758 0.06214 0.8556 0.8749 0.8898
v -0.51722 0.05877 0.11856 0.6042 0.6350 0.6556
v -0.51583 0.05617 0.12556 0.5147 0.5472 0.5742
v -0.51494 0.05574 0.13301 0.2217 0.2191 0.2641
v -0.51762 0.05510 0.14235 0.3490 0.3887 0.4048
v -0.51850 0.05638 0.14969 0.4288 0.4654 0.4797
v -0.51948 0.05669 0.18050 0.4157 0.4431 0.4745
v -0.51617 0.05691 0.18747 0.3425 0.3699 0.4013
v -0.51484 0.05569 0.19353 0.3699 0.3948 0.4209
v -0.51191 0.05589 0.20230 0.4471 0.4745 0.5020
v -0.51267 0.06485 0.06032 0.6248 0.6542 0.6791
v -0.51631 0.06456 0.06232 0.6477 0.6687 0.6871
v -0.51593 0.06616 0.10997 0.4190 0.4640 0.4917
v -0.51454 0.06216 0.11515 0.6598 0.6988 0.7132
v -0.51259 0.06151 0.13612 0.0412 0.0980 0.1255
v -0.51253 0.06146 0.14433 0.0588 0.1373 0.1098
v -0.51348 0.06169 0.15085 0.1725 0.2471 0.1686
v -0.51504 0.06386 0.16056 0.2020 0.2392 0.1980
v -0.51766 0.06309 0.17163 0.0941 0.1255 0.1333
v -0.51457 0.06435 0.17770 0.2627 0.3118 0.2843
v -0.51183 0.06283 0.18426 0.3569 0.3765 0.3922
v -0.51210 0.07016 0.05993 0.3020 0.3569 0.3686
v -0.51495 0.07308 0.06426 0.3199 0.3765 0.4029
v -0.51770 0.07647 0.07004 0.3137 0.3667 0.4000
v -0.51277 0.07541 0.10212 0.2698 0.3106 0.3459
v -0.51636 0.07217 0.10599 0.3252 0.3755 0.4082
v -0.51251 0.06979 0.17064 0.0745 0.1176 0.1255
v -0.51544 0.08297 0.07250 0.2638 0.3159 0.3428
v -0.51320 0.08253 0.10157 0.2514 0.3076 0.3442
v -0.51785 0.08211 0.10528 0.2314 0.2848 0.3191
v -0.51653 0.09137 0.07367 0.4124 0.4760 0.5008
v -0.51530 0.09125 0.10118 0.2311 0.3017 0.3385
v -0.51943 0.08674 0.10549 0.2314 0.2863 0.3216
v -0.51631 0.09934 0.07534 0.3471 0.4078 0.4271
v -0.51291 0.10371 0.09495 0.2431 0.3216 0.3569
v -0.51607 0.09967 0.09820 0.2501 0.3389 0.3751
v -0.51596 0.10785 0.07519 0.3787 0.4743 0.4917
v -0.51695 0.10967 0.09411 0.1725 0.2434 0.2922
v -0.51689 0.10525 0.09628 0.1775 0.2549 0.2971
v -0.51612 0.11695 0.07600 0.3694 0.4728 0.4973
v -0.51964 0.12070 0.07871 0.3961 0.4863 0.5098
v -0.51604 0.11700 0.09071 0.1800 0.2529 0.3068
v -0.51514 0.12252 0.07687 0.3307 0.4261 0.4523
v -0.51571 0.12417 0.08170 0.2965 0.3776 0.4135
v -0.51728 0.12217 0.08854 0.1961 0.2765 0.3314
v -0.50947 0.02413 0.23874 0.6525 0.6800 0.6980
v -0.50687 0.02219 0.24655 0.6623 0.6824 0.6951
v -0.50499 0.02006 0.25424 0.5788 0.5969 0.6078
v -0.50304 0.01870 0.26181 0.4706 0.4902 0.5059
v -0.50774 0.03195 0.23051 0.5641 0.5877 0.5978
v -0.50640 0.02872 0.23632 0.5843 0.5961 0.6013
v -0.50265 0.02783 0.24290 0.7216 0.7451 0.7373
v -0.50652 0.04251 0.05509 0.4914 0.5403 0.3807
v -0.50850 0.03972 0.22244 0.5832 0.6017 0.5916
v -0.50631 0.03754 0.22771 0.6078 0.6281 0.6301
v -0.50726 0.04667 0.05615 0.7785 0.8046 0.7829
v -0.50910 0.04801 0.21394 0.2634 0.2993 0.3275
v -0.50494 0.04686 0.22018 0.2686 0.3098 0.3569
v -0.50665 0.05669 0.05619 0.8277 0.8481 0.8611
v -0.51105 0.05977 0.18944 0.3176 0.3451 0.3686
v -0.50620 0.05937 0.20438 0.2333 0.2824 0.3137
v -0.50479 0.05530 0.21227 0.3294 0.3618 0.3765
v -0.50656 0.06488 0.05718 0.6475 0.6821 0.7031
v -0.50739 0.06726 0.10839 0.3776 0.4316 0.4599
v -0.50708 0.06454 0.11682 0.4403 0.4881 0.5216
v -0.50876 0.06245 0.12490 0.3397 0.3907 0.4176
v -0.50647 0.06262 0.13392 0.1480 0.1980 0.2235
v -0.50603 0.06316 0.14167 0.1569 0.2118 0.1902
v -0.50539 0.06383 0.15141 0.2510 0.3137 0.2627
v -0.50554 0.06706 0.16064 0.0922 0.1118 0.1314
v -0.50651 0.06515 0.18992 0.2294 0.2706 0.2961
v -0.50631 0.06376 0.19460 0.1784 0.2255 0.2569
v -0.50636 0.06200 0.19946 0.0843 0.1333 0.1647
v -0.50633 0.07130 0.05868 0.2804 0.3574 0.3798
v -0.50698 0.07594 0.06466 0.3408 0.4231 0.4384
v -0.50337 0.07663 0.09462 0.2216 0.2569 0.2843
v -0.50674 0.07235 0.10043 0.2910 0.3336 0.3613
v -0.50899 0.06940 0.10424 0.3529 0.4118 0.4392
v -0.50302 0.07279 0.17029 0.1843 0.2196 0.2471
v -0.50655 0.07305 0.17790 0.1373 0.1765 0.2118
v -0.50707 0.07017 0.18466 0.0196 0.0275 0.0863
v -0.50528 0.07897 0.06871 0.3549 0.4275 0.4431
v -0.50707 0.08315 0.07117 0.2034 0.2515 0.2771
v -0.50374 0.08657 0.09276 0.2549 0.3098 0.3451
v -0.50847 0.08242 0.09754 0.2431 0.2885 0.3259
v -0.50289 0.08964 0.06930 0.3392 0.4039 0.4216
v -0.50691 0.09171 0.07075 0.3520 0.4416 0.4590
v -0.50551 0.09188 0.09311 0.2261 0.2841 0.3264
v -0.50936 0.08948 0.09709 0.2181 0.2843 0.3230
v -0.50735 0.09981 0.07313 0.3298 0.4261 0.4443
v -0.50685 0.09997 0.09157 0.2073 0.2719 0.3137
v -0.50707 0.10774 0.07513 0.3100 0.4086 0.4278
v -0.50400 0.10990 0.08541 0.1830 0.2516 0.2908
v -0.50786 0.10789 0.08968 0.1916 0.2640 0.3017
v -0.50781 0.11555 0.07590 0.2892 0.3925 0.4196
v -0.50602 0.11732 0.08227 0.1871 0.2627 0.3047
v -0.51005 0.11518 0.08806 0.1873 0.2539 0.3049
v -0.51013 0.12188 0.07734 0.3725 0.4627 0.4863
v -0.50909 0.12282 0.08093 0.2196 0.2980 0.3399
v -0.50040 0.02520 0.24966 0.5882 0.6039 0.6157
v -0.49963 0.02259 0.25657 0.6121 0.6360 0.6553
v -0.49680 0.02131 0.26395 0.5961 0.6179 0.6379
v -0.50101 0.03193 0.23998 0.5745 0.5863 0.5912
v -0.49722 0.03106 0.24657 0.6196 0.6364 0.6353
v -0.49523 0.02772 0.25563 0.5542 0.5712 0.5778
v -0.49919 0.04307 0.05108 0.5020 0.5520 0.4108
v -0.50119 0.04150 0.22974 0.3242 0.3595 0.3922
v -0.49797 0.03802 0.23799 0.5778 0.6013 0.6157
v -0.49736 0.04650 0.05053 0.6822 0.7178 0.6535
v -0.50137 0.04775 0.05305 0.7427 0.7800 0.7235
v -0.50149 0.04693 0.22516 0.3353 0.3725 0.4196
v -0.49788 0.04817 0.23009 0.3422 0.3647 0.4118
v -0.49462 0.04365 0.23747 0.4510 0.4706 0.4941
v -0.49672 0.05682 0.05094 0.7873 0.8193 0.8291
v -0.50044 0.05681 0.05310 0.7917 0.8186 0.8314
v -0.49961 0.05931 0.21494 0.1882 0.2373 0.2157
v -0.49886 0.05516 0.22065 0.4651 0.4988 0.5459
v -0.49421 0.05307 0.22635 0.5490 0.5647 0.6118
v -0.49538 0.06393 0.05120 0.6409 0.6751 0.6969
v -0.49919 0.06475 0.05354 0.6268 0.6586 0.6821
v -0.50029 0.06846 0.10896 0.2392 0.2843 0.2980
v -0.49872 0.06660 0.11612 0.2627 0.3124 0.3163
v -0.49740 0.06428 0.12548 0.2525 0.3075 0.3090
v -0.49877 0.06407 0.13540 0.2333 0.2902 0.2549
v -0.49907 0.06641 0.14653 0.1412 0.2039 0.1647
v -0.49674 0.06653 0.15204 0.1804 0.2392 0.2118
v -0.49788 0.06847 0.16467 0.0431 0.0549 0.1137
v -0.49908 0.06598 0.20373 0.2157 0.2484 0.2850
v -0.49928 0.06302 0.21056 0.1373 0.1824 0.2118
v -0.49824 0.07234 0.05638 0.2925 0.3809 0.4072
v -0.49826 0.07672 0.06334 0.2804 0.3514 0.3678
v -0.49707 0.07619 0.09297 0.2449 0.2819 0.3076
v -0.49853 0.07176 0.10031 0.2598 0.3016 0.3193
v -0.49933 0.07020 0.10528 0.2431 0.2863 0.3020
v -0.49715 0.07526 0.17796 0.1725 0.2157 0.2392
v -0.50039 0.07582 0.18521 0.0706 0.1059 0.1333
v -0.49966 0.07257 0.19522 0.1791 0.2248 0.2484
v -0.49622 0.07034 0.20174 0.2980 0.3412 0.3647
v -0.49885 0.08241 0.06692 0.2590 0.3112 0.3291
v -0.49829 0.08153 0.09051 0.2580 0.3028 0.3333
v -0.49838 0.09061 0.06675 0.4457 0.5006 0.5231
v -0.49572 0.09267 0.08477 0.2196 0.2755 0.3127
v -0.49975 0.09103 0.08843 0.2292 0.2841 0.3244
v -0.49649 0.09639 0.06828 0.3945 0.4580 0.4769
v -0.49906 0.09890 0.07167 0.3720 0.4567 0.4790
v -0.49674 0.10051 0.08263 0.1975 0.2549 0.2992
v -0.50031 0.09676 0.08714 0.2039 0.2588 0.3098
v -0.50030 0.10649 0.07624 0.2954 0.3784 0.4033
v -0.49930 0.10760 0.08191 0.1835 0.2492 0.2842
v -0.50232 0.11396 0.08199 0.1882 0.2431 0.2784
v -0.49228 0.02376 0.26475 0.6510 0.6784 0.7020
v -0.48847 0.02266 0.27294 0.6078 0.6336 0.6488
v -0.49042 0.03122 0.25751 0.5647 0.5832 0.5815
v -0.48886 0.02917 0.26266 0.5412 0.5624 0.5663
v -0.48669 0.02641 0.26987 0.5843 0.6000 0.6118
v -0.49090 0.04130 0.24141 0.4569 0.4922 0.5275
v -0.49036 0.03843 0.24732 0.6190 0.6438 0.6556
v -0.48758 0.03766 0.25426 0.6941 0.7118 0.7147
v -0.48985 0.04698 0.04669 0.6173 0.6595 0.5927
v -0.48971 0.04863 0.23855 0.4140 0.4314 0.4689
v -0.48584 0.04575 0.24473 0.4706 0.5000 0.5412
v -0.48961 0.05672 0.04726 0.7826 0.8054 0.8194
v -0.49210 0.05712 0.22358 0.5569 0.5804 0.6275
v -0.48877 0.05494 0.23052 0.5716 0.5971 0.6402
v -0.48777 0.05324 0.23628 0.4824 0.5059 0.5529
v -0.48984 0.06432 0.04859 0.5931 0.6366 0.6620
v -0.48966 0.06835 0.10979 0.2092 0.2575 0.2497
v -0.49169 0.06669 0.11656 0.2105 0.2641 0.2575
v -0.48751 0.06589 0.12445 0.1922 0.2510 0.2235
v -0.48939 0.06415 0.13312 0.2020 0.2686 0.2235
v -0.49174 0.06800 0.14353 0.1373 0.1863 0.1608
v -0.48793 0.06876 0.15307 0.0902 0.1490 0.1294
v -0.49252 0.06732 0.15846 0.0549 0.1020 0.0941
v -0.48995 0.06825 0.21254 0.1667 0.2098 0.2569
v -0.48932 0.06544 0.21949 0.1895 0.2196 0.2536
v -0.48762 0.06171 0.22606 0.0353 0.0510 0.0980
v -0.48810 0.07077 0.05080 0.3904 0.5168 0.5351
v -0.48925 0.07468 0.05523 0.3534 0.4386 0.4507
v -0.49161 0.07719 0.06186 0.3706 0.4118 0.4294
v -0.48894 0.07548 0.09137 0.1730 0.2088 0.2167
v -0.49067 0.07182 0.09918 0.2071 0.2486 0.2549
v -0.48648 0.06947 0.10418 0.1922 0.2392 0.2392
v -0.48948 0.07154 0.16823 0.1569 0.1902 0.1941
v -0.48619 0.07459 0.17905 0.1216 0.1569 0.1843
v -0.49155 0.07547 0.18468 0.1294 0.1725 0.1961
v -0.49205 0.07659 0.19234 0.0784 0.1137 0.1490
v -0.49066 0.07387 0.20386 0.1673 0.2065 0.2392
v -0.48617 0.07279 0.20917 0.1176 0.1686 0.2000
v -0.48603 0.08213 0.05877 0.3651 0.4180 0.4314
v -0.48962 0.08274 0.06217 0.3119 0.3585 0.3765
v -0.48903 0.08344 0.08470 0.2261 0.2667 0.2915
v -0.49097 0.07932 0.08808 0.2392 0.2771 0.3007
v -0.48600 0.08798 0.05991 0.3647 0.4065 0.4222
v -0.48927 0.09139 0.06279 0.4096 0.4708 0.4909
v -0.48598 0.09301 0.07791 0.2275 0.2824 0.3255
v -0.49066 0.09171 0.08172 0.2440 0.3070 0.3549
v -0.49056 0.09696 0.06655 0.3647 0.4157 0.4280
v -0.49003 0.09992 0.07479 0.2847 0.3388 0.3741
v -0.49212 0.09935 0.07926 0.2203 0.2824 0.3248
v -0.48389 0.02342 0.27639 0.6980 0.7255 0.7490
v -0.48027 0.02399 0.28195 0.5752 0.5922 0.6020
v -0.47679 0.02439 0.28619 0.4510 0.4588 0.4471
v -0.48199 0.03190 0.26648 0.5851 0.6024 0.6133
v -0.48005 0.03080 0.27336 0.5183 0.5275 0.5412
v -0.48133 0.04052 0.25604 0.6635 0.6792 0.6918
v -0.48017 0.03710 0.26213 0.6680 0.6850 0.6941
v -0.48010 0.04832 0.04155 0.5832 0.6295 0.5754
v -0.48424 0.04803 0.04388 0.5641 0.6150 0.5562
v -0.48397 0.05068 0.24265 0.5529 0.5765 0.6235
v -0.48224 0.04900 0.24880 0.5621 0.5869 0.6131
v -0.47946 0.04570 0.25483 0.5451 0.5660 0.5856
v -0.47931 0.05625 0.04199 0.7213 0.7478 0.7744
v -0.48336 0.05829 0.04462 0.6608 0.6908 0.7059
v -0.48322 0.05989 0.23141 0.3882 0.4745 0.3333
v -0.48132 0.05633 0.23744 0.4990 0.5255 0.5765
v -0.47842 0.05369 0.24602 0.4078 0.4248 0.4719
v -0.47828 0.06390 0.04266 0.6098 0.6431 0.6735
v -0.48226 0.06637 0.04560 0.5500 0.6199 0.6441
v -0.48127 0.06865 0.10375 0.1922 0.2392 0.2392
v -0.48078 0.06759 0.11010 0.2039 0.2510 0.2431
v -0.48108 0.06645 0.11723 0.1333 0.1922 0.1725
v -0.47924 0.06540 0.12563 0.1843 0.2431 0.2157
v -0.48478 0.06413 0.13270 0.2000 0.2627 0.2196
v -0.47808 0.06562 0.13877 0.2471 0.2941 0.2784
v -0.47805 0.06790 0.15064 0.0824 0.1294 0.1216
v -0.48279 0.06784 0.22174 0.1333 0.1804 0.2294
v -0.47934 0.06252 0.23012 0.0810 0.1190 0.1556
v -0.48010 0.07312 0.04922 0.4067 0.5197 0.5382
v -0.48216 0.07644 0.05301 0.1636 0.2353 0.2471
v -0.47797 0.07574 0.08511 0.2431 0.2863 0.3098
v -0.48234 0.07418 0.09058 0.1890 0.2275 0.2400
v -0.48070 0.07095 0.09762 0.2235 0.2667 0.2745
v -0.48121 0.06941 0.15874 0.1961 0.2275 0.2353
v -0.48025 0.07363 0.17225 0.1412 0.1843 0.2000
v -0.48117 0.07534 0.18800 0.1725 0.2118 0.2471
v -0.47847 0.07622 0.19839 0.1059 0.1490 0.1725
v -0.48367 0.07628 0.20556 0.1294 0.1686 0.2039
v -0.47993 0.07400 0.21423 0.0980 0.1451 0.1778
v -0.47910 0.07064 0.22078 0.1647 0.2000 0.2588
v -0.47872 0.08322 0.05044 0.3490 0.4137 0.4235
v -0.48289 0.08254 0.05527 0.2810 0.3326 0.3477
v -0.48145 0.08114 0.08182 0.1711 0.2083 0.2275
v -0.47935 0.08929 0.05064 0.4318 0.4946 0.5181
v -0.48312 0.09067 0.05614 0.4074 0.4686 0.4865
v -0.48352 0.09412 0.06079 0.3471 0.3980 0.4294
v -0.48089 0.09184 0.07500 0.1742 0.2218 0.2471
v -0.48374 0.08834 0.07910 0.1817 0.2248 0.2523
v -0.47950 0.09595 0.05671 0.4438 0.4882 0.5157
v -0.48273 0.09726 0.06473 0.3794 0.4265 0.4608
v -0.48239 0.09625 0.07256 0.2183 0.2745 0.3307
v -0.47407 0.02450 0.29270 0.5255 0.5490 0.5490
v -0.47397 0.02972 0.28170 0.6048 0.6240 0.6283
v -0.47038 0.02977 0.29027 0.5578 0.5745 0.5775
v -0.47166 0.04241 0.26840 0.5922 0.6078 0.6196
v -0.47395 0.03691 0.27263 0.6565 0.6753 0.6761
v -0.47142 0.03565 0.27737 0.5137 0.5333 0.5451
v -0.47322 0.04903 0.03809 0.6089 0.6399 0.6065
v -0.47425 0.04903 0.25673 0.5124 0.5386 0.5647
v -0.47189 0.04617 0.26396 0.4127 0.4529 0.4961
v -0.47254 0.05620 0.03865 0.6564 0.6877 0.7129
v -0.47625 0.05957 0.24010 0.5078 0.5373 0.5902
v -0.47303 0.05758 0.24899 0.3725 0.4235 0.4588
v -0.47132 0.05277 0.25274 0.3922 0.4196 0.4647
v -0.47213 0.06485 0.04030 0.5786 0.6382 0.6648
v -0.47544 0.06844 0.04365 0.3529 0.5059 0.5333
v -0.47001 0.06912 0.10006 0.1686 0.2118 0.1961
v -0.47391 0.06810 0.10937 0.1922 0.2510 0.2235
v -0.47327 0.06718 0.11487 0.1686 0.2196 0.1922
v -0.47092 0.06641 0.14719 0.1843 0.2275 0.2118
v -0.47384 0.06705 0.22905 0.1588 0.2059 0.2569
v -0.47104 0.06346 0.23670 0.2059 0.2529 0.3039
v -0.47081 0.06169 0.24320 0.3137 0.3608 0.4235
v -0.47117 0.07008 0.04259 0.3464 0.4471 0.4810
v -0.47299 0.07420 0.04700 0.2930 0.3731 0.3924
v -0.47125 0.07641 0.08116 0.1320 0.1647 0.1647
v -0.47201 0.07183 0.09069 0.1216 0.1490 0.1490
v -0.47174 0.07249 0.16957 0.1667 0.2157 0.2294
v -0.47164 0.07490 0.18040 0.2275 0.2706 0.2941
v -0.47327 0.07633 0.20917 0.1490 0.1922 0.2157
v -0.47060 0.07363 0.21998 0.1392 0.1784 0.2216
v -0.46996 0.07061 0.22864 0.1373 0.1922 0.2431
v -0.47298 0.08109 0.04946 0.2914 0.3701 0.3902
v -0.46820 0.08534 0.05207 0.3020 0.3804 0.4235
v -0.47254 0.08289 0.07589 0.1562 0.1922 0.2007
v -0.47326 0.07871 0.07931 0.1216 0.1549 0.1569
v -0.47404 0.08963 0.05114 0.3614 0.4379 0.4673
v -0.47042 0.09167 0.05398 0.3475 0.4172 0.4534
v -0.47075 0.09358 0.06580 0.2183 0.2503 0.3137
v -0.47236 0.09034 0.07042 0.1569 0.1948 0.2157
v -0.47467 0.09583 0.05836 0.2549 0.3078 0.3510
v -0.47619 0.09601 0.06641 0.2745 0.3216 0.3843
v -0.46735 0.02592 0.29839 0.4275 0.4431 0.4392
v -0.46414 0.03151 0.29776 0.6204 0.6361 0.6345
v -0.46011 0.02974 0.30421 0.4431 0.4627 0.4745
v -0.46489 0.04052 0.27652 0.6157 0.6373 0.6431
v -0.46378 0.03821 0.28208 0.6706 0.6931 0.7010
v -0.46244 0.03754 0.29133 0.6451 0.6667 0.6657
v -0.45954 0.03605 0.29749 0.6431 0.6510 0.6471
v -0.46275 0.04992 0.03199 0.4327 0.4820 0.3873
v -0.46654 0.05093 0.03487 0.6902 0.7020 0.7294
v -0.46347 0.05133 0.25900 0.6451 0.6765 0.6882
v -0.46333 0.04841 0.26505 0.5498 0.5694 0.5875
v -0.46205 0.04522 0.27225 0.4196 0.4366 0.4471
v -0.46252 0.05384 0.03299 0.5361 0.5596 0.5690
v -0.46374 0.05810 0.03593 0.3794 0.4245 0.4451
v -0.46290 0.05999 0.24890 0.2915 0.3386 0.4013
v -0.46259 0.05637 0.25441 0.2523 0.2876 0.3516
v -0.46422 0.06506 0.03878 0.3108 0.3665 0.3906
v -0.46116 0.06785 0.04352 0.1922 0.2431 0.2745
v -0.46168 0.06919 0.09534 0.1412 0.1765 0.1647
v -0.46316 0.06772 0.10561 0.1529 0.2000 0.1843
v -0.46781 0.06694 0.11779 0.1608 0.2118 0.1843
v -0.46561 0.06593 0.12720 0.2275 0.2745 0.2588
v -0.46114 0.06516 0.13619 0.1725 0.2196 0.2039
v -0.46126 0.06608 0.14547 0.2196 0.3020 0.2824
v -0.46631 0.06725 0.15200 0.1451 0.2745 0.2471
v -0.46604 0.06852 0.16023 0.1020 0.1569 0.1569
v -0.46366 0.06580 0.23676 0.2412 0.2922 0.3490
v -0.46396 0.06224 0.24520 0.2294 0.2765 0.3353
v -0.46525 0.07012 0.04290 0.1686 0.2216 0.2431
v -0.46255 0.07408 0.04817 0.2710 0.3263 0.3486
v -0.45933 0.07731 0.05250 0.0824 0.1176 0.1529
v -0.46445 0.07446 0.08152 0.1294 0.1490 0.1471
v -0.46108 0.07070 0.08831 0.1608 0.2039 0.1725
v -0.46079 0.07075 0.16948 0.1098 0.1804 0.2275
v -0.46149 0.07515 0.18438 0.1255 0.1647 0.2000
v -0.46636 0.07589 0.19099 0.1451 0.1882 0.2118
v -0.46412 0.07529 0.20167 0.1686 0.2118 0.2353
v -0.45929 0.07444 0.21119 0.1765 0.2157 0.2549
v -0.46306 0.07242 0.22128 0.1353 0.1706 0.2137
v -0.46261 0.06956 0.22936 0.1922 0.2471 0.2902
v -0.46555 0.08067 0.05150 0.2804 0.3647 0.4020
v -0.46212 0.08310 0.05354 0.2356 0.3000 0.3443
v -0.46068 0.08390 0.06918 0.1765 0.2157 0.2235
v -0.46389 0.08280 0.07204 0.1731 0.2106 0.2190
v -0.46324 0.09035 0.05636 0.2239 0.2873 0.3380
v -0.46416 0.08931 0.06668 0.1854 0.2286 0.2616
v -0.46551 0.08709 0.06961 0.1765 0.2196 0.2275
v -0.45870 0.03328 0.30591 0.7333 0.7490 0.7451
v -0.45578 0.04147 0.29166 0.6212 0.6408 0.6329
v -0.45420 0.03722 0.30021 0.6912 0.7049 0.7029
v -0.45434 0.03616 0.31007 0.8144 0.8314 0.8235
v -0.45092 0.05177 0.02431 0.4392 0.4627 0.4627
v -0.45677 0.05068 0.02796 0.5310 0.5502 0.5173
v -0.45481 0.04991 0.26573 0.4915 0.5190 0.5438
v -0.45292 0.04750 0.27410 0.4716 0.5000 0.5216
v -0.45660 0.04479 0.28045 0.6029 0.6196 0.6255
v -0.45471 0.04361 0.28701 0.6941 0.7137 0.6980
v -0.45226 0.05255 0.02520 0.4588 0.4784 0.4902
v -0.45546 0.05463 0.03069 0.5131 0.5428 0.5461
v -0.45431 0.05896 0.03685 0.2580 0.2988 0.3310
v -0.45589 0.05881 0.25104 0.2863 0.3412 0.3922
v -0.45462 0.05516 0.25727 0.2797 0.3255 0.3817
v -0.45123 0.05339 0.26307 0.3333 0.3725 0.4078
v -0.45753 0.06225 0.03907 0.3085 0.3556 0.3869
v -0.45498 0.06692 0.04518 0.2118 0.2647 0.2931
v -0.45378 0.06876 0.08982 0.1608 0.2039 0.1804
v -0.45153 0.06688 0.10074 0.1255 0.1647 0.1725
v -0.45403 0.06589 0.11475 0.1804 0.2275 0.2118
v -0.45379 0.06858 0.15528 0.0000 0.0667 0.0824
v -0.45414 0.06840 0.22819 0.2078 0.2608 0.3176
v -0.45626 0.06346 0.23794 0.2275 0.2758 0.3346
v -0.45535 0.06076 0.24469 0.2902 0.3451 0.3961
v -0.45322 0.07291 0.05080 0.1455 0.1936 0.2207
v -0.45411 0.07742 0.05277 0.2020 0.2480 0.2745
v -0.45100 0.07707 0.06671 0.1922 0.2353 0.2118
v -0.45434 0.07404 0.07516 0.1676 0.2078 0.1961
v -0.45567 0.07255 0.08011 0.1588 0.2020 0.1863
v -0.45790 0.07370 0.17800 0.2314 0.3098 0.3137
v -0.45149 0.07354 0.18805 0.2235 0.2588 0.2863
v -0.45777 0.07480 0.19580 0.2078 0.2431 0.2627
v -0.45795 0.07078 0.22443 0.1137 0.1608 0.2078
v -0.45511 0.08303 0.05475 0.2047 0.2611 0.2935
v -0.45462 0.08210 0.06570 0.1828 0.2240 0.2377
v -0.45853 0.07997 0.07121 0.1745 0.2176 0.2157
v -0.45711 0.08743 0.05649 0.2000 0.2641 0.3033
v -0.45653 0.08725 0.06182 0.1961 0.2392 0.2627
v -0.44662 0.04250 0.28981 0.6118 0.6353 0.6098
v -0.44679 0.04055 0.29828 0.6973 0.7145 0.7043
v -0.44554 0.04059 0.30914 0.6902 0.7020 0.6957
v -0.44408 0.05096 0.26550 0.4196 0.4706 0.5020
v -0.44660 0.04832 0.27362 0.4298 0.4808 0.5122
v -0.44732 0.04553 0.28136 0.6000 0.6248 0.6294
v -0.44221 0.04451 0.28637 0.6980 0.7216 0.7216
v -0.44764 0.05390 0.02342 0.4261 0.4497 0.4654
v -0.44559 0.05559 0.03094 0.5239 0.5537 0.5678
v -0.44667 0.05798 0.03764 0.3085 0.3451 0.3712
v -0.44569 0.05988 0.24096 0.2824 0.3490 0.4196
v -0.44799 0.05631 0.25291 0.1843 0.2157 0.2588
v -0.44663 0.05357 0.26171 0.3242 0.3634 0.3987
v -0.44833 0.06189 0.04224 0.2529 0.2922 0.3353
v -0.44617 0.06483 0.04670 0.2171 0.2631 0.3041
v -0.44241 0.06822 0.05320 0.1451 0.1843 0.2235
v -0.44237 0.06907 0.06903 0.1451 0.1843 0.1804
v -0.44565 0.06742 0.08373 0.1647 0.2078 0.1843
v -0.44686 0.06658 0.09247 0.1529 0.2000 0.1843
v -0.44336 0.06534 0.09826 0.1529 0.1961 0.2039
v -0.44448 0.06531 0.10682 0.1333 0.1804 0.1804
v -0.44995 0.06522 0.12812 0.1961 0.2431 0.2353
v -0.45018 0.06573 0.13889 0.1569 0.2039 0.1961
v -0.44316 0.06735 0.14814 0.0078 0.0431 0.0706
v -0.44817 0.06552 0.22944 0.2706 0.3235 0.3882
v -0.44910 0.07128 0.05113 0.1498 0.1922 0.2243
v -0.44682 0.07349 0.05443 0.1422 0.1827 0.2134
v -0.44677 0.07350 0.06398 0.1954 0.2386 0.2314
v -0.44707 0.07122 0.07338 0.1935 0.2366 0.2131
v -0.44963 0.07013 0.07979 0.1647 0.2078 0.1843
v -0.44851 0.07100 0.16894 0.1039 0.1392 0.1588
v -0.44532 0.07161 0.17906 0.4235 0.4824 0.5098
v -0.44249 0.07167 0.19303 0.1804 0.2196 0.2588
v -0.44661 0.07249 0.20329 0.2275 0.2667 0.2922
v -0.44798 0.07263 0.20973 0.2000 0.2314 0.2745
v -0.44963 0.07045 0.21881 0.2745 0.3294 0.3804
v -0.44952 0.08080 0.05572 0.1716 0.2265 0.2569
v -0.43558 0.04324 0.31182 0.6902 0.7059 0.7176
v -0.43684 0.04854 0.25716 0.4366 0.4680 0.4876
v -0.43836 0.04754 0.26436 0.5078 0.5392 0.5588
v -0.43901 0.04658 0.27262 0.5660 0.5922 0.6026
v -0.43887 0.04552 0.28166 0.6127 0.6343 0.6353
v -0.43822 0.04502 0.29040 0.6324 0.6539 0.6529
v -0.43713 0.04468 0.29808 0.6758 0.6967 0.6954
v -0.43525 0.04500 0.30585 0.6850 0.7033 0.7033
v -0.43889 0.05443 0.02372 0.3667 0.3941 0.4176
v -0.43852 0.05555 0.03116 0.5912 0.6225 0.6373
v -0.43753 0.05801 0.03950 0.2886 0.3286 0.3569
v -0.43532 0.06005 0.04607 0.1941 0.2314 0.2882
v -0.43670 0.05607 0.23627 0.5412 0.5882 0.6353
v -0.43739 0.05235 0.24713 0.2471 0.2980 0.3333
v -0.44112 0.05217 0.25451 0.3686 0.4196 0.4549
v -0.43903 0.06346 0.04897 0.2176 0.2569 0.3118
v -0.43869 0.06564 0.05465 0.2157 0.2549 0.2980
v -0.43857 0.06645 0.06410 0.1804 0.2248 0.2379
v -0.43983 0.06596 0.07782 0.1333 0.1725 0.1686
v -0.44070 0.06538 0.08983 0.1608 0.2078 0.1922
v -0.43522 0.06378 0.10174 0.1490 0.1961 0.1882
v -0.43979 0.06451 0.11684 0.1294 0.1765 0.1765
v -0.43841 0.06506 0.12607 0.1098 0.1529 0.1608
v -0.43718 0.06602 0.13484 0.1216 0.1961 0.1882
v -0.43330 0.06895 0.18403 0.3451 0.3922 0.4549
v -0.43537 0.06928 0.19789 0.1686 0.2039 0.2314
v -0.43857 0.06889 0.21008 0.1843 0.2235 0.2588
v -0.43706 0.06386 0.22025 0.1059 0.1412 0.2078
v -0.44155 0.06162 0.23117 0.0941 0.1176 0.1647
v -0.44093 0.06944 0.15780 0.0078 0.0510 0.0745
v -0.43685 0.06979 0.17236 0.5765 0.6235 0.6235
v -0.42632 0.04207 0.26400 0.6353 0.6549 0.6569
v -0.42760 0.04236 0.27207 0.6314 0.6510 0.6627
v -0.42945 0.05021 0.23914 0.5314 0.5529 0.5569
v -0.42962 0.04725 0.24699 0.6088 0.6314 0.6304
v -0.42949 0.04429 0.25609 0.7000 0.7118 0.7118
v -0.43113 0.04412 0.26487 0.6412 0.6608 0.6627
v -0.43176 0.04404 0.28116 0.6118 0.6314 0.6431
v -0.42914 0.04437 0.28958 0.6255 0.6549 0.6627
v -0.42810 0.04523 0.29901 0.6327 0.6549 0.6601
v -0.42918 0.04615 0.30962 0.5990 0.6157 0.6162
v -0.42844 0.05291 0.01250 0.5490 0.5784 0.5725
v -0.43111 0.05400 0.02025 0.5078 0.5373 0.5529
v -0.42799 0.05543 0.03211 0.6000 0.6353 0.6314
v -0.43116 0.05693 0.03902 0.3353 0.3755 0.3941
v -0.42707 0.05891 0.04878 0.1686 0.2078 0.2549
v -0.42599 0.05819 0.22055 0.4275 0.4824 0.3804
v -0.43019 0.05610 0.22901 0.4176 0.4569 0.4980
v -0.43220 0.06114 0.05019 0.2196 0.2588 0.3059
v -0.43146 0.06170 0.05293 0.2275 0.2647 0.3176
v -0.43171 0.06281 0.06140 0.1216 0.1608 0.1961
v -0.43303 0.06373 0.07261 0.0824 0.1294 0.1137
v -0.42588 0.06228 0.08393 0.1373 0.1804 0.1647
v -0.43233 0.06375 0.08710 0.1725 0.2157 0.2000
v -0.42566 0.06336 0.11338 0.1922 0.2314 0.2353
v -0.42970 0.06435 0.12454 0.1725 0.2000 0.2235
v -0.42617 0.06731 0.14443 0.2314 0.2902 0.3098
v -0.43221 0.06845 0.15389 0.4078 0.4588 0.5216
v -0.42975 0.06920 0.16230 0.6471 0.6863 0.6824
v -0.42892 0.06545 0.20420 0.2980 0.3412 0.3255
v -0.42782 0.06277 0.21158 0.2118 0.2627 0.2353
v -0.41952 0.04253 0.24671 0.6588 0.6745 0.6784
v -0.42082 0.04128 0.25547 0.6500 0.6696 0.6696
v -0.42103 0.04065 0.26455 0.6373 0.6608 0.6608
v -0.42067 0.04108 0.27867 0.6314 0.6549 0.6549
v -0.41608 0.05086 0.22246 0.7216 0.7412 0.7137
v -0.42028 0.04832 0.23165 0.7098 0.7255 0.7216
v -0.41861 0.04517 0.23793 0.6863 0.7059 0.6902
v -0.42361 0.04517 0.24331 0.6667 0.6824 0.6784
v -0.42025 0.04398 0.29179 0.6157 0.6510 0.6471
v -0.42084 0.04608 0.30065 0.7059 0.7275 0.7333
v -0.42054 0.04715 0.30971 0.6047 0.6220 0.6188
v -0.41941 0.05348 0.01342 0.4863 0.5176 0.5255
v -0.41920 0.05433 0.01994 0.5216 0.5451 0.5556
v -0.42349 0.05517 0.02838 0.5451 0.5765 0.5843
v -0.42098 0.05607 0.03869 0.3582 0.3922 0.4183
v -0.41801 0.05743 0.04790 0.1451 0.1824 0.2157
v -0.41643 0.05886 0.05765 0.1647 0.1961 0.2078
v -0.41614 0.05708 0.21259 0.2549 0.2941 0.2588
v -0.42271 0.06076 0.06234 0.1529 0.1843 0.1922
v -0.42429 0.06170 0.07391 0.1216 0.1529 0.1608
v -0.41590 0.06094 0.09157 0.2784 0.3216 0.2667
v -0.42262 0.06236 0.10043 0.2510 0.2902 0.2588
v -0.41751 0.06368 0.12393 0.2510 0.2784 0.2510
v -0.42304 0.06528 0.13310 0.1569 0.1922 0.2275
v -0.42241 0.06771 0.15403 0.5333 0.5647 0.5725
v -0.41716 0.06717 0.17047 0.2157 0.2706 0.3216
v -0.42376 0.06665 0.18957 0.3059 0.3569 0.3882
v -0.42232 0.06421 0.19706 0.2196 0.2588 0.2941
v -0.41959 0.06172 0.20461 0.2431 0.2941 0.2667
v -0.41312 0.04259 0.23827 0.6588 0.6824 0.6745
v -0.41071 0.03970 0.24715 0.6288 0.6471 0.6471
v -0.41149 0.03908 0.25528 0.6549 0.6706 0.6745
v -0.40973 0.03900 0.26884 0.6431 0.6627 0.6745
v -0.40969 0.04098 0.28346 0.6431 0.6667 0.6667
v -0.40802 0.04838 0.22155 0.7392 0.7510 0.7471
v -0.41271 0.04539 0.23017 0.6627 0.6824 0.6588
v -0.41241 0.04463 0.29564 0.6353 0.6549 0.6667
v -0.41213 0.04801 0.30813 0.6147 0.6343 0.6363
v -0.40964 0.05328 0.00618 0.5255 0.5477 0.5490
v -0.40884 0.05410 0.01130 0.5137 0.5373 0.5294
v -0.40882 0.05550 0.04081 0.5196 0.5510 0.5588
v -0.41132 0.05638 0.04764 0.1451 0.1765 0.1882
v -0.41053 0.05758 0.05405 0.1765 0.2098 0.2235
v -0.41229 0.05966 0.08146 0.3294 0.3608 0.3176
v -0.40931 0.05809 0.20525 0.2392 0.2706 0.2824
v -0.40895 0.05274 0.21623 0.6392 0.6588 0.6314
v -0.40964 0.06110 0.10927 0.3725 0.4196 0.3333
v -0.41553 0.06238 0.11457 0.3765 0.4118 0.3451
v -0.41123 0.06422 0.13238 0.2824 0.3059 0.2902
v -0.41498 0.06527 0.13962 0.2980 0.3176 0.3333
v -0.41303 0.06630 0.14786 0.3647 0.4000 0.4196
v -0.41188 0.06641 0.15798 0.2157 0.2627 0.3255
v -0.41318 0.06554 0.18015 0.2510 0.3020 0.3373
v -0.41134 0.06374 0.18978 0.2196 0.2706 0.2941
v -0.41220 0.06073 0.19819 0.1961 0.2314 0.2510
v -0.40320 0.04251 0.23275 0.6353 0.6484 0.6471
v -0.40239 0.04105 0.23750 0.5500 0.5657 0.5696
v -0.40180 0.03918 0.24766 0.6288 0.6497 0.6510
v -0.40139 0.03875 0.25493 0.6549 0.6758 0.6771
v -0.40254 0.03836 0.26192 0.6471 0.6647 0.6725
v -0.39982 0.03904 0.27286 0.6392 0.6627 0.6627
v -0.40095 0.04180 0.28709 0.6275 0.6471 0.6588
v -0.39913 0.05176 -0.00680 0.5098 0.5333 0.5333
v -0.40113 0.05164 0.21541 0.6706 0.6902 0.6745
v -0.40026 0.04652 0.22264 0.7235 0.7353 0.7235
v -0.40295 0.04456 0.22778 0.7000 0.7118 0.7039
v -0.40449 0.04376 0.29412 0.6235 0.6549 0.6627
v -0.40417 0.04591 0.30123 0.6569 0.6804 0.6804
v -0.40218 0.04922 0.31014 0.6013 0.6118 0.6144
v -0.40330 0.05412 0.01260 0.4627 0.4824 0.4980
v -0.40285 0.05494 0.02397 0.4471 0.4667 0.4784
v -0.40219 0.05634 0.04988 0.6118 0.6353 0.6353
v -0.40319 0.05730 0.05823 0.4000 0.4255 0.3922
v -0.40576 0.05885 0.07085 0.2980 0.3294 0.2863
v -0.40185 0.05975 0.10567 0.3922 0.4078 0.3412
v -0.39961 0.06007 0.12011 0.3412 0.3804 0.2824
v -0.40157 0.05933 0.19458 0.1804 0.2039 0.2510
v -0.40243 0.05702 0.20209 0.5098 0.5333 0.5569
v -0.40271 0.05420 0.21050 0.6843 0.7039 0.6980
v -0.40558 0.06197 0.12532 0.3765 0.4118 0.3059
v -0.40431 0.06281 0.13378 0.3451 0.3804 0.3137
v -0.40553 0.06416 0.13983 0.3373 0.3725 0.3608
v -0.40100 0.06495 0.17294 0.3529 0.4118 0.4392
v -0.40128 0.06398 0.17811 0.2353 0.2863 0.3098
v -0.40308 0.06242 0.18476 0.2098 0.2471 0.2784
v -0.39449 0.04128 0.23881 0.6588 0.6797 0.6771
v -0.39424 0.04029 0.24648 0.6627 0.6784 0.6745
v -0.39338 0.03950 0.25620 0.6471 0.6680 0.6693
v -0.39325 0.03915 0.26266 0.6379 0.6588 0.6601
v -0.39305 0.03974 0.27218 0.6275 0.6451 0.6529
v -0.39080 0.04149 0.27870 0.5882 0.6235 0.6196
v -0.39281 0.04855 0.21545 0.7373 0.7529 0.7647
v -0.39461 0.04605 0.22312 0.7196 0.7333 0.7353
v -0.39319 0.04409 0.22833 0.7503 0.7686 0.7634
v -0.39330 0.04367 0.28965 0.6549 0.6706 0.6745
v -0.39347 0.04770 0.30152 0.6562 0.6771 0.6784
v -0.39418 0.05077 0.30865 0.6775 0.6961 0.6971
v -0.39396 0.05291 -0.00378 0.5235 0.5471 0.5471
v -0.39640 0.05451 0.01475 0.4588 0.4784 0.4902
v -0.39494 0.05510 0.03407 0.5882 0.6078 0.6196
v -0.39517 0.05593 0.04442 0.5333 0.5569 0.5569
v -0.39536 0.05731 0.06583 0.4118 0.4314 0.4039
v -0.39552 0.05839 0.09278 0.3294 0.3490 0.3216
v -0.39421 0.05992 0.11984 0.3490 0.3843 0.3098
v -0.39229 0.06033 0.12621 0.2863 0.3451 0.2549
v -0.39314 0.05917 0.18760 0.1843 0.2196 0.2549
v -0.39116 0.05702 0.19478 0.5490 0.6275 0.4902
v -0.39307 0.05263 0.20918 0.7020 0.7176 0.7216
v -0.39223 0.05250 0.31183 0.6529 0.6627 0.6686
v -0.39487 0.06103 0.12896 0.3294 0.3765 0.2824
v -0.39770 0.06250 0.13602 0.3686 0.4196 0.3490
v -0.39489 0.06362 0.14928 0.3686 0.4275 0.4157
v -0.39800 0.06486 0.16406 0.3529 0.3961 0.4196
v -0.39480 0.06305 0.17922 0.2529 0.2961 0.3196
v -0.38974 0.04323 0.23165 0.6784 0.6980 0.6824
v -0.38400 0.04308 0.23784 0.6608 0.6824 0.6843
v -0.38580 0.04182 0.24704 0.6588 0.6769 0.6784
v -0.38333 0.04198 0.25580 0.6494 0.6682 0.6714
v -0.38472 0.04096 0.26380 0.6324 0.6490 0.6549
v -0.38709 0.04204 0.27339 0.6157 0.6392 0.6392
v -0.38673 0.04293 0.28099 0.5804 0.6039 0.6039
v -0.38643 0.05062 0.21259 0.7922 0.8078 0.8118
v -0.38590 0.04711 0.22129 0.6261 0.6346 0.6359
v -0.38448 0.04437 0.22898 0.7302 0.7506 0.7475
v -0.38207 0.04358 0.27552 0.5373 0.5529 0.5490
v -0.38448 0.04534 0.28260 0.6125 0.6337 0.6376
v -0.38649 0.04617 0.28999 0.6716 0.6882 0.6892
v -0.38673 0.04946 0.29915 0.6255 0.6459 0.6475
v -0.38750 0.05099 0.30673 0.6569 0.6725 0.6765
v -0.38625 0.05393 0.00209 0.3451 0.3804 0.3765
v -0.38836 0.05627 0.05666 0.3922 0.4196 0.3922
v -0.38202 0.05655 0.06897 0.4078 0.4314 0.3922
v -0.38778 0.05740 0.07976 0.3882 0.4118 0.3725
v -0.38642 0.05896 0.11634 0.2275 0.2706 0.2392
v -0.38397 0.05856 0.18793 0.1765 0.2196 0.2039
v -0.38373 0.05730 0.19469 0.5059 0.5843 0.4392
v -0.38675 0.05454 0.20331 0.7471 0.7647 0.7824
v -0.38156 0.05259 0.20936 0.7294 0.7490 0.7608
v -0.38145 0.05282 0.30033 0.6863 0.7020 0.7176
v -0.38470 0.05410 0.30997 0.6578 0.6848 0.6907
v -0.38396 0.06115 0.13487 0.2824 0.3255 0.2627
v -0.38492 0.06406 0.17240 0.3373 0.3765 0.3804
v -0.38673 0.06186 0.18044 0.1961 0.2353 0.2706
v -0.38082 0.04306 0.24239 0.6549 0.6784 0.6784
v -0.37964 0.04283 0.25649 0.6167 0.6343 0.6353
v -0.37974 0.04195 0.26201 0.6149 0.6306 0.6329
v -0.37671 0.04999 0.21529 0.7150 0.7320 0.7373
v -0.37692 0.04802 0.22166 0.6745 0.6936 0.7104
v -0.37603 0.04636 0.22955 0.5919 0.6042 0.6137
v -0.37636 0.04501 0.23870 0.5356 0.5520 0.5402
v -0.37669 0.04461 0.24629 0.6686 0.6908 0.6791
v -0.37496 0.04372 0.25445 0.6588 0.6892 0.7010
v -0.37534 0.04382 0.26510 0.6490 0.6745 0.6843
v -0.37613 0.04634 0.27461 0.6327 0.6497 0.6575
v -0.37757 0.04814 0.28142 0.5950 0.6135 0.6235
v -0.37882 0.05059 0.28804 0.5953 0.6133 0.6267
v -0.37841 0.05280 -0.01639 0.3569 0.3961 0.3529
v -0.37610 0.05471 0.01875 0.4745 0.4941 0.5059
v -0.37505 0.05566 0.04999 0.4235 0.4471 0.4314
v -0.37651 0.05676 0.09897 0.3176 0.3529 0.3490
v -0.37637 0.05881 0.12714 0.1490 0.1843 0.1804
v -0.37658 0.05864 0.19045 0.5804 0.6627 0.5098
v -0.37861 0.05734 0.19788 0.5765 0.6333 0.5235
v -0.37538 0.05553 0.20397 0.7033 0.7373 0.7203
v -0.37525 0.05274 0.21025 0.6569 0.6725 0.6843
v -0.37582 0.05304 0.29178 0.6931 0.7078 0.7343
v -0.37772 0.05627 0.30033 0.4717 0.5221 0.5109
v -0.37758 0.05772 0.30918 0.3026 0.3654 0.3268
v -0.37525 0.06124 0.14897 0.3490 0.3961 0.3098
v -0.37932 0.06327 0.16101 0.4431 0.4863 0.4235
v -0.37682 0.06081 0.18135 0.1961 0.2314 0.2667
v -0.37387 0.06129 0.31182 0.4196 0.4627 0.4078
v -0.36739 0.05153 0.21557 0.5686 0.5856 0.5935
v -0.36861 0.04957 0.22240 0.6431 0.6614 0.6673
v -0.36807 0.04869 0.22923 0.6769 0.6965 0.7071
v -0.36974 0.04705 0.23804 0.5830 0.5983 0.5991
v -0.36777 0.04683 0.24711 0.5889 0.6042 0.6092
v -0.36801 0.04601 0.25425 0.5664 0.5815 0.5888
v -0.36964 0.04556 0.26412 0.5503 0.5569 0.5660
v -0.36747 0.04925 0.27310 0.5990 0.6196 0.6402
v -0.37002 0.05080 0.28076 0.6399 0.6556 0.6647
v -0.36760 0.05330 -0.01974 0.3843 0.4275 0.3725
v -0.36813 0.05379 -0.01119 0.3373 0.3804 0.3353
v -0.36440 0.05446 -0.00033 0.4000 0.4314 0.4392
v -0.36475 0.05513 0.02837 0.4784 0.4980 0.5098
v -0.36992 0.05586 0.06371 0.4275 0.4471 0.4235
v -0.36519 0.05628 0.07988 0.4941 0.5176 0.5176
v -0.36581 0.05718 0.11904 0.1765 0.2039 0.2275
v -0.37014 0.05839 0.12783 0.0667 0.0980 0.1098
v -0.37222 0.05941 0.13352 0.1176 0.1647 0.1255
v -0.37062 0.06028 0.14074 0.2667 0.3137 0.2353
v -0.36777 0.06032 0.18594 0.1647 0.1804 0.2157
v -0.36870 0.05957 0.19407 0.3108 0.3784 0.2824
v -0.36719 0.05663 0.20335 0.6039 0.6661 0.5798
v -0.36794 0.05351 0.21055 0.6831 0.7012 0.7137
v -0.36451 0.05287 0.28231 0.6627 0.6745 0.6941
v -0.36849 0.05590 0.28965 0.3877 0.4286 0.4431
v -0.36926 0.05988 0.29975 0.1584 0.2102 0.2227
v -0.36408 0.06234 0.17200 0.2196 0.2549 0.2745
v -0.36833 0.06198 0.30942 0.4951 0.5284 0.4784
v -0.36353 0.05093 0.22321 0.5118 0.5275 0.5353
v -0.35977 0.05093 0.22937 0.5294 0.5447 0.5545
v -0.36066 0.04989 0.23852 0.6775 0.6971 0.7025
v -0.35961 0.04988 0.24764 0.6200 0.6388 0.6519
v -0.36046 0.04880 0.25570 0.6039 0.6263 0.6364
v -0.35982 0.04970 0.26544 0.6137 0.6324 0.6480
v -0.36093 0.05171 0.27204 0.5745 0.5863 0.6059
v -0.36118 0.05290 -0.02980 0.3647 0.4118 0.3431
v -0.35687 0.05549 0.04159 0.4941 0.5176 0.5176
v -0.36237 0.05928 0.13454 0.1235 0.1549 0.1137
v -0.36141 0.06032 0.14668 0.2941 0.3333 0.3686
v -0.36376 0.05983 0.19786 0.4667 0.5569 0.3922
v -0.35983 0.05826 0.20376 0.4286 0.4924 0.3765
v -0.36034 0.05468 0.21299 0.7304 0.7490 0.7583
v -0.35886 0.05308 0.22013 0.6387 0.6544 0.6637
v -0.35622 0.05233 0.22886 0.5716 0.5814 0.5922
v -0.35635 0.05215 0.23997 0.4588 0.4627 0.4824
v -0.35762 0.05363 0.27546 0.6598 0.6716 0.6814
v -0.35917 0.05508 0.28139 0.4608 0.4853 0.4961
v -0.35915 0.05818 0.28942 0.2183 0.2614 0.2654
v -0.36299 0.06058 0.29816 0.1686 0.2235 0.2275
v -0.36123 0.06103 0.15771 0.1686 0.2039 0.2392
v -0.36071 0.06248 0.18591 0.2137 0.2373 0.2647
v -0.36010 0.06157 0.19493 0.2176 0.2373 0.2588
v -0.35792 0.06172 0.29804 0.6902 0.6980 0.6784
v -0.35906 0.06359 0.30785 0.4343 0.4784 0.4000
v -0.35272 0.05153 0.24959 0.6235 0.6405 0.6327
v -0.35358 0.05084 0.25445 0.6294 0.6490 0.6608
v -0.35335 0.05116 0.26074 0.6039 0.6235 0.6353
v -0.35131 0.05300 -0.02974 0.3314 0.3843 0.2961
v -0.35479 0.05492 0.00666 0.4706 0.5020 0.5098
v -0.35148 0.05630 0.10078 0.5922 0.6118 0.6275
v -0.35028 0.05833 0.12828 0.3569 0.3804 0.4275
v -0.34953 0.05933 0.13903 0.5922 0.6471 0.6588
v -0.34668 0.06012 0.14994 0.4235 0.4235 0.4314
v -0.35089 0.05889 0.21163 0.4925 0.5561 0.4533
v -0.35179 0.05567 0.22225 0.7181 0.7382 0.7608
v -0.35086 0.05450 0.22963 0.6203 0.6451 0.6605
v -0.35214 0.05294 0.23819 0.5966 0.6186 0.6299
v -0.34990 0.05292 0.24682 0.6562 0.6793 0.6806
v -0.34747 0.05203 0.25474 0.5490 0.5647 0.5765
v -0.35027 0.05281 0.26578 0.6255 0.6431 0.6510
v -0.35195 0.05451 0.27266 0.6222 0.6412 0.6529
v -0.35118 0.05863 0.28355 0.2941 0.3307 0.3399
v -0.35276 0.06007 0.29093 0.3412 0.3824 0.3725
v -0.34709 0.06298 0.17742 0.3765 0.4078 0.4157
v -0.35367 0.06402 0.18915 0.3451 0.3647 0.3765
v -0.35103 0.06329 0.19623 0.2471 0.2745 0.3000
v -0.35150 0.06158 0.20181 0.2098 0.2461 0.2657
v -0.35011 0.06211 0.29555 0.4588 0.4863 0.4549
v -0.35066 0.06445 0.30371 0.4863 0.5294 0.4667
v -0.34282 0.05381 -0.02069 0.4275 0.4745 0.4275
v -0.34340 0.05467 -0.00441 0.4706 0.4902 0.5059
v -0.34067 0.05543 0.01567 0.4745 0.4980 0.4980
v -0.34198 0.05551 0.03145 0.4902 0.5137 0.5137
v -0.33959 0.05574 0.06359 0.4471 0.4824 0.4706
v -0.34262 0.05579 0.08395 0.5961 0.6157 0.6275
v -0.34110 0.05709 0.11779 0.3020 0.3176 0.3608
v -0.34296 0.05994 0.21619 0.7235 0.7490 0.7608
v -0.34316 0.05906 0.22227 0.6771 0.7059 0.7229
v -0.34379 0.05686 0.22963 0.6678 0.6964 0.7132
v -0.34354 0.05534 0.23849 0.6196 0.6459 0.6594
v -0.34355 0.05349 0.24643 0.6062 0.6297 0.6392
v -0.34170 0.05302 0.25842 0.6353 0.6549 0.6392
v -0.34234 0.05452 0.26538 0.5843 0.6094 0.5992
v -0.34409 0.05640 0.27117 0.5784 0.6020 0.5745
v -0.33911 0.06029 0.28541 0.4039 0.4392 0.4275
v -0.33904 0.06092 0.16093 0.5647 0.5961 0.6078
v -0.34140 0.06460 0.18801 0.2941 0.3216 0.3451
v -0.34454 0.06312 0.20242 0.2902 0.3176 0.3490
v -0.34332 0.06201 0.20856 0.1765 0.2118 0.2471
v -0.34407 0.06558 0.30857 0.4706 0.5020 0.4431
v -0.32948 0.05318 -0.03618 0.8471 0.8863 0.8549
v -0.33774 0.05411 -0.01437 0.5294 0.5529 0.5373
v -0.33775 0.05492 0.00144 0.4667 0.5059 0.5137
v -0.33110 0.05639 0.09484 0.5686 0.5961 0.6353
v -0.33414 0.05966 0.22367 0.5882 0.6235 0.6510
v -0.33330 0.05789 0.22857 0.5314 0.5667 0.5941
v -0.33315 0.05461 0.24045 0.5712 0.5908 0.6033
v -0.33467 0.05312 0.24785 0.6157 0.6373 0.6392
v -0.33100 0.05309 0.25320 0.6392 0.6627 0.6549
v -0.33121 0.05737 0.27286 0.4706 0.4980 0.4706
v -0.32976 0.06122 0.16853 0.1922 0.2196 0.2431
v -0.33495 0.06352 0.19882 0.3137 0.3490 0.3686
v -0.33325 0.06155 0.21224 0.4275 0.4686 0.4980
v -0.33682 0.06298 0.29591 0.4941 0.5451 0.4784
v -0.33315 0.06513 0.30820 0.5157 0.5490 0.4863
v -0.32533 0.05191 -0.05461 0.6275 0.6627 0.6588
v -0.32427 0.05596 0.04153 0.5137 0.5373 0.5373
v -0.32170 0.05638 0.08307 0.4863 0.5137 0.5451
v -0.32756 0.05673 0.10729 0.5137 0.5412 0.5725
v -0.32578 0.05824 0.12987 0.6706 0.7020 0.7137
v -0.32872 0.05964 0.14501 0.6902 0.7216 0.7333
v -0.32104 0.06049 0.20755 0.3961 0.4353 0.4706
v -0.32270 0.05857 0.22053 0.4529 0.4922 0.5275
v -0.32592 0.05563 0.23212 0.4902 0.5176 0.5392
v -0.32411 0.05438 0.23814 0.5314 0.5556 0.5660
v -0.32124 0.05340 0.24540 0.6078 0.6314 0.6235
v -0.32323 0.05415 0.25826 0.5373 0.5608 0.5451
v -0.32114 0.05933 0.28148 0.4706 0.4980 0.4706
v -0.32919 0.06205 0.17697 0.2235 0.2627 0.2667
v -0.32398 0.06240 0.18614 0.3608 0.3882 0.4118
v -0.32641 0.06196 0.20293 0.3137 0.3529 0.3882
v -0.32657 0.06306 0.30024 0.5765 0.6039 0.5471
v -0.32837 0.06420 0.30472 0.5176 0.5529 0.4863
v -0.31211 0.05254 -0.04837 0.7451 0.7804 0.7765
v -0.31487 0.05365 -0.03313 0.7961 0.8314 0.8118
v -0.31871 0.05433 -0.01436 0.6627 0.6902 0.6627
v -0.31641 0.05502 -0.00057 0.5608 0.5882 0.5608
v -0.31331 0.05732 0.11013 0.5412 0.5765 0.6039
v -0.31906 0.05725 0.11824 0.5333 0.5608 0.5843
v -0.31746 0.06044 0.16101 0.1451 0.1608 0.1647
v -0.31798 0.06064 0.16826 0.1529 0.1725 0.1882
v -0.31260 0.06063 0.19572 0.5333 0.5608 0.5843
v -0.31295 0.05857 0.21282 0.4059 0.4431 0.4784
v -0.31702 0.05573 0.22914 0.4255 0.4588 0.4902
v -0.32017 0.05390 0.23769 0.6078 0.6275 0.6392
v -0.32050 0.06201 0.29405 0.5490 0.5725 0.5176
v -0.31994 0.06316 0.30286 0.2235 0.2667 0.2118
v -0.31115 0.05543 0.01048 0.4902 0.5059 0.5020
v -0.31046 0.05586 0.02501 0.5176 0.5333 0.5294
v -0.30820 0.05692 0.09854 0.5020 0.5333 0.5451
v -0.30606 0.05908 0.14979 0.4588 0.4784 0.5020
v -0.31007 0.06005 0.17384 0.3961 0.4353 0.4392
v -0.30541 0.06026 0.18280 0.3647 0.4039 0.4078
v -0.30704 0.05925 0.20563 0.4000 0.4353 0.4627
v -0.30800 0.05823 0.21020 0.3922 0.4275 0.4627
v -0.30852 0.05625 0.22186 0.3843 0.4235 0.4706
v -0.30695 0.05477 0.22939 0.4614 0.4928 0.5085
v -0.30924 0.05348 0.23732 0.5853 0.6127 0.6176
v -0.31161 0.05326 0.24604 0.5765 0.6000 0.5843
v -0.30552 0.05869 0.28265 0.4588 0.4863 0.4588
v -0.30861 0.06135 0.29803 0.3961 0.4235 0.3961
v -0.30828 0.06294 0.31183 0.3647 0.4000 0.3549
v -0.30028 0.05199 -0.06089 0.6431 0.6667 0.6510
v -0.29828 0.05614 0.05418 0.5020 0.5255 0.5255
v -0.30064 0.05727 0.11137 0.4392 0.4667 0.4980
v -0.29779 0.05749 0.12115 0.4745 0.5020 0.5255
v -0.29921 0.05826 0.13566 0.4549 0.5059 0.5412
v -0.29542 0.05890 0.15954 0.4902 0.5294 0.5647
v -0.29950 0.05713 0.21227 0.3608 0.4039 0.4392
v -0.29479 0.05430 0.22338 0.3529 0.3804 0.4039
v -0.29879 0.05412 0.23075 0.5427 0.5757 0.5757
v -0.29817 0.05320 0.23740 0.5333 0.5569 0.5490
v -0.29591 0.05479 0.26145 0.5294 0.5647 0.5451
v -0.29958 0.05866 0.29133 0.4588 0.4863 0.4588
v -0.28944 0.05074 -0.07697 0.5922 0.6078 0.6039
v -0.29317 0.05280 -0.05408 0.7098 0.7373 0.7098
v -0.29401 0.05391 -0.02960 0.6667 0.7020 0.6824
v -0.28812 0.05452 -0.01648 0.6902 0.7176 0.6902
v -0.28816 0.05559 0.01274 0.5412 0.5647 0.5490
v -0.29152 0.05618 0.04060 0.5255 0.5451 0.5569
v -0.28995 0.05674 0.07652 0.5137 0.5451 0.5529
v -0.29019 0.05905 0.17246 0.5725 0.6118 0.6196
v -0.29249 0.05915 0.18550 0.7020 0.7333 0.7451
v -0.29023 0.05822 0.19886 0.3255 0.3686 0.3922
v -0.28685 0.05602 0.21331 0.3451 0.3843 0.4196
v -0.29147 0.05452 0.22244 0.4667 0.5007 0.5190
v -0.29124 0.05443 0.22694 0.5647 0.5961 0.6039
v -0.29070 0.05332 0.23687 0.5373 0.5608 0.5529
v -0.29292 0.05310 0.24491 0.5529 0.5765 0.5686
v -0.29134 0.05627 0.28324 0.4314 0.4667 0.4627
v -0.29416 0.05824 0.29940 0.4784 0.5020 0.4863
v -0.29230 0.05902 0.31182 0.4510 0.4706 0.4549
v -0.28248 0.05328 -0.04508 0.7294 0.7490 0.7255
v -0.28569 0.05496 -0.00254 0.4980 0.5137 0.5176
v -0.28089 0.05625 0.20595 0.3529 0.3882 0.4078
v -0.28234 0.05578 0.21393 0.3503 0.3895 0.4183
v -0.28369 0.05465 0.22217 0.4314 0.4654 0.4745
v -0.28121 0.05424 0.22942 0.4837 0.5098 0.5111
v -0.28026 0.05396 0.24394 0.5176 0.5569 0.5216
v -0.28153 0.05448 0.25170 0.5451 0.5686 0.5529
v -0.28286 0.05638 0.29597 0.3922 0.4157 0.4078
v -0.26870 0.05034 -0.08990 0.6471 0.6667 0.6431
v -0.27674 0.05168 -0.07204 0.6980 0.7176 0.6941
v -0.27356 0.05196 -0.05969 0.6667 0.6863 0.6627
v -0.27460 0.05432 -0.01247 0.5569 0.5804 0.5647
v -0.26979 0.05696 0.10316 0.4980 0.5255 0.5490
v -0.27207 0.05710 0.12277 0.5137 0.5333 0.5451
v -0.27106 0.05761 0.16072 0.5059 0.5333 0.5569
v -0.26877 0.05649 0.20283 0.3843 0.4275 0.4510
v -0.27475 0.05522 0.21307 0.3922 0.4196 0.4431
v -0.27514 0.05535 0.21868 0.4118 0.4314 0.4458
v -0.27243 0.05449 0.23055 0.4941 0.5176 0.5098
v -0.27599 0.05424 0.24727 0.4431 0.4824 0.4647
v -0.27641 0.05408 0.25245 0.5961 0.6314 0.6118
v -0.27531 0.05394 0.26510 0.7255 0.7451 0.7176
v -0.27499 0.05462 0.28198 0.4118 0.4431 0.4510
v -0.26933 0.05476 0.29565 0.3686 0.4078 0.4039
v -0.27426 0.05610 0.31182 0.4706 0.4941 0.4941
v -0.26205 0.03690 -0.31181 0.5974 0.5817 0.5346
v -0.26049 0.04729 -0.13102 0.6431 0.6627 0.6353
v -0.26539 0.05337 -0.03509 0.5765 0.5961 0.5804
v -0.26318 0.05442 -0.00908 0.5961 0.6196 0.6118
v -0.26424 0.05600 0.02459 0.6118 0.6275 0.6314
v -0.26648 0.05723 0.13961 0.4588 0.4941 0.5294
v -0.26858 0.05747 0.17651 0.5098 0.5490 0.5569
v -0.26277 0.05679 0.19176 0.4392 0.4667 0.4902
v -0.26528 0.05611 0.20623 0.3725 0.4118 0.4471
v -0.26606 0.05549 0.21180 0.3608 0.3882 0.4196
v -0.26503 0.05525 0.21963 0.3451 0.3647 0.3804
v -0.26339 0.05377 0.23483 0.6902 0.7098 0.6824
v -0.26534 0.05360 0.24578 0.6490 0.6882 0.6569
v -0.26117 0.05293 0.25903 0.7882 0.8118 0.7725
v -0.25482 0.03651 -0.31181 0.5843 0.5725 0.5255
v -0.25500 0.03729 -0.29911 0.6020 0.5863 0.5392
v -0.25525 0.04547 -0.15675 0.5882 0.6078 0.5804
v -0.25387 0.04652 -0.14298 0.4902 0.5098 0.4863
v -0.25317 0.04656 -0.13175 0.6235 0.6431 0.6157
v -0.25527 0.04720 -0.12839 0.6745 0.6941 0.6706
v -0.25468 0.04793 -0.11543 0.6510 0.6706 0.6549
v -0.25427 0.05015 -0.08513 0.6314 0.6588 0.6314
v -0.25577 0.05118 -0.06968 0.6196 0.6392 0.6157
v -0.25692 0.05218 -0.05379 0.5490 0.5686 0.5451
v -0.25566 0.05395 -0.02025 0.6078 0.6431 0.6392
v -0.25717 0.05550 0.00319 0.5765 0.6000 0.5922
v -0.25319 0.05648 0.05242 0.5725 0.6039 0.6118
v -0.25293 0.05631 0.19621 0.3569 0.3922 0.4118
v -0.25218 0.05595 0.20260 0.3608 0.3922 0.4039
v -0.25744 0.05568 0.21095 0.3608 0.3961 0.4235
v -0.25709 0.05466 0.22319 0.3275 0.3471 0.3667
v -0.25257 0.05311 0.23768 0.8392 0.8725 0.8176
v -0.25449 0.05292 0.27308 0.7608 0.7843 0.7373
v -0.25388 0.05465 0.31183 0.4824 0.5098 0.4824
v -0.24460 0.03632 -0.31181 0.5804 0.5647 0.5176
v -0.24663 0.03692 -0.29687 0.5843 0.5765 0.5176
v -0.25005 0.03734 -0.29309 0.5922 0.5804 0.5216
v -0.24378 0.04127 -0.21538 0.5608 0.5804 0.5647
v -0.24344 0.04368 -0.17899 0.5451 0.5529 0.5412
v -0.24933 0.04446 -0.16795 0.6039 0.6235 0.6000
v -0.24882 0.04524 -0.15305 0.6000 0.6196 0.5922
v -0.24509 0.04540 -0.14440 0.4627 0.4745 0.4471
v -0.24799 0.04657 -0.13332 0.6301 0.6510 0.6288
v -0.25094 0.04733 -0.12548 0.6078 0.6314 0.6235
v -0.24297 0.04737 -0.12017 0.6235 0.6431 0.6275
v -0.24854 0.04865 -0.10283 0.6667 0.6863 0.6627
v -0.24501 0.05155 -0.06182 0.5490 0.5686 0.5451
v -0.24289 0.05598 0.20191 0.3725 0.4000 0.4235
v -0.24891 0.05547 0.21029 0.3373 0.3765 0.3725
v -0.24564 0.05413 0.22290 0.4745 0.5020 0.4706
v -0.24710 0.05234 0.24809 0.7686 0.7804 0.7373
v -0.23426 0.03831 -0.26315 0.6078 0.6000 0.5490
v -0.23822 0.03946 -0.24332 0.5098 0.5098 0.4784
v -0.23810 0.04038 -0.22916 0.5882 0.5863 0.5608
v -0.24045 0.04168 -0.20811 0.6980 0.7059 0.6863
v -0.23739 0.04273 -0.19435 0.5804 0.6000 0.5765
v -0.23739 0.04444 -0.16101 0.6196 0.6431 0.6275
v -0.23973 0.04573 -0.13696 0.3569 0.3765 0.3529
v -0.23408 0.04824 -0.09486 0.6941 0.7137 0.6980
v -0.23843 0.04948 -0.07903 0.6431 0.6627 0.6392
v -0.23740 0.05039 -0.06732 0.6824 0.7098 0.6784
v -0.23969 0.05193 0.25709 0.7294 0.7529 0.7137
v -0.24141 0.05254 -0.04304 0.6588 0.6941 0.6902
v -0.23760 0.05282 -0.03167 0.6980 0.7412 0.7255
v -0.23980 0.05469 -0.01186 0.5725 0.5961 0.5882
v -0.23643 0.05686 0.07871 0.5255 0.5569 0.5647
v -0.24097 0.05655 0.15251 0.5059 0.5373 0.5490
v -0.23665 0.05666 0.17086 0.5059 0.5255 0.5412
v -0.23663 0.05654 0.18328 0.6000 0.6235 0.6078
v -0.24035 0.05484 0.21115 0.6706 0.7020 0.6784
v -0.23803 0.05390 0.22122 0.8314 0.8431 0.8039
v -0.24064 0.05237 0.23184 0.6980 0.7137 0.6588
v -0.22628 0.03532 -0.31181 0.5843 0.5686 0.5216
v -0.22777 0.03610 -0.29749 0.6000 0.5882 0.5294
v -0.22676 0.03713 -0.27822 0.5647 0.5490 0.5020
v -0.22894 0.03984 -0.23947 0.5294 0.5333 0.5020
v -0.22903 0.04092 -0.22147 0.6941 0.7137 0.6980
v -0.23137 0.04198 -0.20492 0.6235 0.6373 0.6235
v -0.22744 0.04276 -0.19154 0.5451 0.5647 0.5490
v -0.23220 0.04326 -0.18489 0.5843 0.6039 0.5882
v -0.22664 0.04372 -0.17292 0.6039 0.6275 0.6118
v -0.23117 0.04449 -0.16294 0.4824 0.5020 0.4784
v -0.22660 0.04456 -0.15510 0.6392 0.6588 0.6431
v -0.23121 0.04500 -0.14326 0.6863 0.7098 0.6941
v -0.23342 0.04632 -0.12708 0.6941 0.7098 0.7059
v -0.22716 0.04726 -0.11339 0.6941 0.7137 0.6980
v -0.22839 0.04932 -0.07448 0.6392 0.6627 0.6471
v -0.23372 0.05147 -0.05455 0.6157 0.6392 0.6235
v -0.22789 0.05165 0.22816 0.7098 0.7059 0.6863
v -0.23320 0.05190 0.23496 0.6784 0.6863 0.6353
v -0.22680 0.05146 0.26255 0.7176 0.7412 0.7020
v -0.22806 0.05337 -0.02242 0.6118 0.6353 0.6196
v -0.23039 0.05561 0.01281 0.6667 0.6902 0.6824
v -0.23365 0.05656 0.11143 0.4784 0.5059 0.5294
v -0.23120 0.05603 0.19438 0.5333 0.5627 0.5451
v -0.22718 0.05522 0.20105 0.6627 0.6824 0.6588
v -0.23321 0.05428 0.21292 0.8549 0.8824 0.8549
v -0.22977 0.05298 0.22197 0.7373 0.7392 0.7118
v -0.23318 0.05217 0.22989 0.6902 0.6980 0.6431
v -0.23319 0.05306 0.28916 0.6510 0.6863 0.6667
v -0.22896 0.05324 0.31183 0.6098 0.6373 0.6098
v -0.21836 0.03492 -0.31181 0.5516 0.5359 0.4902
v -0.22211 0.03581 -0.30020 0.5961 0.5882 0.5294
v -0.21707 0.03937 -0.24455 0.6627 0.6667 0.6431
v -0.22279 0.04002 -0.23176 0.6784 0.6863 0.6745
v -0.22224 0.04078 -0.21958 0.6549 0.6745 0.6510
v -0.22097 0.04181 -0.20422 0.6157 0.6353 0.6196
v -0.22246 0.04270 -0.18867 0.6196 0.6392 0.6235
v -0.21969 0.04370 -0.16817 0.4196 0.4275 0.4157
v -0.21908 0.04392 -0.15007 0.6863 0.6980 0.6706
v -0.22378 0.04501 -0.14240 0.7020 0.7216 0.7059
v -0.22008 0.04575 -0.13459 0.6941 0.7137 0.6980
v -0.21819 0.04723 -0.10092 0.6627 0.6902 0.6627
v -0.21738 0.04773 -0.09189 0.6510 0.6784 0.6510
v -0.22246 0.04838 -0.08213 0.6863 0.7098 0.6941
v -0.21896 0.04925 -0.07239 0.6549 0.6941 0.6627
v -0.21854 0.04963 -0.06206 0.6863 0.7255 0.6941
v -0.21998 0.05181 -0.03948 0.6784 0.7020 0.6941
v -0.22064 0.05150 0.22728 0.7333 0.7333 0.7020
v -0.22258 0.05099 0.24094 0.5216 0.5412 0.5176
v -0.22115 0.05234 -0.02978 0.6824 0.7059 0.6980
v -0.21720 0.05442 -0.01560 0.5843 0.6039 0.5882
v -0.21945 0.05534 -0.00336 0.5647 0.5882 0.5804
v -0.22060 0.05583 0.03426 0.5647 0.5843 0.5961
v -0.22517 0.05690 0.09477 0.5059 0.5373 0.5490
v -0.21810 0.05559 0.19287 0.6118 0.6314 0.6078
v -0.22349 0.05514 0.20340 0.7020 0.7098 0.6902
v -0.22035 0.05360 0.21071 0.6843 0.6882 0.6608
v -0.22334 0.05205 0.22441 0.7098 0.6980 0.6706
v -0.22212 0.05270 0.29878 0.6784 0.7176 0.6863
v -0.21186 0.03454 -0.31181 0.5686 0.5529 0.5059
v -0.21562 0.03489 -0.30907 0.5595 0.5451 0.4941
v -0.20927 0.03516 -0.29625 0.5725 0.5490 0.5020
v -0.21559 0.03609 -0.28933 0.5765 0.5529 0.5059
v -0.21278 0.03704 -0.27293 0.5569 0.5333 0.4863
v -0.21421 0.04064 -0.22160 0.6588 0.6824 0.6667
v -0.21328 0.04269 -0.18592 0.6431 0.6647 0.6529
v -0.21210 0.04338 -0.17126 0.4431 0.4627 0.4353
v -0.21346 0.04369 -0.15781 0.6863 0.7059 0.6824
v -0.20982 0.04445 -0.14533 0.6196 0.6549 0.6431
v -0.21262 0.04584 -0.13150 0.6235 0.6431 0.6275
v -0.20878 0.04637 -0.12257 0.6471 0.6706 0.6549
v -0.21377 0.05057 -0.05067 0.6392 0.6627 0.6549
v -0.20882 0.05134 0.21875 0.6941 0.6941 0.6627
v -0.20856 0.05117 0.27356 0.6980 0.7216 0.6824
v -0.21120 0.05559 0.00528 0.6824 0.7059 0.6902
v -0.21544 0.05622 0.04898 0.5529 0.5882 0.6078
v -0.21389 0.05648 0.09909 0.4824 0.5137 0.5255
v -0.21386 0.05613 0.12481 0.6275 0.6549 0.6863
v -0.21079 0.05492 0.19380 0.6529 0.6686 0.6412
v -0.21072 0.05357 0.20465 0.7373 0.7255 0.6980
v -0.21521 0.05228 0.21754 0.6863 0.6902 0.6588
v -0.21433 0.05249 0.31182 0.6431 0.6667 0.6588
v -0.20373 0.03386 -0.31181 0.5882 0.5647 0.5176
v -0.20258 0.03449 -0.30216 0.5725 0.5490 0.5020
v -0.20348 0.03551 -0.29085 0.5647 0.5490 0.5020
v -0.20381 0.03637 -0.27813 0.5686 0.5529 0.5059
v -0.20479 0.03713 -0.26726 0.5686 0.5529 0.5059
v -0.20492 0.03821 -0.25570 0.6588 0.6588 0.6275
v -0.20196 0.04029 -0.22115 0.6745 0.6980 0.6902
v -0.20422 0.04090 -0.21262 0.6510 0.6745 0.6667
v -0.20669 0.04142 -0.20256 0.6000 0.6353 0.6235
v -0.20140 0.04239 -0.18533 0.5882 0.6157 0.5882
v -0.20558 0.04268 -0.17411 0.5725 0.5922 0.5686
v -0.20467 0.04319 -0.15746 0.6235 0.6431 0.6275
v -0.20620 0.04554 -0.13451 0.5908 0.6144 0.5987
v -0.20614 0.04706 -0.10858 0.6392 0.6627 0.6471
v -0.20114 0.04752 -0.09507 0.6039 0.6275 0.6118
v -0.20434 0.04813 -0.08390 0.5843 0.6118 0.5843
v -0.20677 0.04851 -0.07454 0.5373 0.5608 0.5451
v -0.20355 0.04913 -0.06460 0.6510 0.6745 0.6588
v -0.20199 0.04969 -0.05394 0.5137 0.5490 0.5373
v -0.20148 0.05067 -0.04186 0.6784 0.7020 0.7020
v -0.20281 0.05196 0.21041 0.6902 0.6941 0.6706
v -0.20730 0.05084 0.22476 0.7216 0.7216 0.6902
v -0.20337 0.04997 0.24634 0.6784 0.6824 0.6510
v -0.20465 0.05222 -0.02723 0.6431 0.6745 0.6824
v -0.20220 0.05547 0.01546 0.6784 0.7020 0.6941
v -0.20518 0.05665 0.09349 0.5098 0.5412 0.5529
v -0.20219 0.05649 0.10041 0.4784 0.5137 0.5333
v -0.20492 0.05583 0.14489 0.4863 0.5176 0.5294
v -0.20441 0.05561 0.18190 0.4667 0.4902 0.4902
v -0.20078 0.05453 0.18754 0.5882 0.6000 0.5725
v -0.20241 0.05394 0.19579 0.7359 0.7373 0.6967
v -0.20714 0.05292 0.20730 0.7294 0.7294 0.6902
v -0.20359 0.05214 0.31183 0.5686 0.5922 0.5765
v -0.19181 0.03291 -0.31181 0.5294 0.5059 0.4588
v -0.19636 0.03508 -0.29040 0.5725 0.5569 0.5098
v -0.19295 0.03723 -0.26540 0.5882 0.5882 0.5569
v -0.19851 0.03968 -0.23444 0.6863 0.7020 0.6980
v -0.19560 0.04113 -0.20100 0.6157 0.6314 0.6353
v -0.19172 0.04192 -0.18187 0.7020 0.7216 0.7059
v -0.19638 0.04259 -0.16600 0.6784 0.6941 0.6902
v -0.19376 0.04388 -0.14838 0.6902 0.7176 0.6902
v -0.19922 0.04461 -0.14153 0.6471 0.6745 0.6471
v -0.19835 0.04560 -0.12965 0.6392 0.6667 0.6392
v -0.19232 0.04659 -0.11575 0.6941 0.7137 0.6902
v -0.19656 0.04886 -0.07511 0.6431 0.6706 0.6431
v -0.19460 0.04977 -0.06604 0.6510 0.6765 0.6588
v -0.19128 0.05031 -0.05704 0.6275 0.6627 0.6588
v -0.19551 0.05121 0.21263 0.6824 0.6824 0.6431
v -0.19368 0.05058 0.21866 0.7020 0.6902 0.6706
v -0.19891 0.04997 0.22903 0.6863 0.6902 0.6588
v -0.19861 0.05498 -0.01290 0.6980 0.7333 0.7216
v -0.19380 0.05625 0.00105 0.6824 0.7020 0.6784
v -0.19466 0.05585 0.04536 0.5686 0.6000 0.6118
v -0.19328 0.05675 0.06185 0.5686 0.5882 0.6000
v -0.19597 0.05669 0.08357 0.5333 0.5647 0.5725
v -0.19865 0.05575 0.16448 0.5647 0.6000 0.5961
v -0.19749 0.05456 0.18351 0.3804 0.3882 0.3686
v -0.19643 0.05412 0.19198 0.6784 0.6863 0.6431
v -0.19359 0.05243 0.20333 0.7196 0.7196 0.6725
v -0.18407 0.03425 -0.29586 0.5686 0.5451 0.4902
v -0.19011 0.03592 -0.28084 0.5529 0.5373 0.4902
v -0.18348 0.03639 -0.27130 0.6118 0.6000 0.5725
v -0.18436 0.03844 -0.24924 0.6784 0.6980 0.6745
v -0.18941 0.03925 -0.23947 0.6824 0.7020 0.6863
v -0.18228 0.03993 -0.22479 0.7059 0.7294 0.7294
v -0.18571 0.04068 -0.21295 0.6510 0.6745 0.6745
v -0.18224 0.04089 -0.19499 0.7059 0.7294 0.7216
v -0.18801 0.04154 -0.18982 0.7569 0.7804 0.7647
v -0.18281 0.04147 -0.18036 0.5804 0.6000 0.5765
v -0.18601 0.04208 -0.16678 0.6941 0.7137 0.6980
v -0.18622 0.04314 -0.15290 0.7216 0.7412 0.7176
v -0.18221 0.04372 -0.13940 0.6941 0.7137 0.6902
v -0.18729 0.04498 -0.13334 0.7020 0.7216 0.6941
v -0.18371 0.04595 -0.12130 0.7137 0.7333 0.7098
v -0.18482 0.04770 -0.10197 0.6902 0.7137 0.7059
v -0.18457 0.04826 -0.09109 0.6863 0.7098 0.7020
v -0.18740 0.04883 -0.08094 0.6379 0.6641 0.6431
v -0.18767 0.04971 -0.07118 0.6353 0.6588 0.6431
v -0.18607 0.05062 -0.06323 0.7137 0.7373 0.7373
v -0.18292 0.05134 -0.05628 0.7176 0.7412 0.7333
v -0.18678 0.05168 -0.04948 0.6490 0.6843 0.6902
v -0.18283 0.05168 0.19803 0.7216 0.7216 0.6824
v -0.18567 0.05157 0.20500 0.6902 0.6902 0.6510
v -0.18267 0.04949 0.22902 0.6627 0.6510 0.6235
v -0.18732 0.05029 0.27199 0.5647 0.5843 0.5569
v -0.18627 0.05294 -0.03503 0.6902 0.7137 0.7137
v -0.18434 0.05406 -0.02108 0.7098 0.7412 0.7490
v -0.18240 0.05582 0.01390 0.7176 0.7451 0.7176
v -0.18667 0.05555 0.02942 0.6863 0.7098 0.7098
v -0.18534 0.05616 0.10495 0.3529 0.3922 0.4275
v -0.19016 0.05371 0.18515 0.5647 0.5765 0.5412
v -0.18832 0.05282 0.19196 0.7647 0.7647 0.7176
v -0.17658 0.03248 -0.31181 0.5843 0.5608 0.5137
v -0.17603 0.03575 -0.27895 0.5843 0.5686 0.5216
v -0.17379 0.04053 -0.19759 0.6706 0.7059 0.6941
v -0.17360 0.04162 -0.16660 0.7098 0.7294 0.7137
v -0.17942 0.04285 -0.15554 0.6941 0.7137 0.6902
v -0.17595 0.04302 -0.14502 0.7137 0.7333 0.7098
v -0.17749 0.04508 -0.12643 0.6039 0.6216 0.6078
v -0.17706 0.04768 -0.10733 0.7157 0.7392 0.7137
v -0.17784 0.04876 -0.09085 0.7255 0.7490 0.7235
v -0.17680 0.05031 -0.08108 0.7118 0.7275 0.7020
v -0.17863 0.05024 -0.07355 0.6444 0.6523 0.6261
v -0.17827 0.05129 -0.06618 0.6725 0.6980 0.6608
v -0.17558 0.05169 0.20058 0.7255 0.7333 0.6902
v -0.18068 0.05115 0.20897 0.6667 0.6667 0.6275
v -0.18161 0.04994 0.21775 0.7294 0.7294 0.6980
v -0.17938 0.04938 0.24544 0.4980 0.5098 0.4824
v -0.17908 0.05041 0.28096 0.5059 0.5216 0.5176
v -0.17965 0.05099 0.31183 0.4314 0.4549 0.4549
v -0.17401 0.05221 -0.06939 0.7176 0.7412 0.7333
v -0.17714 0.05272 -0.05606 0.6873 0.7108 0.7049
v -0.17682 0.05433 -0.04669 0.6824 0.7118 0.7059
v -0.17661 0.05490 -0.03761 0.4667 0.5098 0.4784
v -0.17462 0.05512 -0.02702 0.5882 0.6196 0.6314
v -0.17742 0.05658 -0.00848 0.6157 0.6471 0.6549
v -0.17864 0.05611 0.04211 0.6392 0.6627 0.6627
v -0.18162 0.05664 0.09231 0.3412 0.3765 0.3961
v -0.17626 0.05594 0.11767 0.5843 0.6157 0.6275
v -0.17533 0.05578 0.13809 0.5765 0.6000 0.6000
v -0.17864 0.05410 0.17091 0.4549 0.4784 0.4784
v -0.18130 0.05361 0.17845 0.3608 0.3804 0.3647
v -0.17707 0.05220 0.18753 0.7490 0.7529 0.7118
v -0.17322 0.03409 -0.29374 0.5333 0.5098 0.4627
v -0.16714 0.03637 -0.27249 0.6941 0.7059 0.6784
v -0.17319 0.03750 -0.26106 0.7098 0.7294 0.7059
v -0.16786 0.03887 -0.24438 0.7137 0.7373 0.7294
v -0.17152 0.03979 -0.23000 0.6863 0.7216 0.7176
v -0.16521 0.04015 -0.20534 0.6627 0.6863 0.6784
v -0.17285 0.04074 -0.18453 0.6431 0.6627 0.6353
v -0.17085 0.04237 -0.15253 0.6980 0.7176 0.7020
v -0.17057 0.04390 -0.13235 0.6000 0.6353 0.6314
v -0.17100 0.04605 -0.11814 0.5980 0.6196 0.6039
v -0.16893 0.04818 -0.10590 0.7255 0.7451 0.7294
v -0.17178 0.04902 -0.09741 0.5294 0.5294 0.4980
v -0.16901 0.05048 -0.08905 0.7359 0.7516 0.7359
v -0.16795 0.05179 -0.08289 0.7294 0.7451 0.7412
v -0.17062 0.05198 -0.07385 0.6824 0.7020 0.6863
v -0.16838 0.05170 0.18771 0.7451 0.7451 0.7059
v -0.17096 0.05091 0.19435 0.6980 0.7059 0.6627
v -0.16982 0.05040 0.21043 0.6588 0.6588 0.6275
v -0.17105 0.04988 0.21785 0.7059 0.7059 0.6745
v -0.16784 0.04925 0.22546 0.6941 0.6941 0.6627
v -0.16472 0.05291 -0.08142 0.7451 0.7804 0.7686
v -0.16698 0.05348 -0.07399 0.7529 0.7686 0.7804
v -0.16684 0.05468 -0.06355 0.7922 0.8078 0.8039
v -0.16787 0.05537 -0.05519 0.6588 0.6824 0.6922
v -0.16854 0.05623 -0.04420 0.5784 0.6039 0.6157
v -0.16779 0.05705 -0.03701 0.5673 0.6013 0.6131
v -0.16814 0.05689 -0.03109 0.5557 0.5882 0.5910
v -0.16713 0.05703 -0.02343 0.5686 0.6000 0.6118
v -0.16773 0.05701 -0.01664 0.5667 0.5863 0.5980
v -0.17029 0.05705 0.00487 0.7804 0.7882 0.7765
v -0.16526 0.05658 0.02345 0.7647 0.7843 0.7686
v -0.16961 0.05626 0.03697 0.7373 0.7608 0.7608
v -0.17063 0.05645 0.04731 0.6392 0.6627 0.6549
v -0.16647 0.05797 0.07208 0.7059 0.7294 0.7294
v -0.16803 0.05718 0.08406 0.6667 0.6824 0.6941
v -0.16779 0.05653 0.09645 0.6314 0.6549 0.6549
v -0.16837 0.05569 0.14685 0.6392 0.6627 0.6627
v -0.16525 0.05275 0.17582 0.3725 0.3882 0.3922
v -0.16460 0.03313 -0.29990 0.5804 0.5569 0.5020
v -0.16288 0.03495 -0.28427 0.5255 0.5098 0.4627
v -0.16378 0.04023 -0.18775 0.6745 0.6980 0.6824
v -0.16256 0.04060 -0.17253 0.7255 0.7490 0.7333
v -0.16153 0.04130 -0.15736 0.6706 0.6902 0.6745
v -0.16369 0.04290 -0.14273 0.6353 0.6588 0.6588
v -0.15869 0.04444 -0.13215 0.6549 0.6876 0.6915
v -0.16185 0.04545 -0.12452 0.6569 0.6922 0.6882
v -0.16001 0.04687 -0.11776 0.4510 0.4745 0.4588
v -0.16008 0.04781 -0.11061 0.4608 0.4961 0.4784
v -0.15773 0.04974 -0.09817 0.5922 0.6078 0.6039
v -0.16424 0.05144 -0.08889 0.7490 0.7647 0.7608
v -0.16207 0.05147 0.18387 0.7255 0.7373 0.7098
v -0.15715 0.05060 0.19334 0.6784 0.6863 0.6353
v -0.16400 0.05072 0.20195 0.6784 0.6784 0.6314
v -0.15748 0.04927 0.21347 0.6118 0.6235 0.5882
v -0.16027 0.04939 0.25349 0.5686 0.5765 0.5569
v -0.15883 0.05247 -0.08238 0.8725 0.8980 0.8941
v -0.15984 0.05457 -0.07358 0.8265 0.8559 0.8480
v -0.15958 0.05694 -0.06377 0.8000 0.8275 0.8314
v -0.16055 0.05852 -0.05667 0.7345 0.7585 0.7703
v -0.16229 0.05900 -0.04651 0.5660 0.5935 0.6052
v -0.16112 0.05943 -0.03865 0.5833 0.6147 0.6265
v -0.16120 0.05942 -0.02803 0.5745 0.6039 0.6216
v -0.16219 0.05883 -0.02141 0.5686 0.6000 0.6118
v -0.16068 0.05900 -0.01484 0.6294 0.6490 0.6627
v -0.15744 0.05773 0.05338 0.6549 0.6784 0.6784
v -0.15656 0.05848 0.06105 0.6863 0.7098 0.7020
v -0.16450 0.05477 0.15793 0.5373 0.5608 0.5608
v -0.15624 0.05285 0.17211 0.6431 0.6588 0.6549
v -0.15781 0.06142 -0.04798 0.5588 0.5882 0.6059
v -0.15707 0.06156 -0.03920 0.6020 0.6333 0.6451
v -0.15588 0.03183 -0.31181 0.5765 0.5529 0.4980
v -0.15263 0.03360 -0.29738 0.7608 0.7843 0.7451
v -0.14803 0.03540 -0.28200 0.7059 0.7255 0.7098
v -0.15546 0.03717 -0.26742 0.6353 0.6549 0.6392
v -0.15579 0.03846 -0.25061 0.6980 0.7333 0.7294
v -0.15180 0.03938 -0.23175 0.7059 0.7412 0.7294
v -0.15099 0.03973 -0.21252 0.6627 0.6863 0.6784
v -0.14769 0.03953 -0.17545 0.6941 0.7176 0.7098
v -0.15480 0.04055 -0.16559 0.7059 0.7294 0.7137
v -0.14984 0.04134 -0.15740 0.6157 0.6392 0.6392
v -0.15265 0.04213 -0.14938 0.6098 0.6333 0.6255
v -0.15356 0.04310 -0.14231 0.6392 0.6627 0.6627
v -0.14954 0.04452 -0.13875 0.6000 0.6353 0.6314
v -0.15204 0.04536 -0.13395 0.6255 0.6510 0.6471
v -0.15075 0.04741 -0.12490 0.6170 0.6471 0.6458
v -0.15080 0.04917 -0.11735 0.5778 0.6144 0.6301
v -0.14915 0.05081 -0.10640 0.4627 0.5020 0.5078
v -0.15079 0.05097 -0.08326 0.6696 0.6853 0.6824
v -0.14813 0.05134 0.18435 0.3059 0.3255 0.3098
v -0.15575 0.04904 0.22993 0.7020 0.7059 0.6745
v -0.14891 0.05032 0.31183 0.4471 0.4667 0.4510
v -0.15527 0.05271 -0.07832 0.9020 0.9373 0.9255
v -0.15223 0.05431 -0.07325 0.7820 0.8141 0.8063
v -0.15139 0.05773 -0.06534 0.7553 0.7922 0.7859
v -0.15271 0.06006 -0.05946 0.6706 0.7059 0.7020
v -0.15584 0.06062 -0.02074 0.5647 0.5961 0.6039
v -0.15343 0.05962 -0.01216 0.5686 0.5882 0.6000
v -0.15212 0.05846 -0.00581 0.5869 0.6052 0.6144
v -0.15406 0.05731 0.01468 0.7255 0.7451 0.7176
v -0.15287 0.05722 0.02487 0.6902 0.7098 0.6941
v -0.15457 0.05727 0.03499 0.7176 0.7529 0.7412
v -0.15129 0.05750 0.04566 0.7098 0.7333 0.7255
v -0.14942 0.05853 0.05611 0.7216 0.7451 0.7451
v -0.14818 0.05914 0.07350 0.7333 0.7490 0.7451
v -0.15433 0.05835 0.07830 0.7333 0.7490 0.7451
v -0.14952 0.05786 0.08689 0.6353 0.6510 0.6471
v -0.15297 0.05674 0.10216 0.6863 0.7098 0.7020
v -0.15446 0.05628 0.11759 0.6235 0.6471 0.6471
v -0.15354 0.05629 0.13098 0.6196 0.6431 0.6431
v -0.15217 0.05579 0.14310 0.6157 0.6353 0.6471
v -0.14828 0.05486 0.15159 0.6549 0.6784 0.6784
v -0.15171 0.05431 0.15970 0.5752 0.6039 0.5908
v -0.15042 0.06131 -0.05780 0.6892 0.7137 0.7108
v -0.15126 0.06305 -0.04885 0.6176 0.6451 0.6608
v -0.15401 0.06245 -0.03684 0.4941 0.5255 0.5373
v -0.15193 0.06203 -0.03023 0.4882 0.5196 0.5294
v -0.14960 0.06157 -0.02005 0.5333 0.5647 0.5725
v -0.14117 0.03176 -0.31181 0.6588 0.6627 0.6314
v -0.13931 0.03351 -0.29626 0.7216 0.7412 0.7137
v -0.13959 0.03661 -0.26819 0.7020 0.7255 0.7098
v -0.14388 0.03777 -0.25624 0.6706 0.6902 0.6667
v -0.14543 0.03926 -0.19380 0.7137 0.7373 0.7294
v -0.13907 0.04133 -0.15840 0.6392 0.6588 0.6353
v -0.14302 0.04224 -0.15129 0.5255 0.5516 0.5294
v -0.14535 0.04314 -0.14611 0.6392 0.6627 0.6549
v -0.14417 0.04550 -0.13878 0.5255 0.5490 0.5490
v -0.14144 0.04754 -0.13183 0.5510 0.5824 0.5902
v -0.14270 0.04963 -0.12518 0.6402 0.6706 0.6814
v -0.14371 0.05086 -0.11814 0.6039 0.6439 0.6541
v -0.14221 0.05072 -0.09692 0.5529 0.5882 0.5843
v -0.14214 0.05061 -0.08841 0.7078 0.7392 0.7196
v -0.14528 0.05151 -0.07928 0.7353 0.7588 0.7549
v -0.14322 0.04951 0.20488 0.3255 0.3451 0.3294
v -0.14375 0.04906 0.21841 0.5804 0.5922 0.5647
v -0.13919 0.05350 -0.11273 0.4706 0.5098 0.5176
v -0.14231 0.05225 -0.10871 0.5118 0.5451 0.5608
v -0.14186 0.05427 -0.07333 0.7333 0.7657 0.7588
v -0.14458 0.05878 -0.06466 0.6816 0.7176 0.7122
v -0.14375 0.05910 -0.00461 0.5974 0.6275 0.6288
v -0.14090 0.05857 0.00358 0.7216 0.7431 0.7314
v -0.14254 0.05869 0.01231 0.8601 0.8706 0.8614
v -0.14285 0.05774 0.02770 0.7451 0.7608 0.7569
v -0.14143 0.05783 0.03979 0.7647 0.7804 0.7843
v -0.14090 0.05847 0.04696 0.7686 0.7843 0.7804
v -0.14365 0.05908 0.05478 0.7451 0.7647 0.7490
v -0.14589 0.05934 0.06407 0.6961 0.7118 0.7078
v -0.14278 0.05873 0.07910 0.6353 0.6510 0.6471
v -0.14080 0.05798 0.09035 0.6392 0.6627 0.6627
v -0.13954 0.05713 0.10474 0.6353 0.6588 0.6588
v -0.14017 0.05694 0.11699 0.6078 0.6314 0.6314
v -0.13946 0.05655 0.12786 0.6235 0.6471 0.6471
v -0.14323 0.05404 0.16029 0.6216 0.6451 0.6412
v -0.14132 0.05310 0.16973 0.6941 0.7176 0.7176
v -0.14496 0.05267 0.17421 0.6667 0.6824 0.6863
v -0.14135 0.06176 -0.06088 0.6039 0.6392 0.6196
v -0.14383 0.06320 -0.05614 0.7340 0.7654 0.7562
v -0.14373 0.06519 -0.04693 0.6784 0.7078 0.7235
v -0.14297 0.06453 -0.03600 0.6157 0.6471 0.6588
v -0.13960 0.06353 -0.02170 0.6588 0.6745 0.6863
v -0.14254 0.06162 -0.01139 0.5562 0.5824 0.5908
v -0.13959 0.06139 -0.00679 0.5529 0.5765 0.5765
v -0.13456 0.03529 -0.28171 0.6667 0.6902 0.6745
v -0.13819 0.03904 -0.24167 0.7020 0.7216 0.6980
v -0.13579 0.03947 -0.22612 0.6784 0.7020 0.6941
v -0.13843 0.03938 -0.21508 0.6824 0.7059 0.6980
v -0.13202 0.03902 -0.19593 0.6902 0.7137 0.7137
v -0.13556 0.03910 -0.18243 0.6784 0.7020 0.7020
v -0.13324 0.04005 -0.16891 0.6608 0.6804 0.6745
v -0.13292 0.04325 -0.15062 0.6510 0.6745 0.6667
v -0.13418 0.04516 -0.14320 0.5412 0.5647 0.5569
v -0.13497 0.04745 -0.13558 0.6275 0.6580 0.6722
v -0.13556 0.05048 -0.12658 0.6157 0.6416 0.6408
v -0.13553 0.05187 -0.09128 0.5529 0.5765 0.5686
v -0.13815 0.05163 -0.08298 0.7451 0.7804 0.7686
v -0.13313 0.05140 0.18066 0.3216 0.3373 0.3333
v -0.13539 0.05087 0.18680 0.3608 0.3804 0.3647
v -0.13583 0.04990 0.19811 0.3333 0.3529 0.3647
v -0.13718 0.04862 0.23389 0.3922 0.4157 0.4000
v -0.13334 0.05201 -0.12266 0.4706 0.4902 0.4745
v -0.13432 0.05464 -0.11756 0.6059 0.6392 0.6525
v -0.13511 0.05471 -0.10765 0.5049 0.5431 0.5696
v -0.13488 0.05301 -0.09943 0.5072 0.5438 0.5464
v -0.13164 0.05268 -0.09023 0.5294 0.5529 0.5451
v -0.13345 0.05240 -0.08256 0.6627 0.6882 0.6667
v -0.13552 0.05516 -0.07372 0.6711 0.7020 0.6924
v -0.13495 0.05956 -0.06603 0.6941 0.7255 0.7275
v -0.13520 0.05919 0.00406 0.6569 0.6775 0.6578
v -0.13501 0.05977 0.01073 0.8680 0.8850 0.8627
v -0.13607 0.05954 0.02128 0.7500 0.7657 0.7657
v -0.13505 0.05845 0.02917 0.7843 0.8000 0.8039
v -0.13439 0.05830 0.03985 0.7667 0.7863 0.7882
v -0.13290 0.05935 0.04526 0.7882 0.7961 0.7922
v -0.13682 0.06008 0.05654 0.7176 0.7392 0.7235
v -0.13751 0.06032 0.06661 0.7216 0.7294 0.7176
v -0.13726 0.06003 0.07257 0.6824 0.6902 0.6863
v -0.13357 0.05950 0.08320 0.6843 0.7059 0.6902
v -0.13079 0.05888 0.09218 0.6627 0.6863 0.6784
v -0.13031 0.05814 0.09814 0.6431 0.6667 0.6667
v -0.13138 0.05755 0.10649 0.5804 0.6039 0.6039
v -0.13581 0.05576 0.14018 0.6588 0.6824 0.6824
v -0.13729 0.05461 0.15261 0.6196 0.6431 0.6353
v -0.13101 0.05404 0.16185 0.5882 0.6118 0.6039
v -0.13449 0.05309 0.16896 0.6392 0.6627 0.6588
v -0.13557 0.06158 -0.06316 0.7078 0.7314 0.7235
v -0.13515 0.06337 -0.05859 0.7549 0.7882 0.7902
v -0.13584 0.06548 -0.04761 0.7020 0.7373 0.7333
v -0.13207 0.06559 -0.03109 0.6196 0.6549 0.6510
v -0.13310 0.06367 -0.01151 0.4824 0.5176 0.5137
v -0.13424 0.06222 -0.00406 0.6275 0.6497 0.6601
v -0.13269 0.06193 0.00211 0.6618 0.6863 0.6824
v -0.13171 0.06087 0.00953 0.8824 0.9020 0.8784
v -0.13103 0.06101 0.02393 0.7137 0.7294 0.7255
v -0.13103 0.06073 0.03347 0.6824 0.6980 0.7098
v -0.13014 0.06191 0.04038 0.5804 0.5882 0.5843
v -0.13037 0.06080 0.04364 0.8118 0.8118 0.8039
v -0.13075 0.06136 0.06726 0.6980 0.7176 0.6941
v -0.12883 0.03187 -0.31181 0.7294 0.7412 0.7137
v -0.12263 0.03312 -0.30099 0.6392 0.6627 0.6471
v -0.12869 0.03392 -0.29320 0.5216 0.5333 0.5059
v -0.12325 0.03486 -0.28033 0.4078 0.4275 0.4118
v -0.12654 0.03674 -0.26894 0.7373 0.7569 0.7294
v -0.12900 0.03781 -0.25543 0.7333 0.7529 0.7255
v -0.12492 0.03857 -0.24063 0.6667 0.6902 0.6745
v -0.12618 0.03898 -0.22798 0.7216 0.7451 0.7451
v -0.12225 0.03923 -0.20827 0.6824 0.7059 0.6980
v -0.12513 0.04006 -0.16575 0.6588 0.6784 0.6627
v -0.12956 0.04179 -0.15766 0.6510 0.6706 0.6549
v -0.12523 0.04372 -0.15031 0.7176 0.7412 0.7333
v -0.12531 0.04592 -0.14262 0.6118 0.6353 0.6373
v -0.12642 0.04895 -0.13353 0.6188 0.6525 0.6690
v -0.12739 0.05103 -0.12710 0.5961 0.6255 0.6235
v -0.12289 0.05132 0.18338 0.4000 0.4157 0.4118
v -0.12548 0.04945 0.19863 0.3922 0.4118 0.3961
v -0.12155 0.04916 0.21085 0.3647 0.3882 0.3882
v -0.12806 0.04895 0.21777 0.3451 0.3686 0.3686
v -0.12809 0.04878 0.26454 0.4824 0.4980 0.4941
v -0.12447 0.05436 -0.12367 0.6304 0.6627 0.6681
v -0.12652 0.05821 -0.11706 0.6569 0.6863 0.7039
v -0.12550 0.05840 -0.10817 0.5235 0.5608 0.5775
v -0.12631 0.05673 -0.09826 0.5765 0.6102 0.6298
v -0.12641 0.05467 -0.09127 0.5333 0.5678 0.5545
v -0.12453 0.05527 -0.08197 0.7712 0.8046 0.7961
v -0.12460 0.05791 -0.07319 0.7404 0.7710 0.7671
v -0.12577 0.05942 -0.06802 0.6719 0.7046 0.6993
v -0.12775 0.05940 0.09147 0.6627 0.6863 0.6784
v -0.12439 0.05893 0.09931 0.6353 0.6588 0.6549
v -0.12778 0.05777 0.11381 0.5529 0.5765 0.5765
v -0.12847 0.05711 0.12585 0.5804 0.6039 0.6039
v -0.12459 0.05675 0.13259 0.5608 0.5843 0.5843
v -0.12272 0.05594 0.14215 0.5961 0.6275 0.6353
v -0.12527 0.05480 0.15118 0.6373 0.6647 0.6686
v -0.12617 0.06170 -0.06400 0.7569 0.7873 0.7853
v -0.12499 0.06428 -0.05729 0.7085 0.7425 0.7425
v -0.12773 0.06550 -0.04969 0.7216 0.7529 0.7608
v -0.12490 0.06632 -0.04117 0.7176 0.7412 0.7412
v -0.12134 0.06675 -0.03104 0.6510 0.6863 0.6824
v -0.12679 0.06553 -0.02023 0.6235 0.6529 0.6510
v -0.12414 0.06557 -0.01123 0.6961 0.7294 0.7275
v -0.12547 0.06436 -0.00190 0.7229 0.7373 0.7386
v -0.12671 0.06350 0.00467 0.7634 0.7778 0.7673
v -0.12673 0.06297 0.01352 0.8333 0.8451 0.8333
v -0.12656 0.06294 0.02223 0.7451 0.7561 0.7522
v -0.12732 0.06263 0.02997 0.7118 0.7235 0.7235
v -0.12710 0.06345 0.03809 0.7333 0.7461 0.7343
v -0.12738 0.06273 0.04795 0.7804 0.7895 0.7725
v -0.12627 0.06310 0.05682 0.7275 0.7382 0.7235
v -0.12584 0.06288 0.06450 0.6588 0.6667 0.6549
v -0.12594 0.06206 0.07292 0.6706 0.6784 0.6706
v -0.12372 0.06188 0.07817 0.6784 0.6863 0.6824
v -0.11966 0.03088 -0.31181 0.6824 0.6941 0.6588
v -0.11700 0.03263 -0.29840 0.5686 0.5765 0.5647
v -0.11935 0.03425 -0.28988 0.5961 0.6157 0.5922
v -0.11354 0.03462 -0.27880 0.7333 0.7529 0.7255
v -0.11702 0.03615 -0.27047 0.7059 0.7255 0.6980
v -0.11631 0.03708 -0.26010 0.7137 0.7333 0.7098
v -0.11453 0.03766 -0.24466 0.6196 0.6353 0.6314
v -0.11611 0.03888 -0.22957 0.7098 0.7333 0.7333
v -0.11725 0.03890 -0.21890 0.6980 0.7216 0.7137
v -0.11757 0.03908 -0.18905 0.5765 0.6000 0.5843
v -0.12031 0.03927 -0.17686 0.6745 0.6941 0.6784
v -0.11587 0.04039 -0.16593 0.6392 0.6706 0.6784
v -0.11696 0.04195 -0.15830 0.7000 0.7157 0.7196
v -0.11879 0.04393 -0.15079 0.6523 0.6732 0.6575
v -0.11674 0.04639 -0.14251 0.6261 0.6497 0.6549
v -0.11600 0.04993 -0.13344 0.5506 0.5757 0.5835
v -0.11954 0.05100 -0.12982 0.5647 0.5922 0.5980
v -0.12013 0.05197 0.17483 0.7059 0.7216 0.7255
v -0.11327 0.05027 0.18980 0.3804 0.4000 0.3843
v -0.11842 0.04970 0.19494 0.3882 0.4078 0.3843
v -0.11515 0.04888 0.20298 0.4039 0.4235 0.4078
v -0.11315 0.04853 0.21889 0.4667 0.4863 0.4627
v -0.11831 0.04827 0.23104 0.5294 0.5490 0.5333
v -0.11660 0.04894 0.29280 0.4157 0.4314 0.4275
v -0.11756 0.05491 -0.12611 0.6627 0.6919 0.7020
v -0.11784 0.05919 -0.11961 0.6810 0.7085 0.7216
v -0.11824 0.06048 -0.10970 0.5098 0.5412 0.5529
v -0.11883 0.05985 -0.09805 0.5020 0.5216 0.5373
v -0.11628 0.05900 -0.08924 0.5765 0.6013 0.6078
v -0.11764 0.05796 -0.08154 0.6358 0.6647 0.6569
v -0.11798 0.05910 -0.07417 0.7176 0.7412 0.7412
v -0.11861 0.05990 -0.06875 0.6627 0.6784 0.6902
v -0.11959 0.05979 0.10058 0.6745 0.6980 0.6980
v -0.11585 0.05968 0.10839 0.6490 0.6725 0.6725
v -0.11958 0.05833 0.11587 0.5647 0.5882 0.5882
v -0.11883 0.05799 0.12416 0.5922 0.6157 0.6157
v -0.11675 0.05729 0.13264 0.5922 0.6078 0.6118
v -0.11684 0.05507 0.15085 0.5608 0.5922 0.6000
v -0.11730 0.05367 0.15925 0.5275 0.5569 0.5549
v -0.11401 0.05261 0.16843 0.7255 0.7490 0.7490
v -0.11643 0.06077 -0.11396 0.6980 0.7255 0.7490
v -0.11534 0.06112 -0.10689 0.4980 0.5333 0.5529
v -0.11485 0.06088 -0.07064 0.7686 0.7922 0.7922
v -0.11929 0.06218 -0.06479 0.7320 0.7595 0.7556
v -0.11422 0.06452 -0.05840 0.6784 0.7098 0.7176
v -0.11689 0.06602 -0.04759 0.6843 0.7176 0.7196
v -0.11679 0.06723 -0.03755 0.6039 0.6275 0.6275
v -0.11771 0.06705 -0.02306 0.6431 0.6784 0.6745
v -0.11833 0.06667 -0.01405 0.5725 0.5922 0.6039
v -0.11666 0.06674 -0.00597 0.7333 0.7686 0.7647
v -0.11716 0.06626 0.00381 0.6608 0.6725 0.6510
v -0.11729 0.06610 0.01527 0.8745 0.8941 0.8667
v -0.11747 0.06564 0.02496 0.7765 0.7843 0.7686
v -0.11713 0.06583 0.03236 0.8745 0.8824 0.8569
v -0.11548 0.06657 0.04452 0.8392 0.8431 0.8235
v -0.11646 0.06600 0.05645 0.7987 0.8131 0.7922
v -0.11695 0.06547 0.06377 0.7549 0.7686 0.7588
v -0.11774 0.06408 0.07418 0.6255 0.6333 0.6294
v -0.11732 0.06313 0.08339 0.6725 0.6882 0.6882
v -0.11646 0.06218 0.09126 0.6353 0.6588 0.6562
v -0.11588 0.06119 0.09897 0.6523 0.6758 0.6758
v -0.10452 0.02878 -0.31181 0.6392 0.6510 0.6157
v -0.11015 0.03133 -0.29832 0.5412 0.5608 0.5333
v -0.11224 0.03371 -0.28836 0.5529 0.5608 0.5490
v -0.10750 0.03289 -0.28345 0.7235 0.7451 0.7255
v -0.10600 0.03394 -0.27504 0.7137 0.7333 0.7098
v -0.10765 0.03616 -0.26483 0.6510 0.6706 0.6549
v -0.10763 0.03737 -0.25294 0.6510 0.6706 0.6471
v -0.10437 0.03764 -0.23997 0.7020 0.7255 0.7098
v -0.10817 0.03837 -0.23000 0.7059 0.7294 0.7216
v -0.10563 0.03912 -0.20894 0.6627 0.6824 0.6941
v -0.10558 0.03942 -0.18657 0.6471 0.6706 0.6706
v -0.11216 0.03941 -0.18015 0.6392 0.6627 0.6627
v -0.10654 0.03970 -0.17243 0.6392 0.6588 0.6706
v -0.10814 0.04212 -0.15963 0.6569 0.6824 0.6784
v -0.10870 0.04453 -0.15095 0.6343 0.6480 0.6480
v -0.10782 0.04742 -0.14174 0.6188 0.6478 0.6580
v -0.10879 0.05060 -0.13518 0.6129 0.6342 0.6359
v -0.11008 0.05111 0.17994 0.4431 0.4588 0.4549
v -0.10450 0.04952 0.19496 0.3843 0.4000 0.3961
v -0.10757 0.04922 0.20121 0.3882 0.4078 0.3922
v -0.10462 0.04883 0.31182 0.3765 0.3961 0.3804
v -0.10654 0.05427 -0.13210 0.6641 0.6954 0.7046
v -0.10814 0.05718 -0.12504 0.6722 0.6941 0.7059
v -0.10831 0.05904 -0.11996 0.6412 0.6667 0.6804
v -0.10996 0.06001 -0.08917 0.5706 0.5902 0.6020
v -0.10732 0.05993 -0.08199 0.6345 0.6604 0.6502
v -0.11256 0.06045 -0.07425 0.7529 0.7765 0.7686
v -0.10967 0.05981 0.11953 0.6255 0.6490 0.6451
v -0.10771 0.05893 0.12767 0.5373 0.5627 0.5725
v -0.10838 0.05802 0.13269 0.5059 0.5373 0.5451
v -0.10872 0.05664 0.14022 0.5412 0.5765 0.5824
v -0.10729 0.05492 0.15061 0.5647 0.5843 0.5961
v -0.10615 0.05384 0.15753 0.5804 0.6039 0.6039
v -0.10817 0.05259 0.16577 0.6863 0.7098 0.7020
v -0.10883 0.06103 -0.11589 0.6667 0.6980 0.7098
v -0.10807 0.06229 -0.11051 0.6627 0.6961 0.7118
v -0.10917 0.06154 -0.09791 0.5046 0.5294 0.5516
v -0.10814 0.06210 -0.07227 0.7373 0.7667 0.7569
v -0.10775 0.06418 -0.06424 0.6510 0.6814 0.6902
v -0.10766 0.06596 -0.05205 0.6745 0.7059 0.7137
v -0.10916 0.06739 -0.04034 0.6000 0.6314 0.6392
v -0.11155 0.06773 -0.02899 0.5725 0.5922 0.6039
v -0.11171 0.06792 -0.01615 0.5765 0.5961 0.6078
v -0.10668 0.06822 -0.00587 0.7176 0.7373 0.7490
v -0.10476 0.06791 0.00945 0.9333 0.9373 0.9059
v -0.10617 0.06778 0.03625 0.8431 0.8471 0.8235
v -0.10452 0.06786 0.05683 0.8235 0.8275 0.8039
v -0.10540 0.06739 0.06656 0.7922 0.8118 0.7961
v -0.11076 0.06591 0.07448 0.7490 0.7647 0.7608
v -0.10712 0.06620 0.08185 0.7216 0.7451 0.7373
v -0.10853 0.06489 0.09087 0.6157 0.6392 0.6392
v -0.10865 0.06326 0.10047 0.5598 0.5863 0.5853
v -0.10694 0.06186 0.11071 0.5961 0.6222 0.6248
v -0.10584 0.06104 0.11666 0.6118 0.6471 0.6431
v -0.09928 0.03029 -0.29725 0.5098 0.5275 0.4941
v -0.09958 0.03146 -0.28509 0.7451 0.7686 0.7529
v -0.09991 0.03183 -0.27650 0.6353 0.6549 0.6353
v -0.10013 0.03384 -0.26824 0.7608 0.7804 0.7647
v -0.09853 0.03744 -0.25050 0.7255 0.7451 0.7216
v -0.10004 0.03833 -0.22870 0.6157 0.6392 0.6314
v -0.09560 0.03873 -0.21422 0.6588 0.6824 0.6824
v -0.10027 0.04222 -0.15959 0.6261 0.6405 0.6301
v -0.09849 0.04576 -0.15039 0.6275 0.6444 0.6484
v -0.09998 0.04856 -0.14280 0.5817 0.6052 0.6131
v -0.10179 0.05142 -0.13671 0.7020 0.7216 0.7333
v -0.09548 0.05154 0.17244 0.6902 0.7098 0.7216
v -0.09809 0.05143 0.17415 0.6706 0.6863 0.6902
v -0.10093 0.05054 0.18431 0.4216 0.4255 0.4196
v -0.09991 0.04956 0.19604 0.3804 0.4000 0.3765
v -0.09780 0.04871 0.20553 0.4471 0.4608 0.4510
v -0.10334 0.04824 0.21013 0.4196 0.4275 0.4235
v -0.09628 0.04810 0.25777 0.4980 0.5059 0.5020
v -0.10290 0.04845 0.27731 0.4431 0.4588 0.4549
v -0.09704 0.04862 0.29503 0.4275 0.4471 0.4314
v -0.09708 0.05214 -0.13859 0.6392 0.6706 0.6824
v -0.09970 0.05454 -0.13428 0.6150 0.6425 0.6523
v -0.09894 0.05786 -0.12538 0.6588 0.6824 0.6941
v -0.10340 0.05997 -0.11892 0.6745 0.7059 0.7137
v -0.10190 0.06060 -0.08057 0.4706 0.4902 0.4745
v -0.10161 0.06061 0.12575 0.6000 0.6235 0.6235
v -0.09891 0.05973 0.13234 0.5373 0.5667 0.5647
v -0.09851 0.05706 0.14280 0.5346 0.5686 0.5765
v -0.09904 0.05458 0.15132 0.5431 0.5784 0.5863
v -0.09995 0.05349 0.15921 0.5412 0.5804 0.5843
v -0.10238 0.05235 0.16621 0.6863 0.7098 0.7098
v -0.09958 0.06167 -0.11708 0.6206 0.6461 0.6578
v -0.10366 0.06299 -0.10543 0.6863 0.7176 0.7294
v -0.09926 0.06309 -0.09996 0.6176 0.6471 0.6686
v -0.10193 0.06270 -0.08939 0.5294 0.5516 0.5686
v -0.09910 0.06279 -0.08257 0.5343 0.5608 0.5686
v -0.09923 0.06348 -0.07475 0.7111 0.7307 0.7268
v -0.09848 0.06479 -0.06605 0.6588 0.6902 0.6980
v -0.09914 0.06543 -0.05862 0.6196 0.6549 0.6510
v -0.09709 0.06624 -0.04906 0.6039 0.6235 0.6353
v -0.09899 0.06751 -0.04179 0.7157 0.7275 0.7412
v -0.10273 0.06818 -0.03386 0.6157 0.6314 0.6431
v -0.10119 0.06907 -0.01972 0.6000 0.6196 0.6314
v -0.10220 0.06846 -0.01015 0.7569 0.7765 0.7882
v -0.09818 0.06847 -0.00563 0.7137 0.7333 0.7451
v -0.10105 0.06851 0.02405 0.9059 0.9255 0.9020
v -0.10284 0.06806 0.04515 0.8392 0.8431 0.8196
v -0.09561 0.06852 0.06199 0.8039 0.8157 0.7882
v -0.09838 0.06802 0.07507 0.7490 0.7725 0.7647
v -0.10111 0.06690 0.08550 0.7490 0.7686 0.7451
v -0.09881 0.06685 0.09141 0.7176 0.7333 0.7294
v -0.10063 0.06578 0.09879 0.7020 0.7314 0.7255
v -0.09889 0.06431 0.10969 0.5791 0.6065 0.6157
v -0.10134 0.06197 0.11903 0.5784 0.6000 0.6059
v -0.09672 0.06165 0.12627 0.5196 0.5451 0.5549
v -0.09638 0.07024 -0.02929 0.6719 0.7020 0.7098
v -0.09352 0.02862 -0.31181 0.6353 0.6353 0.6039
v -0.08806 0.03033 -0.29517 0.6824 0.7059 0.7059
v -0.09161 0.03079 -0.28335 0.6275 0.6549 0.6588
v -0.09293 0.03205 -0.27393 0.7706 0.7922 0.7765
v -0.09017 0.03431 -0.26423 0.6922 0.7059 0.6824
v -0.09025 0.03668 -0.24969 0.7059 0.7255 0.7098
v -0.09063 0.03802 -0.22594 0.6235 0.6431 0.6549
v -0.09143 0.03850 -0.21445 0.6667 0.6863 0.6980
v -0.08836 0.03912 -0.20498 0.6275 0.6431 0.6471
v -0.09251 0.03951 -0.19756 0.6353 0.6588 0.6588
v -0.09263 0.03961 -0.18391 0.6353 0.6510 0.6471
v -0.09098 0.04085 -0.16953 0.6235 0.6353 0.6353
v -0.09224 0.04277 -0.15956 0.6275 0.6392 0.6353
v -0.09029 0.04402 -0.15753 0.6608 0.6765 0.6765
v -0.08967 0.04654 -0.15277 0.6235 0.6392 0.6431
v -0.09115 0.04992 -0.14366 0.6101 0.6303 0.6353
v -0.09006 0.05140 0.17720 0.7314 0.7471 0.7431
v -0.09033 0.05084 0.18281 0.5196 0.5353 0.5392
v -0.09004 0.04945 0.19747 0.4065 0.4275 0.4118
v -0.08828 0.04819 0.21290 0.4275 0.4431 0.4333
v -0.09061 0.04722 0.22324 0.3686 0.3863 0.3804
v -0.09262 0.04765 0.23914 0.4039 0.4235 0.4078
v -0.09054 0.04844 0.27052 0.4078 0.4235 0.4196
v -0.09209 0.04849 0.28314 0.4118 0.4275 0.4235
v -0.09154 0.05351 -0.13981 0.6725 0.7020 0.7078
v -0.09106 0.05590 -0.13432 0.5710 0.5906 0.5976
v -0.09118 0.05834 -0.12654 0.7126 0.7389 0.7440
v -0.09333 0.05998 0.13611 0.5020 0.5359 0.5464
v -0.09355 0.05797 0.14392 0.4588 0.4902 0.5020
v -0.09140 0.05607 0.15000 0.5124 0.5503 0.5621
v -0.09073 0.05389 0.15992 0.5559 0.5882 0.5961
v -0.08930 0.05222 0.16898 0.6490 0.6667 0.6569
v -0.09295 0.06093 -0.12240 0.6667 0.7020 0.6980
v -0.09292 0.06146 -0.11845 0.6627 0.6941 0.7020
v -0.09449 0.06307 -0.11114 0.5961 0.6275 0.6353
v -0.08921 0.06377 -0.09290 0.6078 0.6392 0.6510
v -0.09425 0.06393 -0.08267 0.5451 0.5608 0.5725
v -0.09231 0.06474 -0.07526 0.6176 0.6353 0.6431
v -0.08767 0.06514 -0.06844 0.6275 0.6471 0.6314
v -0.08884 0.06571 -0.05454 0.6627 0.6863 0.6863
v -0.09085 0.06698 -0.04536 0.6627 0.6784 0.6863
v -0.09213 0.06916 -0.03652 0.7176 0.7333 0.7373
v -0.08970 0.06929 -0.00572 0.7137 0.7333 0.7451
v -0.08947 0.06895 0.00555 0.8000 0.8118 0.7882
v -0.09144 0.06903 0.01527 0.8725 0.8882 0.8588
v -0.09238 0.06893 0.03269 0.8275 0.8392 0.8118
v -0.09324 0.06890 0.05086 0.7725 0.7765 0.7529
v -0.08907 0.06918 0.05615 0.7765 0.7882 0.7529
v -0.08685 0.06926 0.06109 0.7804 0.7843 0.7529
v -0.08968 0.06815 0.08676 0.6549 0.6784 0.6627
v -0.09053 0.06735 0.09801 0.6941 0.7176 0.7176
v -0.09452 0.06614 0.10500 0.6471 0.6784 0.6863
v -0.08958 0.06490 0.11815 0.5431 0.5745 0.5843
v -0.09120 0.06318 0.12622 0.4431 0.4745 0.4843
v -0.08905 0.06255 0.13129 0.4255 0.4569 0.4686
v -0.08798 0.07202 -0.03541 0.8327 0.8536 0.8523
v -0.09271 0.07285 -0.03103 0.7303 0.7545 0.7584
v -0.09081 0.07380 -0.02249 0.5789 0.6093 0.6230
v -0.08991 0.07052 -0.01330 0.6980 0.7255 0.7359
v -0.08821 0.06935 0.01229 0.8510 0.8627 0.8353
v -0.08823 0.06957 0.02360 0.8824 0.8902 0.8784
v -0.08773 0.08290 -0.03521 0.7441 0.7618 0.7520
v -0.09214 0.08245 -0.03092 0.6740 0.6923 0.6967
v -0.08870 0.08242 -0.02142 0.5455 0.5655 0.5878
v -0.08859 0.08793 -0.03465 0.7255 0.7412 0.7373
v -0.09035 0.08842 -0.03159 0.7129 0.7333 0.7404
v -0.08866 0.08791 -0.02480 0.6255 0.6451 0.6608
v -0.07887 0.02513 -0.31181 0.6765 0.6882 0.6529
v -0.08153 0.02755 -0.31181 0.6345 0.6424 0.6133
v -0.08289 0.03035 -0.29497 0.6863 0.7216 0.7020
v -0.08292 0.03113 -0.28372 0.7392 0.7608 0.7471
v -0.08035 0.03248 -0.27386 0.7216 0.7412 0.7137
v -0.08119 0.03397 -0.26366 0.6608 0.6824 0.6608
v -0.08273 0.03505 -0.25703 0.6706 0.7059 0.6863
v -0.08263 0.03585 -0.24779 0.7007 0.7255 0.7111
v -0.08229 0.03670 -0.23780 0.6980 0.7275 0.7216
v -0.08156 0.03780 -0.22184 0.6275 0.6510 0.6510
v -0.08510 0.03841 -0.21256 0.6471 0.6627 0.6745
v -0.08139 0.03881 -0.20075 0.6745 0.6902 0.7020
v -0.08379 0.03992 -0.18526 0.6118 0.6275 0.6314
v -0.08544 0.04011 -0.17792 0.5961 0.6118 0.6078
v -0.08206 0.04114 -0.16972 0.6353 0.6431 0.6412
v -0.08329 0.04280 -0.16318 0.6725 0.6882 0.6843
v -0.08154 0.04532 -0.15859 0.6392 0.6549 0.6541
v -0.08239 0.04821 -0.15131 0.5681 0.5882 0.5927
v -0.08443 0.05081 -0.14512 0.7039 0.7245 0.7284
v -0.08260 0.05094 0.18647 0.5739 0.5895 0.5856
v -0.08170 0.05006 0.19585 0.4627 0.4804 0.4784
v -0.08157 0.04935 0.20294 0.4366 0.4562 0.4379
v -0.08488 0.04846 0.21209 0.4088 0.4225 0.4108
v -0.08271 0.04757 0.22033 0.4222 0.4444 0.4261
v -0.08125 0.04723 0.22792 0.3895 0.4118 0.3935
v -0.08035 0.04598 0.23645 0.3725 0.4078 0.3882
v -0.08216 0.04798 0.24357 0.4118 0.4314 0.4157
v -0.08519 0.04831 0.25761 0.4314 0.4510 0.4353
v -0.08245 0.04844 0.26541 0.4314 0.4510 0.4353
v -0.08306 0.04876 0.27736 0.4980 0.5137 0.5098
v -0.08490 0.04880 0.29216 0.4039 0.4235 0.4078
v -0.08614 0.04815 0.31182 0.3961 0.4118 0.4078
v -0.08272 0.05352 -0.14309 0.6425 0.6634 0.6745
v -0.08271 0.05633 -0.13307 0.6275 0.6451 0.6458
v -0.08270 0.05955 -0.12736 0.7059 0.7341 0.7365
v -0.08294 0.05921 0.14545 0.4810 0.5176 0.5333
v -0.08117 0.05732 0.15265 0.4765 0.5157 0.5373
v -0.08297 0.05473 0.16145 0.4882 0.5294 0.5422
v -0.08061 0.05330 0.17122 0.5176 0.5402 0.5284
v -0.08293 0.05204 0.17679 0.7647 0.7843 0.7686
v -0.08394 0.06197 -0.11849 0.6902 0.7216 0.7294
v -0.08630 0.06315 -0.10688 0.5961 0.6275 0.6353
v -0.08613 0.06420 -0.08368 0.4588 0.4784 0.4941
v -0.07893 0.06496 -0.07642 0.5176 0.5294 0.5490
v -0.07928 0.06617 -0.05289 0.6863 0.7098 0.7020
v -0.08117 0.06767 -0.04564 0.6451 0.6608 0.6647
v -0.08522 0.06913 -0.04068 0.8431 0.8588 0.8627
v -0.08550 0.06924 -0.00190 0.6667 0.6902 0.6902
v -0.08467 0.06921 0.00234 0.6157 0.6196 0.5961
v -0.08661 0.06928 0.04040 0.8078 0.8196 0.7922
v -0.08553 0.06931 0.06856 0.6941 0.7176 0.7020
v -0.08348 0.06907 0.07769 0.7412 0.7608 0.7373
v -0.08418 0.06703 0.11050 0.5490 0.5843 0.5902
v -0.08439 0.06620 0.11651 0.5399 0.5712 0.5817
v -0.08187 0.06573 0.12467 0.5549 0.5863 0.5961
v -0.07972 0.06423 0.13318 0.4327 0.4693 0.4850
v -0.08166 0.06102 0.14132 0.4647 0.5059 0.5176
v -0.08196 0.07304 -0.03844 0.8342 0.8553 0.8513
v -0.08401 0.07415 -0.01120 0.6706 0.6969 0.7081
v -0.08031 0.07408 -0.00379 0.6157 0.6501 0.6623
v -0.07973 0.07024 0.00544 0.8706 0.8902 0.8706
v -0.07908 0.07448 0.01417 0.7824 0.8013 0.8026
v -0.07975 0.07250 0.02163 0.8280 0.8454 0.8409
v -0.07991 0.07254 0.02947 0.6739 0.6919 0.6964
v -0.07901 0.07234 0.03773 0.7477 0.7647 0.7529
v -0.08222 0.07071 0.04775 0.7725 0.7869 0.7810
v -0.08082 0.07090 0.05689 0.7725 0.7908 0.7935
v -0.08098 0.07031 0.06310 0.6627 0.6824 0.6549
v -0.08293 0.08315 -0.03765 0.7349 0.7541 0.7482
v -0.08404 0.08121 -0.01238 0.5903 0.6127 0.6413
v -0.08007 0.08081 -0.00520 0.6749 0.7059 0.7185
v -0.07832 0.08072 0.01597 0.7542 0.7739 0.7856
v -0.07826 0.08292 0.02256 0.7655 0.7914 0.7878
v -0.07824 0.08170 0.03016 0.7451 0.7686 0.7686
v -0.08112 0.08817 -0.03762 0.7987 0.8196 0.8183
v -0.08177 0.09168 -0.03055 0.7490 0.7706 0.7765
v -0.08417 0.08995 -0.02115 0.6680 0.6863 0.7059
v -0.08222 0.08834 -0.01315 0.5984 0.6188 0.6439
v -0.07929 0.08834 -0.00622 0.6654 0.6863 0.7020
v -0.07811 0.08856 0.01672 0.6706 0.6863 0.6902
v -0.07808 0.08727 0.02147 0.6490 0.6725 0.6725
v -0.07300 0.02405 -0.30864 0.7110 0.7231 0.6910
v -0.07449 0.02735 -0.30585 0.6318 0.6482 0.6255
v -0.07406 0.02967 -0.29921 0.5461 0.5647 0.5333
v -0.07452 0.03091 -0.28690 0.6627 0.6824 0.6588
v -0.07527 0.03112 -0.28375 0.6222 0.6418 0.6170
v -0.07391 0.03246 -0.27577 0.6843 0.7020 0.6882
v -0.07129 0.03365 -0.26229 0.6588 0.6784 0.6549
v -0.07302 0.03398 -0.25540 0.6137 0.6314 0.6216
v -0.07623 0.03557 -0.24521 0.6863 0.7176 0.7255
v -0.07196 0.03552 -0.23997 0.6784 0.6980 0.7098
v -0.07436 0.03737 -0.21961 0.7216 0.7569 0.7529
v -0.07378 0.03853 -0.20244 0.7765 0.8039 0.8078
v -0.07349 0.03876 -0.19727 0.7216 0.7569 0.7529
v -0.07404 0.03914 -0.18714 0.6588 0.6882 0.6824
v -0.07277 0.04021 -0.17499 0.5196 0.5431 0.5431
v -0.07530 0.04153 -0.16817 0.5765 0.5922 0.5882
v -0.07707 0.04323 -0.16390 0.6118 0.6275 0.6235
v -0.07139 0.04368 -0.16529 0.6020 0.6196 0.6137
v -0.07203 0.04604 -0.16097 0.6118 0.6259 0.6282
v -0.07357 0.04995 -0.15213 0.6817 0.6948 0.6941
v -0.07297 0.05191 0.18555 0.7098 0.7333 0.7255
v -0.07555 0.05086 0.19357 0.6118 0.6248 0.6183
v -0.07321 0.05028 0.20301 0.4451 0.4647 0.4451
v -0.07278 0.04957 0.21171 0.4235 0.4451 0.4255
v -0.07270 0.04842 0.22133 0.3752 0.4092 0.3582
v -0.07516 0.04714 0.23099 0.4706 0.4954 0.4680
v -0.07409 0.04640 0.23979 0.3443 0.3796 0.3451
v -0.07078 0.04522 0.24934 0.3353 0.3608 0.3392
v -0.07420 0.04679 0.25272 0.4020 0.4235 0.4118
v -0.07161 0.04877 0.26030 0.4000 0.4235 0.4078
v -0.07525 0.04916 0.26932 0.3765 0.3961 0.4078
v -0.07564 0.04868 0.28319 0.5686 0.5922 0.5843
v -0.07526 0.04925 0.29703 0.4000 0.4196 0.4039
v -0.07052 0.04875 0.31012 0.3608 0.3778 0.3725
v -0.07214 0.05375 -0.15010 0.7294 0.7529 0.7529
v -0.07327 0.05449 -0.14443 0.6353 0.6575 0.6614
v -0.07504 0.05712 -0.13349 0.7363 0.7578 0.7593
v -0.07073 0.05952 -0.12953 0.7647 0.8118 0.8039
v -0.07609 0.06061 0.14549 0.4000 0.4431 0.4588
v -0.07507 0.05882 0.15097 0.3817 0.4268 0.4529
v -0.07381 0.05685 0.16019 0.4020 0.4500 0.4824
v -0.07286 0.05513 0.16875 0.3696 0.4206 0.4500
v -0.07392 0.05311 0.17841 0.5843 0.6118 0.6052
v -0.07637 0.06073 -0.12466 0.7059 0.7373 0.7451
v -0.07512 0.06174 -0.12039 0.7137 0.7451 0.7529
v -0.07566 0.06259 -0.11228 0.6667 0.6902 0.6902
v -0.07297 0.06347 -0.09891 0.6196 0.6510 0.6588
v -0.07722 0.06421 -0.08800 0.5608 0.5922 0.6000
v -0.06993 0.06502 -0.08111 0.4706 0.4902 0.5020
v -0.07682 0.06540 -0.06188 0.6588 0.6745 0.6784
v -0.07236 0.06631 -0.05387 0.6431 0.6784 0.6667
v -0.07328 0.06796 -0.04764 0.8275 0.8451 0.8441
v -0.07523 0.06883 0.10227 0.6000 0.6314 0.6392
v -0.07487 0.06818 0.11232 0.5255 0.5569 0.5647
v -0.07308 0.06717 0.12616 0.4745 0.5098 0.5196
v -0.07339 0.06546 0.13474 0.5203 0.5569 0.5725
v -0.07312 0.06335 0.14230 0.4118 0.4521 0.4739
v -0.07075 0.06207 0.14869 0.3657 0.4216 0.4520
v -0.07343 0.07388 -0.04644 0.8497 0.8684 0.8614
v -0.07697 0.07320 -0.04182 0.8118 0.8314 0.8190
v -0.07708 0.07406 0.00419 0.8505 0.8657 0.8598
v -0.07764 0.07553 0.01114 0.8294 0.8451 0.8451
v -0.07775 0.07581 0.03416 0.7608 0.7784 0.7824
v -0.07756 0.07351 0.04067 0.7346 0.7556 0.7647
v -0.07663 0.07471 0.04765 0.8131 0.8288 0.8405
v -0.07557 0.07461 0.05540 0.7706 0.7895 0.8020
v -0.07336 0.07353 0.06510 0.7542 0.7830 0.7943
v -0.07191 0.07215 0.07317 0.6667 0.7010 0.7108
v -0.07514 0.06991 0.08148 0.6647 0.6843 0.6784
v -0.07494 0.06945 0.09219 0.6275 0.6588 0.6667
v -0.07408 0.08186 -0.04614 0.8052 0.8248 0.8231
v -0.07643 0.08244 -0.04156 0.8016 0.8184 0.8114
v -0.07767 0.08323 -0.00066 0.6824 0.7157 0.7294
v -0.07668 0.08282 0.00333 0.7740 0.7986 0.7971
v -0.07784 0.08240 0.01260 0.7647 0.7848 0.7931
v -0.07796 0.08600 0.02240 0.6549 0.6902 0.6863
v -0.07769 0.08373 0.03233 0.7353 0.7529 0.7559
v -0.07728 0.08194 0.03860 0.7033 0.7242 0.7224
v -0.07572 0.08308 0.04740 0.6992 0.7182 0.7345
v -0.07323 0.08347 0.05677 0.7137 0.7363 0.7500
v -0.07044 0.08107 0.06551 0.7206 0.7480 0.7627
v -0.07389 0.08798 -0.04549 0.7216 0.7451 0.7451
v -0.07330 0.08896 -0.04027 0.8353 0.8595 0.8647
v -0.07382 0.09339 -0.03061 0.7569 0.7908 0.7908
v -0.07367 0.09419 -0.01867 0.7346 0.7556 0.7634
v -0.07421 0.09228 -0.01185 0.7578 0.7775 0.7843
v -0.07525 0.08970 -0.00372 0.7209 0.7418 0.7516
v -0.07416 0.08978 0.00449 0.8259 0.8424 0.8337
v -0.07378 0.09056 0.01255 0.8324 0.8559 0.8412
v -0.07409 0.09102 0.02199 0.8118 0.8290 0.8290
v -0.07500 0.09004 0.03066 0.7591 0.7782 0.7860
v -0.07439 0.09052 0.03868 0.7302 0.7482 0.7663
v -0.07336 0.08978 0.04701 0.6831 0.7020 0.7176
v -0.07208 0.08963 0.05656 0.7578 0.7843 0.7912
v -0.07060 0.08831 0.06388 0.6824 0.7118 0.7216
v -0.07010 0.09613 -0.02694 0.6588 0.6902 0.6980
v -0.07294 0.09545 -0.02324 0.6745 0.6941 0.7059
v -0.06624 0.02218 -0.30801 0.7076 0.7146 0.6780
v -0.06492 0.02566 -0.30298 0.6412 0.6569 0.6353
v -0.06496 0.02830 -0.29871 0.6471 0.6618 0.6422
v -0.06464 0.02975 -0.29089 0.6549 0.6758 0.6562
v -0.06450 0.03147 -0.28097 0.6765 0.6961 0.6902
v -0.06589 0.03318 -0.26223 0.6471 0.6667 0.6431
v -0.06443 0.03491 -0.24049 0.6765 0.7000 0.7000
v -0.06180 0.03585 -0.22112 0.7373 0.7608 0.7608
v -0.06759 0.03716 -0.21421 0.7569 0.7765 0.7882
v -0.06146 0.03799 -0.19727 0.7647 0.7804 0.7843
v -0.06457 0.03894 -0.18457 0.6882 0.7118 0.7039
v -0.06463 0.04015 -0.17561 0.5706 0.5902 0.5882
v -0.06496 0.04203 -0.16972 0.7176 0.7346 0.7261
v -0.06454 0.04448 -0.16720 0.6556 0.6732 0.6745
v -0.06512 0.04680 -0.16133 0.6137 0.6281 0.6190
v -0.06617 0.05030 -0.15423 0.6961 0.7137 0.7078
v -0.06931 0.05174 0.19053 0.7451 0.7608 0.7647
v -0.06582 0.05159 0.19413 0.6745 0.6961 0.7020
v -0.06226 0.05153 0.20297 0.5294 0.5804 0.5020
v -0.06260 0.05031 0.21436 0.4353 0.4588 0.4510
v -0.06494 0.04941 0.22068 0.3830 0.4026 0.3987
v -0.06512 0.04822 0.22938 0.5137 0.5294 0.5255
v -0.06449 0.04874 0.23732 0.4902 0.5059 0.5020
v -0.06660 0.04721 0.24798 0.4745 0.5078 0.4765
v -0.06665 0.04673 0.25767 0.3804 0.4020 0.3990
v -0.06326 0.04472 0.26427 0.3444 0.3752 0.3373
v -0.06735 0.04952 0.27488 0.2588 0.2941 0.3137
v -0.06726 0.04903 0.28727 0.3255 0.3451 0.3294
v -0.06617 0.04917 0.29862 0.3529 0.3725 0.3569
v -0.06424 0.04882 0.30963 0.3941 0.4098 0.4059
v -0.06499 0.05355 -0.15251 0.6562 0.6758 0.6732
v -0.06454 0.05578 -0.14130 0.7098 0.7271 0.7286
v -0.06609 0.05820 -0.13477 0.7216 0.7529 0.7477
v -0.06605 0.06017 -0.12605 0.6333 0.6510 0.6588
v -0.06684 0.06019 0.15409 0.3431 0.3941 0.4275
v -0.06551 0.05885 0.16002 0.3908 0.4418 0.4771
v -0.06322 0.05699 0.16970 0.3941 0.4569 0.4843
v -0.06489 0.05401 0.18001 0.4529 0.4980 0.5118
v -0.06593 0.05279 0.18616 0.5739 0.5974 0.5974
v -0.06111 0.05222 0.19511 0.6588 0.6980 0.6667
v -0.06798 0.06176 -0.11646 0.6824 0.7020 0.7176
v -0.06616 0.06261 -0.10715 0.6824 0.7020 0.7137
v -0.06322 0.06544 -0.09745 0.6845 0.7111 0.7163
v -0.06368 0.06688 -0.09134 0.5778 0.6007 0.6085
v -0.06287 0.06530 -0.07969 0.5020 0.5333 0.5412
v -0.06574 0.06526 -0.06983 0.6588 0.6824 0.6824
v -0.06422 0.06700 -0.05543 0.7712 0.7882 0.7830
v -0.06487 0.06846 -0.05085 0.8118 0.8314 0.8255
v -0.06529 0.06837 0.12676 0.4471 0.4824 0.5020
v -0.06570 0.06688 0.13596 0.4392 0.4837 0.4993
v -0.06514 0.06458 0.14466 0.3950 0.4459 0.4683
v -0.06538 0.06266 0.15037 0.3114 0.3592 0.3976
v -0.06229 0.07466 -0.09626 0.6725 0.7039 0.7127
v -0.06243 0.07289 -0.09256 0.6144 0.6379 0.6510
v -0.06196 0.07391 -0.05250 0.8314 0.8549 0.8471
v -0.06577 0.07378 -0.05046 0.8229 0.8438 0.8399
v -0.06708 0.07487 0.07510 0.4908 0.5314 0.5471
v -0.06435 0.07322 0.08192 0.4584 0.4929 0.4949
v -0.06586 0.07077 0.08887 0.5745 0.6059 0.6137
v -0.06465 0.07064 0.09748 0.5569 0.5961 0.6039
v -0.06369 0.06976 0.10619 0.4784 0.5098 0.5216
v -0.06267 0.08121 -0.09662 0.6902 0.7216 0.7333
v -0.06170 0.08046 -0.09169 0.5621 0.5895 0.6000
v -0.06193 0.08190 -0.05254 0.7059 0.7265 0.7353
v -0.06698 0.08281 -0.04993 0.7561 0.7804 0.7827
v -0.06880 0.08338 0.06926 0.6824 0.7176 0.7137
v -0.06649 0.08193 0.07401 0.5266 0.5643 0.5790
v -0.06253 0.08163 0.08131 0.5103 0.5431 0.5544
v -0.06562 0.08777 -0.04806 0.7418 0.7660 0.7752
v -0.06528 0.09162 -0.03795 0.8422 0.8706 0.8716
v -0.06788 0.09373 -0.03214 0.8078 0.8353 0.8392
v -0.06840 0.09511 -0.01328 0.8588 0.8745 0.8784
v -0.06635 0.09356 -0.00326 0.8196 0.8353 0.8366
v -0.06443 0.09451 0.00527 0.8412 0.8549 0.8392
v -0.06875 0.09300 0.01119 0.8627 0.8804 0.8706
v -0.06834 0.09388 0.02109 0.8431 0.8588 0.8549
v -0.06787 0.09416 0.03078 0.8059 0.8216 0.8216
v -0.06567 0.09481 0.04299 0.9059 0.9216 0.9255
v -0.06744 0.09351 0.04970 0.8157 0.8353 0.8471
v -0.06830 0.09189 0.05858 0.7961 0.8157 0.8275
v -0.06637 0.09134 0.06713 0.7922 0.8118 0.8235
v -0.06545 0.08868 0.07476 0.6063 0.6290 0.6361
v -0.06178 0.08884 0.08119 0.5346 0.5582 0.5712
v -0.06304 0.09659 -0.02836 0.8176 0.8412 0.8412
v -0.06367 0.09959 -0.02183 0.7667 0.7868 0.7907
v -0.06397 0.09753 -0.01511 0.8637 0.8775 0.8755
v -0.06152 0.09659 -0.00685 0.7725 0.7961 0.7961
v -0.06082 0.09661 0.00694 0.9176 0.9216 0.9020
v -0.06073 0.09700 0.01318 0.7569 0.7804 0.7725
v -0.06310 0.09642 0.02236 0.8248 0.8444 0.8353
v -0.06372 0.09635 0.03212 0.8078 0.8235 0.8235
v -0.06574 0.09554 0.03642 0.8275 0.8431 0.8471
v -0.06114 0.09699 0.04656 0.7333 0.7569 0.7569
v -0.06140 0.09539 0.05794 0.7255 0.7451 0.7569
v -0.05600 0.02287 -0.30877 0.6160 0.6232 0.5997
v -0.05201 0.02723 -0.30441 0.8039 0.8392 0.8353
v -0.05594 0.02839 -0.29786 0.6980 0.7157 0.7039
v -0.05718 0.02968 -0.28939 0.6314 0.6667 0.6471
v -0.05703 0.03151 -0.28160 0.6405 0.6575 0.6431
v -0.05835 0.03269 -0.27143 0.6706 0.6863 0.6765
v -0.05613 0.03355 -0.26090 0.6078 0.6275 0.6118
v -0.05716 0.03426 -0.24396 0.6549 0.6706 0.6667
v -0.05580 0.03562 -0.22297 0.7333 0.7529 0.7647
v -0.05567 0.03690 -0.20524 0.7686 0.7922 0.7922
v -0.05728 0.03888 -0.18663 0.7392 0.7588 0.7529
v -0.05507 0.04118 -0.17694 0.7346 0.7490 0.7412
v -0.05892 0.04219 -0.17208 0.7216 0.7373 0.7333
v -0.05769 0.04289 0.27372 0.3412 0.3699 0.3242
v -0.05601 0.04502 -0.16922 0.6543 0.6734 0.6655
v -0.05718 0.04888 -0.16096 0.7260 0.7426 0.7294
v -0.05772 0.05138 0.20693 0.6902 0.7294 0.6941
v -0.05664 0.05105 0.21356 0.7137 0.7451 0.7529
v -0.05557 0.05036 0.22215 0.5542 0.5778 0.5778
v -0.05825 0.04927 0.23059 0.4745 0.4902 0.4863
v -0.05465 0.04966 0.23958 0.4667 0.4902 0.4824
v -0.05987 0.04877 0.24892 0.4980 0.5333 0.5294
v -0.05715 0.04963 0.25720 0.3412 0.3647 0.3647
v -0.05597 0.04973 0.26325 0.0471 0.0824 0.1098
v -0.05515 0.04333 0.27086 0.3569 0.4039 0.3255
v -0.05879 0.05010 0.27882 0.6078 0.6314 0.6157
v -0.05860 0.04927 0.29063 0.4745 0.4941 0.4784
v -0.05694 0.04960 0.30185 0.4549 0.4745 0.4588
v -0.05610 0.04866 0.31183 0.3843 0.4000 0.4118
v -0.05266 0.05208 -0.15735 0.7961 0.8157 0.8000
v -0.05643 0.05346 -0.15113 0.7349 0.7529 0.7420
v -0.05699 0.05593 -0.14315 0.8340 0.8471 0.8458
v -0.05324 0.05894 -0.13172 0.7059 0.7216 0.7176
v -0.05719 0.05968 -0.12921 0.6745 0.6980 0.6980
v -0.05716 0.06047 -0.12073 0.6706 0.6863 0.6902
v -0.05613 0.06020 0.16215 0.2922 0.3471 0.3784
v -0.05555 0.05792 0.16957 0.3765 0.4265 0.4490
v -0.05553 0.05617 0.17693 0.5399 0.5791 0.5765
v -0.05744 0.05399 0.18666 0.6706 0.6980 0.6706
v -0.05628 0.05327 0.19392 0.6133 0.6478 0.6188
v -0.05427 0.05270 0.20226 0.4412 0.4804 0.4098
v -0.05375 0.05199 0.21025 0.6078 0.6510 0.6353
v -0.05616 0.06255 -0.10827 0.6824 0.7098 0.7118
v -0.05573 0.06618 -0.09990 0.6638 0.6952 0.7048
v -0.05893 0.06744 -0.08295 0.6373 0.6686 0.6706
v -0.05682 0.06697 -0.07514 0.5735 0.6029 0.6098
v -0.05832 0.06600 -0.06456 0.6059 0.6275 0.6196
v -0.05705 0.06712 -0.05621 0.7941 0.8157 0.8088
v -0.06015 0.06931 0.11841 0.4078 0.4471 0.4824
v -0.05824 0.06833 0.13270 0.3922 0.4353 0.4588
v -0.05584 0.06708 0.14224 0.3712 0.4275 0.4536
v -0.05671 0.06381 0.15125 0.3537 0.4078 0.4384
v -0.05391 0.06137 0.15988 0.3000 0.3569 0.3882
v -0.05560 0.07427 -0.09947 0.6814 0.7132 0.7196
v -0.05985 0.07396 -0.08776 0.6843 0.7039 0.7196
v -0.05719 0.07414 -0.08297 0.6485 0.6702 0.6852
v -0.05256 0.07311 -0.07360 0.6719 0.7033 0.7111
v -0.05631 0.07313 -0.05527 0.8146 0.8381 0.8280
v -0.05995 0.07610 0.08603 0.5314 0.5667 0.5863
v -0.05670 0.07456 0.09164 0.5183 0.5592 0.5801
v -0.05471 0.07160 0.09882 0.4314 0.4627 0.4882
v -0.05502 0.07038 0.10758 0.4941 0.5216 0.5451
v -0.05575 0.08197 -0.09900 0.6997 0.7277 0.7389
v -0.05911 0.08275 -0.08951 0.6149 0.6416 0.6525
v -0.05588 0.08237 -0.08225 0.6314 0.6569 0.6559
v -0.05286 0.08112 -0.07461 0.6824 0.7072 0.7085
v -0.05621 0.08248 -0.05524 0.7086 0.7373 0.7443
v -0.05982 0.08231 0.08582 0.5176 0.5451 0.5686
v -0.05631 0.08287 0.09066 0.5281 0.5673 0.5865
v -0.05259 0.07810 0.09591 0.5020 0.5412 0.5765
v -0.05420 0.08760 -0.09099 0.7176 0.7451 0.7490
v -0.05288 0.08688 -0.08359 0.7333 0.7490 0.7529
v -0.05398 0.08732 -0.05323 0.8118 0.8275 0.8235
v -0.05528 0.09034 -0.04713 0.8216 0.8451 0.8451
v -0.05738 0.09374 -0.03977 0.7451 0.7686 0.7686
v -0.05813 0.09518 0.06649 0.7569 0.7765 0.7922
v -0.05869 0.09402 0.07091 0.7333 0.7588 0.7706
v -0.05769 0.09153 0.08253 0.6935 0.7229 0.7346
v -0.05426 0.08950 0.09141 0.5712 0.6078 0.6248
v -0.05402 0.09538 -0.03535 0.8549 0.8784 0.8784
v -0.05590 0.09864 -0.02840 0.8141 0.8392 0.8290
v -0.05888 0.10208 -0.02328 0.8125 0.8408 0.8376
v -0.05833 0.10099 -0.01385 0.6588 0.6853 0.6931
v -0.05534 0.09900 -0.00409 0.7108 0.7348 0.7289
v -0.05459 0.10059 0.00460 0.8952 0.9076 0.8885
v -0.05501 0.10066 0.01365 0.8010 0.8167 0.8098
v -0.05678 0.10008 0.02183 0.7992 0.8204 0.8063
v -0.05572 0.10079 0.02961 0.8092 0.8242 0.8137
v -0.05586 0.10088 0.03924 0.7863 0.8049 0.7975
v -0.05352 0.10094 0.04804 0.7922 0.8118 0.8098
v -0.05483 0.09892 0.05385 0.7529 0.7745 0.7804
v -0.05451 0.09785 0.06081 0.7294 0.7490 0.7647
v -0.05700 0.10820 -0.02182 0.7095 0.7378 0.7469
v -0.05449 0.10767 -0.01356 0.6924 0.7193 0.7311
v -0.05309 0.10535 0.00801 0.8373 0.8490 0.8451
v -0.05393 0.10541 0.01473 0.7353 0.7529 0.7627
v -0.05362 0.10559 0.02200 0.7357 0.7529 0.7631
v -0.05315 0.10634 0.03153 0.7588 0.7784 0.7853
v -0.05280 0.10537 0.03804 0.7098 0.7386 0.7438
v -0.05548 0.11691 -0.02207 0.6124 0.6435 0.6654
v -0.05337 0.11657 -0.01408 0.5776 0.6112 0.6347
v -0.05595 0.12448 -0.02234 0.6553 0.6838 0.6920
v -0.05366 0.12532 -0.01578 0.5621 0.5974 0.6118
v -0.05402 0.13334 -0.02123 0.5431 0.5875 0.5749
v -0.05273 0.13224 -0.01491 0.5569 0.5843 0.5882
v -0.05215 0.18363 -0.00513 0.5020 0.6314 0.6588
v -0.04736 0.02397 -0.31002 0.5931 0.6010 0.5833
v -0.04824 0.02700 -0.30556 0.7137 0.7477 0.7464
v -0.04715 0.02831 -0.29882 0.6304 0.6471 0.6392
v -0.05087 0.03121 -0.28629 0.6510 0.6745 0.6588
v -0.05050 0.03172 -0.28127 0.5961 0.6196 0.6039
v -0.04934 0.03273 -0.27389 0.5765 0.5980 0.5824
v -0.05031 0.03324 -0.26456 0.7098 0.7294 0.7137
v -0.04704 0.03435 -0.24585 0.6667 0.6824 0.6824
v -0.04909 0.03503 -0.22412 0.6941 0.7098 0.7216
v -0.05096 0.03622 -0.21044 0.7294 0.7451 0.7569
v -0.04360 0.03638 -0.20477 0.7686 0.7882 0.8000
v -0.05034 0.03751 -0.19615 0.7373 0.7569 0.7686
v -0.04666 0.03863 -0.18650 0.7739 0.7922 0.7882
v -0.04676 0.04218 -0.17805 0.6922 0.7088 0.6971
v -0.05148 0.04253 0.27733 0.3176 0.3686 0.2588
v -0.05023 0.04232 0.28125 0.3268 0.3725 0.2967
v -0.04677 0.04141 0.29080 0.3268 0.3791 0.2758
v -0.04820 0.04622 -0.16899 0.7207 0.7403 0.7277
v -0.04729 0.05035 -0.16223 0.8176 0.8392 0.8157
v -0.04722 0.05181 0.22280 0.7059 0.7294 0.7294
v -0.04876 0.05057 0.22967 0.6418 0.6601 0.6680
v -0.04654 0.04998 0.23891 0.6157 0.6392 0.6392
v -0.04776 0.05029 0.24805 0.5569 0.5869 0.5882
v -0.04743 0.05033 0.25616 0.4510 0.4824 0.4902
v -0.04654 0.05034 0.26926 0.4784 0.4941 0.4902
v -0.05038 0.05020 0.28398 0.4314 0.4510 0.4353
v -0.04804 0.04988 0.29190 0.4588 0.4804 0.4686
v -0.04793 0.04919 0.30218 0.4431 0.4588 0.4549
v -0.05050 0.04912 0.30705 0.4196 0.4353 0.4392
v -0.04782 0.05202 -0.15737 0.7725 0.7961 0.7804
v -0.04521 0.05455 -0.15067 0.7699 0.7863 0.7765
v -0.04841 0.05649 -0.14578 0.8196 0.8379 0.8261
v -0.05172 0.05809 -0.13756 0.7490 0.7647 0.7608
v -0.04817 0.05987 -0.12576 0.7020 0.7190 0.7137
v -0.04670 0.05861 0.16991 0.3388 0.3788 0.3937
v -0.04706 0.05704 0.17607 0.6447 0.6659 0.6486
v -0.04768 0.05597 0.18659 0.6562 0.6784 0.6680
v -0.04799 0.05471 0.19632 0.6532 0.6768 0.6723
v -0.04731 0.05375 0.20316 0.6824 0.7039 0.7098
v -0.04737 0.05312 0.21146 0.6667 0.6882 0.6941
v -0.04614 0.05219 0.21814 0.6549 0.6784 0.6784
v -0.04508 0.05202 0.22775 0.7020 0.7216 0.7333
v -0.04976 0.06136 -0.11545 0.7294 0.7569 0.7392
v -0.04692 0.06440 -0.10668 0.6451 0.6667 0.6588
v -0.05023 0.06591 -0.10250 0.6784 0.7020 0.7124
v -0.05157 0.06774 -0.07032 0.6471 0.6824 0.6843
v -0.04854 0.06785 -0.06398 0.6229 0.6458 0.6444
v -0.04799 0.06823 -0.05919 0.7392 0.7588 0.7431
v -0.04668 0.06919 0.12441 0.4059 0.4490 0.4725
v -0.04745 0.06855 0.13656 0.1961 0.2471 0.2784
v -0.04434 0.06751 0.14496 0.2549 0.3137 0.3333
v -0.04777 0.06508 0.15146 0.3529 0.4098 0.4324
v -0.04641 0.06273 0.16142 0.2850 0.3405 0.3693
v -0.04555 0.06106 0.16646 0.2745 0.3137 0.3490
v -0.04532 0.07220 -0.10479 0.6627 0.6902 0.6941
v -0.04931 0.07313 -0.10280 0.6549 0.6804 0.6902
v -0.05139 0.07175 -0.07102 0.6000 0.6353 0.6412
v -0.04746 0.07388 -0.06456 0.6296 0.6519 0.6619
v -0.04858 0.07331 -0.05912 0.7408 0.7659 0.7600
v -0.04856 0.07411 0.10136 0.4793 0.5213 0.5475
v -0.04696 0.07207 0.10830 0.4298 0.4745 0.4996
v -0.04672 0.06975 0.11728 0.4392 0.4824 0.4941
v -0.04519 0.08167 -0.10494 0.7010 0.7275 0.7343
v -0.05020 0.08295 -0.10151 0.6831 0.7098 0.7208
v -0.04943 0.08391 -0.07220 0.7027 0.7263 0.7208
v -0.04626 0.08140 -0.06391 0.5784 0.6083 0.6142
v -0.04868 0.08271 -0.05872 0.6946 0.7198 0.7185
v -0.04876 0.08239 0.09987 0.4196 0.4610 0.4909
v -0.04355 0.08101 0.10532 0.3686 0.4137 0.4471
v -0.04866 0.08737 -0.09704 0.6980 0.7294 0.7412
v -0.04809 0.08962 -0.08919 0.7059 0.7268 0.7281
v -0.04663 0.08902 -0.08083 0.7569 0.7765 0.7608
v -0.04462 0.08782 -0.07359 0.8118 0.8353 0.8275
v -0.04469 0.08860 -0.05430 0.7529 0.7686 0.7647
v -0.05040 0.08908 -0.05103 0.8196 0.8353 0.8314
v -0.04544 0.09499 -0.04175 0.8000 0.8157 0.8196
v -0.05002 0.09426 0.08533 0.6549 0.6902 0.6863
v -0.04828 0.09247 0.09269 0.6967 0.7320 0.7359
v -0.04757 0.08973 0.09859 0.5272 0.5602 0.5821
v -0.04415 0.08819 0.10415 0.4078 0.4510 0.4745
v -0.04707 0.09809 -0.03641 0.8000 0.8220 0.8227
v -0.04704 0.10050 -0.03193 0.8016 0.8261 0.8232
v -0.05153 0.10292 -0.00346 0.8078 0.8255 0.8333
v -0.05072 0.10372 0.04901 0.6902 0.7216 0.7294
v -0.04955 0.10201 0.05594 0.6729 0.7012 0.7075
v -0.04578 0.10158 0.06532 0.7224 0.7498 0.7600
v -0.04753 0.09832 0.07303 0.7263 0.7475 0.7647
v -0.04389 0.09826 0.07967 0.7804 0.8118 0.8196
v -0.04433 0.09567 0.08819 0.7059 0.7255 0.7412
v -0.04753 0.10751 -0.02825 0.8283 0.8558 0.8619
v -0.05146 0.10925 -0.00931 0.7000 0.7255 0.7373
v -0.04963 0.10800 -0.00375 0.7827 0.8031 0.8059
v -0.05059 0.10742 0.00314 0.8571 0.8723 0.8678
v -0.05089 0.11023 0.01352 0.7333 0.7561 0.7639
v -0.05150 0.10987 0.02240 0.7359 0.7477 0.7673
v -0.05090 0.11012 0.03232 0.7569 0.7765 0.7814
v -0.05029 0.10948 0.03925 0.7681 0.7902 0.7961
v -0.04880 0.10843 0.04739 0.6993 0.7303 0.7455
v -0.04665 0.10752 0.05547 0.7377 0.7696 0.7804
v -0.04515 0.10517 0.06211 0.6098 0.6353 0.6529
v -0.04668 0.11777 -0.02765 0.7165 0.7535 0.7625
v -0.05081 0.11668 -0.02550 0.6941 0.7320 0.7438
v -0.05113 0.11607 -0.00961 0.5824 0.6196 0.6471
v -0.04828 0.11724 -0.00419 0.6616 0.6913 0.7003
v -0.04959 0.11746 0.00554 0.7520 0.7716 0.7833
v -0.05057 0.11697 0.01336 0.7070 0.7244 0.7434
v -0.05099 0.11690 0.02257 0.7425 0.7569 0.7725
v -0.05047 0.11781 0.03073 0.7059 0.7208 0.7388
v -0.04902 0.11679 0.04016 0.6987 0.7222 0.7425
v -0.04693 0.11651 0.04820 0.6599 0.6896 0.7162
v -0.04456 0.11712 0.05460 0.6190 0.6464 0.6719
v -0.04535 0.12529 -0.02835 0.7380 0.7694 0.7773
v -0.05092 0.12552 -0.02543 0.7451 0.7765 0.7784
v -0.05103 0.12522 -0.01062 0.6059 0.6451 0.6588
v -0.04762 0.12583 -0.00343 0.7232 0.7541 0.7591
v -0.04922 0.12626 0.00582 0.8582 0.8752 0.8791
v -0.05018 0.12611 0.01333 0.7949 0.8098 0.8212
v -0.05055 0.12506 0.02005 0.7523 0.7667 0.7771
v -0.05022 0.12502 0.02894 0.7584 0.7725 0.7843
v -0.04871 0.12586 0.03896 0.7701 0.7850 0.8004
v -0.04663 0.12564 0.04719 0.6975 0.7176 0.7378
v -0.04436 0.12469 0.05396 0.6480 0.6775 0.7059
v -0.04585 0.13431 -0.02956 0.3893 0.4570 0.4724
v -0.04857 0.13566 -0.02183 0.4106 0.4969 0.4929
v -0.04914 0.13636 -0.01309 0.2863 0.3584 0.3675
v -0.04570 0.13423 -0.00478 0.4695 0.5064 0.5160
v -0.04650 0.13421 0.00512 0.5799 0.6348 0.6358
v -0.04749 0.13528 0.01339 0.4613 0.5151 0.5182
v -0.04784 0.13472 0.02133 0.6661 0.6992 0.7020
v -0.04749 0.13451 0.03024 0.7941 0.8083 0.8020
v -0.04776 0.13444 0.03853 0.7599 0.7703 0.7723
v -0.04519 0.13432 0.04828 0.6828 0.6975 0.7142
v -0.04423 0.13185 0.05297 0.6235 0.6431 0.6686
v -0.04470 0.13908 -0.02032 0.4092 0.4980 0.5046
v -0.04462 0.14220 -0.01204 0.3419 0.4100 0.4257
v -0.04585 0.14163 0.03877 0.7917 0.8039 0.8020
v -0.04432 0.14166 0.04621 0.7137 0.7281 0.7425
v -0.04432 0.15355 -0.01962 0.3239 0.3961 0.4047
v -0.04490 0.15227 -0.01185 0.1895 0.2627 0.2834
v -0.04488 0.16010 -0.01883 0.4436 0.5403 0.5503
v -0.04642 0.16057 -0.01173 0.1460 0.2314 0.2508
v -0.04429 0.16243 0.01263 0.4157 0.5098 0.5255
v -0.04529 0.16884 -0.01865 0.5010 0.5725 0.5755
v -0.04577 0.16887 -0.01316 0.2869 0.3696 0.3846
v -0.04391 0.17621 -0.01862 0.5451 0.6304 0.6324
v -0.04463 0.17557 -0.01621 0.4157 0.5176 0.5216
v -0.04836 0.18136 -0.00471 0.2056 0.3216 0.3457
v -0.04703 0.18564 -0.00478 0.2094 0.3091 0.3342
v -0.04434 0.18321 0.00083 0.1471 0.2216 0.2627
v -0.04481 0.19186 -0.00567 0.4941 0.6026 0.6065
v -0.03749 0.02402 -0.31136 0.6333 0.6529 0.6422
v -0.03829 0.02677 -0.30664 0.6699 0.7026 0.7078
v -0.03932 0.02849 -0.29998 0.5971 0.6118 0.6049
v -0.03788 0.03082 -0.29175 0.6529 0.6725 0.6667
v -0.04308 0.03178 -0.28553 0.5922 0.6118 0.5961
v -0.04042 0.03286 -0.27603 0.6216 0.6392 0.6294
v -0.04044 0.03390 -0.26087 0.6627 0.6863 0.6863
v -0.04034 0.03505 -0.22611 0.6627 0.6784 0.6824
v -0.03792 0.03726 -0.19218 0.7529 0.7686 0.7725
v -0.03953 0.03981 -0.18471 0.7229 0.7386 0.7288
v -0.04024 0.04145 -0.18107 0.7216 0.7412 0.7255
v -0.04301 0.04130 0.29294 0.3255 0.3824 0.2667
v -0.04021 0.04068 0.29930 0.3616 0.4275 0.2949
v -0.03494 0.04018 0.30506 0.3020 0.3608 0.2471
v -0.03872 0.04418 -0.17560 0.7176 0.7363 0.7186
v -0.03924 0.04749 -0.16930 0.7804 0.7922 0.7760
v -0.04223 0.05147 0.23279 0.7020 0.7216 0.7333
v -0.03875 0.05124 0.24144 0.5647 0.6000 0.5961
v -0.04314 0.05041 0.24506 0.5569 0.5804 0.5804
v -0.04031 0.05110 0.25353 0.2980 0.3294 0.3412
v -0.03475 0.05093 0.26413 0.5961 0.6196 0.6196
v -0.03974 0.05021 0.28487 0.4275 0.4510 0.4510
v -0.04148 0.04969 0.29774 0.4392 0.4549 0.4510
v -0.03884 0.04922 0.31182 0.4235 0.4431 0.4275
v -0.03880 0.05222 -0.15824 0.7072 0.7242 0.6980
v -0.03927 0.05501 -0.15206 0.7054 0.7245 0.7118
v -0.04023 0.05740 -0.14390 0.7569 0.7765 0.7608
v -0.03660 0.06021 -0.12005 0.7608 0.7843 0.7686
v -0.04210 0.05904 0.17148 0.5820 0.6078 0.5992
v -0.03954 0.05870 0.17659 0.6494 0.6722 0.6612
v -0.03806 0.05884 0.18322 0.6118 0.6353 0.6301
v -0.03894 0.05791 0.19349 0.6301 0.6536 0.6484
v -0.03923 0.05639 0.20335 0.5929 0.6141 0.6263
v -0.03687 0.05553 0.21287 0.5520 0.5716 0.5843
v -0.03925 0.05378 0.22062 0.6275 0.6502 0.6596
v -0.03744 0.05278 0.22935 0.5137 0.5333 0.5471
v -0.03927 0.06105 -0.11528 0.6490 0.6706 0.6549
v -0.03917 0.06540 -0.10833 0.6983 0.7218 0.7280
v -0.03703 0.06909 0.12933 0.4235 0.4824 0.5098
v -0.03600 0.06829 0.14063 0.3020 0.3608 0.3882
v -0.03799 0.06641 0.15217 0.2549 0.3085 0.3386
v -0.03872 0.06434 0.15963 0.3402 0.3912 0.3980
v -0.03961 0.06256 0.16950 0.5386 0.5712 0.5569
v -0.03702 0.06168 0.17758 0.6157 0.6363 0.6294
v -0.03904 0.07454 -0.10806 0.6379 0.6712 0.6863
v -0.03940 0.07457 0.10941 0.3584 0.4129 0.4525
v -0.03683 0.07177 0.11569 0.3524 0.4045 0.4370
v -0.03659 0.06952 0.12372 0.3471 0.4059 0.4294
v -0.03856 0.08191 -0.10778 0.6789 0.7085 0.7146
v -0.04320 0.08587 -0.06232 0.6882 0.7118 0.6961
v -0.03889 0.08272 0.10897 0.4282 0.4792 0.5150
v -0.04060 0.08876 -0.09732 0.6980 0.7216 0.7320
v -0.03965 0.09267 -0.08918 0.7010 0.7186 0.7157
v -0.04002 0.09178 -0.08138 0.7176 0.7373 0.7137
v -0.03976 0.09004 -0.07467 0.7765 0.8000 0.8000
v -0.03942 0.08755 -0.06359 0.6980 0.7163 0.7111
v -0.03861 0.08889 -0.05601 0.7529 0.7706 0.7627
v -0.03853 0.09332 -0.04757 0.7464 0.7608 0.7503
v -0.04312 0.09417 0.09313 0.7373 0.7569 0.7686
v -0.03860 0.09319 0.10108 0.7129 0.7459 0.7553
v -0.03810 0.08941 0.10764 0.4763 0.5159 0.5426
v -0.03929 0.09982 -0.03936 0.7846 0.8036 0.8034
v -0.03955 0.10260 0.07359 0.6565 0.6878 0.6996
v -0.03635 0.10073 0.08103 0.7333 0.7647 0.7725
v -0.03728 0.09758 0.08941 0.7216 0.7529 0.7608
v -0.03473 0.09612 0.09780 0.7216 0.7529 0.7608
v -0.03849 0.10641 -0.03674 0.8187 0.8479 0.8458
v -0.04131 0.10880 -0.03210 0.8404 0.8714 0.8725
v -0.04314 0.10980 0.05931 0.6941 0.7255 0.7373
v -0.04089 0.10873 0.06629 0.7074 0.7368 0.7578
v -0.03702 0.10712 0.07388 0.6118 0.6454 0.6711
v -0.03799 0.11745 -0.03604 0.7542 0.7843 0.7900
v -0.04061 0.11609 -0.03210 0.7328 0.7711 0.7760
v -0.04275 0.11677 0.05883 0.6137 0.6431 0.6735
v -0.03996 0.11694 0.06449 0.5266 0.5613 0.5966
v -0.03566 0.11574 0.07178 0.5681 0.6011 0.6415
v -0.03761 0.12484 -0.03623 0.7155 0.7451 0.7529
v -0.04045 0.12548 -0.03144 0.7487 0.7794 0.7843
v -0.04229 0.12483 0.05863 0.5794 0.6088 0.6412
v -0.03854 0.12487 0.06569 0.5894 0.6208 0.6576
v -0.03607 0.12948 0.06952 0.5412 0.5725 0.6235
v -0.03770 0.13216 -0.03554 0.7078 0.7275 0.7294
v -0.03952 0.13465 -0.03255 0.4048 0.4595 0.4763
v -0.04175 0.13845 -0.02508 0.4627 0.5451 0.5490
v -0.03989 0.13706 -0.00367 0.1598 0.2039 0.2309
v -0.03952 0.13695 0.00380 0.2706 0.3365 0.3490
v -0.04279 0.13789 0.01606 0.4353 0.5137 0.5176
v -0.04172 0.13725 0.02316 0.4392 0.4980 0.5157
v -0.03993 0.13728 0.02947 0.5961 0.6275 0.6331
v -0.04295 0.13790 0.05141 0.6745 0.6882 0.7039
v -0.04156 0.13385 0.05813 0.6241 0.6454 0.6650
v -0.03752 0.13454 0.06517 0.6349 0.6558 0.6789
v -0.03494 0.13278 0.07050 0.6333 0.6588 0.6980
v -0.03882 0.14270 -0.03032 0.2397 0.3076 0.3230
v -0.04087 0.14306 -0.02078 0.2813 0.3410 0.3505
v -0.04248 0.14421 -0.01362 0.3078 0.3660 0.3797
v -0.03819 0.14364 -0.00641 0.0716 0.1373 0.1762
v -0.03891 0.14181 0.00669 0.3298 0.3910 0.3984
v -0.03872 0.14297 0.01298 0.3128 0.3813 0.4004
v -0.03734 0.14256 0.02191 0.3472 0.4047 0.4198
v -0.03884 0.14361 0.03027 0.6461 0.6691 0.6605
v -0.04239 0.14603 0.03875 0.7333 0.7490 0.7529
v -0.04179 0.14481 0.04819 0.7608 0.7791 0.7817
v -0.03891 0.14326 0.05737 0.6874 0.7003 0.7154
v -0.03621 0.14171 0.06485 0.6931 0.7118 0.7245
v -0.03793 0.15035 -0.02953 0.3818 0.4632 0.4753
v -0.04134 0.15206 -0.02250 0.3686 0.4516 0.4598
v -0.04287 0.14973 -0.01459 0.1451 0.2157 0.2235
v -0.03849 0.15157 -0.00607 0.0384 0.0992 0.1373
v -0.03648 0.15191 0.00789 0.2345 0.3161 0.3137
v -0.03832 0.15149 0.01211 0.2101 0.2726 0.2943
v -0.03586 0.15075 0.02113 0.3123 0.3853 0.4044
v -0.03622 0.14972 0.03013 0.8000 0.8150 0.8131
v -0.03656 0.14986 0.03810 0.8894 0.9043 0.9043
v -0.03616 0.14818 0.04859 0.8667 0.8810 0.8928
v -0.03549 0.14738 0.05523 0.9216 0.9373 0.9412
v -0.03653 0.15898 -0.02666 0.3863 0.4588 0.4627
v -0.03952 0.16081 -0.02205 0.3838 0.4717 0.4751
v -0.04289 0.15985 -0.00880 0.0588 0.1294 0.1765
v -0.03835 0.16067 -0.00587 0.0534 0.1195 0.1572
v -0.03565 0.16132 0.00658 0.1261 0.2078 0.2150
v -0.03990 0.16049 0.01241 0.1953 0.2790 0.2988
v -0.03685 0.16033 0.01944 0.2549 0.3324 0.3583
v -0.03952 0.17049 -0.02777 0.1675 0.2196 0.2577
v -0.03950 0.16887 -0.02315 0.2714 0.3398 0.3569
v -0.04262 0.16989 -0.00996 0.1866 0.2588 0.2807
v -0.03840 0.16837 -0.00636 0.0459 0.1115 0.1443
v -0.03622 0.16873 0.00577 0.0426 0.1115 0.1317
v -0.03954 0.16886 0.01288 0.2571 0.3374 0.3610
v -0.03709 0.16847 0.01984 0.3658 0.4504 0.4807
v -0.03864 0.17701 -0.02979 0.2487 0.3198 0.3433
v -0.04025 0.17820 -0.02280 0.3919 0.4778 0.4839
v -0.04192 0.17727 -0.01203 0.1689 0.2471 0.2571
v -0.03760 0.17779 -0.00521 0.0541 0.1119 0.1346
v -0.03728 0.17734 0.00408 0.0987 0.1683 0.1899
v -0.03964 0.17811 0.01360 0.3294 0.4227 0.4464
v -0.03667 0.17697 0.01981 0.3309 0.4363 0.4745
v -0.03662 0.18584 -0.02887 0.2486 0.3075 0.3318
v -0.03956 0.18615 -0.02212 0.4076 0.4698 0.4729
v -0.04154 0.18588 -0.01204 0.1624 0.2431 0.2671
v -0.04150 0.18655 -0.00434 0.0938 0.1634 0.2010
v -0.03885 0.18649 0.00366 0.2436 0.3218 0.3277
v -0.03935 0.18671 0.01328 0.2591 0.3590 0.3799
v -0.03620 0.18553 0.01935 0.3770 0.4809 0.5240
v -0.03625 0.19485 -0.02841 0.4011 0.4706 0.4756
v -0.03819 0.19440 -0.02237 0.4401 0.5148 0.5120
v -0.04097 0.19500 -0.01236 0.3065 0.3846 0.3961
v -0.04058 0.19415 -0.00361 0.1382 0.2113 0.2367
v -0.03706 0.19506 0.00366 0.1980 0.2735 0.2918
v -0.03981 0.19568 0.01258 0.3529 0.4591 0.4733
v -0.03742 0.19606 0.01875 0.1794 0.2799 0.3181
v -0.03588 0.20353 -0.02753 0.2675 0.3161 0.3294
v -0.03986 0.20293 -0.02149 0.4004 0.4474 0.4553
v -0.04030 0.20299 -0.01254 0.2892 0.3876 0.4118
v -0.03765 0.20355 -0.00466 0.3441 0.4157 0.4311
v -0.03837 0.20328 0.00509 0.2594 0.3244 0.3314
v -0.03922 0.20400 0.01295 0.4284 0.5522 0.5775
v -0.03542 0.20411 0.02048 0.1990 0.2951 0.3201
v -0.03715 0.21056 -0.02038 0.3697 0.4269 0.4543
v -0.03593 0.21244 -0.01346 0.2314 0.3172 0.3343
v -0.03548 0.21007 -0.00367 0.4039 0.4729 0.4761
v -0.03708 0.21093 0.00586 0.4521 0.5277 0.5384
v -0.03598 0.21171 0.01207 0.4680 0.5882 0.6078
v -0.03590 0.21258 0.02435 0.2824 0.3902 0.4131
v -0.03561 0.21046 0.02657 0.1948 0.2902 0.3137
v -0.03614 0.22266 -0.01868 0.3225 0.3882 0.4059
v -0.03669 0.22085 -0.01380 0.2949 0.3593 0.3809
v -0.03498 0.22416 -0.00063 0.2549 0.3569 0.3529
v -0.03695 0.22164 0.00439 0.2365 0.3169 0.3360
v -0.03590 0.22150 0.00959 0.2722 0.3663 0.3890
v -0.03848 0.21707 0.02510 0.1804 0.2980 0.3294
v -0.03580 0.22551 -0.01908 0.3725 0.4235 0.4471
v -0.03677 0.22663 -0.01328 0.5647 0.6248 0.6314
v -0.03608 0.22678 -0.00040 0.4000 0.4941 0.4941
v -0.03694 0.22723 0.00472 0.6157 0.7020 0.7196
v -0.02983 0.02466 -0.31107 0.6133 0.6337 0.6290
v -0.03005 0.02695 -0.30483 0.5922 0.6078 0.6031
v -0.03120 0.02871 -0.29995 0.6520 0.6676 0.6627
v -0.03000 0.03167 -0.28980 0.6382 0.6578 0.6520
v -0.03197 0.03300 -0.28048 0.6784 0.7020 0.7020
v -0.03220 0.03364 -0.26666 0.7137 0.7333 0.7451
v -0.02684 0.03431 -0.24780 0.6902 0.7137 0.7137
v -0.03361 0.03484 -0.23744 0.6392 0.6549 0.6588
v -0.02898 0.03536 -0.21740 0.6980 0.7216 0.7216
v -0.03450 0.03615 -0.20478 0.7412 0.7647 0.7647
v -0.02901 0.03754 -0.19306 0.6824 0.6902 0.6882
v -0.03077 0.04012 -0.18679 0.7157 0.7235 0.6980
v -0.03311 0.04324 -0.17995 0.7843 0.8039 0.7804
v -0.03229 0.03952 0.31182 0.3544 0.4178 0.2682
v -0.02844 0.04588 -0.17612 0.6985 0.7190 0.7028
v -0.03080 0.05060 -0.16933 0.7775 0.8000 0.7814
v -0.03349 0.05194 0.24890 0.4627 0.4941 0.5020
v -0.02954 0.05185 0.25519 0.5098 0.5412 0.5490
v -0.02610 0.05124 0.26460 0.5333 0.5529 0.5647
v -0.03084 0.05075 0.27333 0.4549 0.4745 0.4824
v -0.02838 0.05067 0.28468 0.5059 0.5216 0.5176
v -0.03189 0.04988 0.29674 0.3490 0.3647 0.3608
v -0.03056 0.04916 0.30821 0.3667 0.3882 0.3725
v -0.02920 0.05226 -0.16626 0.5569 0.5804 0.5647
v -0.03013 0.05401 -0.15964 0.7972 0.8151 0.7955
v -0.03155 0.05478 -0.15531 0.7098 0.7294 0.7098
v -0.02644 0.05784 -0.13766 0.7843 0.8039 0.7804
v -0.03066 0.05881 -0.12869 0.7882 0.8098 0.7902
v -0.02939 0.06001 -0.12040 0.7804 0.8078 0.7804
v -0.03222 0.05961 0.19503 0.6118 0.6294 0.6333
v -0.03399 0.05869 0.20015 0.6039 0.6235 0.6353
v -0.03011 0.05759 0.21275 0.5636 0.5838 0.5966
v -0.02937 0.05635 0.22115 0.5569 0.5765 0.5922
v -0.03076 0.05450 0.22972 0.5699 0.5974 0.6098
v -0.02939 0.05345 0.23780 0.5196 0.5451 0.5588
v -0.02853 0.06434 -0.11425 0.7024 0.7264 0.7211
v -0.03289 0.06638 -0.11113 0.7906 0.8196 0.8204
v -0.02751 0.06762 0.14724 0.2392 0.2941 0.3059
v -0.02969 0.06689 0.15409 0.5608 0.5961 0.5765
v -0.03111 0.06536 0.16301 0.6373 0.6706 0.6412
v -0.03029 0.06450 0.17079 0.6333 0.6588 0.6373
v -0.02988 0.06316 0.17815 0.5299 0.5490 0.5461
v -0.03128 0.06189 0.18508 0.5490 0.5671 0.5671
v -0.02967 0.06091 0.19174 0.5804 0.5961 0.6078
v -0.02642 0.06103 0.20053 0.5882 0.6078 0.6196
v -0.02801 0.07298 -0.11388 0.7361 0.7765 0.7793
v -0.03137 0.07423 -0.11212 0.6722 0.7082 0.7184
v -0.03032 0.07381 0.11702 0.3305 0.3961 0.4459
v -0.02819 0.07073 0.12486 0.3399 0.4078 0.4418
v -0.02884 0.08009 -0.11368 0.6843 0.7206 0.7324
v -0.03141 0.08394 -0.10881 0.6760 0.7069 0.7142
v -0.03133 0.08145 0.11512 0.3338 0.3966 0.4446
v -0.03256 0.08936 -0.09927 0.7098 0.7333 0.7333
v -0.03033 0.09370 -0.09219 0.7584 0.7765 0.7694
v -0.03304 0.09491 -0.08234 0.7098 0.7333 0.7203
v -0.03215 0.09268 -0.07289 0.7333 0.7490 0.7503
v -0.02974 0.09171 -0.06493 0.6804 0.7039 0.6882
v -0.03180 0.09115 -0.05512 0.7647 0.7817 0.7739
v -0.03006 0.09469 -0.04804 0.7412 0.7569 0.7529
v -0.03398 0.09403 0.10267 0.7647 0.7961 0.8039
v -0.03142 0.09204 0.10831 0.6902 0.7266 0.7378
v -0.02998 0.08834 0.11454 0.4039 0.4588 0.5033
v -0.02806 0.09952 -0.08803 0.7046 0.7364 0.7394
v -0.02880 0.09897 -0.08287 0.5613 0.5832 0.5787
v -0.02705 0.09640 -0.07599 0.6510 0.6706 0.6549
v -0.03011 0.09877 -0.04452 0.7153 0.7349 0.7216
v -0.03099 0.10176 -0.04293 0.7510 0.7627 0.7725
v -0.03174 0.10238 0.08417 0.6523 0.6941 0.7137
v -0.02879 0.10040 0.09045 0.6922 0.7255 0.7359
v -0.02817 0.09686 0.09899 0.7503 0.7797 0.7889
v -0.02659 0.10814 -0.08608 0.6810 0.7111 0.7255
v -0.03180 0.10745 -0.04001 0.7686 0.7882 0.7915
v -0.03249 0.10967 0.07729 0.5863 0.6196 0.6510
v -0.03014 0.10775 0.08164 0.5762 0.6160 0.6456
v -0.02673 0.10508 0.08737 0.4510 0.5000 0.5373
v -0.02616 0.11642 -0.08557 0.6902 0.7137 0.7281
v -0.02912 0.11620 -0.04064 0.7035 0.7231 0.7396
v -0.03285 0.11657 0.07548 0.5071 0.5443 0.5835
v -0.02831 0.11614 0.08089 0.4506 0.4906 0.5322
v -0.03073 0.12694 -0.03961 0.7294 0.7490 0.7641
v -0.03290 0.12528 0.07436 0.5686 0.6072 0.6464
v -0.02809 0.12375 0.08043 0.5523 0.5948 0.6366
v -0.03003 0.13356 -0.03736 0.7070 0.7262 0.7362
v -0.03377 0.13542 -0.03417 0.7922 0.8118 0.8098
v -0.03368 0.13812 0.00348 0.3020 0.3608 0.3804
v -0.03149 0.13503 0.07446 0.5698 0.6008 0.6267
v -0.02724 0.13363 0.08026 0.4935 0.5261 0.5556
v -0.03120 0.14284 -0.03580 0.7854 0.8028 0.8129
v -0.03440 0.14313 -0.03400 0.4902 0.5373 0.5373
v -0.03328 0.14372 -0.00166 0.0402 0.0765 0.1196
v -0.03119 0.14438 0.00385 0.2309 0.2919 0.2976
v -0.03308 0.14401 0.06635 0.6761 0.6933 0.7027
v -0.02972 0.14278 0.07354 0.6141 0.6366 0.6500
v -0.03113 0.15053 -0.03576 0.7791 0.7961 0.8000
v -0.03396 0.15254 -0.03227 0.3392 0.4005 0.4137
v -0.03268 0.15148 -0.00245 0.0517 0.0916 0.1323
v -0.03182 0.15126 0.00392 0.1635 0.2193 0.2335
v -0.03346 0.15261 0.02435 0.3020 0.3678 0.3882
v -0.03320 0.15369 0.02893 0.8180 0.8369 0.8392
v -0.03325 0.15366 0.03871 0.8980 0.9059 0.9235
v -0.03076 0.15259 0.04948 0.8659 0.8792 0.9027
v -0.02974 0.15073 0.05610 0.8651 0.8831 0.9059
v -0.02976 0.14821 0.06258 0.9039 0.9196 0.9314
v -0.02980 0.15979 -0.03621 0.7793 0.7944 0.8134
v -0.03278 0.16008 -0.03010 0.2824 0.3395 0.3532
v -0.03248 0.15955 -0.00244 0.0297 0.0700 0.1031
v -0.03327 0.15990 0.00324 0.1447 0.2388 0.2379
v -0.03243 0.16133 0.02351 0.1768 0.2356 0.2778
v -0.03166 0.15992 0.02896 0.8619 0.8763 0.8732
v -0.02945 0.16073 0.03897 0.8183 0.8294 0.8458
v -0.02712 0.16050 0.04649 0.7990 0.8176 0.8412
v -0.02948 0.16885 -0.03644 0.7817 0.7996 0.8096
v -0.03196 0.16932 -0.02855 0.2529 0.3120 0.3261
v -0.03204 0.16800 -0.00180 0.0282 0.0525 0.0757
v -0.03304 0.16915 0.00176 0.1945 0.2863 0.2949
v -0.03181 0.16918 0.02389 0.2021 0.2681 0.3141
v -0.02881 0.16870 0.03115 0.8069 0.8211 0.8314
v -0.02708 0.16893 0.03867 0.7627 0.7745 0.7908
v -0.02929 0.17726 -0.03615 0.8096 0.8296 0.8370
v -0.03173 0.17642 -0.03107 0.3082 0.3499 0.3679
v -0.03254 0.17614 -0.00178 0.0118 0.0288 0.0458
v -0.03287 0.17606 0.00136 0.0853 0.1549 0.1794
v -0.03135 0.17781 0.02434 0.2003 0.2793 0.3255
v -0.02784 0.17694 0.02950 0.4996 0.5392 0.5671
v -0.02638 0.17611 0.03584 0.7085 0.7203 0.7255
v -0.02963 0.18645 -0.03633 0.6794 0.7015 0.7240
v -0.03251 0.18598 -0.03273 0.1889 0.2392 0.2641
v -0.03065 0.18616 0.02355 0.2216 0.3132 0.3718
v -0.02631 0.18486 0.02981 0.6569 0.6837 0.7085
v -0.02855 0.19444 -0.03703 0.6880 0.7087 0.7317
v -0.03299 0.19506 -0.03295 0.2338 0.2961 0.3118
v -0.03050 0.19558 0.02197 0.1245 0.2039 0.2549
v -0.02962 0.20365 -0.03573 0.4846 0.5199 0.5389
v -0.03141 0.20368 -0.03128 0.2442 0.2973 0.3159
v -0.03023 0.20293 0.02436 0.1819 0.2610 0.2930
v -0.03050 0.20477 0.02633 0.1843 0.2863 0.3137
v -0.02843 0.21330 -0.03651 0.6425 0.6680 0.6895
v -0.02867 0.21183 -0.03062 0.2392 0.2952 0.3255
v -0.03035 0.21366 -0.02193 0.3291 0.3925 0.4167
v -0.03391 0.21470 -0.01132 0.2220 0.3043 0.3216
v -0.03336 0.21174 -0.00414 0.2840 0.3367 0.3529
v -0.03339 0.21470 0.00384 0.4797 0.5373 0.5444
v -0.03268 0.21397 0.01426 0.2908 0.3935 0.4327
v -0.03125 0.21071 0.02085 0.2957 0.3942 0.4178
v -0.02801 0.22029 -0.03666 0.6275 0.6627 0.6784
v -0.02800 0.22134 -0.03218 0.3358 0.4181 0.4431
v -0.03016 0.22065 -0.01981 0.2690 0.3382 0.3588
v -0.03392 0.22141 -0.00943 0.4486 0.4871 0.4878
v -0.03208 0.22176 -0.00403 0.4284 0.4750 0.4768
v -0.03263 0.21929 0.00276 0.2765 0.3353 0.3516
v -0.03025 0.22131 0.01263 0.3482 0.4060 0.4183
v -0.02606 0.21712 0.01777 0.2039 0.2549 0.2784
v -0.02790 0.22553 -0.03549 0.5137 0.5725 0.5843
v -0.02703 0.22655 -0.03299 0.5961 0.6340 0.6627
v -0.02945 0.22741 -0.02053 0.6185 0.6627 0.6728
v -0.03152 0.22899 -0.01327 0.6118 0.6627 0.6696
v -0.03226 0.22812 -0.00390 0.6074 0.6427 0.6397
v -0.03066 0.22918 0.00470 0.5851 0.6455 0.6620
v -0.02965 0.22632 0.01056 0.7007 0.7399 0.7425
v -0.02095 0.02512 -0.31180 0.6686 0.6961 0.7020
v -0.02005 0.02669 -0.30686 0.6063 0.6275 0.6306
v -0.02241 0.02906 -0.29968 0.6222 0.6431 0.6392
v -0.01934 0.03195 -0.29137 0.6353 0.6549 0.6529
v -0.02232 0.03327 -0.28085 0.6745 0.7059 0.7176
v -0.02132 0.03374 -0.27014 0.7059 0.7373 0.7490
v -0.02066 0.03351 -0.25555 0.7294 0.7490 0.7608
v -0.01938 0.03354 -0.24474 0.7255 0.7451 0.7569
v -0.01944 0.03398 -0.23675 0.7569 0.7765 0.7882
v -0.02134 0.03457 -0.22590 0.7412 0.7608 0.7725
v -0.02135 0.03549 -0.20895 0.7255 0.7490 0.7490
v -0.02304 0.03634 -0.20032 0.7431 0.7627 0.7647
v -0.02031 0.03834 -0.19289 0.7882 0.7987 0.7817
v -0.01997 0.04155 -0.18594 0.7922 0.8092 0.7817
v -0.02556 0.04269 -0.18170 0.7843 0.8039 0.7765
v -0.02154 0.04677 -0.17756 0.7461 0.7637 0.7554
v -0.01951 0.05161 -0.16980 0.7451 0.7608 0.7549
v -0.01976 0.05149 0.26151 0.4941 0.5137 0.5255
v -0.02446 0.05083 0.27556 0.4824 0.4980 0.5020
v -0.02025 0.05067 0.28511 0.6157 0.6353 0.6471
v -0.02241 0.04968 0.29767 0.3412 0.3608 0.3451
v -0.02166 0.05260 -0.16690 0.7618 0.7804 0.7637
v -0.02288 0.05404 -0.16267 0.8222 0.8431 0.8196
v -0.02137 0.05649 -0.15134 0.8275 0.8471 0.8196
v -0.02016 0.05871 -0.13243 0.7882 0.8144 0.7908
v -0.02013 0.05973 -0.12363 0.7333 0.7569 0.7451
v -0.02461 0.05898 0.21291 0.5804 0.6020 0.6078
v -0.01978 0.05839 0.22127 0.5129 0.5338 0.5481
v -0.02157 0.05683 0.23057 0.5377 0.5652 0.5750
v -0.02088 0.05485 0.23801 0.6059 0.6333 0.6373
v -0.02219 0.05321 0.24499 0.4843 0.5098 0.5235
v -0.02114 0.05264 0.25154 0.4824 0.5137 0.5216
v -0.02193 0.06406 -0.11730 0.7444 0.7748 0.7775
v -0.02058 0.06697 0.15743 0.6353 0.6588 0.6431
v -0.02274 0.06627 0.16800 0.6588 0.6784 0.6549
v -0.02215 0.06552 0.17748 0.5584 0.5741 0.5749
v -0.02361 0.06393 0.18383 0.5804 0.5961 0.6000
v -0.02241 0.06266 0.19486 0.5027 0.5216 0.5318
v -0.02114 0.06180 0.20251 0.4373 0.4745 0.4863
v -0.01916 0.06147 0.21436 0.5412 0.5608 0.5725
v -0.02222 0.07396 -0.11689 0.7059 0.7456 0.7539
v -0.02411 0.07477 0.12019 0.3206 0.3873 0.4324
v -0.02117 0.07271 0.12386 0.3093 0.3760 0.4167
v -0.02450 0.06955 0.13642 0.2824 0.3412 0.3686
v -0.02161 0.08019 -0.11695 0.7451 0.7833 0.7931
v -0.02272 0.08520 -0.11035 0.7908 0.8261 0.8261
v -0.02438 0.08263 0.11971 0.3377 0.4031 0.4536
v -0.01893 0.08016 0.12278 0.3059 0.3725 0.4183
v -0.02157 0.08764 -0.10624 0.7307 0.7634 0.7673
v -0.02201 0.09193 -0.09796 0.6816 0.7067 0.7231
v -0.02020 0.09454 -0.09400 0.7941 0.8333 0.8333
v -0.02518 0.09491 -0.07055 0.7333 0.7529 0.7294
v -0.02346 0.09452 -0.06492 0.7412 0.7608 0.7373
v -0.02225 0.09370 -0.05553 0.7696 0.7892 0.7745
v -0.02354 0.09380 0.11018 0.7359 0.7725 0.7778
v -0.02300 0.08954 0.11830 0.4569 0.5118 0.5451
v -0.01826 0.08815 0.12225 0.3784 0.4294 0.4784
v -0.02096 0.09937 -0.09142 0.7429 0.7721 0.7743
v -0.02465 0.10319 -0.07913 0.6863 0.7098 0.7020
v -0.02228 0.10062 -0.07235 0.5941 0.6124 0.6098
v -0.01962 0.09895 -0.06547 0.6361 0.6549 0.6463
v -0.02097 0.09924 -0.04832 0.7711 0.7879 0.7804
v -0.02291 0.10235 0.09193 0.5755 0.6137 0.6324
v -0.02267 0.09815 0.09964 0.7255 0.7569 0.7647
v -0.01868 0.09691 0.10580 0.7490 0.7804 0.7882
v -0.01988 0.10848 -0.09047 0.6557 0.6986 0.7174
v -0.02480 0.10630 -0.08115 0.5929 0.6220 0.6204
v -0.02010 0.10904 -0.07321 0.5798 0.5994 0.6073
v -0.01795 0.10404 -0.06793 0.6941 0.7098 0.7059
v -0.02159 0.10813 -0.04475 0.7490 0.7669 0.7731
v -0.02516 0.11121 0.08447 0.4569 0.4980 0.5333
v -0.02137 0.10871 0.08972 0.4699 0.5147 0.5516
v -0.02183 0.11655 -0.08822 0.7320 0.7621 0.7778
v -0.02423 0.11573 -0.08217 0.5984 0.6227 0.6337
v -0.01945 0.11538 -0.07296 0.5704 0.5917 0.6057
v -0.02251 0.11715 -0.04389 0.7320 0.7516 0.7673
v -0.02474 0.11717 -0.04294 0.7353 0.7549 0.7706
v -0.02406 0.11792 0.08508 0.4608 0.4980 0.5451
v -0.02004 0.11673 0.08890 0.3373 0.3915 0.4340
v -0.02156 0.12650 -0.08845 0.7048 0.7339 0.7395
v -0.02320 0.12551 -0.08185 0.6314 0.6475 0.6593
v -0.01939 0.12457 -0.07448 0.6031 0.6166 0.6340
v -0.02064 0.12484 -0.04493 0.7522 0.7718 0.7890
v -0.02490 0.12592 -0.04261 0.7314 0.7510 0.7667
v -0.02379 0.12589 0.08481 0.5235 0.5647 0.6098
v -0.01946 0.12426 0.08894 0.4000 0.4480 0.4922
v -0.01935 0.13127 -0.08834 0.2843 0.3471 0.3559
v -0.01884 0.13129 -0.08147 0.2993 0.3477 0.3582
v -0.01743 0.13082 -0.07660 0.4706 0.4863 0.4902
v -0.01819 0.13216 -0.04376 0.8118 0.8275 0.8392
v -0.02192 0.13425 -0.04092 0.7578 0.7725 0.7843
v -0.02214 0.13638 0.08404 0.3554 0.3966 0.4299
v -0.01852 0.13557 0.08816 0.3310 0.3882 0.4149
v -0.02251 0.14272 -0.04000 0.7333 0.7490 0.7702
v -0.02223 0.14713 0.07675 0.9176 0.9333 0.9373
v -0.02176 0.14236 0.08224 0.3974 0.4332 0.4641
v -0.02208 0.15177 -0.04008 0.7482 0.7624 0.7796
v -0.02426 0.15526 0.05810 0.8294 0.8471 0.8765
v -0.02146 0.15227 0.06671 0.8137 0.8353 0.8627
v -0.02072 0.14900 0.07344 0.8281 0.8510 0.8621
v -0.01905 0.14802 0.08017 0.5922 0.6294 0.6451
v -0.02107 0.16016 -0.04051 0.7621 0.7758 0.7987
v -0.02249 0.16062 0.05632 0.7814 0.7990 0.8147
v -0.01959 0.15865 0.06210 0.7804 0.8020 0.8235
v -0.02205 0.16841 -0.03990 0.7693 0.7810 0.8111
v -0.02511 0.17133 0.04294 0.7216 0.7333 0.7529
v -0.02333 0.16901 0.04878 0.7765 0.7890 0.8039
v -0.01938 0.16829 0.05689 0.7314 0.7431 0.7578
v -0.01852 0.17686 -0.04178 0.7343 0.7480 0.7765
v -0.02519 0.17775 0.03946 0.7412 0.7490 0.7608
v -0.02209 0.17717 0.04777 0.6732 0.6854 0.7015
v -0.01896 0.17694 0.05457 0.6667 0.6824 0.7039
v -0.02167 0.18570 -0.04012 0.7608 0.7808 0.8057
v -0.02593 0.18864 0.02601 0.4196 0.4941 0.5490
v -0.02555 0.18586 0.03315 0.7464 0.7582 0.7686
v -0.02407 0.18496 0.03917 0.7150 0.7290 0.7373
v -0.02048 0.18640 0.04812 0.6676 0.6843 0.7029
v -0.01797 0.18596 0.05329 0.6444 0.6588 0.6797
v -0.02099 0.19396 -0.04065 0.7820 0.7984 0.8212
v -0.02530 0.19499 0.02495 0.3412 0.4013 0.4667
v -0.02487 0.19403 0.03094 0.5377 0.5800 0.6179
v -0.02277 0.19371 0.03895 0.7150 0.7275 0.7392
v -0.01951 0.19539 0.04751 0.6730 0.6902 0.7074
v -0.01738 0.19410 0.05257 0.6980 0.7176 0.7412
v -0.02133 0.20309 -0.04043 0.7588 0.7732 0.7974
v -0.02526 0.20374 0.02539 0.2353 0.3007 0.3412
v -0.02379 0.20406 0.03040 0.5473 0.5747 0.5983
v -0.02210 0.20284 0.03858 0.5159 0.5572 0.6029
v -0.01918 0.20315 0.04625 0.6762 0.6964 0.7120
v -0.02199 0.21132 -0.03978 0.7686 0.7780 0.7945
v -0.02514 0.21469 -0.02759 0.0745 0.1255 0.1569
v -0.02481 0.21515 -0.02459 0.3320 0.3961 0.4209
v -0.02438 0.21237 0.02281 0.4608 0.5186 0.5343
v -0.02267 0.21257 0.03040 0.7863 0.8013 0.8144
v -0.02029 0.21296 0.04067 0.7595 0.7758 0.7935
v -0.01795 0.21179 0.04668 0.6667 0.6941 0.7184
v -0.02185 0.22057 -0.03971 0.7222 0.7307 0.7399
v -0.02525 0.22093 -0.02737 0.2804 0.3549 0.3681
v -0.02404 0.22168 -0.02399 0.3067 0.3835 0.4039
v -0.02449 0.22087 0.02226 0.4306 0.5196 0.5427
v -0.02296 0.22030 0.02917 0.4727 0.5440 0.5651
v -0.02033 0.22152 0.03880 0.4221 0.5073 0.5294
v -0.01794 0.22010 0.04541 0.4676 0.5412 0.5725
v -0.02251 0.22814 -0.03732 0.6824 0.6894 0.6933
v -0.02356 0.22905 -0.03079 0.6239 0.6412 0.6718
v -0.02146 0.23137 -0.02219 0.6451 0.6686 0.6941
v -0.02436 0.23082 0.00574 0.8078 0.8314 0.8314
v -0.02307 0.22922 0.01340 0.8532 0.8623 0.8593
v -0.02272 0.22819 0.02048 0.6588 0.6885 0.6930
v -0.02073 0.22796 0.03058 0.5425 0.5778 0.5935
v -0.01996 0.22677 0.03706 0.3941 0.4539 0.4735
v -0.01265 0.02545 -0.30996 0.5824 0.6167 0.6186
v -0.01449 0.02684 -0.30477 0.5399 0.5569 0.5477
v -0.01332 0.03021 -0.29820 0.5804 0.5941 0.5892
v -0.01322 0.03155 -0.29090 0.6510 0.6680 0.6706
v -0.01266 0.03258 -0.28044 0.6510 0.6765 0.6882
v -0.01450 0.03320 -0.27335 0.7353 0.7627 0.7686
v -0.01112 0.03245 -0.25677 0.7020 0.7373 0.7333
v -0.01180 0.03261 -0.24489 0.7490 0.7843 0.7804
v -0.01274 0.03293 -0.23509 0.7294 0.7529 0.7529
v -0.01481 0.03376 -0.22826 0.7647 0.8000 0.7961
v -0.01100 0.03394 -0.21816 0.6980 0.7176 0.7294
v -0.01426 0.03519 -0.21010 0.7333 0.7529 0.7647
v -0.01368 0.03589 -0.20192 0.7373 0.7556 0.7556
v -0.01452 0.03806 -0.19508 0.7882 0.8039 0.7895
v -0.01305 0.04172 -0.18711 0.7595 0.7752 0.7621
v -0.01035 0.04611 -0.18318 0.7725 0.7922 0.7853
v -0.01407 0.04774 -0.17983 0.7577 0.7800 0.7756
v -0.01242 0.05054 -0.17114 0.7399 0.7686 0.7503
v -0.01403 0.05194 0.26785 0.4078 0.4275 0.4392
v -0.01730 0.05144 0.27530 0.6039 0.6196 0.6235
v -0.01279 0.04982 0.29428 0.3137 0.3333 0.3451
v -0.01600 0.04870 0.31183 0.3294 0.3529 0.3451
v -0.01322 0.05325 -0.16570 0.8471 0.8588 0.8314
v -0.01084 0.05440 -0.16225 0.7824 0.8000 0.7824
v -0.01610 0.05740 -0.14229 0.7412 0.7569 0.7529
v -0.01186 0.05864 -0.13454 0.7314 0.7578 0.7402
v -0.01349 0.06009 -0.12587 0.6676 0.6912 0.6833
v -0.01543 0.06035 0.22294 0.5451 0.5765 0.5882
v -0.01394 0.05906 0.23012 0.5712 0.6078 0.6196
v -0.01253 0.05703 0.23771 0.4465 0.4734 0.4919
v -0.01411 0.05420 0.24749 0.3843 0.4188 0.4408
v -0.01268 0.05316 0.25641 0.3663 0.4024 0.4047
v -0.01120 0.05216 0.26395 0.3686 0.4000 0.4118
v -0.01194 0.06500 -0.12263 0.7863 0.8186 0.8118
v -0.01566 0.06433 -0.12053 0.8157 0.8439 0.8455
v -0.01605 0.06813 0.14679 0.6039 0.6275 0.6118
v -0.00888 0.06850 0.14987 0.6000 0.6235 0.6078
v -0.01043 0.06792 0.15697 0.6118 0.6353 0.6196
v -0.01307 0.06748 0.16839 0.5294 0.5529 0.5451
v -0.01326 0.06655 0.18006 0.5059 0.5294 0.5294
v -0.01707 0.06482 0.18784 0.5961 0.6118 0.6078
v -0.01660 0.06404 0.19609 0.5725 0.5922 0.6078
v -0.01346 0.06402 0.20428 0.5333 0.5529 0.5660
v -0.01325 0.06335 0.21178 0.5000 0.5186 0.5363
v -0.01341 0.06184 0.22131 0.5278 0.5576 0.5725
v -0.00954 0.06120 0.22878 0.4575 0.4941 0.5216
v -0.01151 0.07439 -0.12250 0.7157 0.7559 0.7637
v -0.01574 0.07351 -0.12028 0.7350 0.7714 0.7838
v -0.01260 0.07430 0.12707 0.3141 0.3804 0.4242
v -0.01333 0.06993 0.13486 0.3990 0.4539 0.4696
v -0.00940 0.06936 0.14309 0.5608 0.5961 0.5765
v -0.01143 0.07951 -0.12273 0.5902 0.6294 0.6333
v -0.01242 0.08331 -0.11740 0.7636 0.8028 0.8017
v -0.01256 0.08301 0.12617 0.3283 0.3915 0.4376
v -0.01397 0.08865 -0.10736 0.6800 0.7184 0.7263
v -0.01313 0.09271 -0.10032 0.7270 0.7662 0.7721
v -0.01420 0.09347 0.11610 0.6980 0.7412 0.7490
v -0.01243 0.08901 0.12488 0.4800 0.5294 0.5514
v -0.01095 0.09904 -0.09709 0.5936 0.6392 0.6426
v -0.01414 0.10139 -0.09377 0.5539 0.5941 0.6010
v -0.01703 0.10022 -0.06126 0.6588 0.6824 0.6824
v -0.01401 0.10058 -0.05590 0.6976 0.7133 0.7118
v -0.01375 0.10155 -0.05093 0.8101 0.8252 0.8157
v -0.01257 0.10266 0.09879 0.3922 0.4480 0.4784
v -0.01222 0.09747 0.10781 0.6922 0.7294 0.7314
v -0.01467 0.10982 -0.09664 0.3683 0.4560 0.4734
v -0.01365 0.10766 -0.09374 0.4546 0.5111 0.5250
v -0.01567 0.10773 -0.06454 0.6604 0.6792 0.6855
v -0.01113 0.10909 -0.05629 0.6118 0.6292 0.6340
v -0.01276 0.10813 -0.04952 0.7793 0.8011 0.8018
v -0.01529 0.10851 0.09422 0.5431 0.5873 0.6098
v -0.01075 0.10731 0.09804 0.4635 0.5173 0.5502
v -0.01325 0.11750 -0.09799 0.2941 0.3822 0.4039
v -0.01540 0.11639 -0.09293 0.6544 0.6907 0.7064
v -0.01731 0.12104 -0.06952 0.6039 0.6157 0.6353
v -0.01512 0.11618 -0.06472 0.5776 0.5978 0.6090
v -0.01054 0.11713 -0.05646 0.6034 0.6246 0.6286
v -0.01248 0.11775 -0.04961 0.7604 0.7800 0.7894
v -0.01443 0.11655 0.09333 0.3399 0.4013 0.4523
v -0.01009 0.11790 0.09648 0.3386 0.3961 0.4444
v -0.01064 0.12738 -0.10538 0.2873 0.3804 0.3971
v -0.01175 0.12534 -0.09975 0.3261 0.4049 0.4226
v -0.01412 0.12483 -0.09249 0.6652 0.6944 0.7017
v -0.01383 0.12718 -0.06478 0.6067 0.6196 0.6263
v -0.00981 0.12596 -0.05635 0.6412 0.6554 0.6544
v -0.01203 0.12596 -0.04977 0.7185 0.7342 0.7468
v -0.01301 0.12554 0.09380 0.3105 0.3706 0.4229
v -0.00908 0.12660 0.09649 0.3137 0.3647 0.4275
v -0.01004 0.13227 -0.10421 0.4588 0.5882 0.6157
v -0.01089 0.13324 -0.09847 0.3237 0.4292 0.4424
v -0.01223 0.13396 -0.09128 0.2523 0.3291 0.3497
v -0.01173 0.13491 -0.08285 0.3554 0.4294 0.4461
v -0.01314 0.13435 -0.07338 0.6937 0.7100 0.7119
v -0.01101 0.13419 -0.06464 0.5894 0.6012 0.6057
v -0.00943 0.13249 -0.05932 0.5320 0.5399 0.5399
v -0.01375 0.13297 -0.04624 0.7486 0.7625 0.7760
v -0.01296 0.13572 0.09226 0.3540 0.4285 0.4545
v -0.00960 0.13373 0.09595 0.2451 0.3137 0.3510
v -0.00970 0.14356 -0.09815 0.3237 0.4322 0.4388
v -0.00931 0.14243 -0.09111 0.3304 0.4225 0.4333
v -0.00904 0.14018 -0.08462 0.3137 0.3863 0.4059
v -0.01162 0.14024 -0.07195 0.6993 0.7150 0.7124
v -0.00999 0.14140 -0.06633 0.7039 0.7137 0.7147
v -0.01329 0.14212 -0.04495 0.7733 0.7851 0.8078
v -0.01312 0.14334 0.08499 0.1319 0.2029 0.2417
v -0.01161 0.13994 0.08808 0.1235 0.1951 0.2304
v -0.00951 0.15128 -0.09612 0.4725 0.6196 0.6304
v -0.01010 0.15204 -0.09166 0.3880 0.5106 0.5179
v -0.00872 0.15057 -0.08561 0.2902 0.3843 0.3922
v -0.01400 0.15067 -0.04455 0.7675 0.7804 0.7994
v -0.01379 0.15252 0.07537 0.7085 0.7464 0.7660
v -0.01178 0.15091 0.08219 0.3729 0.4510 0.4627
v -0.00948 0.15724 -0.09065 0.4706 0.6000 0.6275
v -0.01315 0.15991 -0.04484 0.7553 0.7694 0.7914
v -0.01620 0.15903 -0.04289 0.7725 0.7843 0.8039
v -0.01473 0.16039 0.06760 0.6876 0.7098 0.7346
v -0.01140 0.16047 0.07090 0.6902 0.7224 0.7365
v -0.00964 0.15878 0.08396 0.6686 0.7549 0.7422
v -0.00904 0.16205 0.08821 0.3647 0.4431 0.4471
v -0.01178 0.16762 -0.04519 0.7490 0.7608 0.7882
v -0.01688 0.16750 -0.04255 0.7431 0.7549 0.7902
v -0.01254 0.16948 0.06561 0.6231 0.6453 0.6697
v -0.00890 0.16609 0.07287 0.5059 0.5598 0.5775
v -0.00927 0.17038 0.08525 0.4000 0.5088 0.4990
v -0.00922 0.16959 0.08805 0.4706 0.5895 0.5922
v -0.01303 0.17860 -0.04450 0.7325 0.7490 0.7757
v -0.01550 0.17850 0.05923 0.6209 0.6431 0.6654
v -0.01235 0.17728 0.06362 0.6612 0.6839 0.7059
v -0.00943 0.17687 0.08231 0.3686 0.4686 0.4686
v -0.01208 0.18701 -0.04503 0.7247 0.7443 0.7678
v -0.01700 0.18875 -0.04278 0.7098 0.7294 0.7529
v -0.01483 0.18636 0.05791 0.6298 0.6506 0.6749
v -0.01144 0.18626 0.06253 0.5947 0.6189 0.6431
v -0.00905 0.18261 0.07996 0.5373 0.6196 0.6392
v -0.01198 0.19517 -0.04496 0.7199 0.7395 0.7630
v -0.01620 0.19426 -0.04304 0.7059 0.7255 0.7490
v -0.01435 0.19553 0.05648 0.6235 0.6410 0.6593
v -0.00944 0.19535 0.06284 0.5608 0.5882 0.6118
v -0.01239 0.20291 -0.04462 0.7059 0.7203 0.7412
v -0.01657 0.20345 -0.04262 0.7353 0.7471 0.7706
v -0.01710 0.19997 0.05171 0.6000 0.6314 0.6392
v -0.01298 0.20362 0.05681 0.6054 0.6328 0.6603
v -0.00909 0.20223 0.06198 0.5490 0.5804 0.6176
v -0.01284 0.21168 -0.04463 0.7556 0.7693 0.7810
v -0.01727 0.21128 -0.04247 0.7765 0.7882 0.8078
v -0.01629 0.21357 0.04995 0.7000 0.7196 0.7431
v -0.01258 0.21157 0.05616 0.6510 0.6745 0.7020
v -0.00934 0.20951 0.06086 0.6000 0.6275 0.6510
v -0.01191 0.22090 -0.04493 0.6840 0.6958 0.6997
v -0.01624 0.22488 -0.04237 0.5529 0.5608 0.5569
v -0.01580 0.22362 0.04931 0.3752 0.4680 0.4967
v -0.01229 0.22174 0.05533 0.4024 0.4863 0.5243
v -0.01217 0.22756 -0.04334 0.7373 0.7529 0.7569
v -0.01396 0.22973 -0.04120 0.7196 0.7275 0.7294
v -0.01663 0.23313 -0.01570 0.5608 0.6039 0.6196
v -0.01712 0.23262 0.02603 0.8510 0.8510 0.8588
v -0.01592 0.23276 0.03091 0.8471 0.8431 0.8627
v -0.01407 0.23044 0.04002 0.6693 0.7015 0.7129
v -0.01292 0.22818 0.04809 0.4770 0.5431 0.5637
v -0.01123 0.22632 0.05495 0.3817 0.4667 0.5033
v -0.01140 0.23467 -0.03694 0.8288 0.8327 0.8314
v -0.01291 0.23518 -0.02668 0.6039 0.6118 0.6588
v -0.01117 0.23451 -0.01049 0.6627 0.6980 0.6941
v -0.01532 0.23444 -0.00037 0.7804 0.8353 0.8392
v -0.01360 0.23542 0.01448 0.9020 0.9046 0.9033
v -0.01200 0.23879 0.02312 0.9169 0.9184 0.9043
v -0.01382 0.23784 0.03002 0.8255 0.8239 0.8357
v -0.01061 0.23869 0.03954 0.6282 0.7046 0.7258
v -0.00896 0.23879 0.04496 0.3216 0.4275 0.4627
v -0.00870 0.24418 0.02301 0.8627 0.8627 0.8549
v -0.01057 0.24415 0.02988 0.8275 0.8314 0.8265
v -0.00956 0.24515 0.04131 0.5307 0.6471 0.6693
v -0.00514 0.02515 -0.31071 0.5745 0.6049 0.6039
v -0.00588 0.02675 -0.30690 0.6627 0.6784 0.6745
v -0.00373 0.02960 -0.29817 0.5686 0.5824 0.5775
v -0.00293 0.03115 -0.29238 0.6562 0.6758 0.6784
v -0.00432 0.03203 -0.28561 0.6627 0.6902 0.7137
v -0.00068 0.03181 -0.27571 0.6980 0.7176 0.7294
v -0.00240 0.03176 -0.26463 0.7020 0.7373 0.7333
v -0.00406 0.03161 -0.24300 0.7098 0.7451 0.7412
v -0.00227 0.03190 -0.23130 0.6902 0.7255 0.7216
v -0.00703 0.03327 -0.22405 0.7216 0.7569 0.7529
v -0.00501 0.03411 -0.21204 0.6863 0.7137 0.7137
v -0.00487 0.03555 -0.20370 0.7425 0.7647 0.7569
v -0.00564 0.03921 -0.19616 0.7752 0.7922 0.7824
v -0.00484 0.04256 -0.18852 0.7346 0.7516 0.7608
v -0.00349 0.04663 -0.18577 0.7387 0.7613 0.7569
v -0.00144 0.04917 -0.17825 0.7294 0.7412 0.7373
v -0.00442 0.05073 -0.17202 0.6680 0.6758 0.6641
v -0.00820 0.05082 0.27854 0.4353 0.4667 0.4784
v -0.00413 0.04917 0.29350 0.3882 0.4196 0.4294
v -0.00231 0.04721 0.31183 0.3490 0.3686 0.3804
v -0.00453 0.05251 -0.16874 0.7712 0.7948 0.7725
v -0.00278 0.05516 -0.15667 0.6510 0.6745 0.6667
v -0.00718 0.05627 -0.14983 0.7216 0.7412 0.7255
v -0.00383 0.05739 -0.14147 0.7686 0.7922 0.7804
v -0.00199 0.05920 -0.13209 0.7686 0.7961 0.7961
v -0.00423 0.05995 -0.12960 0.7098 0.7412 0.7529
v -0.00418 0.05821 0.23830 0.1673 0.2059 0.2510
v -0.00654 0.05596 0.24581 0.1529 0.1843 0.2275
v -0.00467 0.05404 0.25315 0.2235 0.2510 0.2824
v -0.00412 0.05280 0.26493 0.2157 0.2510 0.2706
v -0.00493 0.06438 -0.12685 0.8012 0.8308 0.8290
v -0.00525 0.06908 0.15443 0.6118 0.6275 0.6235
v -0.00418 0.06718 0.17971 0.4732 0.5046 0.5137
v -0.00818 0.06569 0.18995 0.5020 0.5333 0.5451
v -0.00198 0.06561 0.19882 0.4549 0.4863 0.4980
v -0.00722 0.06524 0.20683 0.5059 0.5373 0.5490
v -0.00619 0.06410 0.21333 0.4627 0.4941 0.5059
v -0.00426 0.06386 0.21809 0.4078 0.4490 0.4706
v -0.00351 0.06132 0.22919 0.1895 0.2340 0.2810
v -0.00416 0.07443 -0.12646 0.7422 0.7833 0.7926
v -0.00856 0.07698 0.12998 0.2706 0.3412 0.3961
v -0.00614 0.07370 0.13510 0.6081 0.6515 0.6636
v -0.00282 0.07346 0.14335 0.7082 0.7400 0.7439
v -0.00217 0.07140 0.15081 0.6769 0.7004 0.7004
v -0.00391 0.08041 -0.12563 0.6980 0.7392 0.7471
v -0.00560 0.08504 -0.11763 0.7627 0.8020 0.7951
v -0.00575 0.08222 0.13405 0.5918 0.6296 0.6349
v -0.00176 0.08323 0.14268 0.6902 0.7228 0.7234
v -0.00445 0.09014 -0.10833 0.7294 0.7686 0.7725
v -0.00606 0.09404 -0.10216 0.8105 0.8523 0.8549
v -0.00412 0.09398 0.11883 0.6761 0.7153 0.7145
v -0.00505 0.09142 0.12592 0.7388 0.7702 0.7757
v -0.00361 0.08925 0.13433 0.6549 0.6789 0.6828
v -0.00082 0.08833 0.14148 0.6536 0.6837 0.6967
v -0.00392 0.09908 -0.10017 0.7472 0.7875 0.7758
v -0.00762 0.10196 0.10285 0.4314 0.4784 0.4980
v -0.00358 0.09984 0.10779 0.5075 0.5561 0.5725
v -0.00134 0.09653 0.11399 0.6706 0.6980 0.7216
v -0.00260 0.10926 -0.10525 0.2963 0.3847 0.4013
v -0.00484 0.10825 -0.09887 0.5835 0.6331 0.6324
v -0.00465 0.10815 0.10155 0.4362 0.4924 0.5390
v -0.00120 0.10666 0.10451 0.3608 0.4196 0.4667
v -0.00235 0.11645 -0.10548 0.3016 0.4020 0.4176
v -0.00449 0.11679 -0.10000 0.4255 0.4919 0.4971
v -0.00864 0.11531 -0.05303 0.5843 0.6039 0.6157
v -0.00438 0.11706 0.09944 0.3790 0.4399 0.4909
v -0.00296 0.12638 -0.10606 0.3252 0.4201 0.4269
v -0.00529 0.12445 -0.10122 0.1695 0.2270 0.2588
v -0.00819 0.12646 -0.05329 0.7098 0.7242 0.7255
v -0.00458 0.12601 0.09905 0.3113 0.3681 0.4186
v -0.00318 0.13300 -0.10571 0.3264 0.4468 0.4649
v -0.00627 0.13582 -0.10096 0.2557 0.3510 0.3745
v -0.00705 0.13828 -0.09356 0.4275 0.5255 0.5412
v -0.00585 0.13653 -0.07990 0.3070 0.3546 0.3787
v -0.00544 0.13825 -0.07618 0.7137 0.7294 0.7294
v -0.00622 0.13365 -0.05521 0.4776 0.4890 0.4922
v -0.00579 0.13383 -0.05024 0.7708 0.7843 0.7813
v -0.00774 0.13771 0.09373 0.3216 0.4118 0.4255
v -0.00347 0.13424 0.09812 0.2106 0.2689 0.3143
v -0.00098 0.14321 -0.10671 0.2638 0.3576 0.3740
v -0.00506 0.14274 -0.10128 0.1856 0.2575 0.2797
v -0.00724 0.14216 -0.09098 0.2226 0.3071 0.3213
v -0.00631 0.14357 -0.08190 0.2739 0.3376 0.3629
v -0.00391 0.14132 -0.07349 0.7251 0.7386 0.7277
v -0.00545 0.14510 -0.06598 0.8071 0.8102 0.8110
v -0.00533 0.14211 -0.05651 0.6149 0.6239 0.6271
v -0.00422 0.14369 -0.05006 0.7647 0.7741 0.7765
v -0.00771 0.14502 0.08627 0.1333 0.2098 0.2412
v -0.00457 0.14277 0.09175 0.3100 0.3980 0.4225
v -0.00172 0.13949 0.09574 0.0294 0.0706 0.1059
v -0.00404 0.15215 -0.09759 0.2150 0.3163 0.3396
v -0.00813 0.14861 -0.08864 0.2654 0.3542 0.3725
v -0.00465 0.15086 -0.08166 0.3529 0.4346 0.4576
v -0.00467 0.15232 -0.06206 0.8542 0.8647 0.8699
v -0.00350 0.15139 -0.05495 0.6243 0.6322 0.6373
v -0.00478 0.15117 -0.04967 0.7686 0.7745 0.7725
v -0.00807 0.15417 0.07718 0.4196 0.4784 0.4902
v -0.00814 0.15151 0.08396 0.2797 0.3490 0.3647
v -0.00470 0.15108 0.08966 0.1894 0.2729 0.3008
v -0.00384 0.16056 -0.09559 0.2529 0.3627 0.3882
v -0.00449 0.16066 -0.09177 0.3513 0.4685 0.4902
v -0.00295 0.15944 -0.08398 0.3608 0.4484 0.4712
v -0.00021 0.15675 -0.06206 0.8196 0.8353 0.8471
v -0.00311 0.16011 -0.05769 0.7150 0.7225 0.7337
v -0.00479 0.16017 -0.04950 0.7167 0.7225 0.7324
v -0.00671 0.16144 0.07546 0.3664 0.4168 0.4370
v -0.00700 0.15999 0.08031 0.5743 0.6588 0.6479
v -0.00541 0.16051 0.08945 0.1329 0.2039 0.2286
v -0.00311 0.17038 -0.09666 0.2231 0.3024 0.3212
v -0.00479 0.16914 -0.09132 0.2601 0.3412 0.3675
v -0.00237 0.16843 -0.05648 0.7305 0.7422 0.7444
v -0.00402 0.16847 -0.04951 0.7171 0.7283 0.7350
v -0.00714 0.16924 0.07431 0.4131 0.4782 0.4898
v -0.00680 0.16883 0.08121 0.3733 0.4602 0.4581
v -0.00444 0.16866 0.08954 0.1729 0.2526 0.2915
v -0.00169 0.17443 -0.09558 0.3176 0.3882 0.4137
v -0.00461 0.17438 -0.09340 0.3412 0.4157 0.4392
v -0.00209 0.17788 -0.05626 0.6818 0.6973 0.7069
v -0.00337 0.17673 -0.04974 0.6706 0.6869 0.6948
v -0.00804 0.17617 0.06839 0.6431 0.6706 0.6941
v -0.00513 0.17786 0.07396 0.3829 0.4513 0.4510
v -0.00660 0.17835 0.08253 0.4745 0.5725 0.5794
v -0.00360 0.17709 0.08872 0.2779 0.3833 0.4092
v -0.00107 0.18498 -0.05605 0.6702 0.6886 0.7012
v -0.00389 0.18640 -0.04959 0.6863 0.7007 0.7155
v -0.00664 0.18642 0.06730 0.5235 0.5608 0.5873
v -0.00586 0.18680 0.07359 0.4272 0.4999 0.4980
v -0.00391 0.18624 0.08157 0.3621 0.4392 0.4492
v -0.00149 0.18608 0.08855 0.4101 0.5042 0.5104
v -0.00086 0.19401 -0.05557 0.6308 0.6443 0.6471
v -0.00238 0.19510 -0.05034 0.6627 0.6791 0.6948
v -0.00681 0.19397 0.06688 0.5029 0.5402 0.5662
v -0.00411 0.19576 0.07334 0.2852 0.3672 0.3832
v -0.00141 0.19548 0.08308 0.4860 0.5723 0.5703
v -0.00118 0.19498 0.08819 0.4667 0.5608 0.5686
v -0.00055 0.20316 -0.05631 0.6683 0.6796 0.6941
v -0.00385 0.20306 -0.04921 0.7012 0.7169 0.7349
v -0.00533 0.20335 0.06639 0.4819 0.5260 0.5588
v -0.00191 0.20275 0.07348 0.3076 0.3662 0.3892
v -0.00198 0.20329 0.08217 0.5034 0.5972 0.6039
v -0.00093 0.20435 0.08800 0.3235 0.4490 0.4647
v -0.00058 0.21119 -0.05685 0.6686 0.6804 0.6902
v -0.00389 0.21156 -0.04931 0.6882 0.6987 0.7039
v -0.00297 0.21258 0.06710 0.4261 0.4725 0.5209
v -0.00030 0.20904 0.08189 0.3817 0.5007 0.5281
v -0.00519 0.22057 -0.04850 0.7059 0.7137 0.7088
v -0.00825 0.22215 0.06038 0.2549 0.3412 0.3843
v -0.00356 0.22112 0.06608 0.2020 0.2857 0.3263
v -0.00016 0.22299 0.06959 0.2235 0.2824 0.3098
v -0.00484 0.22898 -0.04626 0.7686 0.7752 0.7656
v -0.00732 0.23184 0.04837 0.6719 0.7150 0.7373
v -0.00603 0.22947 0.05697 0.5561 0.5937 0.6322
v -0.00352 0.22799 0.06455 0.3990 0.4569 0.5034
v -0.00054 0.22836 0.07004 0.3000 0.3745 0.3961
v -0.00306 0.23701 -0.03699 0.8451 0.8549 0.8196
v -0.00339 0.23825 -0.02710 0.8471 0.8510 0.8706
v -0.00515 0.23681 -0.01976 0.7118 0.7196 0.7412
v -0.00653 0.23572 -0.01198 0.7392 0.7569 0.7667
v -0.00614 0.23753 0.00604 0.9765 0.9961 0.9804
v -0.00322 0.23976 0.01504 0.9157 0.9206 0.9078
v -0.00657 0.24034 0.02033 0.9059 0.9111 0.8915
v -0.00670 0.23864 0.04777 0.3389 0.4431 0.4735
v -0.00251 0.23766 0.05419 0.6111 0.6536 0.6941
v -0.00422 0.24776 0.02124 0.7900 0.8030 0.8021
v -0.00633 0.24860 0.03087 0.6969 0.7204 0.7289
v -0.00660 0.24840 0.03717 0.5451 0.6179 0.6224
v -0.00503 0.24698 0.04783 0.2817 0.3814 0.4212
v -0.00082 0.24491 0.05211 0.1804 0.2431 0.3020
v -0.00242 0.25608 0.02288 0.7546 0.7759 0.7838
v -0.00292 0.25554 0.03123 0.6784 0.7087 0.7182
v -0.00422 0.25539 0.03879 0.5271 0.6078 0.6186
v -0.00276 0.25407 0.04562 0.3692 0.4499 0.4874
v -0.00048 0.26271 0.02640 0.4784 0.6353 0.6667
v -0.00277 0.33960 0.00651 0.1667 0.2304 0.2422
v -0.00382 0.34144 0.00970 0.2020 0.2549 0.2863
v 0.00440 0.02491 -0.31058 0.5529 0.5748 0.5731
v 0.00269 0.02676 -0.30628 0.5863 0.6059 0.5961
v 0.00515 0.02929 -0.29820 0.5392 0.5523 0.5471
v 0.00549 0.03057 -0.29106 0.6706 0.6980 0.7020
v 0.00452 0.03121 -0.28192 0.6745 0.6941 0.7059
v 0.00800 0.03094 -0.26704 0.6314 0.6471 0.6431
v 0.00817 0.03079 -0.25272 0.6784 0.7020 0.7020
v 0.00198 0.03098 -0.24801 0.6627 0.6980 0.6941
v 0.00324 0.03109 -0.23714 0.6784 0.7137 0.7098
v 0.00828 0.03158 -0.22925 0.7020 0.7255 0.7176
v 0.00351 0.03277 -0.22111 0.6863 0.7157 0.7098
v 0.00395 0.03395 -0.21100 0.6941 0.7216 0.7255
v 0.00539 0.03738 -0.20402 0.7716 0.7863 0.7775
v 0.00379 0.04108 -0.19558 0.7162 0.7373 0.7380
v 0.00713 0.04387 -0.19288 0.8588 0.8824 0.8824
v 0.00342 0.04691 -0.18722 0.7451 0.7616 0.7576
v 0.00513 0.05035 -0.17687 0.6314 0.6490 0.6363
v 0.00686 0.05135 0.27115 0.2863 0.3216 0.3490
v 0.00353 0.04992 0.28128 0.3059 0.3412 0.3608
v 0.00594 0.04868 0.29395 0.3059 0.3412 0.3608
v 0.00679 0.04743 0.30307 0.2863 0.3255 0.3333
v 0.00335 0.04695 0.31182 0.3216 0.3451 0.3647
v 0.00347 0.05341 -0.16761 0.7346 0.7582 0.7477
v 0.00213 0.05460 -0.16227 0.7490 0.7686 0.7529
v 0.00775 0.05592 -0.15216 0.7529 0.7765 0.7765
v 0.00518 0.05724 -0.14404 0.7725 0.7961 0.7843
v 0.00555 0.05828 -0.13607 0.7176 0.7451 0.7157
v 0.00460 0.05975 0.23051 0.2216 0.2647 0.3196
v 0.00485 0.05729 0.23965 0.2039 0.2431 0.2902
v 0.00242 0.05546 0.24614 0.1961 0.2216 0.2647
v 0.00467 0.05307 0.25679 0.1961 0.2314 0.2588
v 0.00317 0.06374 -0.13079 0.7954 0.8248 0.8281
v 0.00037 0.06793 -0.12858 0.7961 0.8314 0.8275
v 0.00319 0.06791 0.17407 0.3137 0.3529 0.3608
v 0.00391 0.06622 0.18981 0.4039 0.4392 0.4588
v 0.00684 0.06532 0.19803 0.3608 0.3961 0.4314
v 0.00097 0.06530 0.20778 0.3686 0.4039 0.4314
v 0.00727 0.06397 0.21233 0.2824 0.3216 0.3569
v 0.00666 0.06190 0.22026 0.2745 0.3216 0.3686
v 0.00561 0.07406 -0.13170 0.6941 0.7356 0.7496
v 0.00111 0.07493 -0.12932 0.6458 0.6863 0.7033
v 0.00179 0.07520 0.15277 0.7161 0.7498 0.7553
v 0.00514 0.07316 0.16027 0.6740 0.7013 0.7144
v 0.00692 0.06961 0.16657 0.6667 0.7020 0.7216
v 0.00641 0.07894 -0.13205 0.6353 0.6732 0.6915
v 0.00324 0.08158 -0.12708 0.6856 0.7281 0.7359
v 0.00557 0.08663 -0.11957 0.7137 0.7529 0.7569
v 0.00234 0.08349 0.15182 0.6941 0.7246 0.7329
v 0.00639 0.08171 0.15957 0.6802 0.7129 0.7277
v 0.00663 0.08885 -0.11522 0.7137 0.7608 0.7608
v 0.00378 0.09195 -0.10891 0.7983 0.8387 0.8364
v 0.00171 0.09486 0.12266 0.7647 0.8000 0.7882
v 0.00308 0.09276 0.13312 0.7510 0.7784 0.7824
v 0.00346 0.09067 0.14348 0.7678 0.7937 0.7992
v 0.00463 0.08869 0.15174 0.7247 0.7475 0.7522
v 0.00755 0.08906 0.15863 0.6784 0.6980 0.7118
v 0.00572 0.10368 -0.11368 0.2765 0.3471 0.3784
v 0.00566 0.09981 -0.10633 0.5629 0.6021 0.6118
v 0.00185 0.10001 -0.10290 0.6059 0.6539 0.6618
v 0.00506 0.10205 0.10922 0.3115 0.3782 0.4061
v 0.00460 0.09734 0.11588 0.7490 0.7882 0.7706
v 0.00689 0.09636 0.12518 0.7578 0.7922 0.7892
v 0.00770 0.09533 0.13271 0.7804 0.8039 0.8039
v 0.00759 0.10631 -0.12157 0.2706 0.3392 0.3569
v 0.00617 0.10861 -0.11673 0.3809 0.4721 0.4919
v 0.00383 0.10842 -0.10708 0.4408 0.5342 0.5465
v 0.00204 0.10804 -0.10286 0.4343 0.4922 0.5020
v 0.00160 0.11083 0.10343 0.3588 0.4176 0.4725
v 0.00584 0.10754 0.10690 0.3238 0.3916 0.4403
v 0.00835 0.11509 -0.11491 0.3882 0.4922 0.5033
v 0.00454 0.11731 -0.10772 0.2591 0.3565 0.3684
v 0.00054 0.11361 -0.10367 0.1902 0.2353 0.2706
v 0.00278 0.11726 0.10306 0.3302 0.3898 0.4392
v 0.00762 0.11650 0.10533 0.3451 0.4000 0.4490
v 0.00809 0.12407 -0.11355 0.3020 0.4078 0.4118
v 0.00415 0.12578 -0.10914 0.2673 0.3676 0.3812
v 0.00331 0.12590 0.10288 0.3895 0.4464 0.4928
v 0.00776 0.12609 0.10500 0.3471 0.4020 0.4490
v 0.00735 0.13342 -0.11403 0.2961 0.4069 0.4069
v 0.00418 0.13437 -0.10935 0.4000 0.5336 0.5404
v 0.00400 0.13470 0.09995 0.2314 0.2884 0.3264
v 0.00807 0.13132 0.10473 0.3765 0.4275 0.4627
v 0.00507 0.14355 -0.11368 0.2894 0.4047 0.4212
v 0.00314 0.14159 -0.11016 0.2209 0.3174 0.3370
v 0.00267 0.14439 -0.07364 0.5157 0.5451 0.5588
v 0.00319 0.14393 0.09348 0.0299 0.0784 0.1132
v 0.00562 0.14786 -0.11329 0.3608 0.5216 0.5294
v 0.00309 0.14874 -0.10764 0.4118 0.5455 0.5572
v 0.00271 0.15043 -0.09974 0.2516 0.3425 0.3680
v 0.00429 0.15448 -0.09243 0.0676 0.1402 0.1667
v 0.00264 0.15265 -0.07860 0.1882 0.2373 0.2892
v 0.00600 0.14988 -0.07490 0.3364 0.3773 0.4279
v 0.00404 0.15128 -0.06677 0.8324 0.8382 0.8422
v 0.00337 0.15207 0.09354 0.1122 0.1825 0.2264
v 0.00400 0.15998 -0.09137 0.1508 0.2265 0.2513
v 0.00421 0.16036 -0.08118 0.2898 0.3573 0.3948
v 0.00774 0.15599 -0.07771 0.1922 0.2392 0.2863
v 0.00508 0.15901 -0.06446 0.8340 0.8418 0.8562
v 0.00341 0.16011 0.09362 0.1373 0.2188 0.2661
v 0.00614 0.16325 0.09566 0.1216 0.1843 0.2353
v 0.00303 0.16969 -0.09633 0.1484 0.2157 0.2418
v 0.00505 0.16717 -0.09203 0.3251 0.3840 0.4021
v 0.00458 0.16566 -0.08533 0.5569 0.6471 0.6614
v 0.00491 0.16827 -0.06245 0.7948 0.8105 0.8261
v 0.00121 0.17078 -0.06011 0.8039 0.8157 0.8353
v 0.00239 0.16860 0.09307 0.1713 0.2618 0.3023
v 0.00539 0.16840 0.09572 0.1122 0.1804 0.2196
v 0.00524 0.17778 -0.06150 0.7438 0.7660 0.7869
v 0.00232 0.17914 -0.05953 0.7627 0.7824 0.8039
v 0.00173 0.17739 0.09200 0.2345 0.3247 0.3580
v 0.00652 0.17701 0.09594 0.1221 0.1888 0.2336
v 0.00753 0.18514 -0.06144 0.7471 0.7706 0.7941
v 0.00167 0.18658 -0.05714 0.7466 0.7652 0.7809
v 0.00323 0.18649 0.09365 0.1505 0.2437 0.2881
v 0.00720 0.18565 0.09567 0.1167 0.1931 0.2392
v 0.00838 0.19542 -0.06160 0.8000 0.8118 0.8392
v 0.00244 0.19530 -0.05724 0.7471 0.7578 0.7758
v 0.00437 0.19500 0.09346 0.1119 0.1897 0.2285
v 0.00740 0.20009 -0.06100 0.8000 0.8118 0.8471
v 0.00222 0.20446 -0.05639 0.6945 0.7008 0.7078
v 0.00010 0.20173 -0.05172 0.6549 0.6627 0.6588
v 0.00381 0.20325 0.09306 0.2289 0.3287 0.3571
v 0.00756 0.21067 -0.06099 0.7784 0.7902 0.8098
v 0.00196 0.21178 -0.05651 0.7030 0.7056 0.7129
v 0.00003 0.21275 -0.05167 0.6667 0.6667 0.6667
v 0.00259 0.21316 0.07384 0.3384 0.4149 0.4424
v 0.00383 0.21299 0.08329 0.4840 0.6112 0.6241
v 0.00584 0.21150 0.08933 0.3876 0.5085 0.5268
v 0.00298 0.22106 -0.05606 0.6672 0.6703 0.6745
v 0.00052 0.22039 -0.05145 0.6627 0.6706 0.6667
v 0.00383 0.22130 0.07325 0.1033 0.1503 0.1903
v 0.00715 0.22145 0.08457 0.2824 0.3643 0.3904
v 0.00652 0.22085 0.08935 0.2157 0.2922 0.3190
v 0.00733 0.22678 -0.05255 0.7804 0.7765 0.7686
v 0.00308 0.23033 -0.04873 0.7780 0.7788 0.7702
v 0.00146 0.23218 0.06710 0.4980 0.5559 0.6118
v 0.00333 0.22834 0.07451 0.2540 0.3261 0.3647
v 0.00732 0.22784 0.08216 0.2700 0.3401 0.3888
v 0.00626 0.22742 0.08923 0.4510 0.5359 0.5516
v 0.00509 0.23631 -0.03994 0.8771 0.8863 0.8588
v 0.00434 0.24071 -0.03028 0.6773 0.6784 0.6818
v 0.00365 0.23982 -0.02146 0.8157 0.8196 0.8353
v 0.00534 0.24022 -0.01303 0.7902 0.8049 0.8039
v 0.00424 0.24031 -0.00375 0.8529 0.8706 0.8608
v 0.00301 0.24098 0.00473 0.9425 0.9399 0.9320
v 0.00140 0.24144 0.01372 0.9608 0.9647 0.9451
v 0.00247 0.23979 0.05867 0.4925 0.5412 0.6016
v 0.00520 0.23606 0.06371 0.3788 0.4416 0.5106
v 0.00457 0.24681 -0.02885 0.7420 0.7457 0.7597
v 0.00591 0.24574 -0.02202 0.6196 0.6241 0.6487
v 0.00785 0.24638 -0.00149 0.7333 0.7529 0.7582
v 0.00570 0.24610 0.00446 0.8523 0.8634 0.8588
v 0.00316 0.24664 0.01274 0.9150 0.9183 0.9137
v 0.00360 0.25006 0.04964 0.2725 0.3314 0.3833
v 0.00478 0.24674 0.05440 0.3974 0.4593 0.5190
v 0.00702 0.25396 -0.02855 0.7235 0.7196 0.7392
v 0.00631 0.25317 -0.02432 0.5908 0.6000 0.6222
v 0.00742 0.25567 0.00621 0.7443 0.7741 0.7796
v 0.00526 0.25485 0.01431 0.8387 0.8543 0.8599
v 0.00171 0.25712 0.02004 0.8118 0.8361 0.8400
v 0.00131 0.25917 0.04107 0.7118 0.7765 0.8078
v 0.00452 0.25570 0.04755 0.4984 0.5513 0.5899
v 0.00832 0.26018 0.00762 0.1490 0.2196 0.2353
v 0.00828 0.26082 0.01528 0.4431 0.5333 0.5569
v 0.00561 0.26333 0.02230 0.4995 0.5975 0.6150
v 0.00213 0.26511 0.03049 0.2787 0.3863 0.4230
v 0.00555 0.26126 0.03989 0.5255 0.6196 0.6451
v 0.00710 0.27299 0.02447 0.5033 0.5928 0.5974
v 0.00534 0.27203 0.02829 0.3895 0.5129 0.5512
v 0.00719 0.28143 0.02415 0.5553 0.6643 0.6729
v 0.00694 0.28252 0.02754 0.3324 0.4441 0.4882
v 0.00815 0.29034 0.02555 0.6000 0.6980 0.7190
v 0.00717 0.28969 0.02729 0.4716 0.5853 0.6176
v 0.00792 0.29709 0.02721 0.5176 0.6255 0.6647
v 0.00371 0.34043 0.00620 0.1989 0.2616 0.2700
v 0.00312 0.34056 0.00931 0.1588 0.2245 0.2500
v 0.01304 0.02547 -0.31002 0.5304 0.5392 0.5363
v 0.01423 0.02669 -0.30556 0.5755 0.5912 0.5794
v 0.01129 0.02841 -0.29914 0.5542 0.5725 0.5608
v 0.01358 0.02927 -0.29054 0.6216 0.6412 0.6392
v 0.00916 0.03060 -0.28575 0.7020 0.7216 0.7373
v 0.01726 0.03042 -0.27439 0.6510 0.6667 0.6627
v 0.01194 0.03037 -0.23778 0.6902 0.7216 0.7294
v 0.01336 0.03118 -0.22860 0.7020 0.7255 0.7255
v 0.01296 0.03225 -0.22317 0.6863 0.7216 0.7176
v 0.01295 0.03388 -0.21325 0.7216 0.7477 0.7477
v 0.01438 0.03654 -0.20886 0.7618 0.7804 0.7706
v 0.01332 0.03911 -0.20429 0.7193 0.7373 0.7378
v 0.01221 0.04154 -0.19719 0.6894 0.7067 0.7082
v 0.01346 0.04497 -0.19402 0.7639 0.7859 0.7820
v 0.01398 0.04822 -0.18619 0.7529 0.7749 0.7553
v 0.01394 0.05109 -0.17986 0.7190 0.7386 0.7268
v 0.01291 0.05186 0.26319 0.3020 0.3373 0.3647
v 0.01673 0.05109 0.26953 0.3333 0.3608 0.3843
v 0.01229 0.04982 0.28118 0.2922 0.3255 0.3451
v 0.01456 0.04757 0.29432 0.2706 0.3059 0.3333
v 0.01256 0.04593 0.31183 0.2549 0.2902 0.3098
v 0.01405 0.05276 -0.17629 0.7804 0.8039 0.7882
v 0.01086 0.05377 -0.16972 0.8078 0.8353 0.8235
v 0.01281 0.05523 -0.16144 0.7843 0.8118 0.7843
v 0.01295 0.05655 -0.14806 0.6745 0.6980 0.6941
v 0.01340 0.05768 -0.14199 0.7402 0.7637 0.7578
v 0.00907 0.05972 -0.13487 0.8353 0.8588 0.8510
v 0.01207 0.05985 0.22264 0.2497 0.2889 0.3307
v 0.01088 0.05766 0.23303 0.2275 0.2745 0.3294
v 0.01129 0.05481 0.24373 0.1686 0.2039 0.2314
v 0.01302 0.06467 -0.13559 0.7922 0.8259 0.8306
v 0.01128 0.06870 0.17142 0.3098 0.3451 0.3725
v 0.01281 0.06736 0.17979 0.3353 0.3725 0.4039
v 0.01463 0.06339 0.20560 0.2980 0.3431 0.3784
v 0.01124 0.06306 0.21137 0.2680 0.3190 0.3542
v 0.01411 0.06095 0.21715 0.2588 0.2980 0.3373
v 0.01318 0.07391 -0.13559 0.6997 0.7423 0.7507
v 0.01166 0.07411 0.16130 0.3275 0.3667 0.4129
v 0.01175 0.07018 0.16645 0.3392 0.3765 0.4098
v 0.01330 0.07973 -0.13409 0.6800 0.7192 0.7333
v 0.01217 0.08512 -0.12445 0.7314 0.7686 0.7686
v 0.01124 0.08257 0.16038 0.2654 0.3026 0.3471
v 0.01214 0.08904 -0.11716 0.6775 0.7167 0.7225
v 0.01220 0.09433 -0.11016 0.7255 0.7595 0.7608
v 0.01100 0.09414 0.14460 0.6824 0.7072 0.7150
v 0.01393 0.09229 0.15149 0.5033 0.5346 0.5569
v 0.01262 0.08877 0.15830 0.4062 0.4359 0.4695
v 0.01622 0.10395 -0.11405 0.2392 0.2745 0.2941
v 0.01219 0.09980 -0.10908 0.3698 0.4143 0.4408
v 0.00971 0.10322 0.11242 0.6863 0.7333 0.7333
v 0.01174 0.10172 0.11705 0.6290 0.6706 0.6682
v 0.01315 0.09964 0.12620 0.7052 0.7430 0.7387
v 0.01320 0.09721 0.13534 0.8026 0.8248 0.8288
v 0.01243 0.09566 0.14118 0.7961 0.8196 0.8118
v 0.01085 0.10684 -0.12217 0.3239 0.3914 0.4078
v 0.01419 0.10896 -0.11892 0.1940 0.2654 0.2858
v 0.01014 0.10849 0.10988 0.3890 0.4600 0.5004
v 0.01410 0.10842 0.11642 0.6592 0.7039 0.6997
v 0.01666 0.10697 0.12383 0.7039 0.7422 0.7392
v 0.01223 0.11689 -0.11920 0.3656 0.4685 0.4857
v 0.01168 0.11637 0.10993 0.3525 0.4161 0.4645
v 0.01507 0.11657 0.11702 0.6387 0.6762 0.6751
v 0.01596 0.12595 -0.12157 0.4220 0.5514 0.5757
v 0.01217 0.12535 -0.11791 0.3725 0.4784 0.4978
v 0.01181 0.12518 0.10948 0.4902 0.5464 0.5719
v 0.01611 0.12677 0.11789 0.6289 0.6598 0.6525
v 0.01721 0.13583 -0.12152 0.5275 0.6373 0.6549
v 0.01253 0.13422 -0.11752 0.3790 0.4790 0.4894
v 0.01323 0.13753 0.10010 0.0502 0.0878 0.1310
v 0.01364 0.13436 0.10853 0.4301 0.4886 0.4876
v 0.01605 0.13367 0.11531 0.4375 0.4868 0.4779
v 0.01339 0.14065 -0.11547 0.3613 0.4748 0.4922
v 0.01177 0.14484 -0.10958 0.3059 0.4151 0.4291
v 0.00938 0.14708 -0.07291 0.3922 0.4353 0.4510
v 0.01369 0.14361 0.09268 0.0228 0.0446 0.0841
v 0.01615 0.14320 0.09861 0.0294 0.0588 0.0956
v 0.01666 0.14220 0.10818 0.1275 0.2203 0.2575
v 0.01301 0.14928 -0.09845 0.2868 0.3956 0.4147
v 0.01327 0.15299 -0.09142 0.2336 0.3102 0.3303
v 0.01246 0.15187 -0.07392 0.4106 0.4471 0.4896
v 0.01085 0.15299 -0.06907 0.8392 0.8431 0.8510
v 0.01306 0.15163 0.09310 0.0345 0.0635 0.0988
v 0.01408 0.15173 0.09966 0.1198 0.1906 0.2377
v 0.01563 0.15127 0.10601 0.1564 0.2588 0.3152
v 0.01291 0.15958 -0.09012 0.1891 0.2512 0.2807
v 0.01091 0.16275 -0.08178 0.3681 0.4353 0.4661
v 0.01453 0.15998 -0.07626 0.3980 0.4446 0.4765
v 0.01153 0.16096 -0.06734 0.7980 0.8098 0.8167
v 0.01150 0.15903 0.09374 0.0361 0.0737 0.1106
v 0.01405 0.16008 0.10001 0.1081 0.1855 0.2346
v 0.01678 0.16022 0.10513 0.1908 0.3163 0.3725
v 0.01510 0.16656 -0.08269 0.3922 0.4694 0.4875
v 0.01257 0.17051 -0.06641 0.7718 0.7843 0.8016
v 0.00957 0.16634 0.09467 0.0608 0.0980 0.1353
v 0.01367 0.16873 0.09939 0.0936 0.1555 0.1983
v 0.01706 0.16728 0.10522 0.1961 0.3020 0.3451
v 0.01302 0.17799 -0.06516 0.7412 0.7608 0.7867
v 0.01375 0.17776 0.09849 0.0863 0.1502 0.1943
v 0.01314 0.18701 -0.06439 0.7709 0.7882 0.8095
v 0.01187 0.18893 0.09517 0.0706 0.1098 0.1490
v 0.01458 0.18597 0.09787 0.0838 0.1473 0.1880
v 0.01347 0.19611 -0.06421 0.7706 0.7876 0.8157
v 0.01017 0.19567 0.09499 0.0118 0.0458 0.0850
v 0.01407 0.19441 0.09958 0.1553 0.2189 0.2530
v 0.01310 0.20544 -0.06370 0.7600 0.7757 0.8110
v 0.01085 0.20459 0.09481 0.0612 0.1286 0.1702
v 0.01480 0.20207 0.09799 0.1176 0.2105 0.2558
v 0.01360 0.21178 -0.06391 0.7667 0.7784 0.8113
v 0.01283 0.21161 0.09262 0.1180 0.2046 0.2539
v 0.01352 0.22060 -0.06305 0.7588 0.7716 0.7951
v 0.01291 0.22428 -0.05760 0.7281 0.7346 0.7386
v 0.00891 0.22376 0.07766 0.0902 0.1373 0.1843
v 0.00977 0.22120 0.08180 0.1183 0.1850 0.2150
v 0.01370 0.22067 0.08889 0.0467 0.1209 0.1693
v 0.01377 0.22855 -0.05487 0.6868 0.6863 0.6919
v 0.01154 0.23232 -0.05110 0.7941 0.7941 0.7941
v 0.01087 0.22916 0.08099 0.2490 0.3176 0.3569
v 0.01392 0.22877 0.09090 0.1725 0.2418 0.2970
v 0.01206 0.23430 -0.04781 0.8333 0.8333 0.8373
v 0.01437 0.23805 -0.03921 0.7931 0.7873 0.7765
v 0.01187 0.24069 -0.03357 0.6549 0.6549 0.6549
v 0.01037 0.24178 -0.01201 0.6333 0.6431 0.6529
v 0.01020 0.24201 -0.00684 0.5882 0.6039 0.6078
v 0.01373 0.24237 0.05722 0.1451 0.1961 0.2588
v 0.01288 0.23842 0.06495 0.4379 0.4980 0.5542
v 0.01278 0.23483 0.07519 0.5578 0.6147 0.6480
v 0.01616 0.24727 -0.03465 0.8333 0.8333 0.8373
v 0.01118 0.24674 -0.03238 0.8216 0.8216 0.8235
v 0.01099 0.24802 -0.01280 0.6606 0.6706 0.6854
v 0.01019 0.24661 -0.00580 0.8090 0.8319 0.8319
v 0.01214 0.24819 0.05562 0.3475 0.4103 0.4691
v 0.01251 0.25573 -0.02972 0.7789 0.7784 0.7941
v 0.01121 0.25662 -0.02106 0.6471 0.6490 0.6784
v 0.01364 0.25595 -0.01240 0.5454 0.5833 0.5967
v 0.01117 0.25617 -0.00460 0.4879 0.5408 0.5493
v 0.00956 0.25756 0.00129 0.6706 0.7281 0.7320
v 0.01220 0.25913 0.05029 0.4980 0.5529 0.5882
v 0.01337 0.25395 0.05414 0.3401 0.4039 0.4571
v 0.01573 0.26055 -0.02403 0.8431 0.8510 0.8686
v 0.01483 0.26151 -0.01062 0.5039 0.5990 0.6225
v 0.01370 0.26454 -0.00454 0.4169 0.5363 0.5499
v 0.01300 0.26401 0.00331 0.3462 0.4734 0.4919
v 0.01216 0.26305 0.01216 0.3765 0.4608 0.4794
v 0.01265 0.26640 0.02162 0.2651 0.3529 0.3992
v 0.01293 0.26632 0.03245 0.2797 0.3503 0.3817
v 0.01344 0.26416 0.03786 0.5255 0.6366 0.6758
v 0.01370 0.26144 0.04591 0.4098 0.4863 0.5216
v 0.01659 0.27191 -0.00375 0.4093 0.5402 0.5618
v 0.01648 0.26999 0.00011 0.1569 0.2863 0.3137
v 0.01358 0.27334 0.02418 0.3029 0.4148 0.4534
v 0.01300 0.27179 0.02841 0.1569 0.2205 0.2680
v 0.01408 0.28182 0.02314 0.3381 0.4405 0.4715
v 0.01157 0.28066 0.02783 0.1451 0.2212 0.2839
v 0.01276 0.28993 0.02274 0.4363 0.5059 0.5216
v 0.01366 0.29003 0.02868 0.1510 0.2265 0.2740
v 0.01575 0.29957 0.01635 0.4912 0.5853 0.6059
v 0.01298 0.29861 0.02206 0.4523 0.5148 0.5357
v 0.01280 0.30007 0.02941 0.1906 0.2761 0.3204
v 0.01704 0.30008 0.04062 0.5255 0.6314 0.6569
v 0.01619 0.30798 0.01520 0.4765 0.5451 0.5699
v 0.01336 0.30644 0.02106 0.4838 0.5554 0.5683
v 0.01350 0.30766 0.02926 0.2247 0.3247 0.3808
v 0.01612 0.31695 0.01574 0.4647 0.5353 0.5549
v 0.01400 0.31601 0.02115 0.4216 0.5227 0.5486
v 0.01514 0.31541 0.02959 0.2022 0.3024 0.3460
v 0.01599 0.32488 0.01692 0.2196 0.3229 0.3739
v 0.01417 0.32553 0.02161 0.1656 0.2488 0.2941
v 0.01602 0.32362 0.03039 0.2426 0.3457 0.3678
v 0.01728 0.32617 0.03597 0.1765 0.3137 0.3373
v 0.01456 0.33434 0.02204 0.2474 0.3098 0.3312
v 0.01597 0.33342 0.03012 0.4243 0.5216 0.5333
v 0.01266 0.34213 0.00592 0.2426 0.3059 0.3078
v 0.01345 0.34208 0.01176 0.1501 0.2123 0.2275
v 0.01522 0.34240 0.02213 0.4235 0.4902 0.5017
v 0.01640 0.34052 0.02906 0.5435 0.6486 0.6596
v 0.01581 0.34706 0.01179 0.3882 0.4667 0.4627
v 0.01648 0.34832 0.02253 0.4588 0.5422 0.5510
v 0.01685 0.34703 0.02786 0.4745 0.6039 0.6314
v 0.02279 0.02506 -0.31180 0.6118 0.6353 0.6275
v 0.02193 0.02660 -0.30534 0.6294 0.6510 0.6353
v 0.02264 0.02792 -0.29872 0.5929 0.6173 0.6039
v 0.02249 0.02967 -0.29004 0.6431 0.6667 0.6667
v 0.01951 0.03019 -0.28510 0.6706 0.6941 0.6941
v 0.01978 0.03012 -0.25132 0.7333 0.7569 0.7569
v 0.02340 0.03081 -0.23477 0.6941 0.7176 0.7176
v 0.02135 0.03150 -0.22660 0.6784 0.7118 0.7137
v 0.02214 0.03262 -0.21980 0.6686 0.6961 0.7000
v 0.01938 0.03352 -0.21514 0.5647 0.5882 0.5882
v 0.02248 0.03632 -0.21195 0.7000 0.7216 0.7206
v 0.02133 0.03988 -0.20421 0.7277 0.7429 0.7460
v 0.02136 0.04474 -0.19603 0.7484 0.7660 0.7608
v 0.02189 0.04929 -0.18571 0.7059 0.7272 0.7159
v 0.02281 0.05121 0.26343 0.3647 0.3961 0.4176
v 0.02386 0.05033 0.27232 0.3412 0.3843 0.4078
v 0.02163 0.04911 0.28348 0.2824 0.3176 0.3412
v 0.02160 0.04736 0.29325 0.2627 0.2954 0.3163
v 0.02141 0.04640 0.30063 0.2549 0.2824 0.3059
v 0.01752 0.04554 0.31183 0.2392 0.2745 0.2941
v 0.02464 0.05202 -0.18285 0.6706 0.6941 0.6863
v 0.02059 0.05309 -0.17836 0.7343 0.7549 0.7441
v 0.01927 0.05491 -0.16882 0.6471 0.6667 0.6431
v 0.02507 0.05533 -0.16445 0.6784 0.7137 0.7098
v 0.02524 0.05629 -0.15193 0.6941 0.7235 0.7137
v 0.02045 0.05918 -0.14116 0.8188 0.8408 0.8400
v 0.02227 0.05909 0.21509 0.2588 0.2980 0.3373
v 0.02388 0.05593 0.22361 0.2549 0.3020 0.3490
v 0.01873 0.05589 0.23080 0.2314 0.2706 0.3078
v 0.02539 0.05302 0.24993 0.4941 0.5255 0.5373
v 0.01805 0.05283 0.25392 0.1843 0.2196 0.2471
v 0.02151 0.06499 -0.14007 0.7758 0.8053 0.8093
v 0.01777 0.06729 -0.13796 0.8000 0.8314 0.8392
v 0.01857 0.06889 0.17117 0.2784 0.3294 0.3647
v 0.02135 0.06751 0.17805 0.2967 0.3399 0.3778
v 0.01786 0.06591 0.18933 0.3098 0.3608 0.3922
v 0.01879 0.06426 0.19983 0.3176 0.3686 0.4039
v 0.02216 0.07395 -0.14034 0.6966 0.7294 0.7333
v 0.01773 0.07253 -0.13800 0.7778 0.8144 0.8209
v 0.02262 0.07543 0.15494 0.2418 0.2876 0.3307
v 0.02210 0.07286 0.15841 0.2494 0.2973 0.3380
v 0.02361 0.06989 0.16621 0.2431 0.2941 0.3294
v 0.02549 0.08017 -0.13904 0.7725 0.8118 0.8196
v 0.02055 0.08141 -0.13506 0.7699 0.8105 0.8170
v 0.02214 0.08523 -0.12812 0.7765 0.8157 0.8196
v 0.02360 0.08183 0.15374 0.2387 0.2784 0.3266
v 0.01738 0.07956 0.15697 0.2667 0.2980 0.3490
v 0.02164 0.08744 -0.12373 0.6824 0.7216 0.7294
v 0.02202 0.09256 -0.11627 0.7289 0.7632 0.7711
v 0.01761 0.09373 -0.11248 0.6235 0.6627 0.6706
v 0.02328 0.09497 0.13759 0.3882 0.4353 0.4824
v 0.02101 0.09307 0.14324 0.4157 0.4520 0.4922
v 0.02092 0.08919 0.15160 0.3796 0.4149 0.4541
v 0.02289 0.09894 -0.11375 0.4946 0.5355 0.5542
v 0.01904 0.10068 -0.11199 0.2769 0.3247 0.3537
v 0.02041 0.10198 0.12842 0.3042 0.3535 0.4011
v 0.01938 0.09859 0.13354 0.3882 0.4379 0.4837
v 0.01750 0.09636 0.13983 0.4275 0.4627 0.4980
v 0.02270 0.10841 -0.11641 0.2728 0.3285 0.3458
v 0.02064 0.10862 0.12545 0.4205 0.4680 0.5094
v 0.02589 0.11664 -0.12128 0.3412 0.4000 0.4196
v 0.02228 0.11617 -0.11942 0.1510 0.2157 0.2348
v 0.02001 0.11694 0.12354 0.4953 0.5361 0.5565
v 0.01991 0.12700 -0.12185 0.2047 0.3239 0.3373
v 0.02294 0.12411 -0.12043 0.2084 0.2930 0.3126
v 0.01751 0.12824 0.12032 0.5627 0.5922 0.5824
v 0.02067 0.12521 0.12335 0.4616 0.5081 0.5333
v 0.02205 0.13376 -0.12204 0.1979 0.2787 0.3041
v 0.02439 0.13328 -0.12110 0.2431 0.3176 0.3412
v 0.02131 0.13585 0.11703 0.2449 0.2946 0.3102
v 0.02059 0.13235 0.12271 0.4471 0.4965 0.5106
v 0.02000 0.13969 -0.12215 0.4118 0.5255 0.5490
v 0.02273 0.14256 -0.11713 0.3486 0.4486 0.4651
v 0.01998 0.14558 -0.11109 0.3314 0.4333 0.4647
v 0.01778 0.14178 0.10260 0.0418 0.0758 0.1176
v 0.02056 0.14280 0.10980 0.0812 0.1424 0.1804
v 0.02069 0.13881 0.11278 0.0902 0.1569 0.1843
v 0.02190 0.14849 -0.10597 0.2340 0.3268 0.3477
v 0.02250 0.15265 -0.09927 0.3635 0.4290 0.4516
v 0.01912 0.15508 -0.09424 0.1039 0.1627 0.1941
v 0.01799 0.15527 -0.07214 0.8196 0.8235 0.8392
v 0.02114 0.15155 0.10853 0.1012 0.1671 0.2090
v 0.02273 0.15986 -0.09833 0.3143 0.4067 0.4294
v 0.01929 0.16157 -0.09238 0.2779 0.3760 0.4000
v 0.01899 0.16082 -0.07390 0.4876 0.5144 0.5444
v 0.02110 0.16023 0.10890 0.1399 0.2212 0.2631
v 0.02325 0.16828 -0.09878 0.3556 0.4676 0.4948
v 0.02081 0.16938 -0.09144 0.3899 0.4944 0.5204
v 0.01949 0.17110 -0.08222 0.3160 0.3888 0.4196
v 0.02071 0.16842 -0.07425 0.6524 0.6681 0.6920
v 0.02147 0.16822 0.10882 0.2076 0.2989 0.3345
v 0.02415 0.17582 -0.09122 0.4573 0.5545 0.5843
v 0.02363 0.17508 -0.08373 0.3200 0.4008 0.4314
v 0.02473 0.17962 -0.07162 0.8078 0.8216 0.8373
v 0.01912 0.17834 -0.06838 0.7745 0.7863 0.8078
v 0.01809 0.17804 0.10330 0.1163 0.1974 0.2497
v 0.02199 0.17728 0.10840 0.1950 0.3072 0.3576
v 0.02512 0.18683 -0.09873 0.4042 0.4631 0.4899
v 0.02369 0.18635 -0.07009 0.8059 0.8137 0.8333
v 0.02028 0.18628 -0.06811 0.8157 0.8235 0.8431
v 0.01813 0.18686 0.10212 0.1386 0.2248 0.2732
v 0.02222 0.18670 0.10797 0.1188 0.2014 0.2445
v 0.02581 0.18993 0.11349 0.0588 0.1098 0.1333
v 0.02430 0.19588 -0.06993 0.7824 0.7941 0.8118
v 0.02005 0.19355 -0.06771 0.8000 0.8118 0.8304
v 0.01745 0.19458 0.10323 0.1686 0.2549 0.2765
v 0.02215 0.19475 0.10861 0.1806 0.2755 0.3098
v 0.02540 0.20516 -0.07017 0.7725 0.7922 0.8157
v 0.01997 0.20386 -0.06747 0.7752 0.7954 0.8209
v 0.01921 0.20358 0.10111 0.3670 0.4879 0.5108
v 0.02260 0.20363 0.10762 0.1807 0.2902 0.3345
v 0.02491 0.21249 -0.06988 0.8092 0.8235 0.8458
v 0.02233 0.21445 -0.06872 0.8000 0.8157 0.8340
v 0.01973 0.21425 0.09296 0.0599 0.1249 0.1714
v 0.02304 0.21218 0.09945 0.1216 0.2290 0.2831
v 0.02447 0.20993 0.10769 0.1422 0.2892 0.3480
v 0.02485 0.21934 -0.06969 0.7843 0.8000 0.8118
v 0.02082 0.22183 -0.06560 0.7111 0.7176 0.7333
v 0.01896 0.22503 -0.06030 0.7922 0.7961 0.8039
v 0.01976 0.22080 0.09147 0.1227 0.2055 0.2553
v 0.02334 0.21978 0.09996 0.2320 0.3065 0.3297
v 0.02431 0.22149 0.10666 0.2426 0.3368 0.3520
v 0.02445 0.22701 -0.06179 0.8373 0.8353 0.8353
v 0.02182 0.23005 -0.05786 0.8255 0.8288 0.8288
v 0.02365 0.23336 -0.05158 0.8902 0.8902 0.8902
v 0.01844 0.23330 0.08358 0.4196 0.4706 0.5059
v 0.01930 0.22984 0.09337 0.4188 0.4706 0.5106
v 0.02112 0.22817 0.10026 0.5225 0.5676 0.5853
v 0.02380 0.22787 0.10866 0.4824 0.5869 0.5954
v 0.01889 0.23501 -0.04905 0.8549 0.8588 0.8608
v 0.02326 0.23917 -0.04084 0.7922 0.7869 0.7804
v 0.02348 0.24215 0.05909 0.1882 0.2745 0.3294
v 0.02080 0.23916 0.06523 0.3948 0.4693 0.5438
v 0.02136 0.23706 0.07377 0.5477 0.6170 0.6784
v 0.02118 0.24694 -0.03748 0.7656 0.7664 0.7712
v 0.02200 0.24810 0.05341 0.2588 0.3301 0.3941
v 0.02221 0.25297 -0.03668 0.7333 0.7392 0.7412
v 0.02119 0.25623 -0.03368 0.7951 0.8010 0.8118
v 0.02080 0.25673 0.05051 0.1853 0.2559 0.3108
v 0.02052 0.25275 0.05243 0.2441 0.3147 0.3725
v 0.02265 0.26187 -0.02859 0.8379 0.8431 0.8588
v 0.01969 0.26453 -0.02194 0.7324 0.7359 0.7654
v 0.02095 0.26472 -0.01236 0.4899 0.5243 0.5554
v 0.01838 0.26695 0.00575 0.2157 0.3196 0.3490
v 0.02113 0.26661 0.01266 0.2497 0.3490 0.3791
v 0.02149 0.26831 0.01900 0.3549 0.4314 0.4784
v 0.02237 0.26674 0.03180 0.2353 0.3235 0.3725
v 0.02061 0.26422 0.03832 0.2745 0.3686 0.4157
v 0.02210 0.26100 0.04497 0.2078 0.2784 0.3255
v 0.02569 0.27029 -0.02638 0.8196 0.8157 0.8353
v 0.02300 0.27287 -0.02209 0.7298 0.7333 0.7630
v 0.02507 0.27263 -0.01280 0.5423 0.5731 0.5989
v 0.01945 0.27476 -0.00464 0.3152 0.4304 0.4534
v 0.02040 0.27294 0.00227 0.1936 0.2891 0.3308
v 0.02094 0.27318 0.02485 0.4554 0.5275 0.5887
v 0.02337 0.27393 0.02765 0.2895 0.3512 0.3886
v 0.02524 0.27974 -0.02649 0.7667 0.7647 0.7824
v 0.02305 0.28218 -0.02201 0.6294 0.6369 0.6663
v 0.02395 0.28199 -0.00948 0.3118 0.3755 0.3980
v 0.01934 0.28147 -0.00500 0.3835 0.4896 0.5120
v 0.02248 0.28229 0.00250 0.1478 0.2267 0.2780
v 0.02059 0.28141 0.02493 0.2857 0.3635 0.4178
v 0.02392 0.28223 0.02766 0.3252 0.3992 0.4339
v 0.02394 0.29103 -0.02234 0.7002 0.7084 0.7447
v 0.02415 0.29022 -0.01002 0.3475 0.4141 0.4345
v 0.02036 0.28952 -0.00491 0.3339 0.4329 0.4518
v 0.02234 0.29090 0.00263 0.2529 0.3382 0.3784
v 0.02063 0.29001 0.02245 0.1791 0.2458 0.2967
v 0.02269 0.28964 0.02936 0.3679 0.4358 0.4621
v 0.02457 0.29947 -0.02255 0.6379 0.6477 0.6876
v 0.02331 0.29908 -0.00983 0.3263 0.3992 0.4212
v 0.02060 0.29967 -0.00419 0.2272 0.3251 0.3552
v 0.02342 0.29908 0.00363 0.2059 0.2886 0.3248
v 0.02096 0.29968 0.01298 0.2958 0.3583 0.3989
v 0.02300 0.29583 0.01890 0.1157 0.1569 0.2216
v 0.02164 0.29850 0.03265 0.0902 0.1556 0.2072
v 0.02048 0.30011 0.03924 0.1792 0.2565 0.3010
v 0.02471 0.30829 -0.02402 0.6569 0.6621 0.6908
v 0.02296 0.30794 -0.01072 0.3351 0.4032 0.4200
v 0.02121 0.30784 -0.00380 0.1569 0.2366 0.2763
v 0.02513 0.30524 0.00445 0.2173 0.2996 0.3325
v 0.02078 0.30745 0.01160 0.4196 0.4980 0.5173
v 0.01944 0.30791 0.03156 0.0529 0.1085 0.1529
v 0.01971 0.30799 0.03965 0.2644 0.3630 0.3957
v 0.02502 0.31555 -0.02411 0.7145 0.7263 0.7631
v 0.02360 0.31335 -0.01147 0.3673 0.4222 0.4523
v 0.02412 0.31325 -0.00514 0.2209 0.2967 0.3307
v 0.02126 0.31585 0.01398 0.4444 0.5085 0.5284
v 0.01872 0.31564 0.03327 0.0712 0.1425 0.1837
v 0.01989 0.31629 0.03918 0.2653 0.3892 0.4212
v 0.02556 0.32482 -0.02433 0.7324 0.7451 0.7912
v 0.02163 0.32489 0.01564 0.3192 0.4012 0.4281
v 0.02058 0.32420 0.03924 0.2731 0.4034 0.4434
v 0.02591 0.33212 -0.02394 0.6824 0.6902 0.7373
v 0.02100 0.33377 0.01651 0.1025 0.1539 0.1985
v 0.01797 0.33688 0.03359 0.3843 0.5020 0.5333
v 0.02056 0.33360 0.03795 0.2322 0.3634 0.4131
v 0.01955 0.34539 0.00785 0.2765 0.3294 0.3157
v 0.02023 0.34168 0.01275 0.2114 0.2486 0.2557
v 0.01808 0.33799 0.01751 0.5412 0.5961 0.5961
v 0.01776 0.34217 0.03209 0.3980 0.5235 0.5431
v 0.02163 0.34191 0.03745 0.1310 0.2549 0.3154
v 0.02090 0.35074 0.01278 0.3526 0.4264 0.4103
v 0.01878 0.35178 0.02175 0.4000 0.5000 0.5085
v 0.02023 0.35067 0.02954 0.4754 0.6580 0.6902
v 0.02263 0.35066 0.03584 0.2573 0.4235 0.4847
v 0.02397 0.35675 0.01526 0.5373 0.6157 0.6078
v 0.02330 0.35855 0.02303 0.3157 0.4225 0.4196
v 0.02497 0.35953 0.02874 0.2536 0.3582 0.3882
v 0.02497 0.37047 0.02381 0.4882 0.5510 0.5647
v 0.02374 0.36881 0.02946 0.2082 0.2871 0.3345
v 0.02472 0.37409 0.02428 0.5157 0.5647 0.5941
v 0.02338 0.37475 0.02930 0.3118 0.4196 0.4608
v 0.02989 0.02436 -0.31048 0.5520 0.5784 0.5696
v 0.03165 0.02656 -0.30516 0.5922 0.6157 0.6000
v 0.03109 0.02789 -0.29901 0.5098 0.5346 0.5294
v 0.02993 0.02983 -0.29045 0.6824 0.7176 0.7137
v 0.03125 0.02994 -0.27825 0.7451 0.7686 0.7608
v 0.03385 0.02935 -0.25390 0.7098 0.7333 0.7333
v 0.03020 0.02993 -0.24000 0.6431 0.6784 0.6667
v 0.02993 0.03132 -0.22959 0.6863 0.7176 0.7255
v 0.03195 0.03331 -0.22126 0.7163 0.7314 0.7275
v 0.03232 0.03473 -0.21807 0.6863 0.7020 0.6980
v 0.03007 0.03820 -0.21032 0.7072 0.7255 0.7281
v 0.02943 0.04097 -0.20496 0.6784 0.6961 0.6951
v 0.03343 0.04387 -0.20147 0.7608 0.7804 0.7647
v 0.03080 0.04694 -0.19349 0.7457 0.7647 0.7574
v 0.02924 0.04962 -0.18803 0.7710 0.7882 0.7686
v 0.03150 0.05106 0.26308 0.5039 0.5314 0.5333
v 0.03128 0.05015 0.27095 0.4431 0.4745 0.4863
v 0.02735 0.04831 0.28705 0.2863 0.3216 0.3490
v 0.03149 0.04434 0.31182 0.2157 0.2431 0.2745
v 0.03382 0.05320 -0.18182 0.8235 0.8431 0.8196
v 0.03148 0.05465 -0.17180 0.7333 0.7529 0.7373
v 0.03317 0.05511 -0.16379 0.7137 0.7373 0.7216
v 0.03268 0.05649 -0.15042 0.7373 0.7608 0.7451
v 0.03020 0.05806 -0.14597 0.7245 0.7471 0.7333
v 0.03111 0.06007 0.20649 0.2667 0.3078 0.3490
v 0.03140 0.05730 0.21375 0.2608 0.3098 0.3529
v 0.03322 0.05464 0.22007 0.1529 0.1882 0.2235
v 0.02965 0.05421 0.22920 0.1686 0.2078 0.2431
v 0.02603 0.05364 0.24199 0.2706 0.3137 0.3373
v 0.03113 0.05272 0.24849 0.5176 0.5412 0.5412
v 0.02717 0.05202 0.25646 0.4667 0.4980 0.5059
v 0.03463 0.06898 -0.14730 0.6824 0.7059 0.7059
v 0.03012 0.06530 -0.14464 0.8373 0.8613 0.8554
v 0.03246 0.06837 0.16922 0.2412 0.2882 0.3353
v 0.03114 0.06526 0.18962 0.2980 0.3490 0.3843
v 0.02632 0.06339 0.19795 0.2980 0.3490 0.3843
v 0.03320 0.06174 0.20020 0.2745 0.3137 0.3490
v 0.03044 0.07441 -0.14475 0.7516 0.7745 0.7686
v 0.03121 0.07505 0.15392 0.2340 0.2810 0.3307
v 0.02979 0.07107 0.15919 0.2353 0.2824 0.3294
v 0.03134 0.08069 -0.14052 0.8131 0.8497 0.8549
v 0.02983 0.08330 -0.13481 0.8026 0.8405 0.8405
v 0.02957 0.08250 0.15323 0.2694 0.3122 0.3629
v 0.03006 0.08927 -0.12389 0.7584 0.7969 0.7922
v 0.03034 0.09333 -0.11965 0.7798 0.8112 0.8028
v 0.02877 0.09493 0.13694 0.2176 0.2804 0.3431
v 0.02864 0.09196 0.14267 0.3830 0.4281 0.4667
v 0.02961 0.08837 0.15099 0.4611 0.4924 0.5154
v 0.02993 0.10021 -0.11684 0.6846 0.7225 0.7114
v 0.03161 0.10051 0.12566 0.2118 0.2604 0.3145
v 0.03098 0.09601 0.13297 0.2314 0.2882 0.3510
v 0.03299 0.11063 -0.12206 0.3229 0.4170 0.4196
v 0.03016 0.10866 -0.11728 0.4192 0.4708 0.4699
v 0.03305 0.10881 0.11999 0.2654 0.3150 0.3739
v 0.02926 0.10613 0.12240 0.2647 0.3118 0.3745
v 0.03261 0.11747 -0.12313 0.2188 0.2784 0.3016
v 0.02848 0.11637 -0.12009 0.1804 0.2337 0.2494
v 0.03038 0.11635 0.12038 0.2824 0.3333 0.3902
v 0.03105 0.12642 -0.12494 0.1858 0.2655 0.2872
v 0.02831 0.12373 -0.12043 0.1681 0.2443 0.2672
v 0.03076 0.12709 0.12015 0.2797 0.3320 0.3869
v 0.02750 0.12840 0.12176 0.2902 0.3451 0.3961
v 0.02998 0.13441 -0.12434 0.2337 0.3116 0.3305
v 0.03404 0.13828 -0.11923 0.2275 0.3020 0.3216
v 0.03056 0.13513 0.11697 0.1595 0.2087 0.2497
v 0.02870 0.13890 -0.12261 0.2863 0.3569 0.3725
v 0.02980 0.14156 -0.11667 0.2270 0.3168 0.3377
v 0.03216 0.14463 -0.11050 0.2392 0.3230 0.3431
v 0.03180 0.14382 0.11090 0.0599 0.0964 0.1373
v 0.03215 0.13924 0.11289 0.1020 0.1490 0.1961
v 0.03139 0.14870 -0.10586 0.2229 0.3072 0.3235
v 0.03015 0.15213 -0.10202 0.1359 0.2105 0.2362
v 0.03113 0.15209 0.10963 0.0449 0.0774 0.1116
v 0.03423 0.16129 -0.11651 0.2216 0.2961 0.3333
v 0.03042 0.16010 -0.10215 0.2060 0.2872 0.3113
v 0.03058 0.15923 0.10956 0.0892 0.1304 0.1696
v 0.02995 0.16944 -0.10129 0.2428 0.2995 0.3318
v 0.03097 0.16858 0.10958 0.0694 0.1118 0.1384
v 0.03044 0.17865 -0.09812 0.2229 0.2768 0.3168
v 0.02817 0.17960 -0.09092 0.5619 0.6303 0.6583
v 0.02895 0.17941 -0.08202 0.6510 0.6725 0.7072
v 0.02746 0.17816 -0.07521 0.8059 0.8127 0.8284
v 0.03066 0.17842 0.10919 0.0757 0.1153 0.1471
v 0.03071 0.18840 -0.10403 0.3137 0.3922 0.4170
v 0.03062 0.18515 -0.10094 0.2805 0.3511 0.3806
v 0.02975 0.18559 -0.09173 0.5373 0.5700 0.6006
v 0.03282 0.18316 -0.08321 0.7516 0.7673 0.7869
v 0.02918 0.18690 -0.07344 0.7877 0.7975 0.8181
v 0.03015 0.18628 0.10982 0.0697 0.1072 0.1381
v 0.03072 0.19225 -0.09944 0.6039 0.6728 0.7063
v 0.03149 0.19081 -0.09415 0.4980 0.5529 0.5804
v 0.03101 0.19610 -0.07381 0.7412 0.7597 0.7854
v 0.02879 0.19537 0.11183 0.1108 0.1853 0.2206
v 0.03022 0.19529 0.11421 0.2110 0.3094 0.3431
v 0.03030 0.20452 -0.07291 0.7544 0.7735 0.7990
v 0.02839 0.20458 0.11123 0.1588 0.2639 0.3043
v 0.03231 0.20222 0.11335 0.2196 0.3235 0.3608
v 0.02906 0.21288 -0.07219 0.7588 0.7725 0.8078
v 0.02627 0.21541 0.10309 0.2059 0.2980 0.3333
v 0.02970 0.21277 0.10789 0.1246 0.2344 0.2691
v 0.03025 0.21993 -0.07203 0.7473 0.7613 0.7765
v 0.02858 0.22444 -0.06703 0.8725 0.8725 0.8765
v 0.03463 0.21695 0.10396 0.2353 0.2863 0.3098
v 0.02962 0.22056 0.10939 0.1322 0.1973 0.2196
v 0.03241 0.22435 0.11274 0.2196 0.2941 0.3216
v 0.02988 0.22752 -0.06386 0.8627 0.8612 0.8565
v 0.03081 0.23288 -0.05715 0.9235 0.9196 0.9118
v 0.03257 0.23393 0.09064 0.5137 0.6235 0.6353
v 0.03143 0.23196 0.10040 0.4000 0.4484 0.4758
v 0.03138 0.22955 0.10802 0.2775 0.3382 0.3696
v 0.02876 0.22581 0.11346 0.1569 0.2353 0.2706
v 0.03176 0.23472 -0.05346 0.9098 0.9059 0.8902
v 0.03073 0.23887 -0.04477 0.7969 0.7961 0.7945
v 0.02853 0.24063 -0.04206 0.7569 0.7569 0.7647
v 0.03244 0.24116 0.06389 0.1686 0.2588 0.3294
v 0.03430 0.23885 0.07085 0.3294 0.4196 0.4902
v 0.02862 0.23568 0.08041 0.4471 0.5216 0.5765
v 0.03293 0.24426 -0.04351 0.7725 0.7725 0.7804
v 0.03073 0.24830 -0.04197 0.6973 0.7035 0.6996
v 0.03000 0.24810 0.05541 0.3098 0.3856 0.4484
v 0.03114 0.25514 -0.03880 0.7012 0.7090 0.7161
v 0.02991 0.25897 -0.03446 0.8588 0.8627 0.8824
v 0.02974 0.25721 0.05024 0.2255 0.2922 0.3549
v 0.03056 0.25390 0.05309 0.2431 0.3098 0.3765
v 0.03179 0.26436 -0.03083 0.7914 0.7976 0.8204
v 0.03180 0.26666 0.02888 0.1980 0.2392 0.2804
v 0.02868 0.26273 0.03917 0.2176 0.2765 0.3314
v 0.03046 0.26029 0.04469 0.2471 0.3137 0.3765
v 0.02959 0.27434 -0.02807 0.7353 0.7405 0.7647
v 0.02670 0.27289 -0.01228 0.6343 0.6510 0.6804
v 0.02690 0.27438 0.00644 0.0412 0.1118 0.1667
v 0.03148 0.27307 0.01396 0.2886 0.3686 0.3933
v 0.03058 0.27431 0.02177 0.3020 0.3701 0.4046
v 0.02971 0.27301 0.02904 0.1404 0.1961 0.2365
v 0.03046 0.28100 -0.02873 0.6819 0.6797 0.6989
v 0.02702 0.28231 -0.01300 0.4975 0.5216 0.5534
v 0.02918 0.28153 0.00643 0.0493 0.1120 0.1709
v 0.03339 0.28130 0.01343 0.1908 0.2438 0.2712
v 0.03127 0.28081 0.02419 0.3199 0.3910 0.4336
v 0.02801 0.28137 0.02976 0.2013 0.2749 0.3216
v 0.02986 0.28911 -0.02776 0.7725 0.7752 0.8026
v 0.02730 0.29301 -0.02572 0.8118 0.8078 0.8314
v 0.02712 0.29014 -0.01351 0.4986 0.5300 0.5653
v 0.02988 0.29081 0.00639 0.0532 0.1104 0.1714
v 0.03384 0.28974 0.01301 0.2622 0.3238 0.3507
v 0.02985 0.29037 0.02311 0.1850 0.2373 0.3046
v 0.02958 0.28955 0.03318 0.1395 0.2084 0.2510
v 0.03256 0.29368 0.03547 0.1608 0.1980 0.2255
v 0.03036 0.29965 -0.02766 0.7569 0.7608 0.7851
v 0.02655 0.29893 -0.02054 0.6588 0.6676 0.7078
v 0.02770 0.29904 -0.01382 0.5225 0.5598 0.5917
v 0.02835 0.29714 0.00695 0.0831 0.1490 0.1992
v 0.02999 0.29968 0.01233 0.1035 0.1678 0.2094
v 0.03159 0.29720 0.01889 0.1451 0.2092 0.2588
v 0.03072 0.29928 0.03848 0.1294 0.1856 0.2327
v 0.03031 0.30733 -0.02808 0.7420 0.7467 0.7678
v 0.02697 0.30660 -0.02046 0.6020 0.6144 0.6458
v 0.02850 0.30753 -0.01444 0.4270 0.4623 0.4868
v 0.02746 0.30847 0.00423 0.1850 0.2706 0.2987
v 0.02971 0.31046 0.00962 0.3824 0.4784 0.4902
v 0.03257 0.30758 0.04086 0.1145 0.1843 0.2376
v 0.03011 0.31770 -0.02733 0.8235 0.8314 0.8549
v 0.02757 0.31700 -0.01993 0.6762 0.6874 0.7232
v 0.02984 0.31642 -0.01288 0.5569 0.5834 0.6139
v 0.03060 0.31632 -0.00332 0.5064 0.5529 0.5849
v 0.03149 0.31536 0.00409 0.2642 0.3387 0.3652
v 0.03045 0.31671 0.01331 0.4431 0.4954 0.5242
v 0.03107 0.31622 0.04016 0.1169 0.2196 0.2847
v 0.03167 0.32641 -0.02801 0.8471 0.8490 0.8745
v 0.02749 0.32505 -0.02245 0.7961 0.8000 0.8424
v 0.03205 0.32535 -0.01266 0.6407 0.6392 0.6676
v 0.03453 0.32373 -0.00639 0.6608 0.6608 0.6922
v 0.03152 0.32362 0.01636 0.3529 0.3850 0.4118
v 0.02867 0.32717 0.01752 0.1255 0.1725 0.2275
v 0.03109 0.32434 0.03836 0.0814 0.1667 0.2225
v 0.03046 0.33399 -0.02744 0.7735 0.7775 0.7990
v 0.02905 0.33483 -0.02117 0.6739 0.6784 0.7176
v 0.03254 0.33325 -0.01464 0.7000 0.6980 0.7255
v 0.02998 0.33286 0.01697 0.4170 0.4627 0.5033
v 0.03112 0.33253 0.01752 0.3216 0.3627 0.4176
v 0.03058 0.33411 0.03807 0.0580 0.1325 0.1856
v 0.03143 0.34225 -0.02729 0.8222 0.8255 0.8464
v 0.02873 0.34222 -0.02211 0.7124 0.7233 0.7660
v 0.03321 0.34214 -0.01486 0.7595 0.7569 0.8000
v 0.03012 0.34225 0.01394 0.2964 0.3462 0.3759
v 0.03004 0.34209 0.03943 0.0647 0.1490 0.2065
v 0.03178 0.35165 -0.02692 0.8588 0.8651 0.8816
v 0.02956 0.35248 -0.02215 0.7263 0.7396 0.7827
v 0.03335 0.35118 -0.01518 0.7098 0.7216 0.7569
v 0.03001 0.35208 0.01260 0.2843 0.3373 0.3373
v 0.02964 0.35126 0.03855 0.1522 0.2927 0.3480
v 0.03139 0.35940 -0.02646 0.7373 0.7422 0.7529
v 0.03091 0.36144 -0.02180 0.5971 0.6108 0.6431
v 0.03432 0.36021 -0.01576 0.6510 0.6588 0.7098
v 0.02886 0.35679 0.01492 0.2961 0.3412 0.3216
v 0.02837 0.36063 0.02072 0.5078 0.5853 0.5735
v 0.02923 0.35948 0.03201 0.1501 0.2577 0.3165
v 0.03144 0.35726 0.03604 0.1549 0.3098 0.3824
v 0.03310 0.36801 -0.02714 0.8455 0.8612 0.8682
v 0.03162 0.36705 -0.02203 0.6893 0.7033 0.7455
v 0.03461 0.36853 -0.01638 0.7216 0.7373 0.7804
v 0.02994 0.36824 0.02292 0.3443 0.4102 0.4212
v 0.03091 0.36725 0.02997 0.1328 0.2029 0.2515
v 0.03246 0.37630 -0.02659 0.8267 0.8369 0.8573
v 0.03194 0.37655 -0.02289 0.6695 0.6852 0.7300
v 0.03015 0.37539 0.02389 0.3716 0.4422 0.4784
v 0.02992 0.37587 0.02981 0.2949 0.3843 0.4318
v 0.03313 0.38486 -0.02656 0.7647 0.7712 0.7935
v 0.03287 0.38498 -0.02301 0.6637 0.6775 0.7206
v 0.03424 0.39439 -0.02713 0.7686 0.7804 0.7908
v 0.03286 0.39355 -0.02478 0.5873 0.6010 0.6363
v 0.03422 0.40397 -0.02712 0.7980 0.8098 0.8373
v 0.03343 0.40318 -0.02478 0.6719 0.6837 0.7255
v 0.03428 0.41435 -0.02658 0.6353 0.6471 0.6824
v 0.03356 0.40986 -0.02566 0.6235 0.6353 0.6706
v 0.03280 0.62529 -0.03630 0.4627 0.4961 0.5196
v 0.03329 0.62760 -0.03297 0.2794 0.3127 0.3500
v 0.03937 0.02403 -0.30908 0.6033 0.6333 0.6248
v 0.03863 0.02642 -0.30391 0.5294 0.5529 0.5451
v 0.04010 0.02743 -0.29969 0.5576 0.5859 0.5827
v 0.03683 0.02919 -0.29103 0.5804 0.6098 0.6078
v 0.04236 0.02945 -0.26312 0.6980 0.7137 0.7176
v 0.03802 0.02979 -0.23790 0.6941 0.7176 0.7176
v 0.03963 0.03107 -0.22948 0.7059 0.7294 0.7302
v 0.03933 0.03334 -0.22359 0.6510 0.6659 0.6486
v 0.04010 0.03630 -0.21928 0.6667 0.6797 0.6732
v 0.03941 0.03966 -0.21133 0.6500 0.6647 0.6569
v 0.03716 0.04216 -0.20627 0.7490 0.7667 0.7569
v 0.04051 0.04437 -0.20324 0.7647 0.7843 0.7686
v 0.04070 0.04809 -0.19498 0.7523 0.7693 0.7608
v 0.03625 0.05088 -0.18890 0.8137 0.8333 0.8078
v 0.03833 0.05164 0.26080 0.5216 0.5431 0.5275
v 0.04006 0.04991 0.27001 0.6078 0.6314 0.6196
v 0.03556 0.04888 0.28018 0.3373 0.3686 0.3804
v 0.03803 0.04692 0.28814 0.2000 0.2353 0.2627
v 0.03509 0.04570 0.29888 0.2157 0.2510 0.2784
v 0.03928 0.04379 0.31183 0.1569 0.1922 0.2196
v 0.04147 0.05326 -0.17652 0.7490 0.7725 0.7569
v 0.04143 0.05407 -0.16722 0.7451 0.7686 0.7608
v 0.04164 0.05527 -0.15721 0.8078 0.8275 0.8039
v 0.03985 0.05784 -0.15075 0.7249 0.7378 0.7249
v 0.04067 0.06005 0.20493 0.2745 0.3039 0.3137
v 0.03896 0.05736 0.21274 0.3664 0.4000 0.4207
v 0.03974 0.05470 0.22206 0.4941 0.5307 0.5412
v 0.04121 0.05446 0.23091 0.5765 0.6000 0.5922
v 0.04018 0.05321 0.24588 0.5725 0.5941 0.5784
v 0.03833 0.05222 0.25386 0.4706 0.4902 0.4686
v 0.03914 0.06508 -0.14945 0.7600 0.7846 0.7851
v 0.03975 0.06841 0.16079 0.2137 0.2627 0.3078
v 0.03967 0.06736 0.16737 0.2157 0.2549 0.2941
v 0.04060 0.06651 0.17687 0.2275 0.2627 0.2980
v 0.03931 0.06527 0.18715 0.2808 0.3231 0.3624
v 0.03896 0.06279 0.19505 0.2515 0.2902 0.3272
v 0.03853 0.07346 -0.14877 0.6806 0.7084 0.7098
v 0.03975 0.07369 0.15068 0.2303 0.2762 0.3300
v 0.03484 0.07115 0.15652 0.2392 0.2863 0.3333
v 0.04044 0.07811 -0.14892 0.6431 0.6627 0.6745
v 0.03988 0.08092 -0.14335 0.7082 0.7380 0.7420
v 0.03985 0.08487 -0.13576 0.7621 0.7974 0.7948
v 0.04241 0.08354 0.14689 0.2235 0.2706 0.3255
v 0.03800 0.08167 0.14971 0.2304 0.2775 0.3324
v 0.03800 0.08743 -0.13035 0.7588 0.7902 0.7843
v 0.03928 0.09143 -0.12554 0.7558 0.7879 0.7790
v 0.04088 0.09217 0.13600 0.2157 0.2654 0.3255
v 0.03920 0.08896 0.14463 0.3161 0.3569 0.4008
v 0.03669 0.08740 0.14766 0.4118 0.4510 0.4863
v 0.03808 0.09990 -0.12280 0.3569 0.4345 0.4518
v 0.03531 0.09920 -0.12050 0.4549 0.5039 0.5176
v 0.04300 0.10278 0.11952 0.2157 0.2706 0.3216
v 0.03832 0.09916 0.12452 0.2314 0.2824 0.3353
v 0.03851 0.10807 -0.12360 0.3145 0.3755 0.3864
v 0.03535 0.10673 -0.12011 0.1817 0.2418 0.2693
v 0.03951 0.10845 0.11845 0.2497 0.2980 0.3588
v 0.03877 0.11627 -0.12680 0.2772 0.3394 0.3520
v 0.03874 0.11727 0.11757 0.2696 0.3167 0.3794
v 0.03932 0.12588 -0.13123 0.2839 0.3651 0.3800
v 0.03893 0.12503 -0.12890 0.2869 0.3667 0.3850
v 0.03836 0.12697 0.11700 0.2643 0.3145 0.3710
v 0.03790 0.13223 -0.12468 0.3082 0.3804 0.4043
v 0.04061 0.13665 -0.11831 0.1480 0.1941 0.2206
v 0.03930 0.13706 0.11208 0.1549 0.1882 0.2314
v 0.03891 0.13293 0.11492 0.1888 0.2319 0.2857
v 0.04016 0.14201 -0.11421 0.1600 0.2157 0.2400
v 0.03981 0.14330 -0.11038 0.2084 0.2802 0.2953
v 0.03764 0.14319 0.11199 0.0949 0.1455 0.1867
v 0.04043 0.14534 0.11301 0.1078 0.1451 0.1804
v 0.04160 0.15325 -0.11582 0.1323 0.1843 0.2178
v 0.03996 0.15100 -0.10817 0.2588 0.3370 0.3490
v 0.03650 0.15281 -0.10270 0.0873 0.1402 0.1696
v 0.03834 0.15247 0.11115 0.1041 0.1594 0.2078
v 0.04015 0.14758 0.11310 0.1608 0.2235 0.2745
v 0.03976 0.16046 -0.12195 0.1592 0.2157 0.2478
v 0.03774 0.16006 -0.11771 0.2109 0.2776 0.3061
v 0.04086 0.15999 -0.10863 0.2210 0.2916 0.3179
v 0.03844 0.16016 -0.10347 0.1846 0.2415 0.2654
v 0.03994 0.16057 0.10974 0.1166 0.1600 0.1990
v 0.03885 0.16928 -0.10102 0.2941 0.3693 0.3914
v 0.03924 0.16856 0.10879 0.0918 0.1389 0.1709
v 0.03806 0.17518 -0.09760 0.2824 0.3663 0.3906
v 0.03908 0.17928 -0.09167 0.2857 0.3462 0.3916
v 0.03943 0.17725 0.10776 0.0654 0.1078 0.1408
v 0.03584 0.18735 -0.09837 0.2255 0.2760 0.2995
v 0.03732 0.18498 -0.09128 0.6606 0.6909 0.7123
v 0.03899 0.18635 -0.08205 0.7303 0.7473 0.7660
v 0.03623 0.19009 -0.07757 0.7647 0.7843 0.8078
v 0.03910 0.18594 0.10827 0.0397 0.0765 0.1020
v 0.04040 0.19524 -0.07923 0.7634 0.7817 0.8059
v 0.03784 0.19893 -0.07724 0.7686 0.7882 0.8118
v 0.03933 0.19453 0.11008 0.0755 0.1270 0.1593
v 0.03490 0.19790 0.11332 0.0569 0.0843 0.1294
v 0.04142 0.20220 -0.07893 0.7804 0.7984 0.8227
v 0.03669 0.20274 -0.07634 0.7556 0.7765 0.8039
v 0.03906 0.20416 0.11146 0.0543 0.0908 0.1261
v 0.04108 0.21227 -0.07850 0.7595 0.7765 0.7987
v 0.03791 0.21359 -0.07650 0.7412 0.7582 0.7830
v 0.03965 0.21460 0.10295 0.1961 0.2745 0.3059
v 0.03983 0.21135 0.10726 0.1351 0.1956 0.2283
v 0.04323 0.21921 -0.07928 0.7843 0.7882 0.8059
v 0.03921 0.22139 -0.07509 0.8340 0.8373 0.8464
v 0.04029 0.22055 0.10237 0.3134 0.3970 0.4027
v 0.03888 0.22273 0.10657 0.3486 0.4092 0.4196
v 0.03914 0.22563 -0.07053 0.9059 0.9059 0.9137
v 0.03788 0.22904 -0.06646 0.8980 0.8980 0.9059
v 0.04154 0.23376 0.09470 0.6314 0.6353 0.6549
v 0.04096 0.23104 0.10243 0.6353 0.6510 0.6667
v 0.03779 0.22771 0.10860 0.5405 0.5686 0.5863
v 0.04251 0.23493 -0.05619 0.8902 0.9039 0.8902
v 0.03911 0.23933 -0.04826 0.7912 0.8000 0.7971
v 0.04079 0.24146 0.06582 0.2078 0.2824 0.3373
v 0.04101 0.23661 0.08235 0.2157 0.2667 0.2902
v 0.03827 0.24702 -0.04608 0.7005 0.7127 0.7186
v 0.03935 0.24638 0.05851 0.2510 0.3184 0.3859
v 0.04082 0.25380 -0.04449 0.8294 0.8392 0.8510
v 0.03823 0.25670 -0.03992 0.8057 0.8083 0.8270
v 0.03710 0.25901 0.04942 0.2039 0.2706 0.3275
v 0.03833 0.25540 0.05432 0.2147 0.2882 0.3451
v 0.04155 0.26357 -0.03566 0.8366 0.8458 0.8706
v 0.03792 0.26433 -0.03335 0.7569 0.7686 0.7908
v 0.03734 0.26691 0.02500 0.1216 0.1608 0.1961
v 0.03887 0.26508 0.03009 0.1529 0.2141 0.2659
v 0.03841 0.26295 0.03907 0.1569 0.2235 0.2765
v 0.04055 0.26124 0.04668 0.1741 0.2345 0.2902
v 0.03870 0.27252 -0.03280 0.7240 0.7338 0.7583
v 0.03844 0.27275 0.02396 0.1322 0.1784 0.2149
v 0.03769 0.27442 0.02731 0.1216 0.1673 0.2026
v 0.04269 0.27988 -0.03604 0.7725 0.7843 0.8196
v 0.03870 0.28243 -0.03261 0.6875 0.6933 0.7184
v 0.03832 0.28206 0.02241 0.2993 0.3748 0.4105
v 0.03753 0.28236 0.02884 0.1224 0.1710 0.2094
v 0.03891 0.28976 -0.03237 0.7578 0.7686 0.7961
v 0.03483 0.29376 0.01457 0.4980 0.5765 0.5725
v 0.03765 0.29024 0.02205 0.2880 0.3542 0.3952
v 0.03954 0.29012 0.03247 0.1431 0.1876 0.2222
v 0.03751 0.29376 0.03622 0.2039 0.2314 0.2627
v 0.03950 0.29989 -0.03225 0.7533 0.7659 0.7847
v 0.03522 0.29772 0.01370 0.2559 0.3314 0.3422
v 0.03649 0.29605 0.01996 0.2588 0.3235 0.3588
v 0.03976 0.29920 0.03967 0.1224 0.1675 0.2098
v 0.04147 0.30287 0.04398 0.1059 0.1608 0.2118
v 0.03835 0.30726 -0.03220 0.6885 0.6980 0.7172
v 0.03783 0.30824 0.04169 0.0818 0.1283 0.1703
v 0.04138 0.30730 0.04646 0.0852 0.1384 0.1804
v 0.04042 0.31606 -0.03255 0.7373 0.7462 0.7703
v 0.03576 0.31963 0.00344 0.2902 0.3542 0.3804
v 0.03762 0.31783 0.01182 0.3373 0.4127 0.4392
v 0.03739 0.32020 0.03467 0.0471 0.1255 0.1686
v 0.04016 0.31694 0.03851 0.3163 0.3660 0.3935
v 0.04077 0.32553 -0.03259 0.7929 0.7969 0.8157
v 0.03723 0.32437 -0.00185 0.6902 0.7046 0.7268
v 0.03917 0.32410 0.00551 0.3889 0.4484 0.4850
v 0.04049 0.32514 0.01357 0.3605 0.4137 0.4663
v 0.03666 0.32871 0.01765 0.5961 0.6275 0.6784
v 0.03890 0.32508 0.03340 0.4017 0.4454 0.4717
v 0.04216 0.32402 0.03617 0.5863 0.5941 0.5971
v 0.03985 0.33450 -0.03184 0.6553 0.6588 0.6697
v 0.03499 0.33489 -0.00977 0.6294 0.6275 0.6471
v 0.03746 0.33386 -0.00495 0.6956 0.6902 0.7147
v 0.04152 0.33265 0.00530 0.6520 0.6647 0.6926
v 0.04172 0.33261 0.01502 0.5784 0.6176 0.6598
v 0.03929 0.33178 0.01761 0.5863 0.6216 0.6725
v 0.03845 0.33271 0.03355 0.4780 0.5098 0.5272
v 0.04119 0.33425 0.03699 0.2180 0.2761 0.3122
v 0.03898 0.34123 -0.03094 0.7124 0.7137 0.7209
v 0.03557 0.34403 -0.01048 0.7346 0.7386 0.7765
v 0.03819 0.34098 -0.00417 0.7824 0.7804 0.8142
v 0.04200 0.34119 0.00246 0.8549 0.8529 0.8843
v 0.03883 0.34220 0.01639 0.5686 0.6471 0.7529
v 0.03969 0.34075 0.03942 0.0930 0.1765 0.2246
v 0.03895 0.35086 -0.03050 0.7283 0.7317 0.7417
v 0.03576 0.35069 -0.01075 0.7255 0.7412 0.7765
v 0.03836 0.34931 -0.00512 0.6402 0.6490 0.6882
v 0.04224 0.34972 0.00173 0.6941 0.7098 0.7569
v 0.03873 0.34884 0.01568 0.4902 0.5941 0.7176
v 0.03910 0.35318 0.01822 0.4863 0.5843 0.7020
v 0.04218 0.35321 0.03466 0.1333 0.2039 0.2510
v 0.03953 0.34908 0.03830 0.0975 0.1860 0.2359
v 0.03928 0.36069 -0.03062 0.7266 0.7244 0.7389
v 0.03656 0.36028 -0.01175 0.5616 0.5718 0.6102
v 0.03960 0.36088 -0.00583 0.6294 0.6412 0.6824
v 0.03873 0.35979 0.02186 0.4655 0.5485 0.6146
v 0.03810 0.36022 0.03088 0.3601 0.4425 0.5046
v 0.03784 0.35579 0.03643 0.1314 0.2196 0.2745
v 0.03900 0.36812 -0.02999 0.8124 0.8176 0.8333
v 0.03687 0.36786 -0.01186 0.6110 0.6204 0.6639
v 0.04109 0.36691 -0.00465 0.6458 0.6536 0.7020
v 0.03644 0.36669 0.02456 0.5010 0.5765 0.6353
v 0.03835 0.37729 -0.02939 0.8333 0.8373 0.8569
v 0.03486 0.37730 -0.01763 0.7059 0.7059 0.7529
v 0.03707 0.37638 -0.01297 0.6458 0.6484 0.6961
v 0.04193 0.37640 -0.00437 0.6235 0.6222 0.6719
v 0.03481 0.37279 0.02365 0.4000 0.4706 0.5176
v 0.03950 0.38673 -0.02968 0.7804 0.7843 0.8020
v 0.03644 0.38817 -0.01817 0.5902 0.5980 0.6451
v 0.03892 0.38602 -0.01203 0.5941 0.6000 0.6451
v 0.04200 0.38711 -0.00691 0.5490 0.5529 0.6000
v 0.03880 0.39378 -0.02934 0.7341 0.7416 0.7553
v 0.03554 0.39256 -0.02079 0.5608 0.5725 0.6137
v 0.03942 0.39374 -0.01372 0.5837 0.5902 0.6373
v 0.04263 0.39797 -0.00713 0.7333 0.7333 0.7725
v 0.04047 0.40369 -0.02990 0.8314 0.8322 0.8502
v 0.03568 0.40144 -0.02126 0.6882 0.7020 0.7461
v 0.04057 0.40391 -0.01256 0.6494 0.6533 0.7012
v 0.03959 0.41272 -0.02908 0.8025 0.8088 0.8260
v 0.03652 0.41278 -0.02225 0.6402 0.6510 0.6892
v 0.04135 0.41255 -0.01335 0.6392 0.6490 0.6902
v 0.04314 0.41146 -0.00847 0.5922 0.5922 0.6392
v 0.03713 0.42011 -0.02777 0.7575 0.7699 0.7882
v 0.03764 0.42039 -0.02207 0.6034 0.6127 0.6471
v 0.04212 0.41994 -0.01316 0.5788 0.5827 0.6086
v 0.03801 0.42863 -0.02773 0.7618 0.7755 0.7971
v 0.03806 0.42790 -0.02233 0.7033 0.7111 0.7503
v 0.04207 0.42656 -0.01455 0.5941 0.6000 0.6373
v 0.03789 0.43809 -0.02774 0.7637 0.7696 0.7892
v 0.03938 0.43897 -0.02276 0.6967 0.7007 0.7412
v 0.04265 0.43811 -0.01579 0.6529 0.6529 0.6882
v 0.03895 0.44655 -0.02777 0.6908 0.6930 0.7132
v 0.04039 0.44458 -0.02243 0.5895 0.5935 0.6170
v 0.04300 0.44368 -0.01690 0.6196 0.6196 0.6588
v 0.04053 0.45481 -0.02837 0.7614 0.7621 0.7706
v 0.04067 0.45537 -0.02364 0.6667 0.6804 0.7069
v 0.04034 0.46347 -0.02811 0.7294 0.7373 0.7522
v 0.04121 0.46352 -0.02351 0.6275 0.6458 0.6771
v 0.04083 0.47192 -0.02747 0.6698 0.6753 0.6957
v 0.04261 0.47214 -0.02353 0.6039 0.6118 0.6490
v 0.04169 0.47968 -0.02863 0.7402 0.7520 0.7627
v 0.04249 0.48131 -0.02544 0.6745 0.6863 0.7137
v 0.04205 0.48753 -0.02845 0.6980 0.7046 0.7203
v 0.04316 0.49719 -0.02691 0.6216 0.6294 0.6569
v 0.03894 0.62079 -0.03897 0.5429 0.5625 0.5737
v 0.03882 0.62004 -0.03171 0.3647 0.3833 0.4127
v 0.04198 0.62258 -0.02241 0.6209 0.6340 0.6458
v 0.03696 0.62736 -0.04019 0.6255 0.6441 0.6559
v 0.03508 0.62660 -0.02751 0.5804 0.6000 0.6137
v 0.03928 0.62809 -0.02096 0.3508 0.3782 0.3978
v 0.04112 0.62860 -0.01582 0.4431 0.4627 0.4863
v 0.03912 0.63248 -0.03746 0.2157 0.2392 0.2941
v 0.03944 0.63449 -0.03207 0.5830 0.6118 0.6275
v 0.04843 0.02297 -0.30803 0.5225 0.5662 0.5387
v 0.05085 0.02503 -0.30158 0.4647 0.5098 0.5000
v 0.04926 0.02759 -0.29793 0.5278 0.5545 0.5561
v 0.04967 0.02973 -0.29022 0.6627 0.6902 0.6889
v 0.04779 0.02964 -0.27625 0.6627 0.6784 0.6745
v 0.05137 0.02887 -0.25645 0.6902 0.7098 0.6941
v 0.04605 0.02949 -0.24969 0.6863 0.7020 0.6980
v 0.04826 0.02998 -0.23861 0.7242 0.7425 0.7373
v 0.04786 0.03196 -0.22999 0.6627 0.6753 0.6580
v 0.04916 0.03538 -0.22578 0.6961 0.7039 0.6922
v 0.04791 0.03693 -0.22041 0.6549 0.6706 0.6614
v 0.04802 0.04037 -0.21318 0.7204 0.7305 0.7204
v 0.04383 0.04252 -0.20755 0.7882 0.7961 0.7843
v 0.04784 0.04499 -0.20365 0.7235 0.7461 0.7324
v 0.04782 0.04893 -0.19685 0.6605 0.6818 0.6622
v 0.04624 0.05142 -0.18888 0.7980 0.8196 0.8039
v 0.04433 0.05131 0.25977 0.5725 0.5961 0.5882
v 0.04798 0.05072 0.26284 0.5268 0.5542 0.5608
v 0.04878 0.04839 0.27193 0.3869 0.4183 0.4314
v 0.04725 0.04708 0.28039 0.2529 0.2843 0.3176
v 0.04848 0.04515 0.29210 0.2471 0.2824 0.3176
v 0.04514 0.04492 0.29941 0.2373 0.2725 0.3039
v 0.04351 0.05247 -0.18394 0.8196 0.8392 0.8235
v 0.05054 0.05215 -0.18055 0.7333 0.7569 0.7412
v 0.05092 0.05257 -0.17032 0.6980 0.7176 0.7020
v 0.04862 0.05416 -0.16016 0.7778 0.8039 0.7856
v 0.04677 0.05774 -0.15378 0.6848 0.7034 0.6863
v 0.04584 0.06008 0.20505 0.4118 0.4392 0.4431
v 0.04787 0.05916 0.21252 0.5402 0.5618 0.5627
v 0.04626 0.05684 0.22159 0.5072 0.5346 0.5281
v 0.04825 0.05613 0.23098 0.5817 0.6039 0.6078
v 0.04691 0.05487 0.23824 0.5696 0.5941 0.5853
v 0.04984 0.05385 0.24783 0.5588 0.5863 0.5922
v 0.04916 0.05281 0.25518 0.4451 0.4784 0.4902
v 0.04757 0.06510 -0.15380 0.6845 0.7137 0.7185
v 0.05055 0.06701 0.15467 0.1922 0.2431 0.2784
v 0.04531 0.06715 0.15912 0.1961 0.2392 0.2804
v 0.04761 0.06581 0.16940 0.5529 0.5922 0.5961
v 0.04815 0.06569 0.18042 0.5765 0.6118 0.6078
v 0.04700 0.06469 0.18842 0.5725 0.6020 0.6000
v 0.04776 0.06265 0.19743 0.6196 0.6412 0.6490
v 0.04706 0.07455 -0.15296 0.6479 0.6770 0.6868
v 0.04810 0.07371 0.14457 0.2006 0.2465 0.2992
v 0.04752 0.06934 0.14952 0.1804 0.2353 0.2863
v 0.05005 0.07961 -0.14993 0.6686 0.7000 0.7078
v 0.04827 0.08167 -0.14487 0.6392 0.6588 0.6706
v 0.04657 0.08497 -0.13812 0.7020 0.7333 0.7412
v 0.04796 0.08223 0.14387 0.2059 0.2529 0.3078
v 0.04930 0.08865 -0.13302 0.7490 0.7757 0.7647
v 0.04701 0.09260 -0.12827 0.7639 0.7906 0.7741
v 0.04836 0.09395 0.12604 0.1686 0.2157 0.2784
v 0.04957 0.08930 0.13565 0.1908 0.2379 0.3007
v 0.04789 0.08733 0.14120 0.2026 0.2497 0.3098
v 0.04753 0.09971 -0.12546 0.7375 0.7642 0.7556
v 0.04859 0.09949 0.11930 0.1908 0.2405 0.2967
v 0.04379 0.09706 0.12358 0.2078 0.2627 0.3137
v 0.04888 0.10838 -0.12546 0.6748 0.7023 0.6958
v 0.04831 0.10677 0.11539 0.2412 0.2902 0.3500
v 0.04802 0.11724 -0.12664 0.2874 0.3307 0.3455
v 0.04680 0.11810 0.11472 0.2549 0.3046 0.3634
v 0.04377 0.12696 -0.13099 0.0667 0.1255 0.1451
v 0.04755 0.12576 -0.12770 0.1982 0.2662 0.2886
v 0.05193 0.12872 0.11202 0.2471 0.2941 0.3569
v 0.04661 0.12664 0.11444 0.2441 0.2931 0.3529
v 0.04764 0.13148 -0.12425 0.3404 0.4165 0.4408
v 0.04874 0.13542 -0.11772 0.3125 0.3929 0.3973
v 0.04775 0.13481 0.11157 0.2094 0.2565 0.3098
v 0.04447 0.13146 0.11417 0.2588 0.3059 0.3686
v 0.04964 0.14274 -0.12209 0.0990 0.1618 0.1824
v 0.04711 0.14255 -0.11821 0.1935 0.2588 0.2764
v 0.04624 0.14346 0.11108 0.1972 0.2454 0.2980
v 0.04775 0.15216 -0.11793 0.2560 0.3235 0.3438
v 0.04723 0.15111 0.11062 0.2150 0.2647 0.3222
v 0.04358 0.15943 -0.12203 0.1451 0.2000 0.2353
v 0.04611 0.15934 -0.11770 0.1741 0.2349 0.2678
v 0.04806 0.15897 -0.10784 0.2639 0.3507 0.3793
v 0.04742 0.16255 -0.10246 0.3608 0.4675 0.4894
v 0.04627 0.16029 0.11033 0.2345 0.2808 0.3443
v 0.04649 0.16806 -0.09854 0.2365 0.3298 0.3643
v 0.04879 0.17035 -0.09397 0.0850 0.1399 0.1778
v 0.04653 0.16881 0.11041 0.1863 0.2320 0.2908
v 0.04746 0.17701 -0.09026 0.2743 0.3338 0.3694
v 0.05088 0.17944 -0.08566 0.7824 0.8176 0.8412
v 0.04650 0.17835 0.10932 0.1915 0.2412 0.3020
v 0.04511 0.18343 -0.08683 0.7569 0.7686 0.7882
v 0.04790 0.18583 -0.08394 0.7235 0.7436 0.7676
v 0.04560 0.18647 0.10882 0.1613 0.2151 0.2644
v 0.04810 0.19445 -0.08280 0.7059 0.7307 0.7569
v 0.04614 0.19520 0.10887 0.1814 0.2392 0.2931
v 0.04734 0.20285 -0.08205 0.7468 0.7669 0.7983
v 0.04586 0.20360 0.10912 0.1770 0.2358 0.2931
v 0.04785 0.21291 -0.08200 0.7523 0.7654 0.7928
v 0.04620 0.21236 0.10727 0.1545 0.2073 0.2567
v 0.04814 0.22004 -0.08095 0.8006 0.8095 0.8129
v 0.04723 0.22401 -0.07671 0.8706 0.8784 0.8745
v 0.04670 0.22135 0.10696 0.2643 0.3156 0.3529
v 0.04793 0.22710 -0.07294 0.8641 0.8706 0.8706
v 0.04664 0.23103 -0.06751 0.9118 0.9196 0.9157
v 0.04759 0.23230 0.10152 0.5176 0.5441 0.5745
v 0.04761 0.22746 0.10517 0.4405 0.4693 0.4941
v 0.04850 0.23742 -0.05426 0.9118 0.9147 0.9225
v 0.04569 0.23960 -0.05117 0.7673 0.7712 0.7856
v 0.04843 0.24117 0.06761 0.2039 0.2588 0.2941
v 0.04749 0.24011 0.07235 0.3529 0.3922 0.4137
v 0.05124 0.23934 0.07899 0.7451 0.7647 0.7490
v 0.04971 0.23569 0.09053 0.5843 0.6157 0.6235
v 0.05038 0.24557 -0.05290 0.8059 0.8157 0.8294
v 0.04709 0.24832 -0.05063 0.7284 0.7382 0.7480
v 0.04797 0.24767 0.05881 0.2043 0.2710 0.3196
v 0.05010 0.24616 0.06314 0.2275 0.2933 0.3373
v 0.04737 0.25403 -0.04678 0.8033 0.8065 0.8261
v 0.04676 0.25829 -0.04123 0.8235 0.8275 0.8471
v 0.04820 0.25545 0.05597 0.1943 0.2654 0.3211
v 0.05180 0.25244 0.06243 0.3078 0.3686 0.4255
v 0.04794 0.26384 -0.03866 0.7651 0.7698 0.7945
v 0.04481 0.26719 0.03194 0.3255 0.3765 0.4118
v 0.04461 0.26602 0.04032 0.2343 0.2902 0.3255
v 0.04756 0.26557 0.05002 0.1480 0.2338 0.2863
v 0.04848 0.26112 0.05241 0.0941 0.1588 0.1980
v 0.04695 0.27283 -0.03722 0.7319 0.7412 0.7716
v 0.04538 0.27289 0.02985 0.1569 0.2029 0.2461
v 0.04563 0.27271 0.03914 0.2127 0.2750 0.3201
v 0.04664 0.27311 0.04753 0.1837 0.2716 0.3324
v 0.04833 0.28157 -0.03799 0.7643 0.7747 0.8057
v 0.04511 0.28142 0.02966 0.1220 0.1686 0.2126
v 0.04629 0.28164 0.03900 0.1441 0.2127 0.2735
v 0.04779 0.28124 0.04849 0.1829 0.2806 0.3376
v 0.04827 0.28967 -0.03711 0.7784 0.7869 0.8222
v 0.04563 0.29040 0.03288 0.0855 0.1294 0.1765
v 0.04605 0.28987 0.03975 0.1028 0.1625 0.2087
v 0.04819 0.29057 0.04762 0.1633 0.2435 0.3009
v 0.04754 0.29821 -0.03666 0.8200 0.8336 0.8619
v 0.04513 0.29708 0.04014 0.0706 0.1206 0.1657
v 0.04683 0.29869 0.04766 0.1285 0.2006 0.2495
v 0.04670 0.30711 -0.03649 0.7442 0.7577 0.7843
v 0.04397 0.30897 -0.03435 0.7451 0.7627 0.7765
v 0.04679 0.30771 0.05065 0.1431 0.2525 0.3088
v 0.04996 0.30632 0.05253 0.1098 0.1686 0.1961
v 0.04681 0.31578 -0.03583 0.8072 0.8170 0.8399
v 0.04432 0.31957 0.04013 0.3373 0.3595 0.3895
v 0.04582 0.31453 0.04626 0.1518 0.2443 0.3042
v 0.04704 0.32506 -0.03578 0.8131 0.8248 0.8366
v 0.04388 0.32232 -0.03375 0.6157 0.6196 0.6353
v 0.04826 0.32433 0.03989 0.1995 0.2789 0.3299
v 0.04789 0.33384 -0.03597 0.7613 0.7725 0.7873
v 0.04359 0.33260 -0.03362 0.6667 0.6745 0.6706
v 0.04392 0.33495 0.00749 0.4627 0.5020 0.5412
v 0.04499 0.33542 0.01360 0.5576 0.5898 0.6282
v 0.04703 0.33328 0.03770 0.2016 0.2867 0.3365
v 0.04937 0.34307 -0.03616 0.8288 0.8327 0.8601
v 0.04504 0.34068 -0.03379 0.7490 0.7529 0.7686
v 0.04416 0.34039 0.00710 0.5902 0.6039 0.6451
v 0.04571 0.34205 0.01345 0.6575 0.6863 0.7327
v 0.05029 0.34441 0.03383 0.6412 0.6647 0.6922
v 0.04584 0.34222 0.03625 0.3373 0.3966 0.4431
v 0.04953 0.35075 -0.03562 0.8451 0.8471 0.8706
v 0.04424 0.34944 -0.03321 0.7817 0.7882 0.8026
v 0.04406 0.35020 0.00552 0.6529 0.6804 0.7118
v 0.04622 0.34938 0.01294 0.5275 0.5680 0.6020
v 0.04815 0.35296 0.02152 0.5225 0.5730 0.6225
v 0.04739 0.35134 0.03196 0.6078 0.6523 0.6928
v 0.04974 0.35974 -0.03592 0.7029 0.7137 0.7304
v 0.04511 0.35981 -0.03346 0.6941 0.7000 0.7065
v 0.04339 0.36343 0.00002 0.5059 0.5216 0.5647
v 0.04594 0.36037 0.00569 0.6167 0.6412 0.6863
v 0.05045 0.36035 0.01495 0.5111 0.5529 0.5856
v 0.04437 0.35767 0.02662 0.5176 0.5922 0.6588
v 0.04999 0.36789 -0.03549 0.7153 0.7263 0.7467
v 0.04538 0.36624 -0.03364 0.7529 0.7647 0.7843
v 0.04594 0.36713 0.00462 0.7098 0.7059 0.7608
v 0.05081 0.36789 0.01421 0.6314 0.6536 0.6941
v 0.05075 0.37585 -0.03581 0.8031 0.8086 0.8275
v 0.04666 0.37760 -0.03359 0.7639 0.7749 0.7945
v 0.04392 0.37914 -0.00167 0.6765 0.6804 0.7294
v 0.04632 0.37738 0.00324 0.6706 0.6816 0.7294
v 0.04916 0.37575 0.00978 0.6569 0.6725 0.7196
v 0.05029 0.38461 -0.03506 0.7324 0.7382 0.7549
v 0.04674 0.38672 -0.03327 0.7537 0.7616 0.7780
v 0.04453 0.38660 -0.00250 0.6497 0.6510 0.7007
v 0.04690 0.38422 0.00274 0.6961 0.7039 0.7529
v 0.05028 0.38562 0.00907 0.6451 0.6627 0.7157
v 0.05080 0.39266 -0.03557 0.7490 0.7556 0.7673
v 0.04801 0.39502 -0.03334 0.7231 0.7294 0.7357
v 0.04512 0.39484 -0.00300 0.7098 0.7137 0.7627
v 0.04851 0.39338 0.00341 0.6641 0.6745 0.7190
v 0.05144 0.40086 -0.03538 0.8431 0.8588 0.8706
v 0.04739 0.40258 -0.03330 0.7268 0.7281 0.7438
v 0.04510 0.40329 -0.00359 0.6863 0.6941 0.7431
v 0.04951 0.40190 0.00430 0.7098 0.7150 0.7634
v 0.05090 0.40958 -0.03480 0.8118 0.8216 0.8353
v 0.04764 0.41140 -0.03311 0.7552 0.7574 0.7703
v 0.04362 0.41424 -0.00889 0.6078 0.6078 0.6392
v 0.04633 0.41112 -0.00354 0.7090 0.7169 0.7663
v 0.05048 0.41259 0.00343 0.6980 0.7020 0.7490
v 0.05064 0.41943 -0.03494 0.7725 0.7765 0.7935
v 0.04703 0.41919 -0.03246 0.7706 0.7735 0.7882
v 0.04412 0.42141 -0.01005 0.5412 0.5392 0.5745
v 0.04683 0.41917 -0.00498 0.5983 0.5944 0.6387
v 0.05038 0.41995 0.00147 0.6275 0.6255 0.6765
v 0.04819 0.42954 -0.03295 0.8557 0.8604 0.8769
v 0.04711 0.42870 -0.00522 0.6559 0.6588 0.7029
v 0.05092 0.42902 0.00192 0.6569 0.6549 0.7020
v 0.04666 0.43835 -0.03212 0.8314 0.8363 0.8451
v 0.04502 0.43851 -0.01166 0.5235 0.5235 0.5667
v 0.04858 0.43688 -0.00404 0.6529 0.6529 0.6961
v 0.05146 0.44090 0.00011 0.7333 0.7333 0.7725
v 0.04716 0.44613 -0.03229 0.7067 0.7043 0.7137
v 0.04538 0.44704 -0.01298 0.5706 0.5719 0.6013
v 0.04929 0.44690 -0.00568 0.6267 0.6306 0.6635
v 0.04901 0.45496 -0.03267 0.7578 0.7608 0.7686
v 0.04690 0.45585 -0.01146 0.6301 0.6275 0.6562
v 0.04994 0.45516 -0.00571 0.6588 0.6706 0.7059
v 0.04787 0.46141 -0.03201 0.7584 0.7592 0.7671
v 0.04777 0.46360 -0.01134 0.6565 0.6573 0.6894
v 0.05026 0.46395 -0.00662 0.7078 0.7196 0.7549
v 0.04569 0.47287 -0.03081 0.7694 0.7741 0.7796
v 0.04527 0.47483 -0.01953 0.6235 0.6196 0.6510
v 0.04771 0.47180 -0.01380 0.5667 0.5627 0.5882
v 0.04993 0.46995 -0.00835 0.6118 0.6235 0.6431
v 0.04778 0.48027 -0.03160 0.7716 0.7873 0.7931
v 0.04548 0.48114 -0.01976 0.6627 0.6641 0.6915
v 0.04896 0.48135 -0.01355 0.6514 0.6497 0.6776
v 0.04742 0.48859 -0.03125 0.7882 0.7882 0.7941
v 0.04505 0.49036 -0.02232 0.6647 0.6696 0.6941
v 0.04964 0.48983 -0.01410 0.6133 0.6165 0.6455
v 0.04745 0.49846 -0.03099 0.7216 0.7261 0.7353
v 0.04732 0.49750 -0.01998 0.6261 0.6222 0.6458
v 0.05077 0.49770 -0.01329 0.6196 0.6183 0.6497
v 0.04670 0.50627 -0.03008 0.7529 0.7559 0.7696
v 0.04659 0.50610 -0.02276 0.6837 0.6837 0.7229
v 0.05036 0.50743 -0.01624 0.7078 0.7078 0.7431
v 0.04633 0.51551 -0.02912 0.7827 0.7843 0.7961
v 0.04879 0.51872 -0.02142 0.7098 0.7137 0.7333
v 0.04797 0.52443 -0.03049 0.7451 0.7503 0.7529
v 0.04900 0.52482 -0.02243 0.6797 0.6850 0.7085
v 0.04742 0.53295 -0.02954 0.6797 0.6837 0.7059
v 0.04968 0.53201 -0.02195 0.6353 0.6369 0.6651
v 0.04883 0.54186 -0.02908 0.7386 0.7497 0.7686
v 0.05105 0.54239 -0.02183 0.6863 0.6990 0.7167
v 0.04909 0.55007 -0.02880 0.7459 0.7443 0.7631
v 0.05064 0.54742 -0.02328 0.7137 0.7098 0.7333
v 0.05015 0.55897 -0.02922 0.7302 0.7310 0.7467
v 0.05166 0.56180 -0.02529 0.7255 0.7216 0.7451
v 0.04998 0.56676 -0.02994 0.7176 0.7255 0.7451
v 0.05130 0.57510 -0.02987 0.7814 0.7912 0.8039
v 0.05135 0.57480 -0.01109 0.5108 0.5353 0.5539
v 0.04979 0.58673 -0.02953 0.3294 0.3503 0.3882
v 0.05146 0.58837 -0.02438 0.6510 0.6784 0.7098
v 0.04953 0.59346 -0.03013 0.5952 0.6092 0.6448
v 0.05131 0.59279 -0.02228 0.5765 0.5794 0.6088
v 0.04983 0.60221 -0.03123 0.6057 0.6235 0.6488
v 0.05104 0.60093 -0.02296 0.2549 0.2810 0.3346
v 0.04860 0.61354 -0.03698 0.2471 0.2706 0.3176
v 0.04876 0.61109 -0.03135 0.2471 0.2657 0.3118
v 0.05086 0.61375 -0.02130 0.1882 0.2144 0.2588
v 0.04678 0.62200 -0.04468 0.8176 0.8353 0.8216
v 0.04794 0.61741 -0.04000 0.2157 0.2405 0.2843
v 0.04650 0.61546 -0.02642 0.1843 0.2078 0.2549
v 0.04666 0.61794 -0.02182 0.2392 0.2525 0.2941
v 0.04936 0.62055 -0.01295 0.3529 0.3725 0.3961
v 0.05103 0.62319 -0.00692 0.6235 0.6549 0.6627
v 0.04657 0.62553 -0.04518 0.7804 0.7882 0.7765
v 0.04591 0.63176 -0.04100 0.3294 0.3451 0.3804
v 0.04602 0.62752 -0.01268 0.4392 0.4700 0.4880
v 0.04922 0.62733 -0.00577 0.4441 0.4814 0.4951
v 0.05082 0.62713 0.00070 0.2588 0.2980 0.3333
v 0.04891 0.63691 -0.03870 0.4322 0.4627 0.4808
v 0.04746 0.64054 -0.02940 0.5608 0.5804 0.5961
v 0.04733 0.63752 -0.02188 0.5804 0.5882 0.5765
v 0.04898 0.63519 -0.01474 0.5353 0.5569 0.5412
v 0.05169 0.64516 -0.03195 0.5686 0.5882 0.6039
v 0.05573 0.02198 -0.30789 0.4634 0.5052 0.4850
v 0.05622 0.02431 -0.30182 0.4699 0.4941 0.4935
v 0.05578 0.02724 -0.29830 0.5216 0.5464 0.5564
v 0.05732 0.02963 -0.29290 0.6627 0.6922 0.6902
v 0.05932 0.02968 -0.28126 0.6863 0.7098 0.7020
v 0.05853 0.02881 -0.26154 0.7098 0.7294 0.7059
v 0.05569 0.02905 -0.24495 0.6941 0.7137 0.7118
v 0.05578 0.03047 -0.23600 0.6562 0.6745 0.6654
v 0.05678 0.03257 -0.23276 0.5980 0.6127 0.6020
v 0.05724 0.03573 -0.22920 0.5451 0.5621 0.5542
v 0.05551 0.03839 -0.21990 0.6408 0.6545 0.6431
v 0.05421 0.04178 -0.21271 0.7098 0.7206 0.7098
v 0.05634 0.04679 -0.20317 0.6299 0.6442 0.6410
v 0.05570 0.05027 -0.19651 0.6824 0.6980 0.7020
v 0.05962 0.05121 -0.18906 0.7137 0.7294 0.7255
v 0.05649 0.05142 0.25697 0.2039 0.2431 0.2784
v 0.05664 0.04958 0.26407 0.2327 0.2667 0.3020
v 0.05920 0.04730 0.27359 0.2118 0.2549 0.2784
v 0.05830 0.04650 0.27990 0.2431 0.2784 0.3137
v 0.05717 0.04523 0.28757 0.2588 0.2941 0.3294
v 0.06054 0.05207 -0.17503 0.7294 0.7451 0.7412
v 0.06012 0.05286 -0.16704 0.7294 0.7529 0.7451
v 0.05668 0.05594 -0.15971 0.7348 0.7505 0.7328
v 0.05697 0.06002 0.21214 0.6000 0.6176 0.6294
v 0.05751 0.05872 0.22365 0.3804 0.4196 0.4275
v 0.05315 0.05701 0.23149 0.5608 0.5843 0.5843
v 0.05802 0.05627 0.23883 0.4105 0.4458 0.4706
v 0.05421 0.05464 0.24660 0.5882 0.6209 0.6248
v 0.05685 0.05332 0.25258 0.2275 0.2627 0.2902
v 0.05688 0.06459 -0.15846 0.6887 0.7147 0.7201
v 0.05630 0.06891 0.14264 0.1804 0.2118 0.2549
v 0.05636 0.06790 0.14993 0.1451 0.1725 0.2105
v 0.05589 0.06615 0.16091 0.3549 0.3882 0.4078
v 0.05665 0.06539 0.16941 0.4784 0.5098 0.5216
v 0.05749 0.06508 0.17982 0.4784 0.5137 0.5098
v 0.05887 0.06388 0.18846 0.5412 0.5725 0.5804
v 0.05613 0.06281 0.19574 0.5118 0.5353 0.5529
v 0.05490 0.06102 0.20372 0.5843 0.6039 0.6157
v 0.05718 0.07317 -0.15816 0.6740 0.7010 0.7142
v 0.05492 0.07706 -0.15537 0.7137 0.7451 0.7529
v 0.05649 0.07446 0.14070 0.1561 0.1894 0.2325
v 0.05462 0.08065 -0.15010 0.6980 0.7284 0.7333
v 0.05690 0.08459 -0.14336 0.7431 0.7667 0.7627
v 0.05965 0.08391 0.13820 0.1314 0.1745 0.2216
v 0.05747 0.08142 0.14000 0.1438 0.1810 0.2235
v 0.05690 0.09117 -0.13376 0.7533 0.7735 0.7660
v 0.05724 0.09179 0.12546 0.1784 0.2294 0.2863
v 0.05725 0.08833 0.13410 0.1922 0.2392 0.2941
v 0.05727 0.09806 -0.13125 0.7498 0.7741 0.7694
v 0.05517 0.10099 -0.12879 0.7072 0.7333 0.7307
v 0.05544 0.10378 0.11242 0.1961 0.2431 0.2980
v 0.05577 0.09834 0.11616 0.1718 0.2133 0.2659
v 0.05867 0.10980 -0.13044 0.6667 0.6902 0.7033
v 0.05409 0.10858 -0.12790 0.6918 0.7169 0.7247
v 0.05625 0.11019 0.11018 0.1951 0.2422 0.2951
v 0.05968 0.11866 -0.13120 0.7206 0.7451 0.7559
v 0.05411 0.11678 -0.12809 0.6105 0.6399 0.6516
v 0.05503 0.11720 0.11046 0.2078 0.2549 0.3059
v 0.05729 0.12402 -0.12995 0.7176 0.7569 0.7529
v 0.05499 0.12548 -0.12628 0.1503 0.2044 0.2292
v 0.05850 0.12748 -0.11917 0.0659 0.1082 0.1435
v 0.05589 0.12549 0.11008 0.2071 0.2541 0.3059
v 0.05496 0.13490 -0.12159 0.2071 0.2627 0.2871
v 0.05628 0.13444 -0.11785 0.1303 0.1847 0.2073
v 0.05819 0.13497 -0.11163 0.0941 0.1314 0.1667
v 0.05534 0.13338 0.10893 0.1895 0.2366 0.2863
v 0.05521 0.14038 -0.12206 0.2577 0.3244 0.3468
v 0.05736 0.14300 -0.11801 0.1626 0.2253 0.2554
v 0.05800 0.14278 -0.10865 0.1165 0.1563 0.1989
v 0.05759 0.14372 -0.10007 0.2932 0.3333 0.3643
v 0.05623 0.14378 0.10604 0.1856 0.2327 0.2824
v 0.05382 0.14757 -0.12139 0.1647 0.2353 0.2510
v 0.05542 0.15105 -0.11677 0.1644 0.2220 0.2497
v 0.05540 0.15257 -0.10920 0.1216 0.1743 0.2109
v 0.05592 0.15186 -0.09831 0.1098 0.1551 0.2039
v 0.05785 0.15142 -0.09485 0.1804 0.2363 0.2931
v 0.06021 0.15346 0.10376 0.2196 0.2667 0.3294
v 0.05550 0.15225 0.10632 0.2373 0.2843 0.3471
v 0.05341 0.15730 -0.10598 0.1451 0.2105 0.2444
v 0.05330 0.16173 -0.09978 0.1307 0.1961 0.2327
v 0.05821 0.15952 -0.09336 0.3232 0.3653 0.4162
v 0.05413 0.16209 0.10760 0.2118 0.2588 0.3216
v 0.05590 0.16961 -0.09184 0.3713 0.4238 0.4498
v 0.05656 0.16724 0.10627 0.2039 0.2510 0.3137
v 0.05707 0.17728 -0.08876 0.7114 0.7314 0.7510
v 0.05578 0.17732 0.10656 0.2020 0.2490 0.3118
v 0.05805 0.18593 -0.08846 0.7065 0.7255 0.7510
v 0.05311 0.18809 -0.08579 0.7039 0.7216 0.7510
v 0.05482 0.18407 0.10699 0.2157 0.2627 0.3255
v 0.05837 0.19469 -0.08817 0.7464 0.7634 0.7915
v 0.05203 0.19562 -0.08459 0.7569 0.7725 0.8078
v 0.05608 0.19261 0.10617 0.2157 0.2627 0.3255
v 0.05837 0.20378 -0.08790 0.7271 0.7459 0.7718
v 0.05286 0.20233 -0.08467 0.7216 0.7529 0.7824
v 0.05585 0.20281 0.10614 0.2196 0.2667 0.3294
v 0.05861 0.21136 -0.08755 0.7247 0.7435 0.7702
v 0.05460 0.21270 -0.08540 0.7069 0.7343 0.7637
v 0.05634 0.21086 0.10608 0.2183 0.2654 0.3281
v 0.05773 0.21825 -0.08698 0.7451 0.7627 0.7667
v 0.05622 0.22092 -0.08371 0.8471 0.8604 0.8533
v 0.05419 0.22174 0.10579 0.2255 0.2696 0.3275
v 0.05938 0.22644 -0.07866 0.8451 0.8588 0.8412
v 0.05720 0.22952 -0.07401 0.9118 0.9176 0.9147
v 0.05434 0.23382 -0.06367 0.9176 0.9255 0.9216
v 0.05698 0.23063 0.09994 0.2000 0.2480 0.3049
v 0.05413 0.22727 0.10415 0.1608 0.1961 0.2549
v 0.05987 0.23485 -0.06316 0.9529 0.9569 0.9647
v 0.05661 0.23782 -0.05785 0.8353 0.8520 0.8608
v 0.05504 0.24121 0.07422 0.6137 0.6314 0.6353
v 0.05675 0.23887 0.08407 0.5539 0.5922 0.6147
v 0.05702 0.23543 0.09310 0.2843 0.3255 0.3706
v 0.05618 0.24737 -0.05500 0.7800 0.7943 0.8057
v 0.05296 0.24743 0.06641 0.5848 0.6157 0.6328
v 0.05738 0.24713 0.07441 0.5255 0.5576 0.5784
v 0.05849 0.25424 -0.05270 0.8176 0.8235 0.8490
v 0.05632 0.25648 -0.04908 0.8286 0.8325 0.8560
v 0.05503 0.25864 0.05921 0.2745 0.3529 0.4235
v 0.05577 0.25585 0.06585 0.4501 0.5020 0.5399
v 0.05852 0.25420 0.07266 0.4902 0.5224 0.5443
v 0.05906 0.26518 -0.04430 0.7976 0.8071 0.8400
v 0.05465 0.26548 -0.04157 0.7755 0.7794 0.7990
v 0.05633 0.26610 0.04932 0.1286 0.1922 0.2510
v 0.05627 0.26159 0.05547 0.2243 0.2957 0.3788
v 0.05987 0.26082 0.06407 0.3196 0.3863 0.4588
v 0.05974 0.27203 -0.04403 0.7033 0.7150 0.7503
v 0.05598 0.27239 -0.04191 0.7357 0.7514 0.7843
v 0.05719 0.27304 0.04736 0.1359 0.1952 0.2575
v 0.05995 0.28023 -0.04386 0.7634 0.7752 0.8000
v 0.05532 0.28031 -0.04150 0.7706 0.7797 0.8131
v 0.05665 0.28216 0.04634 0.0985 0.1586 0.2035
v 0.05530 0.29098 -0.04095 0.8431 0.8549 0.8843
v 0.05616 0.29049 0.04762 0.0824 0.1333 0.1793
v 0.05598 0.29932 -0.04102 0.7871 0.7978 0.8370
v 0.05619 0.29615 0.05039 0.1382 0.2118 0.2696
v 0.05738 0.30164 0.05239 0.1503 0.2092 0.2693
v 0.05640 0.30668 -0.04151 0.7373 0.7498 0.7757
v 0.05684 0.30694 0.05315 0.1232 0.1832 0.2325
v 0.05625 0.31615 -0.04077 0.8358 0.8490 0.8725
v 0.05639 0.32023 0.04208 0.2333 0.3157 0.3745
v 0.05608 0.31712 0.04660 0.1431 0.2392 0.3098
v 0.05682 0.32547 -0.04088 0.7961 0.8007 0.8118
v 0.05642 0.32496 0.03803 0.3089 0.3732 0.4329
v 0.05620 0.33368 -0.04043 0.7412 0.7466 0.7588
v 0.05655 0.33491 0.03433 0.5824 0.5892 0.6020
v 0.05842 0.33260 0.03631 0.3843 0.4137 0.4484
v 0.05682 0.34451 -0.03995 0.8758 0.8745 0.8941
v 0.05604 0.34282 0.03304 0.6804 0.6941 0.7176
v 0.06006 0.34122 0.03601 0.6392 0.6329 0.6525
v 0.05589 0.35123 -0.03934 0.8775 0.8804 0.9049
v 0.05628 0.35158 0.03122 0.6827 0.6949 0.7216
v 0.06019 0.35391 0.03482 0.6471 0.6431 0.6667
v 0.05726 0.35931 -0.03972 0.7402 0.7471 0.7725
v 0.05434 0.36047 0.02304 0.5686 0.6039 0.6314
v 0.05935 0.35853 0.03242 0.6922 0.6961 0.7176
v 0.05551 0.36784 -0.03844 0.7892 0.7931 0.8216
v 0.05401 0.36684 0.02017 0.5765 0.6020 0.6314
v 0.05882 0.36689 0.02915 0.6771 0.6824 0.7229
v 0.05763 0.37769 -0.03910 0.8627 0.8667 0.8863
v 0.05286 0.37560 0.01686 0.7451 0.7529 0.8039
v 0.05649 0.37820 0.02296 0.7059 0.7203 0.7582
v 0.05960 0.37664 0.02868 0.6993 0.7111 0.7464
v 0.05655 0.38552 -0.03865 0.8157 0.8261 0.8431
v 0.05368 0.38618 0.01549 0.6176 0.6392 0.6765
v 0.05710 0.38471 0.02218 0.6775 0.6882 0.7314
v 0.05546 0.39247 -0.03800 0.7757 0.7898 0.8047
v 0.05375 0.39537 0.01364 0.6967 0.7072 0.7529
v 0.05863 0.39239 0.02333 0.6092 0.6261 0.6575
v 0.05631 0.40175 -0.03781 0.8227 0.8345 0.8510
v 0.05505 0.40394 0.01438 0.7373 0.7359 0.7856
v 0.05896 0.40348 0.02217 0.7255 0.7346 0.7778
v 0.05676 0.41180 -0.03793 0.8324 0.8422 0.8569
v 0.05340 0.41490 0.00834 0.7255 0.7333 0.7843
v 0.05448 0.41005 0.01144 0.6980 0.6980 0.7451
v 0.05808 0.41165 0.01856 0.7255 0.7373 0.7725
v 0.05530 0.42028 -0.03697 0.6418 0.6477 0.6621
v 0.05358 0.42083 0.00753 0.7255 0.7255 0.7647
v 0.05745 0.42095 0.01464 0.6810 0.6915 0.7268
v 0.05967 0.41888 0.01980 0.6980 0.7078 0.7451
v 0.05631 0.42808 -0.03732 0.8112 0.8235 0.8319
v 0.05303 0.43057 0.00606 0.6549 0.6549 0.7020
v 0.05736 0.42912 0.01392 0.6833 0.6951 0.7304
v 0.06005 0.42476 0.01960 0.6392 0.6510 0.6784
v 0.05564 0.43776 -0.03668 0.7436 0.7539 0.7613
v 0.05369 0.43820 0.00525 0.7039 0.7098 0.7510
v 0.05736 0.43603 0.01285 0.7167 0.7284 0.7637
v 0.05653 0.44670 -0.03706 0.7598 0.7735 0.7809
v 0.05244 0.44867 -0.03437 0.6235 0.6314 0.6275
v 0.05242 0.44559 -0.00076 0.7490 0.7490 0.7882
v 0.05559 0.44765 0.00551 0.6026 0.6052 0.6444
v 0.05918 0.44440 0.01341 0.6784 0.6876 0.7216
v 0.05668 0.45457 -0.03654 0.8105 0.8242 0.8418
v 0.05272 0.45420 -0.03418 0.6627 0.6784 0.6902
v 0.05479 0.45456 0.00362 0.6745 0.6863 0.7216
v 0.05909 0.45272 0.01230 0.6889 0.7007 0.7281
v 0.05686 0.46276 -0.03644 0.8320 0.8425 0.8627
v 0.05251 0.46427 -0.03428 0.6882 0.6745 0.6922
v 0.05268 0.46089 -0.00148 0.6902 0.6902 0.7294
v 0.05654 0.46419 0.00507 0.7098 0.7098 0.7490
v 0.05877 0.46326 0.00964 0.6922 0.6922 0.7275
v 0.05705 0.47295 -0.03621 0.6975 0.7137 0.7238
v 0.05205 0.47220 -0.03410 0.6157 0.6196 0.6353
v 0.05290 0.47167 -0.00375 0.6471 0.6480 0.6843
v 0.05637 0.47248 0.00225 0.6484 0.6523 0.6850
v 0.05668 0.48163 -0.03589 0.7895 0.7941 0.8124
v 0.05378 0.48273 -0.00422 0.7118 0.7118 0.7549
v 0.05739 0.48088 0.00305 0.6902 0.6902 0.7333
v 0.05779 0.48932 -0.03649 0.7745 0.7784 0.7892
v 0.05249 0.49156 -0.03366 0.8275 0.8275 0.8353
v 0.05376 0.48956 -0.00586 0.7216 0.7216 0.7647
v 0.05781 0.48944 0.00215 0.7320 0.7438 0.7791
v 0.05731 0.49943 -0.03612 0.6850 0.6902 0.6967
v 0.05333 0.49874 -0.03392 0.6863 0.6882 0.6961
v 0.05280 0.50044 -0.00987 0.6706 0.6667 0.6961
v 0.05554 0.49932 -0.00464 0.6830 0.6810 0.7176
v 0.05939 0.50014 0.00255 0.6392 0.6405 0.6706
v 0.05813 0.50679 -0.03631 0.7630 0.7681 0.7725
v 0.05224 0.50391 -0.03352 0.8275 0.8353 0.8314
v 0.05298 0.50850 -0.01181 0.5725 0.5706 0.5863
v 0.05532 0.50822 -0.00638 0.6941 0.7020 0.7255
v 0.05988 0.50501 0.00290 0.6980 0.6980 0.7294
v 0.05754 0.51540 -0.03542 0.8765 0.8765 0.8794
v 0.05415 0.51654 -0.03388 0.8745 0.8745 0.8745
v 0.05345 0.51567 -0.01219 0.6804 0.6824 0.7167
v 0.05826 0.51585 -0.00306 0.7163 0.7163 0.7634
v 0.05758 0.52330 -0.03495 0.7520 0.7500 0.7500
v 0.05403 0.52500 -0.03366 0.7974 0.7974 0.7948
v 0.05415 0.52461 -0.01261 0.6129 0.6112 0.6325
v 0.05856 0.52411 -0.00445 0.6490 0.6510 0.6814
v 0.05593 0.53526 -0.03470 0.8059 0.8098 0.8078
v 0.05359 0.53154 -0.03347 0.7647 0.7699 0.7739
v 0.05476 0.53203 -0.01264 0.7020 0.7059 0.7242
v 0.05932 0.53286 -0.00359 0.5196 0.5222 0.5490
v 0.05926 0.53966 -0.03642 0.8235 0.8235 0.8275
v 0.05490 0.54185 -0.03418 0.8353 0.8431 0.8392
v 0.05223 0.54168 -0.01865 0.6020 0.6069 0.6314
v 0.05547 0.54200 -0.01327 0.5710 0.5816 0.6102
v 0.05956 0.54212 -0.00486 0.6144 0.6187 0.6318
v 0.06047 0.54317 0.00108 0.4039 0.4196 0.4627
v 0.06015 0.54843 -0.03608 0.7922 0.7922 0.7961
v 0.05498 0.55129 -0.03317 0.8000 0.8078 0.8141
v 0.05272 0.54997 -0.01989 0.7137 0.7118 0.7314
v 0.05660 0.54965 -0.01188 0.5176 0.5299 0.5485
v 0.05976 0.55038 -0.00355 0.5770 0.5804 0.5978
v 0.05855 0.55960 -0.03483 0.8183 0.8275 0.8327
v 0.05414 0.56006 -0.03241 0.7941 0.7990 0.8039
v 0.05384 0.55828 -0.01965 0.6222 0.6209 0.6405
v 0.05653 0.55842 -0.01259 0.5373 0.5483 0.5701
v 0.05888 0.55927 -0.00441 0.5123 0.5273 0.5544
v 0.05987 0.56632 -0.03528 0.7827 0.7984 0.8008
v 0.05565 0.56745 -0.03380 0.7843 0.8000 0.8118
v 0.05465 0.56572 -0.02027 0.7278 0.7263 0.7365
v 0.05502 0.56783 -0.01213 0.5703 0.5731 0.5762
v 0.05614 0.56846 -0.00419 0.4678 0.4949 0.5329
v 0.05925 0.56867 0.00334 0.5582 0.5765 0.6026
v 0.05991 0.57525 -0.03537 0.7745 0.7902 0.7941
v 0.05429 0.57587 -0.03040 0.7569 0.7678 0.7796
v 0.05441 0.57559 -0.02105 0.6906 0.6889 0.6980
v 0.05364 0.57649 -0.01473 0.7514 0.7569 0.7451
v 0.05523 0.57537 -0.00365 0.5353 0.5598 0.5915
v 0.05845 0.57659 0.00479 0.6284 0.6500 0.6686
v 0.06050 0.57593 0.00949 0.5255 0.5647 0.6000
v 0.05530 0.58397 -0.03110 0.5948 0.6087 0.6244
v 0.05391 0.58553 -0.02090 0.4006 0.4118 0.4387
v 0.05528 0.58501 -0.01290 0.5133 0.5251 0.5369
v 0.05608 0.58538 -0.00429 0.6959 0.7015 0.7124
v 0.05859 0.58401 0.00455 0.6420 0.6532 0.6678
v 0.06010 0.58494 0.00893 0.6431 0.6627 0.6863
v 0.06064 0.59102 -0.03538 0.7882 0.8039 0.8078
v 0.05519 0.59236 -0.03297 0.5910 0.6095 0.6269
v 0.05252 0.59433 -0.01909 0.3830 0.4078 0.4451
v 0.05498 0.59315 -0.01345 0.4593 0.4701 0.4868
v 0.05625 0.59357 -0.00472 0.3560 0.3817 0.4144
v 0.05852 0.59383 0.00283 0.4163 0.4458 0.4850
v 0.05865 0.60297 -0.03548 0.6902 0.7046 0.7163
v 0.05558 0.60125 -0.03364 0.5412 0.5563 0.5838
v 0.05322 0.60286 -0.01974 0.3621 0.3830 0.4340
v 0.05463 0.60172 -0.01253 0.3900 0.4100 0.4324
v 0.05532 0.60160 -0.00279 0.3850 0.4098 0.4379
v 0.05932 0.60263 0.00437 0.2309 0.2510 0.2887
v 0.05548 0.61089 -0.03805 0.3143 0.3389 0.3703
v 0.05262 0.60714 -0.03383 0.5922 0.6078 0.6196
v 0.05335 0.60834 -0.02118 0.2361 0.2667 0.3247
v 0.05583 0.61105 -0.01321 0.2753 0.3020 0.3349
v 0.05823 0.61038 -0.00500 0.1804 0.2039 0.2443
v 0.05937 0.61188 0.00382 0.4595 0.4810 0.4987
v 0.05620 0.61945 -0.04700 0.4519 0.4723 0.4959
v 0.05292 0.61624 -0.01372 0.2843 0.3078 0.3294
v 0.05597 0.61775 -0.00373 0.2220 0.2478 0.2824
v 0.05773 0.61959 0.00400 0.3560 0.3769 0.3978
v 0.05600 0.62844 -0.04793 0.5422 0.5618 0.5755
v 0.05277 0.62471 -0.00253 0.6314 0.6471 0.6431
v 0.05535 0.62701 0.00491 0.5082 0.5341 0.5400
v 0.05904 0.62637 0.01145 0.5167 0.5461 0.5598
v 0.05504 0.63450 -0.04331 0.4235 0.4549 0.4667
v 0.05491 0.63784 -0.04183 0.6196 0.6431 0.6431
v 0.05582 0.64082 -0.01739 0.5373 0.5569 0.5412
v 0.05703 0.63655 -0.00531 0.6392 0.6588 0.6529
v 0.05974 0.63444 0.00463 0.6706 0.6941 0.6941
v 0.05648 0.64430 -0.03707 0.7399 0.7529 0.7516
v 0.05464 0.64737 -0.03064 0.4216 0.4392 0.4529
v 0.05612 0.64501 -0.02348 0.4876 0.4902 0.4980
v 0.05818 0.65324 -0.03163 0.5098 0.5278 0.5388
v 0.05871 0.65180 -0.02578 0.3216 0.3373 0.3333
v 0.06382 0.02201 -0.30791 0.5591 0.5944 0.5882
v 0.06567 0.02403 -0.30010 0.4415 0.4678 0.4678
v 0.06592 0.02687 -0.29650 0.4627 0.4863 0.4863
v 0.06751 0.02870 -0.29107 0.6137 0.6451 0.6451
v 0.06864 0.02913 -0.27843 0.6824 0.7059 0.7059
v 0.06572 0.02833 -0.26293 0.7294 0.7529 0.7451
v 0.06665 0.02918 -0.25015 0.6137 0.6294 0.6294
v 0.06445 0.03114 -0.23770 0.6325 0.6465 0.6297
v 0.06319 0.03386 -0.23341 0.7216 0.7412 0.7176
v 0.06463 0.03609 -0.22839 0.7026 0.7229 0.7013
v 0.06493 0.03929 -0.22109 0.6447 0.6635 0.6498
v 0.06501 0.04243 -0.21451 0.7284 0.7363 0.7333
v 0.06285 0.04284 0.30372 0.2078 0.2431 0.2706
v 0.06561 0.04482 -0.20957 0.7020 0.7192 0.7161
v 0.06424 0.04805 -0.20452 0.6451 0.6643 0.6557
v 0.06524 0.05097 -0.19560 0.6706 0.6915 0.6850
v 0.06727 0.05180 -0.17930 0.7137 0.7294 0.7255
v 0.06672 0.05122 0.24807 0.1647 0.2020 0.2353
v 0.06600 0.04988 0.25669 0.2216 0.2647 0.2961
v 0.06591 0.04816 0.26389 0.2203 0.2614 0.2935
v 0.06607 0.04621 0.27538 0.2706 0.3059 0.3412
v 0.06315 0.04530 0.28214 0.2627 0.2980 0.3255
v 0.06290 0.04358 0.29465 0.2510 0.2863 0.3216
v 0.06819 0.05373 -0.16611 0.6471 0.6686 0.6608
v 0.06483 0.05619 -0.16271 0.7194 0.7344 0.7337
v 0.06372 0.05950 0.21546 0.4510 0.4784 0.5020
v 0.06778 0.05795 0.22252 0.2209 0.2562 0.2980
v 0.06353 0.05725 0.23103 0.1765 0.2157 0.2627
v 0.06725 0.05420 0.23913 0.2078 0.2431 0.2863
v 0.06304 0.05292 0.24720 0.1745 0.2059 0.2392
v 0.06882 0.06520 -0.16486 0.6967 0.7281 0.7333
v 0.06384 0.06553 -0.16208 0.6931 0.7230 0.7270
v 0.06209 0.06789 0.15263 0.2078 0.2490 0.2902
v 0.06614 0.06770 0.16174 0.2379 0.2954 0.3451
v 0.06596 0.06655 0.17010 0.2784 0.3314 0.3686
v 0.06771 0.06522 0.17748 0.3569 0.4000 0.4255
v 0.06853 0.06309 0.19085 0.3647 0.3843 0.4078
v 0.06384 0.06082 0.20624 0.3333 0.3686 0.4039
v 0.06860 0.07218 -0.16467 0.6667 0.6961 0.7078
v 0.06451 0.07351 -0.16166 0.6736 0.7020 0.7142
v 0.06121 0.07384 0.14381 0.1951 0.2392 0.2931
v 0.06483 0.07344 0.15100 0.2185 0.2706 0.3317
v 0.06860 0.07233 0.15905 0.2133 0.2737 0.3278
v 0.06769 0.07866 -0.15854 0.7386 0.7660 0.7765
v 0.06384 0.08073 -0.15353 0.7183 0.7510 0.7569
v 0.06516 0.08604 -0.14300 0.6157 0.6458 0.6588
v 0.06252 0.08310 0.14249 0.2392 0.2897 0.3358
v 0.06617 0.08174 0.15106 0.2560 0.3115 0.3557
v 0.06871 0.07965 0.15823 0.2294 0.2843 0.3235
v 0.06368 0.08741 -0.14070 0.7235 0.7510 0.7549
v 0.06533 0.09092 -0.13473 0.3775 0.4150 0.4434
v 0.06845 0.09239 -0.12780 0.1980 0.2431 0.2843
v 0.06526 0.09447 0.11747 0.1510 0.1980 0.2490
v 0.06718 0.09205 0.12507 0.1725 0.2209 0.2641
v 0.06474 0.08870 0.13374 0.1725 0.2196 0.2667
v 0.06764 0.08780 0.14124 0.2549 0.3098 0.3608
v 0.06878 0.08672 0.14770 0.2549 0.3098 0.3529
v 0.06344 0.09902 -0.13270 0.4294 0.4572 0.4843
v 0.06698 0.09885 -0.12746 0.2281 0.2693 0.3131
v 0.06880 0.10117 -0.12105 0.2196 0.2588 0.3059
v 0.06365 0.09935 0.10992 0.1647 0.2047 0.2525
v 0.06118 0.09716 0.11395 0.1647 0.2039 0.2510
v 0.06247 0.10838 -0.13224 0.5573 0.5834 0.6070
v 0.06754 0.10835 -0.12568 0.2290 0.2698 0.3176
v 0.06765 0.10767 0.10400 0.1059 0.1451 0.1882
v 0.06397 0.10855 0.10587 0.1686 0.2118 0.2654
v 0.06382 0.11613 -0.13269 0.4569 0.4887 0.5206
v 0.06764 0.11721 -0.12594 0.2298 0.2753 0.3224
v 0.06806 0.11709 0.10380 0.1412 0.1856 0.2301
v 0.06368 0.11581 0.10559 0.1830 0.2248 0.2758
v 0.06320 0.12324 -0.13135 0.4463 0.4933 0.5106
v 0.06416 0.12364 -0.12617 0.2878 0.3318 0.3671
v 0.06519 0.12611 -0.11535 0.3693 0.4049 0.4225
v 0.06797 0.12550 0.10360 0.1667 0.2137 0.2608
v 0.06349 0.12500 0.10571 0.1912 0.2382 0.2873
v 0.06575 0.13250 -0.11415 0.3851 0.4392 0.4678
v 0.06407 0.13547 -0.11029 0.2755 0.3270 0.3569
v 0.06525 0.13682 0.10240 0.1856 0.2327 0.2797
v 0.06133 0.13197 0.10584 0.1529 0.2000 0.2471
v 0.06506 0.13926 -0.10570 0.2157 0.2804 0.3451
v 0.06428 0.14316 -0.10078 0.3037 0.3516 0.4035
v 0.06400 0.14364 0.10167 0.1882 0.2353 0.2980
v 0.06561 0.15187 -0.09717 0.6706 0.6896 0.7020
v 0.06216 0.15341 -0.09468 0.6863 0.7118 0.7353
v 0.06441 0.15143 0.10118 0.1843 0.2314 0.2915
v 0.06678 0.15998 -0.09580 0.7647 0.7817 0.7908
v 0.06284 0.15925 -0.09418 0.7902 0.8059 0.8098
v 0.06501 0.16020 0.10073 0.1980 0.2451 0.3078
v 0.06829 0.16698 -0.09562 0.7320 0.7451 0.7608
v 0.06446 0.16944 -0.09340 0.7131 0.7307 0.7464
v 0.06539 0.16991 0.10068 0.2059 0.2529 0.3157
v 0.06453 0.17707 -0.09259 0.7111 0.7290 0.7547
v 0.06501 0.17838 0.10101 0.2118 0.2588 0.3216
v 0.06575 0.18630 -0.09255 0.7233 0.7399 0.7725
v 0.06570 0.18483 0.10057 0.2059 0.2529 0.3157
v 0.06524 0.19440 -0.09195 0.7282 0.7455 0.7741
v 0.06533 0.19465 0.10060 0.2092 0.2614 0.3203
v 0.06383 0.20513 -0.09086 0.7569 0.7725 0.7961
v 0.06614 0.20444 0.10006 0.2078 0.2549 0.3176
v 0.06515 0.21366 -0.09113 0.7357 0.7553 0.7741
v 0.06428 0.21220 0.10141 0.2196 0.2667 0.3294
v 0.06502 0.21889 -0.08934 0.6878 0.7035 0.7090
v 0.06564 0.22346 -0.08270 0.8471 0.8529 0.8265
v 0.06574 0.22050 0.09957 0.2157 0.2627 0.3203
v 0.06495 0.22732 -0.08060 0.8667 0.8729 0.8400
v 0.06521 0.23007 -0.07595 0.9294 0.9412 0.9137
v 0.06594 0.23172 0.09306 0.1922 0.2392 0.2993
v 0.06519 0.22723 0.09720 0.1647 0.2078 0.2614
v 0.06533 0.23745 -0.06308 0.8495 0.8657 0.8730
v 0.06242 0.23997 -0.05952 0.8137 0.8255 0.8451
v 0.06563 0.23979 0.08283 0.2284 0.2824 0.3392
v 0.06359 0.23544 0.08995 0.4324 0.4706 0.5157
v 0.06690 0.24592 -0.06104 0.8392 0.8588 0.8745
v 0.06340 0.24843 -0.05821 0.7830 0.8000 0.8157
v 0.06386 0.24731 0.07659 0.2039 0.2573 0.3192
v 0.06127 0.24416 0.07870 0.1961 0.2588 0.3098
v 0.06500 0.25422 -0.05599 0.8190 0.8303 0.8566
v 0.06778 0.25946 -0.05097 0.8471 0.8588 0.8941
v 0.06615 0.25767 0.06758 0.3137 0.3706 0.4353
v 0.06388 0.25487 0.07193 0.2451 0.2941 0.3588
v 0.06587 0.26483 -0.04786 0.7815 0.7938 0.8269
v 0.06436 0.26692 0.05924 0.2620 0.3373 0.4141
v 0.06452 0.26332 0.06215 0.2598 0.3304 0.4049
v 0.06510 0.27070 -0.04681 0.7235 0.7379 0.7699
v 0.06149 0.27418 0.05206 0.2667 0.3373 0.4235
v 0.06482 0.27284 0.05782 0.2651 0.3384 0.4149
v 0.06456 0.28039 -0.04629 0.7613 0.7720 0.8067
v 0.06090 0.28058 0.05003 0.2176 0.2725 0.3431
v 0.06508 0.28231 0.05655 0.2370 0.3020 0.3754
v 0.06498 0.29080 -0.04602 0.8103 0.8240 0.8559
v 0.06133 0.28991 0.04984 0.2243 0.2878 0.3569
v 0.06510 0.29003 0.05597 0.2675 0.3325 0.4098
v 0.06600 0.29890 -0.04630 0.7765 0.7882 0.8230
v 0.06126 0.29941 -0.04314 0.7922 0.8078 0.8431
v 0.06132 0.29696 0.05131 0.1791 0.2379 0.3020
v 0.06555 0.29901 0.05555 0.2520 0.3118 0.3877
v 0.06587 0.30607 -0.04637 0.7325 0.7482 0.7788
v 0.06513 0.30715 0.05533 0.2329 0.2886 0.3565
v 0.06392 0.31488 -0.04491 0.8569 0.8765 0.8980
v 0.06247 0.31808 0.05003 0.2922 0.3549 0.4275
v 0.06587 0.31634 0.05500 0.2716 0.3324 0.4059
v 0.06581 0.32481 -0.04552 0.8539 0.8667 0.8843
v 0.06170 0.32379 -0.04311 0.7294 0.7333 0.7490
v 0.06177 0.32459 0.04246 0.2627 0.3235 0.3922
v 0.06471 0.32543 0.04809 0.2961 0.3598 0.4294
v 0.06764 0.32448 0.05426 0.2801 0.3423 0.4067
v 0.06560 0.33383 -0.04512 0.8176 0.8222 0.8340
v 0.06253 0.33413 0.04087 0.4227 0.4580 0.4894
v 0.06633 0.33519 0.04886 0.3820 0.4306 0.4816
v 0.06863 0.33414 0.05421 0.3059 0.3627 0.4275
v 0.06463 0.34254 -0.04423 0.8706 0.8735 0.8863
v 0.06070 0.34232 -0.04215 0.8647 0.8647 0.8843
v 0.06290 0.34272 0.04031 0.6596 0.6549 0.6737
v 0.06678 0.34224 0.04890 0.4956 0.5319 0.5750
v 0.06870 0.34496 0.05260 0.5059 0.5490 0.5765
v 0.06657 0.35201 -0.04490 0.8588 0.8601 0.8784
v 0.06160 0.34970 -0.04235 0.9373 0.9333 0.9529
v 0.06289 0.35154 0.03918 0.6203 0.6163 0.6366
v 0.06755 0.34997 0.04858 0.6608 0.6667 0.6863
v 0.06920 0.34943 0.05301 0.6824 0.6824 0.7137
v 0.06665 0.35909 -0.04468 0.7873 0.7902 0.8118
v 0.06236 0.36037 -0.04230 0.7451 0.7549 0.7686
v 0.06134 0.36221 0.03449 0.4549 0.4510 0.4745
v 0.06446 0.36052 0.03971 0.6251 0.6251 0.6463
v 0.06826 0.35873 0.04781 0.6204 0.6235 0.6518
v 0.06801 0.37103 -0.04485 0.9451 0.9412 0.9608
v 0.06354 0.37019 -0.04245 0.8889 0.8915 0.9137
v 0.06184 0.37034 0.03416 0.6392 0.6510 0.6863
v 0.06424 0.36861 0.03931 0.6176 0.6196 0.6464
v 0.06806 0.36834 0.04575 0.6486 0.6486 0.6776
v 0.06556 0.37640 -0.04348 0.8902 0.8863 0.9059
v 0.06310 0.37573 -0.04215 0.9294 0.9255 0.9451
v 0.06215 0.37761 0.03273 0.6588 0.6657 0.7059
v 0.06528 0.37634 0.03974 0.6490 0.6588 0.6882
v 0.06766 0.37671 0.04388 0.6510 0.6627 0.6980
v 0.06778 0.38341 -0.04433 0.8980 0.9137 0.9255
v 0.06276 0.38615 -0.04175 0.8675 0.8816 0.8965
v 0.06247 0.38626 0.03159 0.6288 0.6405 0.6732
v 0.06563 0.38621 0.03767 0.6205 0.6279 0.6549
v 0.06850 0.38415 0.04417 0.6118 0.6196 0.6451
v 0.06716 0.39151 -0.04415 0.8196 0.8314 0.8490
v 0.06351 0.39349 -0.04187 0.8412 0.8529 0.8725
v 0.06269 0.39263 0.03194 0.6020 0.6108 0.6348
v 0.06558 0.39392 0.03719 0.5929 0.6008 0.6259
v 0.06929 0.39505 0.04368 0.6510 0.6627 0.6824
v 0.06411 0.40171 -0.04183 0.8775 0.8922 0.9039
v 0.06237 0.40278 0.03021 0.6728 0.6812 0.7143
v 0.06742 0.40273 0.03921 0.6562 0.6680 0.6954
v 0.06774 0.41538 -0.04333 0.8314 0.8431 0.8627
v 0.06497 0.41194 -0.04200 0.8824 0.8980 0.9098
v 0.06110 0.41169 0.02416 0.7000 0.7137 0.7490
v 0.06395 0.41119 0.03129 0.6566 0.6667 0.6880
v 0.06715 0.41162 0.03676 0.6288 0.6379 0.6562
v 0.06799 0.41802 -0.04370 0.8667 0.8588 0.8627
v 0.06442 0.41867 -0.04152 0.7869 0.7922 0.7895
v 0.06255 0.42129 0.02456 0.5863 0.5902 0.6137
v 0.06539 0.42107 0.03073 0.5945 0.6031 0.6180
v 0.06725 0.41774 0.03477 0.6039 0.6078 0.6157
v 0.06587 0.42859 -0.04218 0.8928 0.9085 0.9203
v 0.06214 0.42850 0.02352 0.6745 0.6863 0.7137
v 0.06629 0.42785 0.03133 0.6059 0.6176 0.6392
v 0.06902 0.43189 0.03499 0.5961 0.5961 0.6353
v 0.06502 0.43675 -0.04148 0.8690 0.8847 0.8902
v 0.06210 0.43681 0.02155 0.6863 0.6980 0.7307
v 0.06595 0.43682 0.02892 0.6225 0.6373 0.6490
v 0.06914 0.44419 -0.04359 0.6941 0.6902 0.6824
v 0.06408 0.44565 -0.04071 0.8129 0.8207 0.8230
v 0.06108 0.44843 0.01619 0.5784 0.5765 0.6020
v 0.06405 0.44714 0.02233 0.6536 0.6641 0.6843
v 0.06728 0.44657 0.02932 0.5754 0.5877 0.5972
v 0.06549 0.45644 -0.04121 0.8675 0.8824 0.8957
v 0.06451 0.45431 0.02239 0.6765 0.6843 0.7039
v 0.06771 0.45450 0.02878 0.5830 0.5987 0.6052
v 0.06613 0.46464 -0.04127 0.8990 0.9137 0.9275
v 0.06106 0.46126 0.01426 0.7451 0.7490 0.7686
v 0.06588 0.46494 0.02264 0.6716 0.6794 0.6990
v 0.06806 0.46083 0.02797 0.6039 0.6196 0.6235
v 0.06451 0.47238 -0.04029 0.7422 0.7554 0.7642
v 0.06260 0.47224 0.01409 0.6458 0.6444 0.6614
v 0.06743 0.47183 0.02346 0.5833 0.5941 0.5951
v 0.06912 0.47238 0.02743 0.4667 0.4824 0.4863
v 0.06330 0.48088 -0.03918 0.8144 0.8203 0.8294
v 0.06291 0.48013 0.01364 0.6627 0.6745 0.7098
v 0.06646 0.47977 0.02020 0.6641 0.6693 0.6928
v 0.06374 0.49003 -0.03953 0.8380 0.8424 0.8541
v 0.06354 0.48807 0.01316 0.7216 0.7216 0.7647
v 0.06828 0.49096 0.02134 0.7059 0.7059 0.7451
v 0.06548 0.49875 -0.04022 0.7787 0.7871 0.7989
v 0.06128 0.49491 0.00717 0.7020 0.7137 0.7490
v 0.06585 0.49869 0.01465 0.6588 0.6569 0.6863
v 0.06791 0.49848 0.01850 0.6510 0.6627 0.6824
v 0.06538 0.50777 -0.03994 0.8447 0.8612 0.8729
v 0.06263 0.50366 0.00764 0.6549 0.6471 0.6667
v 0.06618 0.50783 0.01348 0.6954 0.6980 0.7307
v 0.06814 0.50326 0.01810 0.6431 0.6392 0.6627
v 0.06469 0.51568 -0.03912 0.8588 0.8745 0.8863
v 0.06278 0.51448 0.00576 0.6954 0.6954 0.7373
v 0.06578 0.51757 0.01054 0.6941 0.6941 0.7333
v 0.06930 0.51449 0.01791 0.7098 0.7098 0.7490
v 0.06473 0.52474 -0.03890 0.7750 0.7873 0.8000
v 0.06183 0.52788 -0.00010 0.7412 0.7412 0.7490
v 0.06355 0.52499 0.00420 0.6933 0.7020 0.7349
v 0.06790 0.52628 0.01215 0.6843 0.6853 0.7098
v 0.06637 0.53272 -0.03956 0.8047 0.8118 0.8227
v 0.06098 0.53408 -0.00042 0.3373 0.3529 0.3882
v 0.06342 0.53287 0.00427 0.5350 0.5434 0.5745
v 0.06735 0.53315 0.01169 0.4153 0.4214 0.4514
v 0.06533 0.54129 -0.03888 0.7793 0.7916 0.8011
v 0.06131 0.53973 -0.00061 0.3961 0.4137 0.4392
v 0.06329 0.54183 0.00443 0.3779 0.3917 0.4196
v 0.06729 0.54196 0.01121 0.3828 0.4069 0.4431
v 0.06600 0.55094 -0.03878 0.7500 0.7627 0.7676
v 0.06070 0.54773 -0.00271 0.8706 0.8745 0.8549
v 0.06332 0.55116 0.00452 0.5459 0.5522 0.5855
v 0.06655 0.55089 0.01175 0.5157 0.5345 0.5651
v 0.06399 0.55903 -0.03751 0.7272 0.7373 0.7356
v 0.06148 0.55887 -0.00085 0.4431 0.4588 0.4804
v 0.06257 0.55956 0.00437 0.4706 0.4839 0.5106
v 0.06689 0.55891 0.01170 0.4216 0.4539 0.4887
v 0.06381 0.56777 -0.03792 0.7784 0.7882 0.7863
v 0.06207 0.56533 0.00696 0.4020 0.4304 0.4627
v 0.06643 0.56703 0.01361 0.3882 0.4225 0.4696
v 0.06854 0.56911 0.01975 0.5660 0.5895 0.6052
v 0.06392 0.57709 -0.03716 0.7126 0.7210 0.7244
v 0.06404 0.57647 0.01323 0.4290 0.4675 0.5176
v 0.06873 0.57678 0.02024 0.6049 0.6255 0.6485
v 0.06398 0.58592 -0.03576 0.5261 0.5438 0.5601
v 0.06092 0.58787 -0.03424 0.7216 0.7255 0.7451
v 0.06455 0.58473 0.01372 0.4795 0.5084 0.5512
v 0.06882 0.58403 0.01773 0.5020 0.5412 0.5804
v 0.06362 0.59208 -0.03687 0.7702 0.7851 0.7953
v 0.06189 0.59343 0.00784 0.4052 0.4366 0.4758
v 0.06542 0.59350 0.01382 0.4147 0.4510 0.4887
v 0.06751 0.59764 0.01938 0.3098 0.3451 0.3725
v 0.06448 0.60255 -0.03764 0.5782 0.5952 0.6192
v 0.06147 0.60034 0.00718 0.2078 0.2431 0.2784
v 0.06281 0.60204 0.01302 0.2778 0.3068 0.3354
v 0.06728 0.60166 0.02040 0.4183 0.4549 0.4967
v 0.06657 0.61219 -0.04610 0.1843 0.2222 0.2693
v 0.06402 0.60884 -0.04093 0.3961 0.4196 0.4578
v 0.06077 0.61131 0.00693 0.1922 0.2196 0.2588
v 0.06580 0.61060 0.01296 0.2103 0.2441 0.2961
v 0.06659 0.61949 -0.05420 0.4824 0.5065 0.5137
v 0.06467 0.61632 -0.04913 0.2314 0.2562 0.3137
v 0.06069 0.61657 0.00791 0.1255 0.1569 0.2000
v 0.06416 0.61886 0.01432 0.2349 0.2694 0.3059
v 0.06619 0.62124 0.02128 0.3418 0.3797 0.4052
v 0.06801 0.62237 0.02913 0.5235 0.5490 0.5657
v 0.06481 0.62728 -0.05318 0.6235 0.6431 0.6520
v 0.06114 0.62764 0.01362 0.3980 0.4235 0.4353
v 0.06393 0.62709 0.02118 0.3961 0.4328 0.4603
v 0.06591 0.62696 0.02938 0.3464 0.3778 0.4118
v 0.06468 0.63768 -0.04610 0.6902 0.7088 0.7147
v 0.06811 0.64024 0.00638 0.6039 0.6196 0.6235
v 0.06556 0.63494 0.01368 0.5765 0.6157 0.6196
v 0.06806 0.63492 0.01928 0.6078 0.6510 0.6745
v 0.06452 0.64545 -0.03998 0.7608 0.7765 0.7804
v 0.06075 0.64915 -0.02082 0.3451 0.3647 0.3765
v 0.06424 0.64596 -0.01403 0.5020 0.5255 0.5176
v 0.06850 0.64466 -0.00301 0.7098 0.7255 0.7216
v 0.06748 0.65410 -0.03626 0.6078 0.6255 0.6373
v 0.06236 0.65481 -0.03387 0.6484 0.6641 0.6758
v 0.06321 0.65461 -0.02066 0.5111 0.5255 0.5294
v 0.06753 0.65332 -0.01360 0.6098 0.6405 0.6392
v 0.06417 0.66442 -0.03037 0.7984 0.8157 0.8039
v 0.06631 0.66220 -0.02020 0.6486 0.6588 0.6557
v 0.06786 0.66944 -0.02803 0.7784 0.7922 0.7824
v 0.06615 0.88831 -0.02874 0.3641 0.4876 0.6183
v 0.06602 0.88968 -0.02230 0.1961 0.2980 0.3624
v 0.06694 0.89664 -0.03732 0.3506 0.4996 0.7443
v 0.06333 0.89562 -0.02934 0.3608 0.5000 0.7108
v 0.06216 0.89633 -0.02086 0.2370 0.3557 0.4331
v 0.06727 0.89763 -0.01375 0.3765 0.5137 0.7333
v 0.06795 0.90497 -0.03743 0.3503 0.4967 0.7386
v 0.06525 0.90241 -0.03068 0.3451 0.4863 0.7216
v 0.06499 0.90350 -0.02434 0.3745 0.5078 0.6000
v 0.06461 0.90326 -0.00977 0.3647 0.5020 0.7294
v 0.07575 0.01681 -0.31181 0.6118 0.6353 0.6353
v 0.07402 0.01941 -0.30804 0.5807 0.6062 0.6059
v 0.07349 0.02211 -0.29981 0.5169 0.5447 0.5323
v 0.07423 0.02491 -0.29285 0.4765 0.5010 0.4971
v 0.07230 0.02775 -0.28986 0.6112 0.6347 0.6448
v 0.07552 0.02802 -0.27592 0.7137 0.7294 0.7333
v 0.07519 0.02755 -0.26275 0.6863 0.7020 0.6980
v 0.07550 0.02809 -0.25169 0.7294 0.7451 0.7412
v 0.07505 0.02932 -0.24584 0.7229 0.7373 0.7294
v 0.07351 0.03275 -0.23935 0.7220 0.7386 0.7220
v 0.07606 0.03502 -0.23622 0.7333 0.7569 0.7490
v 0.07430 0.03769 -0.22821 0.6656 0.6856 0.6709
v 0.07390 0.04081 -0.22111 0.7020 0.7216 0.7118
v 0.07691 0.04293 0.29009 0.2039 0.2392 0.2745
v 0.07384 0.04228 0.29794 0.2549 0.2902 0.3255
v 0.07278 0.04188 0.31183 0.1922 0.2275 0.2627
v 0.07418 0.04643 -0.21144 0.7155 0.7324 0.7267
v 0.07232 0.05020 -0.20493 0.6719 0.6954 0.6928
v 0.07328 0.05103 -0.19819 0.6980 0.7216 0.7216
v 0.07284 0.05143 -0.18689 0.7098 0.7314 0.7333
v 0.07441 0.05171 0.23858 0.1882 0.2216 0.2608
v 0.07366 0.04905 0.24895 0.1961 0.2327 0.2693
v 0.07428 0.04745 0.25696 0.1961 0.2471 0.2706
v 0.07320 0.04686 0.26345 0.2255 0.2608 0.2882
v 0.07314 0.04553 0.27376 0.3353 0.3667 0.3784
v 0.07271 0.04409 0.28554 0.2882 0.3235 0.3471
v 0.07666 0.05243 -0.17631 0.7176 0.7373 0.7216
v 0.07245 0.05620 -0.16652 0.4737 0.5027 0.5114
v 0.07568 0.05756 -0.16026 0.1869 0.2366 0.2739
v 0.07557 0.05931 0.21003 0.2784 0.3137 0.3490
v 0.07559 0.05719 0.21933 0.1608 0.2000 0.2392
v 0.07335 0.05534 0.22905 0.1856 0.2275 0.2719
v 0.07065 0.05372 0.23675 0.1627 0.2000 0.2412
v 0.07190 0.06470 -0.16664 0.4945 0.5278 0.5467
v 0.07528 0.06473 -0.16094 0.2186 0.2667 0.3015
v 0.07187 0.06785 0.17082 0.3667 0.4284 0.4686
v 0.07460 0.06630 0.17527 0.3655 0.4102 0.4392
v 0.07526 0.06390 0.18228 0.3294 0.3647 0.3922
v 0.06951 0.06177 0.20002 0.3333 0.3608 0.3922
v 0.07114 0.07180 -0.16583 0.5987 0.6275 0.6444
v 0.07444 0.07434 -0.16028 0.3588 0.3958 0.4297
v 0.07731 0.07367 -0.15391 0.3078 0.3471 0.3725
v 0.07033 0.07350 0.16315 0.2471 0.3085 0.3582
v 0.07376 0.07413 0.17042 0.3554 0.4078 0.4410
v 0.07679 0.07315 0.17362 0.2980 0.3475 0.3749
v 0.07104 0.07956 -0.15629 0.5176 0.5549 0.5686
v 0.07367 0.07957 -0.15046 0.5059 0.5412 0.5634
v 0.07367 0.08200 -0.14275 0.5025 0.5356 0.5641
v 0.07566 0.08290 -0.13443 0.5176 0.5490 0.5745
v 0.07575 0.08436 -0.12719 0.4941 0.5255 0.5373
v 0.07754 0.08582 -0.12112 0.5020 0.5412 0.5490
v 0.06992 0.08588 0.15372 0.3059 0.3608 0.4118
v 0.07170 0.08254 0.16258 0.3172 0.3775 0.4074
v 0.07501 0.08317 0.16777 0.4332 0.4791 0.4959
v 0.07694 0.07955 0.17345 0.2784 0.3216 0.3471
v 0.06963 0.08720 -0.13204 0.5020 0.5294 0.5608
v 0.07209 0.08855 -0.12574 0.2221 0.2681 0.3113
v 0.07449 0.09064 -0.11736 0.2398 0.2829 0.3261
v 0.07692 0.09302 -0.11009 0.2196 0.2843 0.3098
v 0.07303 0.09279 0.12723 0.1608 0.2078 0.2549
v 0.07431 0.09149 0.13407 0.2379 0.3033 0.3556
v 0.07431 0.08979 0.14493 0.2536 0.3242 0.3739
v 0.07455 0.08867 0.15241 0.2706 0.3373 0.3863
v 0.07614 0.08791 0.15922 0.4078 0.4641 0.4902
v 0.07177 0.09852 -0.11614 0.2461 0.2961 0.3333
v 0.07516 0.09966 -0.10921 0.2025 0.2559 0.2858
v 0.07157 0.10157 0.10888 0.1396 0.1851 0.2259
v 0.07381 0.09882 0.11624 0.1699 0.2174 0.2649
v 0.07710 0.09575 0.12480 0.2157 0.2627 0.3098
v 0.07147 0.10897 -0.11679 0.2467 0.3067 0.3388
v 0.07580 0.10819 -0.10830 0.1983 0.2780 0.2941
v 0.06985 0.10934 0.10363 0.1333 0.1725 0.2118
v 0.07297 0.10851 0.10687 0.1436 0.1892 0.2324
v 0.07715 0.10465 0.11539 0.2157 0.2784 0.3294
v 0.07172 0.11681 -0.11720 0.2606 0.3181 0.3499
v 0.07536 0.11704 -0.11031 0.1951 0.2451 0.2745
v 0.07038 0.11682 0.10324 0.1412 0.1922 0.2314
v 0.07431 0.11859 0.10710 0.1444 0.1961 0.2340
v 0.07115 0.12488 -0.11497 0.2333 0.2699 0.3059
v 0.07522 0.12639 -0.10864 0.2398 0.2790 0.3132
v 0.07790 0.12900 -0.10355 0.2588 0.3098 0.3412
v 0.07175 0.12698 0.10241 0.1542 0.2013 0.2484
v 0.07485 0.12477 0.10682 0.1503 0.1961 0.2431
v 0.07026 0.13162 -0.11479 0.2680 0.3059 0.3229
v 0.07368 0.13387 -0.10817 0.3552 0.3913 0.4134
v 0.07697 0.13509 -0.10307 0.2539 0.2873 0.3284
v 0.07401 0.13422 0.10079 0.1516 0.1908 0.2349
v 0.07693 0.13228 0.10512 0.1124 0.1503 0.1869
v 0.07447 0.14213 -0.10519 0.5897 0.6078 0.6113
v 0.07552 0.14569 -0.10273 0.5284 0.5490 0.5696
v 0.07407 0.14360 0.09888 0.1788 0.2227 0.2706
v 0.07282 0.15158 -0.10100 0.7743 0.7895 0.7969
v 0.07473 0.15051 0.09754 0.1721 0.2166 0.2636
v 0.07365 0.16016 -0.09947 0.7659 0.7824 0.7949
v 0.07428 0.16064 0.09663 0.1697 0.2125 0.2602
v 0.07366 0.16948 -0.09815 0.7147 0.7324 0.7500
v 0.07504 0.16799 0.09526 0.1373 0.1765 0.2235
v 0.07480 0.16959 0.09644 0.1775 0.2245 0.2794
v 0.07451 0.17649 -0.09794 0.7072 0.7268 0.7503
v 0.06997 0.18075 -0.09507 0.7098 0.7255 0.7608
v 0.07591 0.17745 0.09490 0.1569 0.1961 0.2431
v 0.07362 0.17723 0.09647 0.1902 0.2304 0.2843
v 0.07492 0.18653 -0.09751 0.7182 0.7356 0.7669
v 0.06996 0.18818 -0.09458 0.7216 0.7373 0.7725
v 0.07541 0.18630 0.09504 0.1758 0.2235 0.2673
v 0.07513 0.18941 0.09610 0.1804 0.2275 0.2863
v 0.07423 0.19440 -0.09670 0.7281 0.7444 0.7686
v 0.07076 0.19431 -0.09507 0.7255 0.7412 0.7843
v 0.07604 0.19410 0.09487 0.1631 0.2125 0.2541
v 0.07174 0.19493 0.09645 0.2088 0.2559 0.3186
v 0.07561 0.20286 -0.09707 0.7608 0.7725 0.7984
v 0.07047 0.20429 -0.09425 0.7353 0.7471 0.7706
v 0.07567 0.20473 0.09475 0.1757 0.2227 0.2776
v 0.07243 0.20418 0.09615 0.2059 0.2529 0.3157
v 0.07516 0.21296 -0.09643 0.7357 0.7498 0.7671
v 0.07183 0.21433 -0.09428 0.7294 0.7490 0.7725
v 0.07551 0.21359 0.09460 0.1784 0.2255 0.2784
v 0.07082 0.21225 0.09706 0.2098 0.2569 0.3157
v 0.07428 0.22009 -0.09027 0.6976 0.7124 0.7133
v 0.07104 0.22306 -0.08519 0.7639 0.7780 0.7506
v 0.07614 0.21997 0.09368 0.1882 0.2353 0.2902
v 0.07121 0.22086 0.09607 0.2039 0.2510 0.3059
v 0.07560 0.22601 -0.08800 0.5961 0.6157 0.6000
v 0.07224 0.22815 -0.08322 0.8706 0.8810 0.8601
v 0.07159 0.23223 -0.07336 0.8431 0.8627 0.8471
v 0.07314 0.22877 0.09090 0.1809 0.2240 0.2794
v 0.07266 0.23810 -0.06555 0.8225 0.8422 0.8549
v 0.07367 0.24200 0.07642 0.2039 0.2510 0.3137
v 0.07281 0.23576 0.08435 0.2569 0.3333 0.4020
v 0.07431 0.24791 -0.06382 0.7619 0.7782 0.7955
v 0.07001 0.24756 0.07340 0.2196 0.2667 0.3216
v 0.07460 0.25287 -0.06156 0.7320 0.7490 0.7686
v 0.07296 0.25634 -0.05628 0.8588 0.8755 0.8931
v 0.07410 0.25678 0.06363 0.2373 0.2961 0.3529
v 0.07125 0.25154 0.06953 0.2039 0.2510 0.3137
v 0.07661 0.26457 -0.05287 0.7268 0.7425 0.7739
v 0.07219 0.26518 -0.05087 0.7631 0.7773 0.8102
v 0.07316 0.26467 0.05820 0.2637 0.3245 0.3961
v 0.07699 0.27331 -0.05256 0.6696 0.6863 0.7186
v 0.07257 0.27350 -0.05009 0.7310 0.7451 0.7725
v 0.07413 0.27319 0.05556 0.2353 0.2980 0.3578
v 0.07524 0.27866 -0.05206 0.8157 0.8235 0.8706
v 0.07177 0.28238 -0.04985 0.8170 0.8288 0.8641
v 0.07413 0.28217 0.05480 0.2137 0.2647 0.3294
v 0.07659 0.29122 -0.05210 0.7059 0.7255 0.7490
v 0.07300 0.29091 -0.05010 0.7539 0.7652 0.8020
v 0.07412 0.29002 0.05438 0.2261 0.2863 0.3556
v 0.07701 0.29798 -0.05215 0.7490 0.7569 0.7941
v 0.07314 0.30006 -0.04980 0.7699 0.7817 0.8111
v 0.07354 0.29965 0.05422 0.2353 0.2928 0.3634
v 0.07368 0.30798 -0.05006 0.7643 0.7786 0.8100
v 0.07163 0.30780 0.05551 0.2275 0.2814 0.3461
v 0.07259 0.31670 -0.04916 0.8918 0.9043 0.9224
v 0.07300 0.31621 0.05458 0.2267 0.2800 0.3427
v 0.07307 0.32454 -0.04926 0.8497 0.8634 0.8791
v 0.07222 0.32671 0.05421 0.2186 0.2725 0.3373
v 0.07215 0.33415 -0.04858 0.7936 0.8015 0.8181
v 0.07752 0.33414 0.05096 0.1843 0.2275 0.2980
v 0.07183 0.33370 0.05427 0.1843 0.2327 0.3007
v 0.07417 0.34355 -0.04905 0.8928 0.9007 0.9072
v 0.07558 0.34187 0.05174 0.2098 0.2608 0.3275
v 0.07119 0.34133 0.05414 0.2245 0.2775 0.3402
v 0.07280 0.35059 -0.04825 0.8816 0.8863 0.9004
v 0.07313 0.35347 0.05128 0.4392 0.4686 0.5098
v 0.07226 0.35175 0.05349 0.2275 0.2680 0.3190
v 0.07228 0.36153 -0.04765 0.7569 0.7582 0.7765
v 0.07488 0.35988 0.05117 0.2961 0.3216 0.3755
v 0.07221 0.36015 0.05289 0.3049 0.3333 0.3824
v 0.07221 0.36638 -0.04752 0.9150 0.9190 0.9359
v 0.07273 0.36852 0.05086 0.4447 0.4706 0.5137
v 0.07308 0.36811 0.05277 0.2170 0.2523 0.2941
v 0.07280 0.37780 -0.04746 0.8961 0.8922 0.9144
v 0.07155 0.37709 0.04946 0.5365 0.5553 0.5929
v 0.07358 0.37648 0.05254 0.2216 0.2549 0.3098
v 0.07359 0.38631 -0.04824 0.8325 0.8297 0.8515
v 0.07410 0.38601 0.05086 0.2667 0.2948 0.3431
v 0.07495 0.39447 -0.04830 0.8643 0.8745 0.8902
v 0.07313 0.39352 0.04950 0.4078 0.4318 0.4641
v 0.07331 0.40398 -0.04693 0.9137 0.9235 0.9373
v 0.07377 0.40321 0.04858 0.4788 0.5067 0.5408
v 0.07259 0.41186 -0.04623 0.8529 0.8686 0.8791
v 0.07082 0.41269 0.04308 0.6392 0.6549 0.6667
v 0.07400 0.41149 0.04754 0.5024 0.5259 0.5569
v 0.07324 0.42143 -0.04626 0.8967 0.9124 0.9163
v 0.07012 0.41870 0.04009 0.6275 0.6373 0.6529
v 0.07442 0.42068 0.04715 0.5586 0.5795 0.6013
v 0.07383 0.42718 -0.04632 0.8941 0.9098 0.9216
v 0.07156 0.42968 0.04084 0.6627 0.6784 0.6902
v 0.07558 0.42854 0.04675 0.4761 0.5067 0.5318
v 0.07332 0.43884 -0.04579 0.8714 0.8863 0.8863
v 0.07158 0.43651 0.03946 0.6578 0.6647 0.6775
v 0.07541 0.43709 0.04594 0.6641 0.6850 0.7020
v 0.07314 0.44816 -0.04554 0.8824 0.8918 0.8973
v 0.06966 0.44430 0.03361 0.4765 0.4804 0.4882
v 0.07218 0.44552 0.03847 0.5941 0.6000 0.6150
v 0.07570 0.44435 0.04494 0.4967 0.5176 0.5373
v 0.07261 0.45536 -0.04490 0.8941 0.9078 0.9235
v 0.07014 0.45377 0.03308 0.6510 0.6608 0.6745
v 0.07440 0.45515 0.04041 0.6612 0.6698 0.6847
v 0.07652 0.45321 0.04496 0.6510 0.6627 0.6824
v 0.07371 0.46162 -0.04547 0.9471 0.9569 0.9706
v 0.07059 0.46184 0.03251 0.6657 0.6784 0.6961
v 0.07523 0.46347 0.04043 0.6490 0.6647 0.6725
v 0.07757 0.46752 0.04359 0.6745 0.6902 0.7020
v 0.07401 0.47199 -0.04530 0.8735 0.8833 0.9020
v 0.07123 0.47196 0.03102 0.6242 0.6359 0.6484
v 0.07614 0.47211 0.04008 0.5843 0.5967 0.6124
v 0.07411 0.48218 -0.04532 0.9020 0.9176 0.9294
v 0.06983 0.48415 0.02575 0.6824 0.6941 0.7216
v 0.07181 0.47892 0.03096 0.6020 0.6176 0.6294
v 0.07630 0.48112 0.03854 0.6227 0.6345 0.6478
v 0.07371 0.48888 -0.04463 0.9000 0.9127 0.9255
v 0.07248 0.48872 0.02991 0.6627 0.6706 0.6863
v 0.07711 0.48934 0.03855 0.6235 0.6392 0.6510
v 0.07384 0.49809 -0.04451 0.8654 0.8758 0.8915
v 0.07061 0.49784 0.02373 0.6824 0.6954 0.7150
v 0.07422 0.49809 0.03094 0.6243 0.6376 0.6486
v 0.07769 0.50160 0.03640 0.4941 0.4980 0.5137
v 0.07278 0.51021 -0.04379 0.9098 0.9255 0.9373
v 0.07091 0.50718 0.02258 0.6188 0.6306 0.6416
v 0.07500 0.50874 0.03006 0.6471 0.6627 0.6706
v 0.07536 0.51625 -0.04489 0.9020 0.9176 0.9294
v 0.06947 0.51837 -0.04195 0.8392 0.8510 0.8706
v 0.07258 0.51578 0.02396 0.6502 0.6659 0.6714
v 0.07614 0.51633 0.03058 0.6745 0.6863 0.6941
v 0.07551 0.52401 -0.04443 0.8500 0.8618 0.8833
v 0.07155 0.52631 -0.04247 0.8333 0.8412 0.8588
v 0.07114 0.52746 0.01736 0.7255 0.7294 0.7490
v 0.07283 0.52464 0.02247 0.6690 0.6831 0.6996
v 0.07596 0.52598 0.02891 0.7098 0.7196 0.7333
v 0.07562 0.53198 -0.04431 0.8614 0.8719 0.8876
v 0.06997 0.53271 0.01604 0.3503 0.3660 0.4105
v 0.07306 0.53423 0.02057 0.6612 0.6714 0.6910
v 0.07615 0.53306 0.02753 0.6735 0.6882 0.7039
v 0.07779 0.53874 -0.04569 0.8902 0.9059 0.9176
v 0.07225 0.54196 -0.04268 0.7961 0.8078 0.8275
v 0.07125 0.54264 0.01585 0.4183 0.4477 0.4889
v 0.07508 0.54261 0.02359 0.7003 0.7199 0.7300
v 0.07634 0.54285 0.02753 0.3373 0.3686 0.3804
v 0.07535 0.54872 -0.04367 0.7882 0.8039 0.8118
v 0.07304 0.55067 -0.04203 0.7856 0.8026 0.8157
v 0.07085 0.54949 0.01522 0.2667 0.3098 0.3706
v 0.07449 0.55017 0.02053 0.5239 0.5482 0.5694
v 0.07756 0.54618 0.02715 0.6549 0.6745 0.6863
v 0.07670 0.55780 -0.04381 0.7569 0.7647 0.7608
v 0.07254 0.55804 -0.04159 0.7869 0.7993 0.7993
v 0.07045 0.55987 0.01716 0.2490 0.2941 0.3314
v 0.07424 0.55913 0.02081 0.2214 0.2567 0.3041
v 0.07499 0.56470 -0.04371 0.7529 0.7686 0.7725
v 0.07049 0.56802 -0.04131 0.7412 0.7569 0.7608
v 0.07288 0.56706 0.02218 0.2179 0.2523 0.3011
v 0.07608 0.57515 -0.04350 0.7471 0.7627 0.7667
v 0.07253 0.57853 -0.04146 0.7725 0.7843 0.7922
v 0.07338 0.57649 0.02516 0.2529 0.2922 0.3480
v 0.07285 0.58544 -0.04039 0.4995 0.5162 0.5387
v 0.07348 0.58363 0.02285 0.3098 0.3359 0.3826
v 0.07252 0.59457 -0.04186 0.7725 0.7873 0.8010
v 0.07232 0.59355 0.02156 0.1891 0.2305 0.2815
v 0.07742 0.59407 0.02719 0.3941 0.4353 0.4765
v 0.07601 0.60441 -0.04412 0.5294 0.5490 0.5673
v 0.07263 0.60291 -0.04214 0.4816 0.4941 0.5263
v 0.07417 0.60288 0.02338 0.2887 0.3186 0.3706
v 0.07727 0.60137 0.02788 0.3627 0.3889 0.4320
v 0.07438 0.61420 -0.05291 0.2562 0.2967 0.3503
v 0.07408 0.60939 -0.04739 0.3251 0.3498 0.3898
v 0.07340 0.61073 0.02108 0.2167 0.2574 0.3137
v 0.07480 0.61913 -0.05763 0.5206 0.5446 0.5598
v 0.07057 0.61701 0.02316 0.2471 0.2863 0.3333
v 0.07374 0.61780 0.03073 0.1773 0.2118 0.2510
v 0.07609 0.62063 0.03961 0.3310 0.3600 0.3859
v 0.07744 0.62217 0.04548 0.5922 0.6353 0.6510
v 0.07170 0.62731 -0.05611 0.6052 0.6275 0.6353
v 0.07204 0.62682 0.03943 0.4915 0.5242 0.5392
v 0.07567 0.62753 0.04654 0.4167 0.4549 0.4814
v 0.07292 0.63560 -0.05229 0.7490 0.7647 0.7608
v 0.07554 0.64005 -0.05030 0.8235 0.8412 0.8314
v 0.07087 0.63604 0.02095 0.5235 0.5588 0.5863
v 0.07653 0.63626 0.03056 0.2667 0.2941 0.3176
v 0.07500 0.64433 -0.04632 0.7412 0.7660 0.7608
v 0.07231 0.64848 -0.04126 0.6078 0.6275 0.6392
v 0.07206 0.64867 -0.00399 0.7059 0.7275 0.7294
v 0.07371 0.64517 0.00424 0.6824 0.6980 0.7020
v 0.07613 0.64463 0.01123 0.6686 0.6980 0.6922
v 0.07733 0.65219 -0.04330 0.7098 0.7255 0.7373
v 0.07521 0.65558 -0.04002 0.6078 0.6222 0.6405
v 0.07078 0.65626 -0.00921 0.4863 0.5020 0.4980
v 0.07333 0.65369 -0.00418 0.5402 0.5657 0.5706
v 0.07693 0.64986 0.00508 0.5412 0.5608 0.5725
v 0.07743 0.66331 -0.03809 0.7882 0.8039 0.8078
v 0.06970 0.66288 -0.03451 0.8314 0.8353 0.8431
v 0.07121 0.66358 -0.01301 0.6797 0.7046 0.6967
v 0.07462 0.66106 -0.00480 0.6102 0.6306 0.6322
v 0.07678 0.65937 0.00067 0.5373 0.5608 0.5608
v 0.07455 0.66734 -0.03501 0.8784 0.8863 0.8667
v 0.07206 0.67167 -0.03009 0.7856 0.7974 0.7778
v 0.07161 0.67243 -0.02105 0.7373 0.7556 0.7346
v 0.07462 0.67140 -0.01369 0.7255 0.7490 0.7412
v 0.07666 0.67735 -0.02770 0.8275 0.8471 0.8235
v 0.07548 0.67684 -0.02273 0.8118 0.8255 0.8039
v 0.07674 0.67649 -0.01638 0.7882 0.7961 0.7765
v 0.07402 0.88086 -0.03030 0.2641 0.3752 0.4712
v 0.07416 0.88338 -0.02477 0.1098 0.1882 0.2235
v 0.07292 0.88919 -0.03886 0.3451 0.5046 0.7464
v 0.07078 0.88506 -0.03256 0.3608 0.5118 0.7353
v 0.07388 0.88662 -0.02129 0.2282 0.3498 0.4949
v 0.07789 0.89008 -0.01579 0.3725 0.5098 0.7294
v 0.07224 0.89850 -0.04532 0.3510 0.5020 0.7451
v 0.07322 0.89674 -0.01194 0.3830 0.5203 0.7399
v 0.07792 0.90766 -0.05554 0.3529 0.4941 0.7294
v 0.07342 0.90433 -0.04854 0.3556 0.4993 0.7399
v 0.07192 0.90275 -0.00898 0.3804 0.5176 0.7373
v 0.07157 0.90422 -0.00791 0.3725 0.5098 0.7294
v 0.07657 0.91770 -0.12467 0.2039 0.3196 0.4471
v 0.07504 0.92214 -0.12368 0.2941 0.4235 0.5804
v 0.07604 0.92340 -0.11746 0.2621 0.3797 0.5497
v 0.07706 0.92434 -0.11031 0.3843 0.5333 0.7804
v 0.08085 0.01666 -0.31135 0.6486 0.6722 0.6706
v 0.08094 0.01850 -0.30661 0.6690 0.6910 0.6886
v 0.08198 0.02122 -0.29749 0.6588 0.6817 0.6608
v 0.08152 0.02452 -0.29096 0.6874 0.7126 0.6913
v 0.08600 0.02564 -0.28381 0.6510 0.6745 0.6745
v 0.08497 0.02597 -0.27645 0.6784 0.7020 0.7020
v 0.07872 0.02601 -0.28762 0.6667 0.6941 0.6667
v 0.08048 0.02685 -0.28155 0.7098 0.7333 0.7255
v 0.08107 0.02666 -0.27102 0.7098 0.7333 0.7333
v 0.08228 0.02616 -0.26059 0.7137 0.7294 0.7255
v 0.08180 0.02736 -0.25466 0.6444 0.6641 0.6497
v 0.08281 0.03019 -0.24628 0.6046 0.6229 0.6065
v 0.08070 0.03415 -0.24077 0.6910 0.7082 0.6996
v 0.08372 0.03528 -0.23804 0.6165 0.6408 0.6227
v 0.08287 0.03884 -0.22960 0.7283 0.7483 0.7312
v 0.08164 0.04237 -0.22119 0.7584 0.7796 0.7616
v 0.07823 0.04152 0.30470 0.1961 0.2314 0.2667
v 0.08530 0.04474 -0.21796 0.6863 0.7046 0.6928
v 0.08261 0.04806 -0.21388 0.6557 0.6742 0.6727
v 0.08217 0.05112 -0.20429 0.6523 0.6837 0.6928
v 0.08491 0.05110 -0.19267 0.6784 0.6980 0.7137
v 0.08250 0.05183 -0.18257 0.7294 0.7529 0.7373
v 0.08346 0.05086 0.23174 0.1686 0.2000 0.2431
v 0.08152 0.04937 0.23821 0.1627 0.1941 0.2314
v 0.08280 0.04667 0.24860 0.1667 0.2000 0.2392
v 0.08050 0.04614 0.25649 0.2000 0.2353 0.2667
v 0.08225 0.04489 0.26198 0.3059 0.3451 0.3529
v 0.07948 0.04452 0.27138 0.4471 0.4804 0.4824
v 0.08025 0.04398 0.28061 0.4471 0.4784 0.4863
v 0.08328 0.05317 -0.16517 0.6471 0.6863 0.6549
v 0.08245 0.05446 -0.15892 0.1706 0.2000 0.2314
v 0.08041 0.05812 -0.15103 0.1471 0.1843 0.2275
v 0.08510 0.05731 -0.14185 0.1765 0.2216 0.2598
v 0.08573 0.05898 -0.13805 0.2255 0.2725 0.3098
v 0.08463 0.05767 0.21181 0.1843 0.2137 0.2667
v 0.08049 0.05593 0.22146 0.1804 0.2196 0.2667
v 0.08136 0.05322 0.22746 0.1451 0.1765 0.2196
v 0.07991 0.06526 -0.15062 0.1186 0.1559 0.1956
v 0.08336 0.06512 -0.14319 0.1307 0.1743 0.2122
v 0.08598 0.06425 -0.13673 0.2711 0.3255 0.3619
v 0.08432 0.06856 0.17109 0.2431 0.2941 0.3294
v 0.08237 0.06516 0.17637 0.2549 0.2894 0.3286
v 0.08163 0.06193 0.19482 0.2235 0.2627 0.3020
v 0.07899 0.07396 -0.15039 0.2596 0.2910 0.3294
v 0.08279 0.07445 -0.14234 0.3098 0.3490 0.3826
v 0.08583 0.07570 -0.13557 0.3990 0.4333 0.4618
v 0.08154 0.07414 0.17072 0.2314 0.2797 0.3242
v 0.08195 0.07917 -0.13392 0.5000 0.5284 0.5480
v 0.08178 0.08168 -0.12674 0.4863 0.5152 0.5337
v 0.08263 0.08400 -0.11819 0.4415 0.4742 0.4817
v 0.08211 0.08266 0.16928 0.2672 0.3127 0.3574
v 0.07858 0.08931 -0.11320 0.2510 0.3020 0.3373
v 0.08188 0.09064 -0.10658 0.1359 0.1765 0.2170
v 0.08325 0.09299 -0.10296 0.1343 0.1765 0.2206
v 0.07921 0.09526 0.12867 0.2157 0.2784 0.3294
v 0.08030 0.09462 0.13485 0.2353 0.2980 0.3490
v 0.08132 0.09336 0.14215 0.2596 0.3341 0.3875
v 0.08101 0.09097 0.15142 0.2758 0.3451 0.4026
v 0.08237 0.08904 0.15900 0.2810 0.3425 0.3922
v 0.08138 0.08758 0.16563 0.4529 0.5039 0.5333
v 0.07848 0.09699 -0.10398 0.0706 0.0980 0.1373
v 0.08223 0.09998 -0.10117 0.1173 0.1598 0.2023
v 0.07899 0.10131 0.12121 0.2431 0.3059 0.3569
v 0.08120 0.09963 0.12767 0.2484 0.3137 0.3634
v 0.08446 0.09954 0.13473 0.2118 0.2714 0.3224
v 0.08581 0.09672 0.14003 0.1706 0.2373 0.2902
v 0.08158 0.10838 -0.10097 0.1050 0.1391 0.1774
v 0.07993 0.10913 0.11812 0.2196 0.2765 0.3284
v 0.08360 0.10717 0.12685 0.2216 0.2797 0.3288
v 0.08564 0.10647 0.13191 0.2294 0.2922 0.3431
v 0.07859 0.11622 -0.10482 0.1608 0.2039 0.2275
v 0.08302 0.11635 -0.10087 0.1572 0.1948 0.2294
v 0.07806 0.11681 0.11233 0.2013 0.2536 0.3033
v 0.08020 0.11602 0.11705 0.2086 0.2651 0.3161
v 0.08454 0.11745 0.12675 0.2338 0.2922 0.3471
v 0.08581 0.11412 0.13037 0.2255 0.2784 0.3353
v 0.07886 0.12478 -0.10478 0.0863 0.1255 0.1608
v 0.08171 0.12602 -0.09952 0.2144 0.2516 0.2869
v 0.07833 0.12828 0.11021 0.1882 0.2353 0.2824
v 0.08082 0.12576 0.11608 0.2387 0.2919 0.3445
v 0.08468 0.12475 0.12510 0.3206 0.3804 0.4373
v 0.08127 0.13426 -0.09773 0.2555 0.2882 0.3283
v 0.08083 0.13459 -0.09501 0.1150 0.1542 0.1974
v 0.08046 0.13524 0.10940 0.1675 0.2174 0.2627
v 0.08429 0.13302 0.11631 0.1882 0.2437 0.2969
v 0.08489 0.13027 0.12165 0.2118 0.2667 0.3176
v 0.08197 0.14342 -0.09705 0.2839 0.3222 0.3535
v 0.08195 0.14263 0.10780 0.2322 0.2880 0.3394
v 0.08532 0.14096 0.11279 0.1961 0.2471 0.2961
v 0.08135 0.15247 -0.09843 0.3098 0.3434 0.3762
v 0.08111 0.15310 0.10252 0.1961 0.2497 0.3072
v 0.08244 0.14949 0.10500 0.2343 0.2971 0.3539
v 0.08148 0.16024 -0.09830 0.3009 0.3339 0.3699
v 0.08172 0.15940 0.10048 0.1966 0.2525 0.3127
v 0.08188 0.16917 -0.09819 0.3269 0.3569 0.3930
v 0.08094 0.16975 0.09888 0.2039 0.2614 0.3229
v 0.08195 0.17846 -0.09903 0.3976 0.4196 0.4585
v 0.08100 0.17905 0.09774 0.1914 0.2447 0.3027
v 0.08243 0.18664 -0.09860 0.4053 0.4319 0.4650
v 0.08126 0.18670 0.09699 0.1956 0.2500 0.3083
v 0.08249 0.19471 -0.09896 0.4128 0.4369 0.4724
v 0.08029 0.19578 0.09685 0.1887 0.2387 0.2931
v 0.08258 0.20334 -0.09943 0.4779 0.4959 0.5297
v 0.07835 0.20145 0.09523 0.1725 0.2196 0.2745
v 0.08205 0.20448 0.09629 0.2029 0.2500 0.3127
v 0.08263 0.21277 -0.09916 0.4894 0.5067 0.5331
v 0.08238 0.21270 0.09458 0.2065 0.2549 0.3157
v 0.08082 0.20832 0.09616 0.2118 0.2588 0.3216
v 0.08409 0.21763 -0.09765 0.4908 0.5065 0.5203
v 0.08053 0.22129 -0.09143 0.7636 0.7787 0.7692
v 0.08151 0.22018 0.09226 0.1974 0.2444 0.3020
v 0.08305 0.22677 -0.08977 0.8314 0.8458 0.8366
v 0.08215 0.23063 -0.08115 0.8069 0.8245 0.8225
v 0.08280 0.23275 -0.07534 0.8216 0.8412 0.8471
v 0.08387 0.23110 0.08331 0.1647 0.2157 0.2647
v 0.08217 0.22746 0.08802 0.1667 0.2137 0.2686
v 0.08271 0.23791 -0.07055 0.7412 0.7636 0.7725
v 0.07832 0.24019 -0.06723 0.8451 0.8647 0.8667
v 0.08068 0.23928 0.07486 0.1739 0.2209 0.2863
v 0.08139 0.23555 0.07846 0.2471 0.3059 0.3804
v 0.08392 0.24455 -0.06996 0.7438 0.7634 0.7778
v 0.08102 0.24740 -0.06710 0.6613 0.6794 0.6931
v 0.08318 0.24735 0.06528 0.2131 0.2614 0.3242
v 0.08251 0.25334 -0.06436 0.6986 0.7221 0.7294
v 0.08141 0.25757 -0.05878 0.7971 0.8186 0.8402
v 0.08260 0.25811 0.05737 0.2261 0.2771 0.3412
v 0.08223 0.25448 0.06102 0.1804 0.2353 0.2784
v 0.08144 0.26276 -0.05536 0.7630 0.7787 0.8045
v 0.08417 0.26504 0.05084 0.2235 0.2745 0.3425
v 0.07859 0.26489 0.05457 0.2412 0.3039 0.3627
v 0.08155 0.27319 -0.05513 0.6320 0.6497 0.6810
v 0.08246 0.27268 0.05055 0.2301 0.2850 0.3477
v 0.08181 0.28312 -0.05507 0.7882 0.7994 0.8342
v 0.08222 0.28329 0.05063 0.2353 0.2863 0.3529
v 0.07817 0.28486 0.05226 0.2118 0.2627 0.3255
v 0.08120 0.29020 -0.05434 0.7141 0.7263 0.7608
v 0.08232 0.29055 0.04997 0.2324 0.2833 0.3549
v 0.08124 0.29905 -0.05416 0.7301 0.7464 0.7791
v 0.08111 0.29944 0.05029 0.2222 0.2706 0.3438
v 0.08204 0.30851 -0.05445 0.7549 0.7641 0.7908
v 0.08294 0.30727 0.04938 0.2088 0.2588 0.3216
v 0.08324 0.31692 -0.05475 0.8503 0.8654 0.8889
v 0.08253 0.31694 0.04902 0.2314 0.2824 0.3451
v 0.08262 0.32415 -0.05439 0.7927 0.8073 0.8375
v 0.08232 0.32552 0.04874 0.2314 0.2882 0.3510
v 0.08248 0.33315 -0.05390 0.8000 0.8069 0.8225
v 0.08284 0.33240 0.04808 0.1725 0.2235 0.2797
v 0.08276 0.34278 -0.05371 0.8722 0.8698 0.8910
v 0.07846 0.34138 -0.05147 0.9294 0.9333 0.9490
v 0.08260 0.34141 0.04781 0.2071 0.2580 0.3239
v 0.08412 0.35163 -0.05406 0.8725 0.8784 0.8902
v 0.08143 0.35036 0.04817 0.2196 0.2680 0.3320
v 0.08338 0.35919 -0.05331 0.8180 0.8282 0.8384
v 0.07908 0.35992 -0.05114 0.8333 0.8333 0.8529
v 0.07985 0.35780 0.04892 0.2118 0.2588 0.3176
v 0.08430 0.36748 -0.05355 0.8176 0.8294 0.8529
v 0.08007 0.36570 -0.05139 0.9098 0.9196 0.9294
v 0.08265 0.36927 0.04731 0.1987 0.2379 0.3033
v 0.08427 0.37689 -0.05390 0.8471 0.8539 0.8696
v 0.07943 0.37821 -0.05105 0.8824 0.8922 0.9039
v 0.08174 0.37853 0.04753 0.1941 0.2412 0.3000
v 0.08219 0.38675 -0.05331 0.8562 0.8575 0.8745
v 0.07871 0.38609 -0.05126 0.7980 0.7980 0.8157
v 0.08428 0.38704 0.04551 0.1791 0.2144 0.2758
v 0.08250 0.39477 -0.05239 0.8863 0.8941 0.9137
v 0.07996 0.39363 -0.05100 0.8627 0.8745 0.8941
v 0.08489 0.39709 0.04499 0.1686 0.2098 0.2745
v 0.08378 0.40237 -0.05242 0.9059 0.9098 0.9255
v 0.07838 0.40302 -0.04933 0.9020 0.9176 0.9216
v 0.08336 0.40344 0.04558 0.1634 0.2157 0.2680
v 0.08188 0.41124 -0.05087 0.8275 0.8431 0.8471
v 0.08403 0.41070 0.04501 0.1686 0.2196 0.2784
v 0.08451 0.41953 -0.05239 0.8039 0.8137 0.8275
v 0.07987 0.42065 -0.04987 0.8797 0.8915 0.9046
v 0.08089 0.41953 0.04631 0.1725 0.2196 0.2745
v 0.08597 0.42890 -0.05293 0.8549 0.8706 0.8745
v 0.07953 0.42966 -0.04949 0.9333 0.9490 0.9529
v 0.08176 0.43028 0.04527 0.2000 0.2471 0.3098
v 0.08484 0.43602 -0.05220 0.8922 0.9118 0.9059
v 0.07957 0.43766 -0.04919 0.8627 0.8784 0.8824
v 0.08458 0.43646 0.04304 0.2157 0.2667 0.3333
v 0.07982 0.43798 0.04602 0.2353 0.2863 0.3510
v 0.08133 0.44463 -0.04977 0.8863 0.8941 0.8971
v 0.08298 0.44344 0.04328 0.1961 0.2431 0.3059
v 0.07949 0.44535 0.04605 0.1863 0.2333 0.2882
v 0.08649 0.45111 -0.05273 0.9412 0.9569 0.9608
v 0.08242 0.45648 -0.05040 0.9294 0.9346 0.9477
v 0.08342 0.45446 0.04282 0.2118 0.2588 0.3294
v 0.07962 0.45547 0.04529 0.2261 0.2706 0.3255
v 0.08322 0.46439 -0.05045 0.9176 0.9320 0.9464
v 0.08247 0.46542 0.04299 0.2078 0.2529 0.3196
v 0.07966 0.46390 0.04508 0.2209 0.2641 0.3098
v 0.08432 0.47282 -0.05054 0.7935 0.7935 0.8052
v 0.08419 0.47296 0.04107 0.1359 0.1830 0.2458
v 0.08001 0.47239 0.04415 0.2118 0.2520 0.3108
v 0.08221 0.48196 -0.04944 0.8725 0.8814 0.8971
v 0.08063 0.48010 0.04239 0.3953 0.4282 0.4729
v 0.07967 0.47939 0.04350 0.2980 0.3333 0.3922
v 0.08191 0.49003 -0.04900 0.8863 0.9000 0.9123
v 0.08057 0.48986 0.04214 0.4190 0.4484 0.4882
v 0.08275 0.49781 -0.04929 0.8455 0.8588 0.8769
v 0.08042 0.49876 0.04050 0.4309 0.4554 0.4819
v 0.08249 0.50506 -0.04910 0.8922 0.9069 0.9206
v 0.08172 0.50658 0.04011 0.4314 0.4647 0.4985
v 0.08049 0.51207 -0.04798 0.9098 0.9255 0.9373
v 0.07815 0.51696 0.03473 0.6863 0.6980 0.7176
v 0.08100 0.51556 0.03834 0.5211 0.5429 0.5686
v 0.08141 0.52468 -0.04726 0.8569 0.8693 0.8876
v 0.08208 0.52411 0.03806 0.4797 0.5068 0.5355
v 0.08138 0.53452 -0.04756 0.8871 0.8933 0.9082
v 0.07849 0.53186 0.03238 0.5902 0.6059 0.6176
v 0.08344 0.53367 0.03810 0.4667 0.4935 0.5268
v 0.08084 0.54295 -0.04713 0.8882 0.8980 0.9118
v 0.07980 0.54167 0.03161 0.6634 0.6804 0.6935
v 0.08334 0.54303 0.03751 0.5225 0.5490 0.5804
v 0.08185 0.54950 -0.04714 0.8029 0.8206 0.8324
v 0.07957 0.55072 0.02925 0.6582 0.6725 0.6856
v 0.08416 0.55054 0.03769 0.5804 0.6078 0.6392
v 0.08238 0.55729 -0.04736 0.7731 0.7882 0.8000
v 0.08073 0.55853 0.03010 0.3737 0.4095 0.4499
v 0.08496 0.56069 0.03672 0.3804 0.4186 0.4784
v 0.08253 0.56804 -0.04768 0.7346 0.7503 0.7621
v 0.07941 0.56864 0.02597 0.2588 0.3059 0.3686
v 0.08179 0.56624 0.03028 0.3118 0.3765 0.4480
v 0.08517 0.56670 0.03621 0.3412 0.3906 0.4612
v 0.08273 0.57673 -0.04661 0.7556 0.7686 0.7725
v 0.08191 0.57715 0.02976 0.3424 0.3840 0.4368
v 0.08601 0.57567 0.03529 0.4676 0.4971 0.5500
v 0.08224 0.58518 -0.04522 0.4948 0.5111 0.5294
v 0.07886 0.58605 -0.04311 0.6706 0.6863 0.6902
v 0.08227 0.58475 0.03074 0.2770 0.3206 0.3784
v 0.08521 0.58604 0.03646 0.1725 0.2020 0.2549
v 0.08182 0.59360 -0.04664 0.8045 0.8207 0.8387
v 0.08025 0.59368 0.03107 0.3333 0.3695 0.4248
v 0.08407 0.59307 0.03686 0.5367 0.5653 0.6174
v 0.08146 0.60161 -0.04611 0.6908 0.7092 0.7346
v 0.08007 0.60230 0.03192 0.2329 0.2776 0.3216
v 0.08401 0.60238 0.03650 0.2627 0.3059 0.3725
v 0.08227 0.61189 -0.05495 0.2307 0.2693 0.3268
v 0.08315 0.60783 -0.05034 0.3067 0.3318 0.3655
v 0.08056 0.61111 0.03076 0.1745 0.2142 0.2686
v 0.08515 0.61130 0.03730 0.2031 0.2447 0.2886
v 0.08374 0.62006 -0.06291 0.6682 0.6863 0.6847
v 0.07962 0.61799 -0.05866 0.4196 0.4431 0.4627
v 0.07915 0.61632 0.03412 0.1490 0.1725 0.2196
v 0.08141 0.61650 0.03947 0.1863 0.2216 0.2627
v 0.08174 0.62008 0.04828 0.2505 0.2876 0.3107
v 0.08379 0.62203 0.05384 0.3471 0.3882 0.4255
v 0.08278 0.62812 -0.06096 0.5725 0.6020 0.6000
v 0.08059 0.63043 -0.05847 0.5392 0.5667 0.5647
v 0.08056 0.62761 0.04945 0.4659 0.4925 0.5145
v 0.08266 0.62766 0.05345 0.2954 0.3340 0.3719
v 0.08305 0.63498 -0.05748 0.8612 0.8776 0.8525
v 0.08280 0.63603 0.03970 0.2529 0.2882 0.3157
v 0.08337 0.63440 0.04493 0.2549 0.2902 0.3255
v 0.08557 0.64183 -0.05426 0.7922 0.8157 0.8000
v 0.08094 0.64628 -0.04849 0.6693 0.6902 0.6915
v 0.08046 0.64728 0.01421 0.4144 0.4418 0.4471
v 0.08251 0.64572 0.02087 0.5192 0.5380 0.5490
v 0.08585 0.64148 0.02931 0.2902 0.3255 0.3529
v 0.08310 0.65328 -0.04591 0.6078 0.6275 0.6392
v 0.07832 0.65320 0.00722 0.4686 0.4882 0.5000
v 0.08131 0.65298 0.01247 0.4376 0.4557 0.4706
v 0.08530 0.65191 0.02113 0.3752 0.3922 0.4092
v 0.08442 0.65905 -0.04395 0.6235 0.6431 0.6588
v 0.08300 0.66068 -0.04239 0.6824 0.6980 0.7137
v 0.07808 0.66408 -0.00110 0.8157 0.8235 0.8196
v 0.08023 0.66333 0.00466 0.7412 0.7549 0.7549
v 0.08355 0.66305 0.01143 0.6810 0.6967 0.6941
v 0.08648 0.65862 0.01979 0.5725 0.5961 0.5961
v 0.08355 0.67155 -0.03709 0.8484 0.8627 0.8471
v 0.07812 0.67317 -0.03317 0.8902 0.9098 0.8863
v 0.07903 0.67528 -0.00932 0.7647 0.7922 0.7647
v 0.08031 0.67178 -0.00302 0.7804 0.7941 0.7843
v 0.08403 0.67220 0.00441 0.6804 0.7000 0.6804
v 0.08578 0.66918 0.00985 0.6196 0.6353 0.6314
v 0.08187 0.67848 -0.03117 0.8627 0.8765 0.8627
v 0.08133 0.68247 -0.02108 0.7111 0.7255 0.7124
v 0.08157 0.68121 -0.01365 0.6588 0.6667 0.6549
v 0.08495 0.68075 -0.00567 0.6392 0.6497 0.6379
v 0.08477 0.67683 0.00019 0.7725 0.7765 0.7569
v 0.08650 0.68580 -0.02723 0.8431 0.8549 0.8275
v 0.08542 0.68692 -0.02145 0.5725 0.5882 0.5843
v 0.08648 0.68646 -0.01547 0.3961 0.4157 0.4275
v 0.08536 0.87433 -0.03198 0.1569 0.2451 0.2902
v 0.08243 0.87930 -0.03738 0.3549 0.5010 0.7108
v 0.08207 0.87848 -0.02906 0.1422 0.2196 0.2578
v 0.08354 0.88327 -0.02508 0.2196 0.3490 0.4863
v 0.08231 0.88776 -0.04596 0.3373 0.4889 0.7438
v 0.08096 0.88627 -0.01989 0.3686 0.5078 0.7314
v 0.08560 0.88966 -0.01500 0.3725 0.5098 0.7294
v 0.08181 0.89646 -0.05298 0.3451 0.5000 0.7490
v 0.08238 0.89585 -0.01034 0.3817 0.5190 0.7386
v 0.08466 0.90870 -0.12234 0.2176 0.3314 0.4569
v 0.08490 0.90878 -0.11855 0.1000 0.2039 0.3098
v 0.08339 0.90820 -0.06544 0.3363 0.4745 0.6990
v 0.07941 0.90496 -0.05795 0.3569 0.4941 0.7451
v 0.08138 0.90416 -0.00636 0.3784 0.5167 0.7402
v 0.08146 0.91278 -0.12285 0.1745 0.2877 0.4034
v 0.08206 0.91337 -0.11715 0.1471 0.2464 0.3412
v 0.08427 0.91691 -0.10684 0.2647 0.3922 0.5412
v 0.08593 0.91791 -0.10209 0.2549 0.3882 0.5765
v 0.08471 0.91744 -0.08962 0.3595 0.5059 0.7516
v 0.08364 0.91600 -0.08276 0.3576 0.5043 0.7467
v 0.08395 0.91273 -0.07339 0.3578 0.5059 0.7422
v 0.08233 0.91044 -0.06613 0.3647 0.5059 0.7412
v 0.08011 0.91921 -0.12271 0.1804 0.2863 0.4039
v 0.08114 0.92060 -0.11606 0.2059 0.3225 0.4647
v 0.08047 0.92195 -0.10681 0.3356 0.4773 0.7025
v 0.08115 0.92094 -0.09898 0.3601 0.5092 0.7556
v 0.08263 0.91979 -0.09256 0.3588 0.5020 0.7353
v 0.09093 0.01680 -0.31181 0.6706 0.6941 0.6784
v 0.09167 0.01900 -0.30611 0.5993 0.6288 0.6203
v 0.08903 0.02178 -0.29873 0.6320 0.6575 0.6471
v 0.08841 0.02475 -0.29160 0.6719 0.6928 0.6837
v 0.09226 0.02510 -0.28355 0.6745 0.6902 0.6863
v 0.08989 0.02542 -0.27473 0.6314 0.6549 0.6471
v 0.08966 0.02553 -0.26687 0.6745 0.6941 0.6882
v 0.09157 0.02765 -0.25526 0.6471 0.6667 0.6504
v 0.09153 0.03204 -0.24795 0.6906 0.7028 0.6928
v 0.09291 0.03510 -0.24291 0.6235 0.6471 0.6392
v 0.09135 0.03699 -0.23625 0.6401 0.6637 0.6573
v 0.09117 0.04142 -0.23073 0.5518 0.5737 0.5826
v 0.09040 0.04307 -0.22502 0.7392 0.7608 0.7588
v 0.09448 0.04221 0.25822 0.6431 0.6627 0.6392
v 0.09198 0.04216 0.27785 0.5608 0.5804 0.5922
v 0.08738 0.04232 0.28646 0.1765 0.1961 0.2196
v 0.08803 0.04135 0.29733 0.2078 0.2431 0.2784
v 0.09377 0.03970 0.31182 0.1373 0.1608 0.2078
v 0.08960 0.04543 -0.21970 0.5263 0.5487 0.5599
v 0.09009 0.04959 -0.21132 0.3539 0.3853 0.4186
v 0.09155 0.04995 -0.20229 0.3902 0.4216 0.4549
v 0.09380 0.04943 -0.19268 0.2353 0.2706 0.3059
v 0.09462 0.05060 -0.18535 0.5608 0.5882 0.6196
v 0.09020 0.05007 0.22884 0.1196 0.1510 0.1941
v 0.08997 0.04694 0.23781 0.1882 0.2209 0.2667
v 0.09127 0.04425 0.24770 0.1386 0.1791 0.2039
v 0.08782 0.04410 0.25590 0.1980 0.2294 0.2569
v 0.08672 0.04375 0.26801 0.5294 0.5529 0.5529
v 0.08890 0.05223 -0.18199 0.6706 0.7059 0.6941
v 0.09089 0.05260 -0.17492 0.7000 0.7314 0.7078
v 0.09506 0.05304 -0.16460 0.6039 0.6235 0.6078
v 0.08867 0.05337 -0.16086 0.5595 0.5817 0.5804
v 0.08714 0.05462 -0.14991 0.0941 0.1333 0.1725
v 0.09010 0.05443 -0.14147 0.1765 0.2059 0.2431
v 0.09061 0.05751 -0.13436 0.1922 0.2361 0.2784
v 0.09424 0.05942 0.19831 0.1686 0.2000 0.2431
v 0.08755 0.05876 0.20512 0.1765 0.2000 0.2471
v 0.09315 0.05484 0.21445 0.1784 0.2137 0.2627
v 0.09072 0.05328 0.22013 0.1745 0.2098 0.2549
v 0.08977 0.06456 -0.13273 0.2186 0.2630 0.3072
v 0.08999 0.06610 0.16938 0.2324 0.2775 0.3176
v 0.09268 0.06211 0.17664 0.2490 0.2824 0.3216
v 0.08934 0.06161 0.18746 0.2039 0.2353 0.2784
v 0.09401 0.06065 0.19206 0.1882 0.2196 0.2627
v 0.09145 0.07304 -0.13267 0.4722 0.5024 0.5275
v 0.09095 0.07740 -0.12890 0.6216 0.6431 0.6510
v 0.09445 0.07402 0.16384 0.2275 0.2706 0.3176
v 0.09010 0.07295 0.16656 0.2373 0.2843 0.3314
v 0.08872 0.07920 -0.12430 0.5346 0.5595 0.5516
v 0.09207 0.08313 -0.11779 0.6973 0.7169 0.6949
v 0.09359 0.08638 -0.11110 0.6510 0.6627 0.6353
v 0.09323 0.08337 0.16306 0.2078 0.2588 0.2941
v 0.08922 0.08178 0.16573 0.2196 0.2667 0.3137
v 0.09152 0.09162 -0.10728 0.3203 0.3645 0.4047
v 0.08907 0.09410 0.14537 0.2176 0.2745 0.3392
v 0.09199 0.09102 0.15151 0.2235 0.2784 0.3441
v 0.09200 0.08672 0.16025 0.2392 0.3059 0.3686
v 0.09342 0.09868 -0.10537 0.3869 0.4203 0.4556
v 0.08842 0.10134 -0.10272 0.1624 0.2086 0.2620
v 0.09148 0.10192 0.13689 0.1961 0.2497 0.3085
v 0.08996 0.09777 0.14035 0.1895 0.2405 0.2967
v 0.09296 0.10838 -0.10471 0.6301 0.6484 0.6575
v 0.08814 0.10870 -0.10272 0.2941 0.3333 0.3706
v 0.08976 0.10876 0.13570 0.2059 0.2620 0.3192
v 0.09292 0.11872 -0.10449 0.6745 0.6902 0.6941
v 0.08927 0.11759 -0.10297 0.6941 0.7118 0.7020
v 0.08883 0.11728 0.13515 0.2204 0.2797 0.3346
v 0.09424 0.12244 -0.10397 0.6431 0.6588 0.6549
v 0.09012 0.12492 -0.10046 0.6868 0.6941 0.6924
v 0.08722 0.12664 0.12868 0.2471 0.2980 0.3608
v 0.08968 0.12424 0.13338 0.2396 0.2937 0.3529
v 0.09004 0.13403 -0.09929 0.7098 0.7232 0.7356
v 0.09123 0.13525 0.11596 0.1170 0.1634 0.2059
v 0.09240 0.13073 0.12629 0.2379 0.2850 0.3307
v 0.09071 0.14391 -0.09984 0.6706 0.6898 0.7133
v 0.08987 0.14523 0.11052 0.1333 0.1814 0.2304
v 0.09087 0.14060 0.11404 0.1388 0.1835 0.2298
v 0.09050 0.15169 -0.09979 0.6453 0.6662 0.6919
v 0.09157 0.15307 0.10194 0.1314 0.1951 0.2578
v 0.09033 0.14879 0.10673 0.1137 0.1706 0.2196
v 0.08996 0.15997 -0.09931 0.6373 0.6592 0.6792
v 0.09514 0.16442 0.09338 0.1647 0.2235 0.2980
v 0.09082 0.15949 0.09787 0.1699 0.2314 0.3046
v 0.09008 0.16877 -0.09927 0.6532 0.6697 0.6863
v 0.09253 0.16833 0.09411 0.1765 0.2353 0.3098
v 0.09080 0.17709 -0.09952 0.7124 0.7255 0.7464
v 0.09078 0.17859 0.09384 0.1863 0.2373 0.3039
v 0.09095 0.18622 -0.09941 0.7208 0.7365 0.7490
v 0.08945 0.18536 0.09424 0.1863 0.2373 0.3078
v 0.09126 0.19486 -0.09950 0.7093 0.7240 0.7299
v 0.08961 0.19660 0.09363 0.2078 0.2549 0.3176
v 0.09024 0.20279 -0.09888 0.7204 0.7317 0.7345
v 0.09120 0.20484 0.09287 0.2078 0.2549 0.3176
v 0.09009 0.21263 -0.09871 0.6485 0.6669 0.6748
v 0.09203 0.21183 0.09195 0.2052 0.2523 0.3124
v 0.09237 0.21978 -0.09764 0.6655 0.6729 0.6655
v 0.08773 0.22285 -0.09385 0.8431 0.8529 0.8255
v 0.09303 0.22503 0.08593 0.1725 0.2196 0.2745
v 0.09020 0.22188 0.08951 0.2118 0.2588 0.3137
v 0.09280 0.22553 -0.09645 0.7451 0.7529 0.7490
v 0.09094 0.22826 -0.09041 0.8490 0.8608 0.8379
v 0.09116 0.23217 -0.08133 0.8255 0.8412 0.8373
v 0.09169 0.22946 0.08109 0.1961 0.2441 0.3010
v 0.09410 0.23417 -0.07844 0.7059 0.7216 0.7176
v 0.09114 0.23813 -0.07478 0.7588 0.7758 0.7902
v 0.08770 0.24137 0.06728 0.2235 0.2745 0.3412
v 0.09029 0.23534 0.07294 0.2510 0.3098 0.3843
v 0.09101 0.24693 -0.07272 0.7459 0.7608 0.7788
v 0.09205 0.24792 0.05959 0.2118 0.2686 0.3314
v 0.09138 0.25612 -0.06504 0.8000 0.8188 0.8337
v 0.08750 0.25809 -0.06027 0.8157 0.8353 0.8510
v 0.09526 0.25913 0.04941 0.2314 0.2824 0.3490
v 0.09026 0.25535 0.05561 0.2147 0.2676 0.3275
v 0.09358 0.26335 -0.06194 0.7176 0.7353 0.7647
v 0.08976 0.26421 -0.05969 0.7124 0.7320 0.7595
v 0.08942 0.26253 0.05016 0.2392 0.2902 0.3556
v 0.09430 0.27259 -0.06194 0.6765 0.6941 0.7196
v 0.08906 0.27348 -0.05884 0.6059 0.6216 0.6382
v 0.09138 0.27377 0.04608 0.2265 0.2765 0.3392
v 0.09458 0.28288 -0.06153 0.7059 0.7216 0.7569
v 0.08945 0.28158 -0.05886 0.6773 0.6896 0.7160
v 0.09168 0.28056 0.04595 0.2304 0.2814 0.3451
v 0.09366 0.29093 -0.06092 0.7216 0.7353 0.7667
v 0.08931 0.29009 -0.05868 0.7618 0.7750 0.8039
v 0.09003 0.29181 0.04615 0.2418 0.2928 0.3595
v 0.09510 0.29625 -0.06162 0.6667 0.6843 0.7137
v 0.09112 0.29913 -0.05916 0.6974 0.7137 0.7399
v 0.08948 0.30033 0.04639 0.2431 0.2941 0.3647
v 0.09352 0.30517 -0.06061 0.7059 0.7216 0.7569
v 0.08903 0.30913 -0.05820 0.7053 0.7210 0.7434
v 0.09058 0.30599 0.04602 0.1931 0.2480 0.3069
v 0.09446 0.31519 -0.06068 0.7765 0.7882 0.8157
v 0.08982 0.31586 -0.05842 0.7546 0.7669 0.7866
v 0.09474 0.31419 0.04330 0.2118 0.2745 0.3373
v 0.08920 0.31510 0.04602 0.2353 0.2863 0.3490
v 0.09025 0.32583 -0.05879 0.6515 0.6642 0.6794
v 0.09328 0.32844 0.04314 0.2196 0.2706 0.3333
v 0.08978 0.32406 0.04500 0.2248 0.2758 0.3386
v 0.09139 0.33319 -0.05850 0.6728 0.6773 0.6958
v 0.09431 0.33294 0.04250 0.2000 0.2510 0.3137
v 0.09087 0.33317 0.04388 0.2118 0.2627 0.3255
v 0.09180 0.34141 -0.05847 0.7471 0.7446 0.7613
v 0.09363 0.34058 0.04227 0.2353 0.2863 0.3529
v 0.09136 0.35021 -0.05815 0.7513 0.7529 0.7697
v 0.09277 0.35467 0.04235 0.2471 0.2980 0.3608
v 0.08880 0.35110 0.04447 0.2275 0.2784 0.3412
v 0.09079 0.36005 -0.05725 0.7704 0.7721 0.7865
v 0.08805 0.35873 0.04480 0.2000 0.2549 0.3059
v 0.09003 0.36806 -0.05709 0.8275 0.8333 0.8477
v 0.09169 0.36555 0.04227 0.1725 0.2235 0.2863
v 0.09185 0.37649 -0.05814 0.8163 0.8190 0.8431
v 0.09057 0.37612 0.04237 0.1922 0.2353 0.3000
v 0.09053 0.38640 -0.05709 0.7887 0.7882 0.8054
v 0.09345 0.38741 0.04064 0.1725 0.2216 0.2843
v 0.09154 0.39537 -0.05701 0.8298 0.8408 0.8580
v 0.09221 0.39521 0.04132 0.2118 0.2647 0.3216
v 0.09080 0.40213 -0.05623 0.8282 0.8384 0.8533
v 0.08993 0.40362 0.04209 0.1882 0.2382 0.2980
v 0.08681 0.40156 0.04343 0.1843 0.2392 0.2902
v 0.09047 0.41188 -0.05576 0.7598 0.7721 0.7892
v 0.08958 0.41108 0.04200 0.1902 0.2412 0.2980
v 0.09149 0.41973 -0.05644 0.7686 0.7742 0.7826
v 0.09127 0.41969 0.04087 0.1908 0.2353 0.3033
v 0.09108 0.42858 -0.05593 0.7660 0.7752 0.7843
v 0.08957 0.42975 0.04105 0.1804 0.2235 0.2941
v 0.09220 0.43710 -0.05587 0.7745 0.7837 0.7869
v 0.09251 0.43812 0.03883 0.1882 0.2441 0.3137
v 0.09112 0.44660 -0.05509 0.7992 0.8094 0.8133
v 0.09107 0.44664 0.03921 0.1817 0.2248 0.2928
v 0.09216 0.45379 -0.05580 0.8549 0.8706 0.8761
v 0.09066 0.45463 0.03935 0.1898 0.2408 0.3059
v 0.09118 0.46397 -0.05476 0.8542 0.8680 0.8850
v 0.09134 0.46370 0.03854 0.1775 0.2275 0.2922
v 0.09174 0.47202 -0.05475 0.8213 0.8275 0.8359
v 0.08965 0.47320 0.03827 0.1608 0.2098 0.2725
v 0.09231 0.48121 -0.05515 0.8588 0.8696 0.8745
v 0.09215 0.47963 0.03716 0.2059 0.2608 0.3235
v 0.09188 0.48917 -0.05446 0.8814 0.8882 0.8990
v 0.09107 0.48733 0.03763 0.2039 0.2510 0.3137
v 0.09249 0.49723 -0.05429 0.8284 0.8412 0.8480
v 0.08782 0.49920 -0.05171 0.8039 0.8196 0.8314
v 0.09046 0.49692 0.03742 0.1948 0.2418 0.3020
v 0.09054 0.50537 -0.05335 0.9085 0.9150 0.9333
v 0.09080 0.50815 0.03696 0.2078 0.2536 0.3163
v 0.09161 0.51372 -0.05372 0.8569 0.8667 0.8804
v 0.08681 0.51702 -0.05092 0.8863 0.9000 0.9157
v 0.09225 0.51626 0.03601 0.2039 0.2490 0.3157
v 0.09218 0.52469 -0.05324 0.8029 0.8127 0.8265
v 0.08742 0.52597 -0.05069 0.8804 0.8961 0.9039
v 0.09354 0.52492 0.03465 0.1882 0.2353 0.2980
v 0.09041 0.52818 0.03616 0.2353 0.2824 0.3451
v 0.09278 0.53144 -0.05380 0.8422 0.8559 0.8716
v 0.08817 0.53502 -0.05124 0.8255 0.8333 0.8529
v 0.09029 0.53466 0.03637 0.2314 0.2745 0.3451
v 0.09241 0.54186 -0.05332 0.9137 0.9176 0.9333
v 0.08784 0.54215 0.03755 0.2353 0.2784 0.3490
v 0.09251 0.55262 -0.05294 0.7667 0.7843 0.7980
v 0.09008 0.55009 -0.05161 0.7275 0.7431 0.7549
v 0.09295 0.54705 0.03456 0.2275 0.2706 0.3412
v 0.08818 0.55079 0.03683 0.2471 0.2922 0.3588
v 0.09310 0.55774 -0.05347 0.8137 0.8255 0.8451
v 0.08929 0.55822 -0.05131 0.8039 0.8157 0.8353
v 0.09381 0.55875 0.03338 0.2451 0.2902 0.3569
v 0.08898 0.55944 0.03578 0.2510 0.2961 0.3627
v 0.09461 0.56809 -0.05392 0.7686 0.7843 0.7961
v 0.08856 0.56630 -0.05103 0.7255 0.7412 0.7529
v 0.09183 0.56960 0.03402 0.2471 0.2902 0.3608
v 0.08831 0.56786 0.03588 0.2431 0.2922 0.3608
v 0.09475 0.57861 -0.05226 0.7765 0.7843 0.7804
v 0.08938 0.57748 -0.04977 0.7412 0.7542 0.7529
v 0.09368 0.57507 0.03302 0.2471 0.2902 0.3608
v 0.08962 0.57741 0.03512 0.2373 0.2824 0.3490
v 0.08886 0.58519 -0.04861 0.5498 0.5655 0.5765
v 0.09459 0.58135 0.03300 0.2353 0.2706 0.3373
v 0.09043 0.58565 0.03646 0.2222 0.2667 0.3216
v 0.09265 0.59163 -0.05274 0.8275 0.8431 0.8549
v 0.08869 0.59331 -0.05031 0.8196 0.8353 0.8486
v 0.09101 0.59463 0.03749 0.2364 0.2784 0.3468
v 0.09433 0.60367 -0.05353 0.7216 0.7373 0.7451
v 0.09106 0.60117 -0.05049 0.6064 0.6235 0.6534
v 0.09126 0.60296 0.03858 0.2157 0.2627 0.3216
v 0.09216 0.61432 -0.06331 0.2745 0.3216 0.3686
v 0.09001 0.60945 -0.05718 0.2824 0.3167 0.3598
v 0.09016 0.61017 0.04007 0.2035 0.2427 0.2893
v 0.09094 0.61493 0.04368 0.2078 0.2314 0.2784
v 0.09451 0.62265 -0.07002 0.8392 0.8745 0.8706
v 0.09098 0.61844 -0.06616 0.5212 0.5506 0.5686
v 0.09140 0.61928 0.04857 0.1804 0.2218 0.2734
v 0.08808 0.62022 0.05265 0.1627 0.2039 0.2451
v 0.09111 0.62821 -0.06534 0.6791 0.7033 0.7020
v 0.09176 0.62949 0.04939 0.2222 0.2614 0.3033
v 0.08747 0.62574 0.05405 0.1961 0.2549 0.3059
v 0.09273 0.63408 -0.06266 0.7922 0.8118 0.7922
v 0.09064 0.63810 -0.05883 0.8255 0.8471 0.8275
v 0.09401 0.63533 0.04024 0.2353 0.2706 0.3059
v 0.08780 0.63454 0.04437 0.2431 0.2784 0.3137
v 0.09184 0.64643 -0.05407 0.7255 0.7595 0.7569
v 0.08792 0.64963 -0.04979 0.5961 0.6157 0.6275
v 0.09049 0.64556 0.02958 0.3850 0.4124 0.4412
v 0.08910 0.65420 -0.04890 0.7150 0.7464 0.7503
v 0.08798 0.65435 0.02406 0.2216 0.2353 0.2431
v 0.09136 0.65361 0.02899 0.3346 0.3673 0.4078
v 0.09097 0.66150 -0.04619 0.7098 0.7365 0.7420
v 0.08710 0.66533 0.01620 0.6588 0.6725 0.6627
v 0.09053 0.66373 0.02270 0.6322 0.6478 0.6627
v 0.09196 0.66196 0.02666 0.3059 0.3333 0.3647
v 0.09145 0.67320 -0.04031 0.8843 0.9000 0.8784
v 0.08944 0.67165 0.01375 0.6706 0.6824 0.6784
v 0.09283 0.67965 -0.03706 0.8686 0.8765 0.8471
v 0.08722 0.68233 -0.03199 0.8980 0.9020 0.8784
v 0.08842 0.67935 0.00301 0.7686 0.7804 0.7529
v 0.09317 0.67748 0.01181 0.6784 0.7020 0.7216
v 0.09206 0.68693 -0.03140 0.6392 0.6588 0.6333
v 0.09056 0.69125 -0.02155 0.5373 0.5647 0.5667
v 0.09282 0.69145 -0.00974 0.1333 0.1745 0.2078
v 0.09222 0.68757 -0.00325 0.3974 0.4248 0.4366
v 0.09427 0.68558 0.00291 0.5569 0.5804 0.5804
v 0.09375 0.69590 -0.02207 0.0392 0.0980 0.1255
v 0.09407 0.69513 -0.01436 0.0098 0.0686 0.1118
v 0.09454 0.70945 -0.02842 0.4667 0.5412 0.5686
v 0.09408 0.70771 -0.02290 0.3137 0.4013 0.4314
v 0.09489 0.70734 -0.01665 0.1922 0.2863 0.3255
v 0.09404 0.71654 -0.02860 0.4486 0.5451 0.5631
v 0.09251 0.71511 -0.02104 0.4255 0.5033 0.5327
v 0.09361 0.71456 -0.01543 0.4490 0.5373 0.5608
v 0.09447 0.72077 -0.02748 0.4667 0.5588 0.5941
v 0.09378 0.72159 -0.02141 0.5520 0.6431 0.6765
v 0.09472 0.72052 -0.01421 0.5490 0.6235 0.6784
v 0.09286 0.87249 -0.03712 0.2755 0.3882 0.4608
v 0.09078 0.87225 -0.03153 0.1386 0.2170 0.2510
v 0.09133 0.88284 -0.04714 0.3333 0.4902 0.7333
v 0.08934 0.87818 -0.04085 0.3137 0.4627 0.7098
v 0.08956 0.87679 -0.02845 0.1359 0.2170 0.2523
v 0.09144 0.88124 -0.02398 0.3559 0.4902 0.7029
v 0.09415 0.88749 -0.05296 0.3647 0.4941 0.6235
v 0.08742 0.88857 -0.05007 0.3490 0.5059 0.7490
v 0.08923 0.88555 -0.01928 0.3712 0.5085 0.7438
v 0.09317 0.88935 -0.01478 0.3941 0.5373 0.7431
v 0.09231 0.89886 -0.11633 0.2131 0.3294 0.4647
v 0.09333 0.90035 -0.11111 0.0275 0.1275 0.2039
v 0.09223 0.89945 -0.06225 0.3791 0.5242 0.7399
v 0.09025 0.89376 -0.05601 0.3333 0.4824 0.7255
v 0.09183 0.89326 -0.01130 0.3895 0.5281 0.7399
v 0.09057 0.89811 -0.00794 0.3843 0.5216 0.7412
v 0.08932 0.90402 -0.11712 0.1286 0.2380 0.3475
v 0.09115 0.90644 -0.10825 0.0996 0.1992 0.2816
v 0.09327 0.90966 -0.10251 0.1255 0.2235 0.3098
v 0.09332 0.90638 -0.07100 0.3412 0.4980 0.7392
v 0.09062 0.90521 -0.06712 0.3412 0.4941 0.7490
v 0.08947 0.90464 -0.00495 0.3778 0.5150 0.7346
v 0.09027 0.91382 -0.11548 0.1098 0.2092 0.3216
v 0.09097 0.91449 -0.10789 0.1706 0.2755 0.4000
v 0.09068 0.91449 -0.09878 0.2634 0.3869 0.5131
v 0.09295 0.91388 -0.09123 0.2922 0.4235 0.5980
v 0.09069 0.91273 -0.08135 0.3569 0.5072 0.7477
v 0.08991 0.91029 -0.07518 0.3451 0.4941 0.7373
v 0.08793 0.92095 -0.11202 0.2627 0.3843 0.5686
v 0.09998 0.02000 -0.30776 0.5838 0.6059 0.5941
v 0.10020 0.02390 -0.29841 0.6069 0.6294 0.6216
v 0.09914 0.02538 -0.28884 0.6922 0.7176 0.7137
v 0.09961 0.02559 -0.27933 0.6588 0.6902 0.6980
v 0.09649 0.02527 -0.27033 0.7098 0.7333 0.7176
v 0.09541 0.02555 -0.26258 0.7020 0.7255 0.7176
v 0.09977 0.02696 -0.26014 0.7490 0.7843 0.7725
v 0.09785 0.02899 -0.25353 0.4632 0.4841 0.4902
v 0.10043 0.03209 -0.24827 0.2784 0.3120 0.3468
v 0.10222 0.03411 -0.23974 0.3020 0.3373 0.3647
v 0.09755 0.03502 -0.24330 0.5490 0.5765 0.6000
v 0.09911 0.03616 -0.23763 0.2732 0.3098 0.3229
v 0.09962 0.03889 -0.23056 0.1913 0.2283 0.2675
v 0.10216 0.04133 -0.21994 0.2353 0.2745 0.3039
v 0.10222 0.04309 -0.21454 0.5020 0.5490 0.5412
v 0.10217 0.04275 0.23947 0.1333 0.1608 0.1922
v 0.09733 0.04233 0.24738 0.4078 0.4333 0.4275
v 0.10314 0.04117 0.25510 0.5843 0.5922 0.5882
v 0.09583 0.04226 0.26837 0.4784 0.4941 0.5059
v 0.10047 0.04143 0.27485 0.5765 0.5882 0.6078
v 0.10095 0.04121 0.28928 0.1333 0.1490 0.1961
v 0.10109 0.03994 0.30202 0.1647 0.2000 0.2353
v 0.09915 0.04398 -0.21917 0.2275 0.2680 0.3020
v 0.09895 0.04537 -0.21322 0.1451 0.1863 0.2265
v 0.10116 0.04538 -0.20455 0.1618 0.2000 0.2382
v 0.09833 0.04740 -0.19708 0.2078 0.2471 0.2824
v 0.10148 0.04838 -0.18650 0.2961 0.3307 0.3621
v 0.10085 0.05124 -0.17865 0.7098 0.7275 0.7314
v 0.10103 0.05041 0.21991 0.1804 0.2118 0.2549
v 0.09974 0.04726 0.22955 0.1438 0.1712 0.2144
v 0.09689 0.04524 0.23632 0.1451 0.1725 0.2216
v 0.10186 0.05202 -0.17158 0.6706 0.6902 0.6745
v 0.10355 0.05199 -0.15980 0.7020 0.7176 0.7137
v 0.09827 0.05297 -0.15234 0.6235 0.6471 0.6471
v 0.10172 0.05552 -0.14051 0.7137 0.7431 0.7412
v 0.09969 0.05756 -0.13661 0.5691 0.6059 0.6221
v 0.10315 0.06019 0.18031 0.2000 0.2314 0.2824
v 0.09929 0.06001 0.18693 0.2039 0.2333 0.2745
v 0.10278 0.05827 0.19590 0.1686 0.2039 0.2490
v 0.09856 0.05668 0.20514 0.1712 0.2000 0.2497
v 0.09850 0.05402 0.21260 0.1863 0.2222 0.2712
v 0.09892 0.06568 -0.13594 0.7070 0.7396 0.7465
v 0.10139 0.06610 0.16219 0.2137 0.2627 0.3039
v 0.09984 0.06272 0.16963 0.2157 0.2565 0.2965
v 0.09902 0.07360 -0.13518 0.6702 0.6967 0.7081
v 0.09912 0.07342 0.16121 0.2222 0.2627 0.3111
v 0.09869 0.08063 -0.12507 0.6873 0.7137 0.7167
v 0.09861 0.08460 -0.11763 0.6954 0.7137 0.7085
v 0.10250 0.08541 0.15385 0.2196 0.2758 0.3333
v 0.09883 0.08262 0.15904 0.2331 0.2850 0.3399
v 0.10217 0.08868 -0.11397 0.6871 0.7051 0.7027
v 0.09884 0.09187 -0.11025 0.6857 0.7074 0.6998
v 0.10001 0.09241 0.14251 0.2261 0.2745 0.3412
v 0.10050 0.08796 0.15126 0.2314 0.2902 0.3529
v 0.09991 0.09885 -0.10868 0.6991 0.7201 0.7176
v 0.09904 0.09949 0.13448 0.1848 0.2309 0.2858
v 0.09625 0.09547 0.13988 0.2039 0.2510 0.3059
v 0.10048 0.10823 -0.10849 0.6639 0.6840 0.6941
v 0.10236 0.10928 0.13001 0.1804 0.2275 0.2824
v 0.09904 0.10937 0.13187 0.2017 0.2543 0.3053
v 0.10010 0.11786 -0.10809 0.6706 0.6873 0.6980
v 0.10373 0.11685 0.12946 0.1510 0.2039 0.2431
v 0.09921 0.11631 0.13159 0.2087 0.2680 0.3194
v 0.09919 0.12425 -0.10564 0.6745 0.6817 0.6850
v 0.09561 0.12733 -0.10283 0.7039 0.7118 0.7176
v 0.10252 0.12378 0.12961 0.1392 0.1706 0.2000
v 0.09826 0.12709 0.13114 0.1953 0.2463 0.2918
v 0.10158 0.13388 -0.10555 0.6886 0.7082 0.7271
v 0.09644 0.13380 -0.10278 0.6980 0.7157 0.7333
v 0.09711 0.13622 0.11731 0.0235 0.0549 0.0843
v 0.10015 0.13463 0.12535 0.0824 0.1314 0.1647
v 0.10150 0.14205 -0.10560 0.6696 0.6892 0.7127
v 0.09766 0.14311 -0.10372 0.6758 0.6941 0.7163
v 0.09695 0.14237 0.11168 0.0392 0.0601 0.0928
v 0.09950 0.14258 0.11627 0.0603 0.0975 0.1314
v 0.10221 0.14290 0.12560 0.0623 0.1123 0.1461
v 0.10050 0.15202 -0.10495 0.6761 0.6949 0.7208
v 0.09715 0.14982 -0.10323 0.6980 0.7137 0.7490
v 0.10342 0.15555 0.09462 0.0235 0.0353 0.0549
v 0.10015 0.15281 0.10101 0.0490 0.0824 0.1069
v 0.10027 0.14962 0.10848 0.0495 0.0779 0.1029
v 0.10225 0.15138 0.11729 0.0480 0.0819 0.1142
v 0.10258 0.14979 0.12422 0.0936 0.1564 0.2020
v 0.10094 0.16087 -0.10510 0.6627 0.6824 0.7059
v 0.09722 0.15945 -0.10318 0.6500 0.6676 0.6971
v 0.10024 0.16003 0.09187 0.1007 0.1529 0.2039
v 0.09724 0.15605 0.09662 0.1294 0.1843 0.2275
v 0.10230 0.16872 -0.10572 0.6641 0.6810 0.7007
v 0.09786 0.16890 -0.10336 0.6686 0.6824 0.7137
v 0.10060 0.16851 0.08948 0.1304 0.1755 0.2392
v 0.10163 0.17686 -0.10546 0.6988 0.7153 0.7325
v 0.09866 0.18001 -0.10362 0.7490 0.7529 0.7725
v 0.09974 0.17655 0.08935 0.1817 0.2353 0.3098
v 0.10154 0.18529 -0.10535 0.7373 0.7490 0.7634
v 0.09679 0.18583 -0.10267 0.7333 0.7373 0.7529
v 0.09969 0.18597 0.08841 0.1882 0.2392 0.3020
v 0.10167 0.19394 -0.10526 0.6912 0.7000 0.7078
v 0.09710 0.19503 -0.10262 0.6915 0.6941 0.7046
v 0.10362 0.19080 0.08582 0.1922 0.2392 0.3020
v 0.09802 0.19417 0.08877 0.1961 0.2451 0.3078
v 0.10120 0.20480 -0.10474 0.7396 0.7522 0.7514
v 0.09737 0.20496 -0.10258 0.7281 0.7320 0.7359
v 0.10230 0.20258 0.08663 0.2118 0.2588 0.3216
v 0.09605 0.20197 0.09016 0.2078 0.2549 0.3176
v 0.10148 0.21326 -0.10472 0.7275 0.7333 0.7284
v 0.09660 0.21283 -0.10204 0.7007 0.7072 0.6980
v 0.09940 0.21124 0.08844 0.2118 0.2588 0.3216
v 0.10180 0.21706 -0.10458 0.5255 0.5255 0.5176
v 0.10023 0.22176 -0.10112 0.7261 0.7384 0.7384
v 0.09955 0.22330 0.08416 0.1902 0.2373 0.3000
v 0.09645 0.21894 0.08862 0.2039 0.2510 0.3137
v 0.10067 0.22647 -0.09798 0.8824 0.8954 0.8915
v 0.09977 0.22875 -0.09178 0.8745 0.8810 0.8641
v 0.10036 0.23233 -0.08393 0.7618 0.7696 0.7569
v 0.09914 0.23024 0.07536 0.2000 0.2490 0.3098
v 0.10087 0.23836 -0.07974 0.7600 0.7710 0.7851
v 0.09682 0.24081 -0.07698 0.7451 0.7569 0.7765
v 0.10056 0.23639 0.06513 0.2471 0.3137 0.3882
v 0.10185 0.24487 -0.07907 0.7333 0.7451 0.7647
v 0.09937 0.24800 -0.07628 0.7275 0.7392 0.7588
v 0.09871 0.24921 0.05530 0.2235 0.2745 0.3412
v 0.10114 0.25353 -0.07302 0.8382 0.8559 0.8725
v 0.09985 0.25750 -0.06755 0.8163 0.8346 0.8608
v 0.10218 0.25764 0.04629 0.2314 0.2824 0.3490
v 0.10031 0.25190 0.05218 0.2314 0.2824 0.3490
v 0.09918 0.26492 -0.06476 0.7342 0.7508 0.7791
v 0.10254 0.26619 0.04114 0.2216 0.2725 0.3392
v 0.09599 0.26533 0.04544 0.2314 0.2824 0.3490
v 0.10064 0.27347 -0.06526 0.6952 0.7120 0.7317
v 0.09961 0.27526 0.04181 0.1987 0.2536 0.3046
v 0.09897 0.28046 -0.06405 0.6946 0.7147 0.7412
v 0.10040 0.28207 0.04139 0.2353 0.2863 0.3529
v 0.09972 0.29016 -0.06425 0.6954 0.7118 0.7386
v 0.10125 0.29189 0.04013 0.2529 0.3039 0.3706
v 0.09933 0.30023 -0.06369 0.6997 0.7148 0.7440
v 0.09914 0.29840 0.04136 0.2170 0.2680 0.3333
v 0.09918 0.30694 -0.06345 0.7569 0.7653 0.7866
v 0.09998 0.30766 0.04060 0.2026 0.2510 0.3163
v 0.09945 0.31445 -0.06333 0.7908 0.7987 0.8222
v 0.09928 0.31587 0.04052 0.2294 0.2804 0.3431
v 0.09966 0.32422 -0.06345 0.7314 0.7373 0.7564
v 0.09814 0.32752 0.04077 0.2157 0.2667 0.3333
v 0.09985 0.33392 -0.06291 0.6997 0.7048 0.7193
v 0.10198 0.33425 0.03842 0.2026 0.2536 0.3163
v 0.09901 0.34261 -0.06222 0.8288 0.8301 0.8386
v 0.09541 0.34631 -0.06004 0.7255 0.7176 0.7294
v 0.09835 0.34162 0.03986 0.2458 0.2993 0.3673
v 0.09998 0.35133 -0.06283 0.7759 0.7748 0.7944
v 0.09562 0.35443 -0.05992 0.6392 0.6392 0.6392
v 0.09899 0.35354 0.03926 0.2170 0.2680 0.3320
v 0.09924 0.35914 -0.06214 0.7741 0.7741 0.7890
v 0.09739 0.36058 0.03989 0.1843 0.2373 0.2941
v 0.09962 0.36839 -0.06226 0.8510 0.8549 0.8706
v 0.09565 0.37068 -0.06032 0.8118 0.8157 0.8314
v 0.09940 0.37021 0.03797 0.2000 0.2510 0.3137
v 0.10053 0.37763 -0.06274 0.8340 0.8301 0.8510
v 0.09872 0.37850 0.03791 0.2000 0.2510 0.3137
v 0.10046 0.38712 -0.06248 0.7388 0.7396 0.7514
v 0.09612 0.38637 -0.05981 0.6725 0.6745 0.6863
v 0.09945 0.38703 0.03798 0.1941 0.2451 0.3078
v 0.10183 0.39249 -0.06264 0.7961 0.7974 0.8118
v 0.09671 0.39576 -0.05956 0.6392 0.6549 0.6667
v 0.10365 0.39580 0.03598 0.2000 0.2471 0.3098
v 0.10085 0.40201 -0.06202 0.7882 0.8000 0.8235
v 0.09662 0.40392 -0.05989 0.7196 0.7333 0.7490
v 0.09909 0.40334 0.03738 0.2078 0.2588 0.3216
v 0.10185 0.41260 -0.06215 0.7098 0.7224 0.7420
v 0.09696 0.41080 -0.05986 0.6549 0.6706 0.6784
v 0.10340 0.41140 0.03404 0.2118 0.2627 0.3255
v 0.09922 0.40980 0.03670 0.2118 0.2588 0.3255
v 0.10281 0.42151 -0.06235 0.8216 0.8353 0.8549
v 0.09759 0.41911 -0.05960 0.7739 0.7895 0.8183
v 0.10117 0.41903 0.03502 0.2118 0.2549 0.3255
v 0.10116 0.42824 -0.06128 0.8353 0.8510 0.8627
v 0.09614 0.42839 -0.05871 0.7791 0.7948 0.8092
v 0.09784 0.42859 0.03697 0.2157 0.2745 0.3490
v 0.10314 0.43722 -0.06140 0.8157 0.8196 0.8353
v 0.09857 0.43851 -0.05919 0.7634 0.7804 0.7902
v 0.09872 0.43855 0.03581 0.2549 0.3137 0.3882
v 0.10311 0.44477 -0.06149 0.7392 0.7490 0.7627
v 0.09820 0.44644 -0.05898 0.7754 0.7871 0.7933
v 0.10101 0.44798 0.03456 0.2314 0.2941 0.3569
v 0.09614 0.44760 0.03678 0.1608 0.2176 0.2824
v 0.10340 0.45365 -0.06179 0.8235 0.8392 0.8510
v 0.09860 0.45526 -0.05935 0.7680 0.7797 0.7915
v 0.09823 0.45774 0.03575 0.2118 0.2745 0.3373
v 0.10312 0.46387 -0.06137 0.7922 0.8078 0.8196
v 0.09832 0.46307 -0.05860 0.8078 0.8196 0.8275
v 0.09935 0.46710 0.03501 0.2039 0.2471 0.3176
v 0.09765 0.47123 -0.05771 0.6392 0.6471 0.6588
v 0.10394 0.47323 0.03265 0.1922 0.2353 0.3059
v 0.09751 0.47110 0.03567 0.1647 0.2118 0.2745
v 0.09764 0.48145 -0.05771 0.7712 0.7791 0.7830
v 0.09991 0.48310 0.03389 0.2092 0.2549 0.3203
v 0.09635 0.48446 0.03522 0.2000 0.2471 0.3098
v 0.09956 0.49111 -0.05815 0.8804 0.8843 0.8892
v 0.09925 0.48961 0.03380 0.2078 0.2549 0.3176
v 0.09562 0.49320 0.03516 0.2078 0.2549 0.3176
v 0.09989 0.49782 -0.05808 0.7624 0.7663 0.7773
v 0.10062 0.49765 0.03268 0.1824 0.2294 0.2951
v 0.09548 0.49725 0.03500 0.1843 0.2314 0.2863
v 0.09990 0.50763 -0.05806 0.8331 0.8375 0.8487
v 0.09969 0.50513 0.03273 0.2157 0.2588 0.3294
v 0.09970 0.51626 -0.05769 0.8532 0.8619 0.8684
v 0.09872 0.51547 0.03268 0.2118 0.2549 0.3255
v 0.09981 0.52411 -0.05750 0.7320 0.7418 0.7516
v 0.10075 0.52507 0.03087 0.1775 0.2245 0.2833
v 0.09936 0.53396 -0.05722 0.7793 0.7843 0.8011
v 0.09917 0.53262 0.03145 0.2118 0.2559 0.3245
v 0.09932 0.54093 -0.05682 0.7752 0.7784 0.7948
v 0.10112 0.53987 0.03033 0.2216 0.2647 0.3353
v 0.09833 0.54845 -0.05618 0.7778 0.7882 0.7961
v 0.09938 0.55086 0.03081 0.2235 0.2706 0.3333
v 0.10141 0.55906 -0.05761 0.8055 0.8157 0.8227
v 0.09909 0.55837 0.03068 0.2392 0.2863 0.3490
v 0.10215 0.56966 -0.05768 0.7804 0.7902 0.8039
v 0.09826 0.56777 0.03074 0.2235 0.2667 0.3373
v 0.10017 0.57597 -0.05557 0.7791 0.7908 0.7941
v 0.10107 0.57818 0.02928 0.2206 0.2588 0.3294
v 0.10073 0.58590 -0.05554 0.6187 0.6309 0.6453
v 0.09568 0.58193 -0.05147 0.4980 0.5137 0.5255
v 0.09810 0.58584 0.03267 0.2118 0.2523 0.3190
v 0.09854 0.59353 -0.05584 0.7653 0.7782 0.7905
v 0.10185 0.59617 0.03155 0.2196 0.2667 0.3294
v 0.10081 0.60185 -0.05592 0.5843 0.5961 0.6123
v 0.09615 0.60119 0.03574 0.2235 0.2706 0.3255
v 0.09896 0.61088 -0.06426 0.3114 0.3497 0.3882
v 0.09817 0.60716 -0.05928 0.2667 0.3059 0.3529
v 0.09917 0.61155 0.03952 0.2056 0.2431 0.2924
v 0.09975 0.61902 -0.07128 0.5317 0.5625 0.5770
v 0.09758 0.61592 -0.06786 0.2222 0.2614 0.2993
v 0.09919 0.61941 0.04628 0.1945 0.2322 0.2792
v 0.10265 0.62986 -0.07108 0.4824 0.5039 0.4961
v 0.09809 0.62945 -0.06858 0.5765 0.6026 0.6039
v 0.10393 0.63147 0.04017 0.2549 0.2902 0.3569
v 0.09803 0.62794 0.04711 0.2196 0.2536 0.3124
v 0.09843 0.63701 -0.06404 0.6918 0.7137 0.6965
v 0.09665 0.63919 0.03277 0.2392 0.2784 0.3255
v 0.10071 0.63365 0.03933 0.2451 0.2784 0.3373
v 0.10211 0.64282 -0.06200 0.4588 0.4824 0.4824
v 0.09796 0.64526 -0.05837 0.7765 0.8000 0.7922
v 0.09884 0.64627 0.02820 0.2275 0.2647 0.3176
v 0.09940 0.65459 -0.05356 0.7725 0.8026 0.8013
v 0.10176 0.65033 0.02605 0.2353 0.2706 0.3294
v 0.09703 0.65316 0.02869 0.2235 0.2667 0.3229
v 0.09984 0.66248 -0.04959 0.7598 0.7882 0.7892
v 0.10005 0.66325 0.02312 0.2353 0.2892 0.3608
v 0.09547 0.66113 0.02710 0.2471 0.2941 0.3490
v 0.09918 0.66987 -0.04498 0.6980 0.7451 0.7471
v 0.09717 0.67484 -0.04152 0.8863 0.9059 0.8902
v 0.10326 0.67499 0.01555 0.2549 0.3216 0.3843
v 0.09940 0.67047 0.01873 0.2902 0.3464 0.4065
v 0.10354 0.67727 -0.04324 0.8314 0.8510 0.8353
v 0.09961 0.68243 -0.03820 0.7843 0.7908 0.7804
v 0.09958 0.68106 0.01070 0.4235 0.4732 0.5425
v 0.10052 0.68803 -0.03541 0.7510 0.7784 0.7784
v 0.09817 0.69115 -0.03173 0.6843 0.7333 0.7412
v 0.09657 0.69246 -0.00398 0.0235 0.0627 0.1098
v 0.09993 0.68639 0.00614 0.4078 0.4667 0.5157
v 0.09924 0.69839 -0.02990 0.3042 0.3754 0.4056
v 0.09593 0.69879 -0.02223 0.0876 0.1647 0.2052
v 0.09678 0.69777 -0.01210 0.0255 0.1039 0.1431
v 0.10050 0.69588 -0.00315 0.0176 0.0725 0.1137
v 0.10253 0.70848 -0.03574 0.3588 0.4431 0.4725
v 0.09867 0.70530 -0.03158 0.3176 0.4229 0.4575
v 0.09612 0.70313 -0.02105 0.0889 0.1843 0.2288
v 0.09749 0.70603 -0.01191 0.0974 0.1824 0.2320
v 0.10147 0.70611 -0.00705 0.0373 0.1186 0.1657
v 0.10082 0.71424 -0.03614 0.5137 0.6188 0.6620
v 0.09604 0.71378 -0.03276 0.5353 0.6451 0.6745
v 0.09639 0.71662 -0.01069 0.3765 0.4902 0.5333
v 0.10120 0.71452 -0.00620 0.0458 0.1320 0.1869
v 0.10196 0.72051 -0.03544 0.5882 0.7196 0.7980
v 0.09909 0.72320 -0.03160 0.5680 0.6771 0.7124
v 0.09961 0.72379 -0.01118 0.4637 0.5794 0.6353
v 0.10054 0.72115 -0.00820 0.2627 0.3765 0.4314
v 0.10264 0.73062 -0.02867 0.4039 0.5176 0.5490
v 0.09907 0.72884 -0.02123 0.4529 0.5471 0.5980
v 0.10199 0.72944 -0.01542 0.2490 0.3588 0.4235
v 0.10369 0.82255 -0.03820 0.6667 0.7843 0.8157
v 0.10258 0.83039 -0.04417 0.4157 0.5294 0.5529
v 0.10279 0.82740 -0.03801 0.5289 0.6387 0.6633
v 0.10204 0.82696 -0.03048 0.5496 0.6605 0.6745
v 0.10301 0.82744 -0.02435 0.3549 0.4765 0.4980
v 0.10056 0.83587 -0.03972 0.4889 0.6000 0.6203
v 0.10054 0.83556 -0.02973 0.5484 0.6575 0.6706
v 0.10283 0.83545 -0.02309 0.4696 0.5902 0.6255
v 0.10315 0.84427 -0.04432 0.3961 0.5176 0.5373
v 0.09898 0.84352 -0.03976 0.4933 0.6212 0.6384
v 0.09887 0.84386 -0.03060 0.4949 0.6063 0.6259
v 0.10184 0.84428 -0.02134 0.2281 0.3359 0.3843
v 0.09989 0.85442 -0.04026 0.4000 0.5169 0.5333
v 0.09705 0.85271 -0.02956 0.4078 0.5145 0.5341
v 0.09889 0.85317 -0.02376 0.2912 0.3971 0.4333
v 0.09962 0.86097 -0.03847 0.3851 0.5027 0.5176
v 0.09677 0.86145 -0.03027 0.3850 0.4895 0.5150
v 0.10118 0.86214 -0.02240 0.2000 0.2990 0.3618
v 0.10171 0.87187 -0.04463 0.3595 0.4993 0.5608
v 0.09896 0.86989 -0.04113 0.4127 0.5500 0.6392
v 0.09665 0.86998 -0.02903 0.1539 0.2471 0.2902
v 0.10168 0.87067 -0.02418 0.1765 0.2824 0.3618
v 0.10175 0.88282 -0.10878 0.2529 0.3706 0.5608
v 0.09831 0.87965 -0.04816 0.2993 0.4536 0.6431
v 0.10028 0.87994 -0.02199 0.3796 0.5216 0.7294
v 0.09571 0.89225 -0.11418 0.2863 0.4157 0.6157
v 0.10096 0.88709 -0.10777 0.2641 0.3889 0.5516
v 0.10278 0.88940 -0.10323 0.1608 0.2902 0.4118
v 0.10259 0.88994 -0.06291 0.4225 0.5324 0.5549
v 0.09975 0.88746 -0.05668 0.2447 0.3616 0.4173
v 0.09729 0.88472 -0.01865 0.3804 0.5176 0.6745
v 0.09983 0.88947 -0.01415 0.3506 0.4831 0.5247
v 0.09636 0.89578 -0.11408 0.1588 0.2608 0.3784
v 0.09925 0.89631 -0.10717 0.2279 0.3353 0.4191
v 0.10284 0.89609 -0.10121 0.1275 0.2353 0.2804
v 0.10274 0.89875 -0.07105 0.2810 0.3961 0.4222
v 0.10063 0.89517 -0.06476 0.3373 0.4611 0.4891
v 0.10016 0.89477 -0.00963 0.3314 0.4686 0.5520
v 0.09897 0.89832 -0.00730 0.4157 0.5595 0.7412
v 0.09837 0.90565 -0.10695 0.1046 0.1961 0.2797
v 0.09917 0.90655 -0.09883 0.1765 0.2758 0.3464
v 0.10276 0.90923 -0.09193 0.0627 0.1529 0.2078
v 0.09798 0.90908 -0.07886 0.3765 0.5333 0.7333
v 0.10042 0.90340 -0.07298 0.3694 0.5059 0.5655
v 0.09831 0.90806 -0.00286 0.3725 0.5098 0.7294
v 0.09944 0.91183 -0.10609 0.2314 0.3461 0.5010
v 0.09864 0.91382 -0.09982 0.2569 0.3569 0.4510
v 0.09871 0.91152 -0.09045 0.2088 0.3245 0.3794
v 0.09740 0.91157 -0.08449 0.2725 0.4216 0.5824
v 0.10943 0.02217 -0.30704 0.5373 0.5696 0.5681
v 0.10799 0.02359 -0.29976 0.5114 0.5396 0.5365
v 0.10743 0.02506 -0.29206 0.6020 0.6333 0.6412
v 0.11030 0.02645 -0.28171 0.6235 0.6627 0.6667
v 0.10600 0.02639 -0.27618 0.6627 0.6941 0.7020
v 0.10786 0.02701 -0.26373 0.6294 0.6588 0.6569
v 0.10794 0.02831 -0.25466 0.1990 0.2265 0.2431
v 0.10697 0.02927 -0.24623 0.1402 0.1735 0.2108
v 0.10707 0.03159 -0.23866 0.1863 0.2131 0.2601
v 0.11054 0.03255 -0.22939 0.1971 0.2324 0.2706
v 0.10702 0.03619 -0.22828 0.2353 0.2729 0.3075
v 0.10890 0.03661 -0.22142 0.1608 0.1948 0.2309
v 0.10937 0.03820 -0.21178 0.1451 0.1812 0.2094
v 0.11076 0.03970 -0.20357 0.1991 0.2288 0.2571
v 0.11087 0.04280 -0.19803 0.6196 0.6392 0.6157
v 0.11112 0.04166 0.23919 0.3203 0.3464 0.3621
v 0.10408 0.04141 0.24785 0.6392 0.6784 0.6471
v 0.10516 0.04085 0.26580 0.5765 0.5922 0.6039
v 0.11118 0.04015 0.28054 0.1333 0.1490 0.1961
v 0.10949 0.03990 0.30018 0.1569 0.1843 0.2235
v 0.10590 0.04359 -0.20221 0.2725 0.3059 0.3235
v 0.10761 0.04386 -0.19268 0.3225 0.3480 0.3520
v 0.10742 0.04646 -0.18626 0.3599 0.3917 0.4039
v 0.10851 0.05032 -0.17863 0.6941 0.7127 0.7000
v 0.10789 0.05122 -0.16585 0.7176 0.7412 0.7412
v 0.10981 0.05110 -0.15911 0.7196 0.7392 0.7373
v 0.10748 0.05179 -0.14937 0.7294 0.7451 0.7412
v 0.10782 0.05120 0.21263 0.1608 0.1843 0.2333
v 0.10625 0.04800 0.22227 0.1373 0.1686 0.2118
v 0.10875 0.04529 0.22901 0.1475 0.1765 0.2173
v 0.10625 0.04337 0.23457 0.1294 0.1608 0.2118
v 0.10992 0.05620 -0.14220 0.7180 0.7458 0.7503
v 0.10996 0.05905 0.18193 0.1882 0.2275 0.2745
v 0.11107 0.05781 0.18831 0.1961 0.2353 0.2824
v 0.11146 0.05632 0.19541 0.1725 0.2118 0.2588
v 0.10772 0.05500 0.20377 0.1863 0.2235 0.2647
v 0.10547 0.05336 0.20952 0.1804 0.2118 0.2627
v 0.10747 0.06594 -0.14053 0.7772 0.8075 0.8164
v 0.10702 0.06522 0.16134 0.2186 0.2588 0.3069
v 0.10928 0.06195 0.16630 0.2216 0.2608 0.3020
v 0.10797 0.07226 -0.14032 0.7322 0.7636 0.7725
v 0.10744 0.07523 -0.13638 0.6922 0.7235 0.7324
v 0.11248 0.07533 0.15470 0.2157 0.2510 0.3176
v 0.10627 0.07336 0.15728 0.2062 0.2437 0.2930
v 0.10998 0.07967 -0.13068 0.6431 0.6745 0.6863
v 0.10916 0.08190 -0.12645 0.6353 0.6686 0.6784
v 0.10728 0.08587 -0.11805 0.7082 0.7341 0.7396
v 0.10850 0.08243 0.15268 0.2290 0.2729 0.3373
v 0.10555 0.08123 0.15703 0.2078 0.2549 0.3098
v 0.10933 0.09080 -0.11598 0.6460 0.6750 0.6761
v 0.10845 0.09361 0.13417 0.1961 0.2431 0.3059
v 0.10862 0.08966 0.14169 0.2196 0.2706 0.3333
v 0.11004 0.09864 -0.11376 0.7346 0.7588 0.7621
v 0.10591 0.09958 -0.11178 0.7176 0.7363 0.7461
v 0.10902 0.10091 0.12861 0.1624 0.2094 0.2478
v 0.10574 0.09735 0.13194 0.1569 0.2000 0.2536
v 0.11100 0.10753 -0.11420 0.7088 0.7314 0.7441
v 0.10678 0.10850 -0.11161 0.6902 0.7108 0.7206
v 0.10934 0.10889 0.12814 0.0772 0.1059 0.1333
v 0.11037 0.11669 -0.11350 0.6808 0.7043 0.7200
v 0.10662 0.11762 -0.11125 0.6601 0.6784 0.6902
v 0.10810 0.11663 0.12836 0.0654 0.0915 0.1163
v 0.11121 0.11760 0.13173 0.0732 0.1111 0.1353
v 0.10823 0.12471 -0.11001 0.6534 0.6750 0.6814
v 0.10453 0.12994 0.12985 0.0471 0.0824 0.1098
v 0.10887 0.12623 0.13241 0.0887 0.1279 0.1588
v 0.10828 0.13356 -0.10906 0.6667 0.6871 0.7072
v 0.10508 0.13662 0.12912 0.1353 0.1882 0.2216
v 0.10918 0.13366 0.13266 0.0924 0.1473 0.1798
v 0.10652 0.14216 -0.10821 0.6576 0.6761 0.7024
v 0.10842 0.14371 0.12832 0.0882 0.1216 0.1575
v 0.10929 0.14011 0.13075 0.0497 0.0876 0.1111
v 0.10860 0.15096 -0.10918 0.6796 0.6980 0.7171
v 0.10533 0.15527 0.09981 0.0314 0.0471 0.0725
v 0.10464 0.15398 0.10945 0.0484 0.0863 0.1124
v 0.10452 0.15502 0.11492 0.1490 0.1882 0.2235
v 0.10715 0.15153 0.12486 0.0643 0.1020 0.1373
v 0.10894 0.16029 -0.10943 0.6820 0.7008 0.7231
v 0.10748 0.16133 0.09269 0.0414 0.0710 0.1041
v 0.10980 0.15934 0.09832 0.0176 0.0235 0.0412
v 0.10875 0.15932 0.10746 0.0725 0.1260 0.1578
v 0.10847 0.16040 0.11842 0.0932 0.1505 0.1954
v 0.10664 0.15814 0.12270 0.1314 0.1951 0.2441
v 0.10893 0.16946 -0.10924 0.6919 0.7059 0.7244
v 0.10818 0.16863 0.09028 0.0676 0.1103 0.1510
v 0.11132 0.16611 0.11828 0.0745 0.1203 0.1595
v 0.10957 0.17636 -0.10960 0.6941 0.7078 0.7284
v 0.10640 0.18088 0.08638 0.1569 0.2078 0.2745
v 0.10787 0.17539 0.08755 0.1029 0.1608 0.2167
v 0.10867 0.18713 -0.10896 0.7125 0.7220 0.7424
v 0.10981 0.18565 0.08473 0.1706 0.2176 0.2863
v 0.10922 0.19494 -0.10923 0.7343 0.7402 0.7578
v 0.10570 0.19660 0.08470 0.2039 0.2510 0.3137
v 0.10800 0.20328 -0.10845 0.7477 0.7549 0.7569
v 0.10833 0.20503 0.08342 0.2105 0.2601 0.3190
v 0.10852 0.21197 -0.10841 0.7538 0.7551 0.7516
v 0.10732 0.21226 0.08419 0.2118 0.2588 0.3216
v 0.10956 0.21959 -0.10631 0.7082 0.7149 0.7043
v 0.10578 0.22309 -0.10321 0.8176 0.8294 0.8255
v 0.10885 0.22478 0.07698 0.1804 0.2353 0.2863
v 0.10725 0.21971 0.08233 0.2065 0.2549 0.3176
v 0.10821 0.22721 -0.10015 0.9203 0.9281 0.9229
v 0.10753 0.23095 -0.08899 0.8373 0.8569 0.8627
v 0.10964 0.23263 -0.08268 0.6824 0.7176 0.7412
v 0.10755 0.23103 0.06833 0.2275 0.2784 0.3451
v 0.11059 0.22734 0.07226 0.2078 0.2549 0.3176
v 0.10745 0.23869 -0.08215 0.6258 0.6490 0.6768
v 0.11185 0.24187 -0.07338 0.2510 0.3059 0.3569
v 0.10874 0.23998 0.05666 0.2092 0.2641 0.3294
v 0.10755 0.23465 0.06324 0.2431 0.3098 0.3882
v 0.10676 0.24632 -0.08053 0.6319 0.6539 0.6760
v 0.10959 0.24761 -0.07426 0.2458 0.2954 0.3525
v 0.11182 0.25002 -0.06596 0.2255 0.2706 0.3216
v 0.10889 0.25014 0.04833 0.2275 0.2784 0.3451
v 0.11013 0.24401 0.05247 0.2157 0.2784 0.3412
v 0.10572 0.25362 -0.07276 0.6598 0.6882 0.7147
v 0.10821 0.25548 -0.06444 0.3564 0.4113 0.4593
v 0.11123 0.25721 -0.05631 0.1902 0.2510 0.3157
v 0.11005 0.25747 0.04161 0.2314 0.2824 0.3490
v 0.10518 0.26471 -0.06599 0.3553 0.3882 0.4337
v 0.10960 0.26452 -0.05711 0.1770 0.2297 0.2818
v 0.10883 0.26173 0.03947 0.2137 0.2647 0.3314
v 0.10860 0.27323 -0.06479 0.2423 0.2921 0.3313
v 0.11123 0.27136 -0.05805 0.1255 0.1710 0.2180
v 0.10851 0.27113 0.03718 0.2092 0.2601 0.3229
v 0.11224 0.27989 -0.06951 0.4745 0.5647 0.6196
v 0.10972 0.28150 -0.06584 0.2510 0.3163 0.3606
v 0.11231 0.28405 -0.05848 0.1216 0.1686 0.2235
v 0.10793 0.28126 0.03712 0.2108 0.2657 0.3235
v 0.10840 0.28970 -0.06487 0.2889 0.3438 0.3882
v 0.11209 0.29197 -0.05898 0.1373 0.1974 0.2510
v 0.10722 0.29114 0.03708 0.2366 0.2876 0.3542
v 0.10806 0.29853 -0.06434 0.2997 0.3403 0.3880
v 0.10795 0.29716 0.03674 0.2392 0.2902 0.3529
v 0.10870 0.30705 -0.06366 0.3199 0.3675 0.4129
v 0.11231 0.30781 -0.05996 0.1922 0.2627 0.3098
v 0.10952 0.31099 0.03461 0.2078 0.2588 0.3216
v 0.10708 0.30437 0.03669 0.1922 0.2392 0.3020
v 0.10729 0.31599 -0.06593 0.4196 0.4543 0.4902
v 0.11148 0.31443 -0.05951 0.2206 0.2755 0.3265
v 0.10563 0.31668 0.03673 0.2392 0.2902 0.3569
v 0.10797 0.32446 -0.06450 0.3329 0.3678 0.4063
v 0.11172 0.32380 -0.05839 0.1922 0.2431 0.2922
v 0.11187 0.32328 0.03324 0.2235 0.2745 0.3373
v 0.10461 0.32488 0.03735 0.2196 0.2706 0.3333
v 0.10730 0.33479 -0.06568 0.5510 0.5706 0.6013
v 0.11182 0.33333 -0.05816 0.1438 0.1908 0.2431
v 0.10965 0.33098 0.03470 0.2039 0.2549 0.3176
v 0.10842 0.34200 -0.06491 0.4797 0.5041 0.5359
v 0.10883 0.34068 0.03445 0.2157 0.2667 0.3294
v 0.10849 0.35077 -0.06596 0.4761 0.4922 0.5235
v 0.11119 0.35121 0.03270 0.2255 0.2765 0.3471
v 0.10404 0.34790 0.03659 0.2431 0.2941 0.3569
v 0.10844 0.35959 -0.06660 0.5283 0.5472 0.5783
v 0.11181 0.36206 0.03204 0.1608 0.2118 0.2745
v 0.10519 0.36177 0.03585 0.1647 0.2157 0.2784
v 0.11201 0.36941 -0.07045 0.3229 0.3804 0.4549
v 0.10767 0.36702 -0.06636 0.6094 0.6275 0.6620
v 0.10924 0.36879 0.03311 0.1961 0.2471 0.3098
v 0.11263 0.37259 -0.07042 0.2745 0.3373 0.4000
v 0.10837 0.37709 -0.06598 0.5814 0.5974 0.6314
v 0.10775 0.37703 0.03380 0.2235 0.2765 0.3333
v 0.10880 0.38468 -0.06546 0.5163 0.5366 0.5712
v 0.11220 0.38623 -0.06030 0.1882 0.2353 0.2980
v 0.10892 0.38680 0.03372 0.1843 0.2353 0.2980
v 0.10498 0.38722 0.03561 0.1902 0.2412 0.3039
v 0.10979 0.39373 -0.06464 0.4987 0.5235 0.5627
v 0.10880 0.39447 0.03351 0.2020 0.2490 0.3118
v 0.10993 0.40303 -0.06517 0.5152 0.5368 0.5745
v 0.10650 0.40526 0.03330 0.2131 0.2614 0.3242
v 0.10930 0.41057 -0.06497 0.4964 0.5204 0.5496
v 0.10994 0.42025 -0.06496 0.5694 0.6031 0.6337
v 0.11047 0.41596 0.02990 0.1804 0.2235 0.2941
v 0.10960 0.42921 -0.06514 0.6549 0.6812 0.6919
v 0.10715 0.43050 0.03187 0.2353 0.2928 0.3634
v 0.10979 0.43685 -0.06515 0.6912 0.7127 0.7221
v 0.10763 0.43894 0.03161 0.2157 0.2784 0.3412
v 0.10956 0.44578 -0.06493 0.7681 0.7838 0.7897
v 0.10675 0.44536 0.03185 0.2248 0.2863 0.3556
v 0.10913 0.45586 -0.06451 0.7887 0.8059 0.8074
v 0.10560 0.45488 0.03176 0.2275 0.2706 0.3412
v 0.10946 0.46360 -0.06452 0.8078 0.8216 0.8216
v 0.10757 0.46268 0.03046 0.2157 0.2588 0.3294
v 0.10817 0.47206 -0.06334 0.7792 0.7882 0.7922
v 0.10965 0.46979 0.02900 0.2039 0.2471 0.3176
v 0.10862 0.48141 -0.06393 0.8601 0.8725 0.8758
v 0.10777 0.48101 0.02968 0.2098 0.2529 0.3235
v 0.10944 0.48882 -0.06416 0.8542 0.8588 0.8588
v 0.10857 0.49010 0.02875 0.2314 0.2824 0.3569
v 0.10972 0.49815 -0.06325 0.7546 0.7602 0.7681
v 0.10485 0.49784 -0.06020 0.6824 0.6980 0.7098
v 0.10910 0.49759 0.02799 0.2261 0.2758 0.3464
v 0.10868 0.50770 -0.06301 0.8196 0.8267 0.8267
v 0.10649 0.51055 0.02930 0.2275 0.2784 0.3451
v 0.10797 0.51589 -0.06235 0.8196 0.8294 0.8324
v 0.11061 0.52436 -0.06303 0.7882 0.8020 0.8078
v 0.10517 0.52419 -0.06006 0.8059 0.8157 0.8275
v 0.11039 0.52236 0.02596 0.2078 0.2510 0.3216
v 0.10718 0.52382 0.02781 0.1804 0.2255 0.2922
v 0.10879 0.53200 -0.06224 0.8127 0.8225 0.8343
v 0.10526 0.53006 -0.06050 0.8118 0.8157 0.8314
v 0.10465 0.53234 0.02867 0.2157 0.2627 0.3255
v 0.10843 0.54078 -0.06213 0.8275 0.8392 0.8471
v 0.10706 0.53977 0.02730 0.2431 0.2863 0.3569
v 0.11095 0.55160 -0.06243 0.7190 0.7176 0.7268
v 0.10558 0.55052 -0.05948 0.7529 0.7608 0.7569
v 0.11088 0.55240 0.02490 0.2157 0.2588 0.3294
v 0.10534 0.55037 0.02798 0.1980 0.2431 0.3098
v 0.10989 0.55886 -0.06190 0.7616 0.7616 0.7616
v 0.10559 0.55913 -0.05991 0.7529 0.7529 0.7549
v 0.10551 0.55992 0.02734 0.2235 0.2667 0.3373
v 0.11076 0.56661 -0.06260 0.7667 0.7667 0.7706
v 0.10641 0.56588 -0.05979 0.7278 0.7318 0.7388
v 0.10596 0.57013 0.02645 0.2235 0.2667 0.3373
v 0.11117 0.57591 -0.06180 0.7569 0.7569 0.7529
v 0.10760 0.57725 -0.05972 0.6912 0.7049 0.7029
v 0.10873 0.57807 0.02516 0.2275 0.2745 0.3373
v 0.10942 0.58803 -0.06128 0.7333 0.7647 0.7765
v 0.10744 0.58331 -0.05826 0.4686 0.4775 0.4907
v 0.10723 0.58573 0.02786 0.1794 0.2186 0.2745
v 0.11125 0.59136 -0.06230 0.7935 0.7948 0.7974
v 0.10687 0.59336 -0.05964 0.7882 0.7895 0.7922
v 0.10701 0.59434 0.02878 0.2235 0.2676 0.3382
v 0.10968 0.60390 -0.06245 0.6608 0.6765 0.6804
v 0.10900 0.60043 -0.05947 0.5245 0.5324 0.5441
v 0.10960 0.60092 0.02848 0.2000 0.2471 0.3046
v 0.10987 0.61214 -0.07129 0.2588 0.3003 0.3434
v 0.10708 0.60934 -0.06722 0.3014 0.3412 0.3810
v 0.10888 0.61103 0.03386 0.2000 0.2235 0.2706
v 0.10804 0.62030 -0.07569 0.6830 0.6993 0.7020
v 0.10829 0.62000 0.04107 0.1915 0.2248 0.2706
v 0.10596 0.62347 0.04381 0.2392 0.2745 0.3412
v 0.10893 0.62814 -0.07428 0.5892 0.6142 0.6206
v 0.10792 0.62649 0.04191 0.2183 0.2549 0.3150
v 0.10900 0.63376 -0.07158 0.8183 0.8209 0.7699
v 0.10753 0.63944 -0.06682 0.7098 0.7157 0.6784
v 0.10816 0.63957 0.02824 0.2333 0.2843 0.3373
v 0.11231 0.63273 0.03530 0.2235 0.2627 0.3020
v 0.10993 0.64514 -0.06350 0.5971 0.6176 0.6020
v 0.10698 0.64615 0.02372 0.2065 0.2497 0.3020
v 0.10701 0.65374 -0.05776 0.7863 0.8078 0.8000
v 0.10684 0.65299 0.02234 0.2144 0.2588 0.3137
v 0.10744 0.66447 -0.05263 0.9059 0.9294 0.9294
v 0.10917 0.66675 0.01616 0.2588 0.3255 0.4039
v 0.10631 0.66168 0.02004 0.2471 0.2941 0.3647
v 0.10827 0.67256 -0.04772 0.6706 0.7098 0.7059
v 0.10729 0.67222 0.01518 0.1941 0.2608 0.3314
v 0.10935 0.68027 -0.04402 0.8039 0.8196 0.8157
v 0.11169 0.68113 0.00631 0.2627 0.3333 0.4196
v 0.10660 0.67891 0.01075 0.2706 0.3431 0.4196
v 0.10930 0.69022 -0.03787 0.5186 0.5706 0.5922
v 0.10397 0.69222 -0.03365 0.4824 0.5216 0.5569
v 0.11236 0.69210 -0.00068 0.1059 0.1529 0.2000
v 0.10693 0.68989 0.00264 0.1853 0.2431 0.3000
v 0.10984 0.69725 -0.03560 0.1716 0.2461 0.2980
v 0.10622 0.69550 -0.03383 0.1549 0.2235 0.2824
v 0.10733 0.69897 -0.00220 0.1085 0.1673 0.2288
v 0.10811 0.70676 -0.03625 0.3444 0.4379 0.4693
v 0.10642 0.70654 -0.00393 0.0643 0.1310 0.1843
v 0.10947 0.71505 -0.03804 0.4729 0.5655 0.5890
v 0.10897 0.71421 -0.00365 0.0698 0.1365 0.1796
v 0.10951 0.72203 -0.03698 0.3875 0.4635 0.5051
v 0.10806 0.72708 -0.03432 0.1137 0.2157 0.2824
v 0.10802 0.72318 -0.00663 0.1176 0.2176 0.2745
v 0.10760 0.73324 -0.03006 0.4716 0.5784 0.6186
v 0.10548 0.73494 -0.01973 0.2941 0.3980 0.4608
v 0.10646 0.72999 -0.01230 0.1529 0.2392 0.2941
v 0.11107 0.74135 -0.02863 0.5464 0.6405 0.6797
v 0.10795 0.74050 -0.02212 0.4294 0.5333 0.5902
v 0.11041 0.73864 -0.01670 0.0863 0.1725 0.2549
v 0.11221 0.75151 -0.02781 0.4078 0.4941 0.5431
v 0.11044 0.74794 -0.02285 0.3775 0.4706 0.5294
v 0.11083 0.75812 -0.02205 0.4402 0.5324 0.5873
v 0.11142 0.76720 -0.02834 0.4706 0.5716 0.6108
v 0.11025 0.76677 -0.02178 0.5098 0.6098 0.6541
v 0.10998 0.77650 -0.02828 0.4961 0.6137 0.6402
v 0.10936 0.77484 -0.02206 0.5081 0.6022 0.6409
v 0.10990 0.77648 -0.01678 0.2686 0.3647 0.4255
v 0.11064 0.78428 -0.02814 0.3490 0.4549 0.4863
v 0.10801 0.78505 -0.02158 0.5536 0.6503 0.6922
v 0.10955 0.78448 -0.01558 0.1529 0.2353 0.2922
v 0.11181 0.79527 -0.04603 0.4810 0.5908 0.6248
v 0.11129 0.79390 -0.04109 0.3706 0.4863 0.5206
v 0.11040 0.79277 -0.03046 0.4224 0.5322 0.5569
v 0.10844 0.79224 -0.02192 0.5851 0.6886 0.7263
v 0.10975 0.79187 -0.01549 0.2549 0.3529 0.4039
v 0.11147 0.80492 -0.05265 0.4392 0.5490 0.5647
v 0.10950 0.80130 -0.04707 0.3987 0.5007 0.5248
v 0.10850 0.80103 -0.03779 0.3137 0.4275 0.4643
v 0.10897 0.80036 -0.02933 0.2690 0.3804 0.4031
v 0.10849 0.80026 -0.02212 0.6252 0.7339 0.7513
v 0.10963 0.80127 -0.01418 0.2431 0.3484 0.4026
v 0.11039 0.81104 -0.05388 0.2941 0.4125 0.5318
v 0.10803 0.80983 -0.04660 0.4845 0.5856 0.5943
v 0.10562 0.80994 -0.03954 0.5765 0.6873 0.7020
v 0.10620 0.80976 -0.03133 0.2454 0.3557 0.3849
v 0.10695 0.80986 -0.02046 0.4224 0.5283 0.5664
v 0.10841 0.81101 -0.01500 0.2853 0.4029 0.4461
v 0.11011 0.81829 -0.05450 0.3814 0.4961 0.5382
v 0.10720 0.81802 -0.04763 0.4768 0.5905 0.5993
v 0.10484 0.81889 -0.04036 0.5263 0.6400 0.6565
v 0.10502 0.81928 -0.03031 0.4220 0.5412 0.5545
v 0.10541 0.81818 -0.02184 0.3547 0.4606 0.4954
v 0.10860 0.81807 -0.01413 0.1333 0.2331 0.2930
v 0.11096 0.82479 -0.05371 0.4588 0.5725 0.6039
v 0.10657 0.82746 -0.04773 0.4711 0.5838 0.6045
v 0.10531 0.82605 -0.02009 0.2973 0.4008 0.4424
v 0.11068 0.82627 -0.01290 0.1396 0.2251 0.2965
v 0.10737 0.83530 -0.04605 0.4699 0.5876 0.6144
v 0.10561 0.83754 -0.01880 0.2412 0.3641 0.4118
v 0.10913 0.83535 -0.01504 0.1660 0.2614 0.3281
v 0.10835 0.84558 -0.04565 0.3989 0.5216 0.5395
v 0.10964 0.84299 -0.01327 0.1098 0.1830 0.2392
v 0.11131 0.85687 -0.07083 0.3608 0.4745 0.4902
v 0.10784 0.85312 -0.04544 0.5255 0.6510 0.6559
v 0.10398 0.85517 -0.01772 0.1569 0.2471 0.3098
v 0.10791 0.85314 -0.01446 0.1255 0.2092 0.2693
v 0.11185 0.86560 -0.09863 0.3471 0.4745 0.6745
v 0.11069 0.86443 -0.08195 0.2392 0.3412 0.4471
v 0.11059 0.86156 -0.07396 0.3059 0.4046 0.4464
v 0.10826 0.86185 -0.04632 0.3945 0.5067 0.5137
v 0.10877 0.86592 -0.01892 0.1471 0.2549 0.3157
v 0.10954 0.85987 -0.01571 0.1314 0.2333 0.2922
v 0.10938 0.87092 -0.10072 0.3716 0.5005 0.7147
v 0.10970 0.87152 -0.09027 0.3343 0.4794 0.7069
v 0.11001 0.87122 -0.08152 0.2424 0.3506 0.4361
v 0.11031 0.86948 -0.07194 0.2392 0.3353 0.3510
v 0.11126 0.87267 -0.06921 0.2431 0.3412 0.3569
v 0.10958 0.87442 -0.05403 0.4804 0.5824 0.5824
v 0.10766 0.87016 -0.04849 0.3435 0.4565 0.4604
v 0.10943 0.87019 -0.02054 0.2078 0.3150 0.3725
v 0.10555 0.87721 -0.10498 0.3209 0.4444 0.6431
v 0.10719 0.87851 -0.09872 0.2980 0.4298 0.6384
v 0.10862 0.88015 -0.09113 0.3208 0.4604 0.6588
v 0.11045 0.87963 -0.08323 0.1967 0.2974 0.3392
v 0.11062 0.87886 -0.07460 0.1425 0.2353 0.2549
v 0.11118 0.87936 -0.06535 0.2951 0.4039 0.4127
v 0.10795 0.87874 -0.05645 0.4045 0.5126 0.5255
v 0.10746 0.87956 -0.02095 0.3867 0.4973 0.5765
v 0.10504 0.88493 -0.10476 0.1490 0.2353 0.3294
v 0.10606 0.88858 -0.09928 0.2667 0.3875 0.5161
v 0.11022 0.88708 -0.09078 0.1412 0.2471 0.3176
v 0.11215 0.88816 -0.08146 0.2941 0.4000 0.4157
v 0.10977 0.88878 -0.07313 0.3451 0.4386 0.4529
v 0.10759 0.88659 -0.06584 0.3559 0.4569 0.4686
v 0.10755 0.88461 -0.01779 0.2824 0.3922 0.4157
v 0.10748 0.88843 -0.01441 0.1500 0.2529 0.2941
v 0.10799 0.89633 -0.09720 0.1578 0.2559 0.3225
v 0.11071 0.89863 -0.09153 0.2025 0.3049 0.3623
v 0.10791 0.89676 -0.07378 0.2868 0.3912 0.4191
v 0.10933 0.89444 -0.01045 0.1176 0.2333 0.2902
v 0.10884 0.89830 -0.00804 0.1216 0.2549 0.3314
v 0.10651 0.90487 -0.09820 0.1908 0.2974 0.4209
v 0.10741 0.90514 -0.08988 0.1907 0.2892 0.3377
v 0.10823 0.90542 -0.08179 0.3003 0.4101 0.4347
v 0.10643 0.90264 -0.07605 0.3078 0.4216 0.4451
v 0.10903 0.90490 -0.00383 0.3882 0.5268 0.7386
v 0.10973 0.91096 -0.09435 0.3216 0.4667 0.6706
v 0.10847 0.90996 -0.00135 0.3686 0.5059 0.7255
v 0.11643 0.02272 -0.30834 0.5412 0.5725 0.5804
v 0.11491 0.02395 -0.29902 0.6039 0.6363 0.6333
v 0.11607 0.02524 -0.29332 0.6333 0.6647 0.6745
v 0.12042 0.02584 -0.25802 0.6549 0.6902 0.6863
v 0.11486 0.02644 -0.28809 0.6314 0.6627 0.6706
v 0.11879 0.02619 -0.27978 0.6275 0.6510 0.6510
v 0.11343 0.02661 -0.26822 0.6431 0.6745 0.6863
v 0.11370 0.02715 -0.25651 0.6392 0.6627 0.6627
v 0.11479 0.02754 -0.24622 0.4706 0.5059 0.5020
v 0.11631 0.02743 -0.23817 0.4510 0.4863 0.4850
v 0.11532 0.02910 -0.22897 0.2373 0.2732 0.2948
v 0.11744 0.03100 -0.22099 0.3148 0.3431 0.3482
v 0.11868 0.03443 -0.21186 0.7137 0.7373 0.7098
v 0.11484 0.03488 -0.21717 0.6176 0.6451 0.6510
v 0.11488 0.03495 -0.21174 0.5843 0.6078 0.5922
v 0.11682 0.03773 -0.20405 0.5935 0.6125 0.5995
v 0.11713 0.04197 -0.19485 0.6770 0.6922 0.6735
v 0.11859 0.04280 0.23052 0.1373 0.1739 0.2196
v 0.11502 0.04158 0.23712 0.2601 0.2850 0.3072
v 0.11659 0.03966 0.25733 0.4902 0.5137 0.5059
v 0.11663 0.03984 0.27123 0.5373 0.5529 0.5882
v 0.11982 0.03922 0.29834 0.1412 0.1647 0.2118
v 0.11561 0.03888 0.31183 0.1843 0.2196 0.2471
v 0.12085 0.04433 -0.19067 0.7843 0.7961 0.7686
v 0.11595 0.04593 -0.18657 0.6431 0.6577 0.6297
v 0.11872 0.04913 -0.17791 0.6137 0.6304 0.6235
v 0.11662 0.04947 -0.17142 0.6667 0.6882 0.6765
v 0.11775 0.04981 -0.16102 0.6569 0.6725 0.6686
v 0.11796 0.05079 -0.15257 0.7163 0.7373 0.7307
v 0.12026 0.05166 0.20186 0.1569 0.1882 0.2392
v 0.11595 0.04899 0.21245 0.1503 0.1765 0.2248
v 0.11749 0.04617 0.22021 0.2039 0.2340 0.2758
v 0.11751 0.04391 0.22746 0.1412 0.1725 0.2235
v 0.11860 0.05606 -0.14785 0.6915 0.7190 0.7137
v 0.11633 0.05645 -0.14542 0.7876 0.8205 0.8247
v 0.11472 0.05946 0.17271 0.2353 0.2706 0.3294
v 0.11626 0.05774 0.18122 0.1922 0.2314 0.2784
v 0.11865 0.05351 0.19710 0.1020 0.1412 0.1882
v 0.11445 0.05360 0.20143 0.1549 0.1922 0.2451
v 0.12101 0.06371 -0.14780 0.6275 0.6667 0.6745
v 0.11694 0.06412 -0.14550 0.7252 0.7580 0.7739
v 0.12009 0.06794 0.15401 0.1961 0.2314 0.2980
v 0.11700 0.06302 0.16049 0.2186 0.2569 0.3127
v 0.11505 0.06119 0.16577 0.2039 0.2392 0.2980
v 0.11673 0.07318 -0.14410 0.6716 0.7042 0.7160
v 0.11643 0.07776 -0.13789 0.7020 0.7333 0.7412
v 0.11654 0.07359 0.15355 0.2118 0.2471 0.3137
v 0.11769 0.07988 -0.13285 0.6314 0.6627 0.6706
v 0.11679 0.08351 -0.12487 0.6549 0.6828 0.6873
v 0.11640 0.08608 -0.11952 0.6686 0.7029 0.7010
v 0.11857 0.08508 0.14405 0.2108 0.2608 0.3235
v 0.11502 0.08215 0.14997 0.2216 0.2647 0.3294
v 0.11676 0.09099 -0.11671 0.6272 0.6625 0.6686
v 0.12113 0.09502 0.12833 0.1529 0.1882 0.2549
v 0.11729 0.09237 0.13266 0.1775 0.2235 0.2804
v 0.11661 0.08871 0.13891 0.1961 0.2471 0.3098
v 0.11581 0.09950 -0.11423 0.5165 0.5525 0.5718
v 0.11521 0.09946 0.12900 0.1559 0.1931 0.2343
v 0.11784 0.10200 0.13176 0.1249 0.1725 0.2162
v 0.11598 0.10848 -0.11432 0.5431 0.5750 0.5924
v 0.11672 0.10846 0.13341 0.0395 0.0680 0.0984
v 0.11637 0.11722 -0.11451 0.5691 0.6046 0.6127
v 0.11631 0.11668 0.13542 0.0742 0.1130 0.1476
v 0.11781 0.12576 -0.11509 0.3633 0.4404 0.4422
v 0.11362 0.12639 -0.11193 0.4336 0.4717 0.4941
v 0.11718 0.12543 0.13677 0.0941 0.1299 0.1681
v 0.11879 0.13186 -0.11355 0.3835 0.4643 0.4800
v 0.11632 0.13519 -0.11101 0.3113 0.3795 0.4039
v 0.11792 0.13313 0.13400 0.0922 0.1247 0.1690
v 0.11742 0.14250 -0.11091 0.2460 0.3028 0.3305
v 0.11774 0.14625 0.11854 0.0392 0.0667 0.1059
v 0.11452 0.14211 0.12683 0.0549 0.0876 0.1242
v 0.11715 0.15480 -0.11372 0.1863 0.2510 0.2676
v 0.11756 0.15117 -0.11148 0.2383 0.2863 0.3204
v 0.11978 0.15412 0.11061 0.0353 0.0706 0.1059
v 0.11549 0.15202 0.11653 0.0562 0.0869 0.1255
v 0.11771 0.15981 -0.11320 0.2225 0.2882 0.3152
v 0.11705 0.16081 -0.11149 0.3422 0.3922 0.4181
v 0.11469 0.16403 0.09524 0.0039 0.0078 0.0235
v 0.11537 0.16330 0.10052 0.0127 0.0353 0.0627
v 0.11831 0.16120 0.10859 0.0837 0.1242 0.1630
v 0.11478 0.16258 0.11678 0.0784 0.1127 0.1490
v 0.11692 0.16877 -0.11116 0.2314 0.2636 0.3076
v 0.11542 0.16926 0.09228 0.0192 0.0392 0.0667
v 0.11977 0.16730 0.09863 0.0667 0.1153 0.1529
v 0.11786 0.16614 0.10931 0.1020 0.1627 0.2020
v 0.11561 0.16790 0.11851 0.0992 0.1424 0.1812
v 0.11573 0.16880 0.12247 0.0810 0.1242 0.1614
v 0.11672 0.17766 -0.11088 0.2458 0.2756 0.3286
v 0.11756 0.17691 0.08944 0.0377 0.0740 0.1078
v 0.11701 0.18669 -0.11105 0.2788 0.3111 0.3539
v 0.11796 0.18639 0.08456 0.1627 0.2127 0.2794
v 0.11786 0.19521 -0.11037 0.1776 0.2101 0.2651
v 0.11701 0.19267 0.08214 0.1882 0.2369 0.3020
v 0.11597 0.20308 -0.11271 0.6706 0.6902 0.7196
v 0.11745 0.20275 -0.11047 0.2353 0.2658 0.3131
v 0.11953 0.20583 0.07710 0.1882 0.2353 0.2980
v 0.11618 0.19991 0.07969 0.1961 0.2431 0.3059
v 0.11568 0.21349 -0.11290 0.7569 0.7569 0.7647
v 0.11764 0.21289 -0.10995 0.2507 0.2839 0.3234
v 0.11923 0.21174 0.07650 0.1980 0.2490 0.3059
v 0.11416 0.21397 0.07975 0.1961 0.2431 0.3059
v 0.11694 0.22012 -0.10696 0.3650 0.3982 0.4361
v 0.12015 0.22211 -0.10136 0.1588 0.2000 0.2539
v 0.11776 0.22072 0.07406 0.1902 0.2399 0.2961
v 0.11562 0.22693 -0.09818 0.5882 0.6157 0.6392
v 0.11676 0.22790 -0.09139 0.6261 0.6562 0.6837
v 0.11533 0.23008 -0.08073 0.6549 0.6833 0.7029
v 0.11763 0.23145 -0.07331 0.4486 0.4973 0.5176
v 0.12034 0.23274 -0.06605 0.1765 0.2392 0.2980
v 0.11467 0.23022 0.06431 0.2294 0.2863 0.3490
v 0.11426 0.23711 -0.07222 0.2069 0.2627 0.3147
v 0.11778 0.23865 -0.06595 0.1986 0.2606 0.3127
v 0.11661 0.23962 0.05159 0.2196 0.2706 0.3373
v 0.12025 0.23395 0.05466 0.2196 0.2824 0.3451
v 0.11716 0.24610 -0.06450 0.2769 0.3318 0.3746
v 0.11835 0.24534 0.04600 0.2118 0.2627 0.3294
v 0.11575 0.25238 -0.06106 0.3020 0.3765 0.4039
v 0.11645 0.25409 -0.05738 0.1892 0.2510 0.2980
v 0.12036 0.25957 -0.04893 0.1020 0.1490 0.1961
v 0.11820 0.25585 0.03772 0.2144 0.2654 0.3320
v 0.11877 0.26811 -0.05334 0.0725 0.1196 0.1490
v 0.11632 0.26386 -0.04942 0.1229 0.1709 0.2124
v 0.11870 0.26485 0.03195 0.2131 0.2641 0.3281
v 0.11285 0.26521 0.03546 0.2196 0.2706 0.3373
v 0.11267 0.27536 -0.06726 0.2078 0.2941 0.3373
v 0.11639 0.27236 -0.05538 0.1255 0.1815 0.2339
v 0.11707 0.27405 0.03244 0.2020 0.2529 0.3157
v 0.11306 0.27158 0.03490 0.2157 0.2667 0.3294
v 0.11298 0.27735 -0.06841 0.1569 0.2314 0.2863
v 0.11441 0.27886 -0.05539 0.1176 0.1678 0.2196
v 0.11815 0.28289 -0.05021 0.1235 0.1892 0.2392
v 0.11578 0.28035 0.03339 0.2216 0.2725 0.3353
v 0.11346 0.28901 -0.05529 0.1216 0.1686 0.2157
v 0.11873 0.29065 -0.04707 0.1192 0.1773 0.2298
v 0.11718 0.28990 0.03194 0.2118 0.2627 0.3275
v 0.11333 0.30293 -0.06169 0.2510 0.2980 0.3529
v 0.11403 0.29925 -0.05672 0.1082 0.1584 0.2078
v 0.11850 0.29735 -0.04697 0.1069 0.1578 0.2088
v 0.11616 0.29747 0.03178 0.2245 0.2784 0.3422
v 0.11505 0.30733 -0.06097 0.2471 0.3137 0.3569
v 0.11539 0.30662 -0.05709 0.0902 0.1434 0.1930
v 0.11902 0.30641 -0.04839 0.0967 0.1464 0.1948
v 0.11528 0.30822 0.03163 0.2020 0.2510 0.3157
v 0.11570 0.31631 -0.05671 0.1416 0.1941 0.2463
v 0.12030 0.31636 -0.04930 0.0876 0.1412 0.1908
v 0.11784 0.31483 0.02995 0.2373 0.2882 0.3627
v 0.11524 0.32434 -0.05470 0.1333 0.1878 0.2376
v 0.11969 0.32548 -0.05106 0.0882 0.1353 0.1824
v 0.11892 0.32562 0.02963 0.2098 0.2667 0.3294
v 0.11650 0.33381 -0.05535 0.1129 0.1636 0.2143
v 0.11969 0.33010 -0.05169 0.1255 0.1725 0.2196
v 0.11643 0.33457 0.03121 0.1765 0.2275 0.2902
v 0.11548 0.34471 -0.06130 0.1490 0.1980 0.2373
v 0.11733 0.34085 -0.05801 0.0717 0.1199 0.1630
v 0.11682 0.34144 0.03025 0.2353 0.2863 0.3529
v 0.11671 0.35072 -0.06551 0.1346 0.1902 0.2275
v 0.11855 0.34940 0.02882 0.2275 0.2824 0.3569
v 0.11700 0.36063 -0.07091 0.1637 0.2222 0.2690
v 0.11948 0.35914 -0.06680 0.1417 0.2054 0.2588
v 0.12034 0.36158 -0.05849 0.1386 0.2013 0.2536
v 0.11778 0.35929 0.02910 0.1922 0.2431 0.3059
v 0.11512 0.36981 -0.07886 0.3471 0.3961 0.4510
v 0.11541 0.36750 -0.07407 0.2546 0.3145 0.3739
v 0.11736 0.36760 -0.06555 0.1460 0.2078 0.2858
v 0.11936 0.36811 -0.05695 0.1127 0.1745 0.2441
v 0.11992 0.37047 -0.05135 0.1784 0.2333 0.3020
v 0.11711 0.36794 0.02905 0.2294 0.2804 0.3431
v 0.11338 0.37345 -0.06547 0.2261 0.2837 0.3556
v 0.11531 0.37820 -0.05556 0.2039 0.2523 0.3183
v 0.11948 0.37606 -0.04794 0.1961 0.2392 0.3098
v 0.11762 0.37692 0.02869 0.2314 0.2824 0.3451
v 0.11522 0.38670 -0.05435 0.1710 0.2165 0.2824
v 0.11882 0.38562 -0.04805 0.1490 0.1961 0.2549
v 0.11479 0.38639 0.03064 0.2000 0.2510 0.3137
v 0.11271 0.39829 -0.06095 0.2000 0.2471 0.3098
v 0.11561 0.39369 -0.05499 0.1725 0.2157 0.2863
v 0.11952 0.39575 -0.04735 0.1608 0.2039 0.2745
v 0.11688 0.39475 0.02843 0.1902 0.2392 0.3020
v 0.11478 0.40346 -0.05771 0.1804 0.2235 0.2941
v 0.11923 0.40286 -0.04867 0.1804 0.2235 0.2941
v 0.12038 0.39934 0.02569 0.1882 0.2392 0.3020
v 0.11551 0.40616 0.02794 0.2078 0.2549 0.3176
v 0.11286 0.41205 -0.06218 0.1961 0.2431 0.3059
v 0.11564 0.41123 -0.05623 0.1637 0.2088 0.2716
v 0.12007 0.41139 -0.04788 0.1461 0.1941 0.2539
v 0.11778 0.41248 0.02633 0.2078 0.2549 0.3176
v 0.11394 0.42045 -0.06094 0.1961 0.2431 0.3059
v 0.11664 0.41997 -0.05526 0.1882 0.2314 0.3020
v 0.11878 0.41822 -0.05050 0.1686 0.2131 0.2810
v 0.11776 0.41915 0.02621 0.2039 0.2510 0.3137
v 0.11359 0.42926 -0.06229 0.2275 0.2706 0.3412
v 0.11723 0.42882 -0.05462 0.1699 0.2183 0.2824
v 0.12042 0.42698 -0.04836 0.2039 0.2510 0.3235
v 0.11614 0.42621 0.02690 0.2275 0.2784 0.3412
v 0.11358 0.43895 -0.06310 0.1569 0.2039 0.2614
v 0.11696 0.43699 -0.05616 0.1791 0.2235 0.2915
v 0.11940 0.44151 -0.05149 0.1373 0.1843 0.2471
v 0.11987 0.43819 0.02531 0.2294 0.2765 0.3392
v 0.11422 0.43830 0.02818 0.2157 0.2667 0.3412
v 0.11365 0.44596 -0.06430 0.2020 0.2510 0.3039
v 0.11690 0.44616 -0.05754 0.1922 0.2392 0.3020
v 0.12037 0.44627 -0.04894 0.1725 0.2013 0.2732
v 0.11956 0.44698 0.02488 0.2235 0.2745 0.3373
v 0.11380 0.44358 0.02862 0.2549 0.3059 0.3725
v 0.11436 0.45284 -0.06346 0.1935 0.2458 0.3033
v 0.11803 0.45479 -0.05580 0.1902 0.2333 0.3039
v 0.12113 0.45311 0.02317 0.2275 0.2745 0.3373
v 0.11332 0.45184 0.02773 0.2118 0.2627 0.3294
v 0.11409 0.46350 -0.06413 0.3087 0.3445 0.3916
v 0.11908 0.46340 -0.05426 0.1608 0.2039 0.2745
v 0.12085 0.46473 -0.05058 0.1529 0.2000 0.2627
v 0.11894 0.46242 0.02352 0.2118 0.2627 0.3255
v 0.11323 0.46706 0.02666 0.2314 0.2745 0.3451
v 0.11491 0.47305 -0.06291 0.2324 0.2745 0.3314
v 0.11819 0.47203 -0.05614 0.1718 0.2188 0.2816
v 0.12063 0.47592 -0.05124 0.2157 0.2627 0.3255
v 0.11592 0.47379 0.02473 0.1882 0.2353 0.2980
v 0.11433 0.48234 -0.06437 0.3598 0.3980 0.4441
v 0.11857 0.48205 -0.05577 0.1843 0.2294 0.2961
v 0.11534 0.48998 -0.06328 0.1941 0.2392 0.2941
v 0.11796 0.48878 -0.05768 0.1765 0.2235 0.2863
v 0.11712 0.48533 0.02383 0.2431 0.2941 0.3569
v 0.11497 0.49817 -0.06462 0.4242 0.4510 0.4863
v 0.11930 0.49770 -0.05593 0.1618 0.2147 0.2755
v 0.11579 0.49602 0.02438 0.2176 0.2608 0.3314
v 0.11535 0.50741 -0.06405 0.4294 0.4556 0.4810
v 0.11976 0.50627 -0.05574 0.2105 0.2614 0.3268
v 0.11688 0.50672 0.02387 0.2255 0.2725 0.3392
v 0.11567 0.51589 -0.06391 0.4346 0.4647 0.4961
v 0.12003 0.51668 -0.05559 0.2431 0.2941 0.3660
v 0.11359 0.51545 0.02526 0.2235 0.2745 0.3412
v 0.11525 0.52501 -0.06472 0.5176 0.5346 0.5595
v 0.11925 0.52313 -0.05732 0.2268 0.2771 0.3418
v 0.11548 0.52456 0.02326 0.2078 0.2588 0.3216
v 0.11550 0.53202 -0.06451 0.5250 0.5485 0.5794
v 0.11933 0.53316 -0.05872 0.2039 0.2608 0.3255
v 0.11673 0.53309 0.02233 0.2196 0.2693 0.3320
v 0.11612 0.54308 -0.06398 0.5085 0.5301 0.5627
v 0.12099 0.54078 -0.05518 0.2039 0.2627 0.3373
v 0.11516 0.54253 0.02303 0.2275 0.2784 0.3412
v 0.11653 0.55026 -0.06477 0.4660 0.4843 0.5235
v 0.12047 0.54890 -0.05798 0.1739 0.2222 0.2915
v 0.11892 0.55095 0.02036 0.2196 0.2627 0.3333
v 0.11815 0.55867 -0.06470 0.3669 0.4073 0.4622
v 0.12117 0.56284 -0.05963 0.2078 0.2549 0.3412
v 0.11361 0.56073 0.02283 0.2118 0.2549 0.3255
v 0.11699 0.56582 -0.06475 0.5039 0.5379 0.5732
v 0.11750 0.56869 0.02024 0.2196 0.2627 0.3333
v 0.11730 0.57573 -0.06331 0.4162 0.4459 0.4852
v 0.12095 0.57747 -0.05840 0.1725 0.2235 0.2902
v 0.11782 0.57777 0.02068 0.1961 0.2431 0.3020
v 0.11892 0.58879 -0.07002 0.8039 0.8235 0.8392
v 0.11735 0.58458 -0.06488 0.4107 0.4416 0.4727
v 0.12112 0.58247 -0.06053 0.1294 0.1765 0.2314
v 0.11739 0.58388 0.02231 0.1892 0.2265 0.2775
v 0.11947 0.59374 -0.06992 0.6510 0.6719 0.6987
v 0.11636 0.59401 -0.06636 0.7876 0.7928 0.7980
v 0.11646 0.59342 0.02361 0.2118 0.2588 0.3281
v 0.12074 0.60263 -0.07091 0.2745 0.3078 0.3471
v 0.11718 0.60198 -0.06680 0.6255 0.6373 0.6516
v 0.11712 0.60059 0.02453 0.1843 0.2314 0.2863
v 0.11908 0.61404 -0.08105 0.3542 0.3908 0.4118
v 0.11728 0.60951 -0.07342 0.2740 0.3127 0.3598
v 0.11601 0.61062 0.03022 0.2020 0.2373 0.2863
v 0.11718 0.61860 -0.08112 0.7459 0.7608 0.7561
v 0.11295 0.61574 -0.07751 0.1922 0.2196 0.2588
v 0.11815 0.61659 0.03348 0.1686 0.2039 0.2392
v 0.11577 0.61898 0.03613 0.2049 0.2402 0.2853
v 0.11823 0.62838 -0.07904 0.5314 0.5699 0.6078
v 0.11455 0.62860 -0.07709 0.4765 0.5098 0.5255
v 0.12125 0.63046 0.03296 0.2549 0.2941 0.3412
v 0.11678 0.62784 0.03725 0.1902 0.2275 0.2647
v 0.11795 0.63653 -0.07385 0.5059 0.5641 0.6327
v 0.11860 0.64482 -0.06553 0.5418 0.5660 0.5908
v 0.11609 0.64497 0.02059 0.2529 0.2971 0.3608
v 0.11652 0.65268 -0.06291 0.7569 0.7784 0.7765
v 0.11647 0.65605 0.01511 0.2392 0.2824 0.3529
v 0.11549 0.65044 0.01774 0.2392 0.2863 0.3490
v 0.11774 0.66298 -0.05835 0.8105 0.8353 0.8405
v 0.11762 0.66183 0.01235 0.2641 0.3176 0.3987
v 0.11772 0.67076 -0.05392 0.6957 0.7373 0.7694
v 0.12076 0.67461 -0.04949 0.3373 0.4235 0.5137
v 0.11978 0.67312 0.00685 0.2118 0.2706 0.3431
v 0.11406 0.67166 0.01067 0.2686 0.3353 0.4137
v 0.11812 0.68026 -0.04621 0.4758 0.5373 0.5935
v 0.11797 0.67931 0.00405 0.2471 0.3137 0.3922
v 0.11663 0.68980 -0.03904 0.3657 0.4235 0.4804
v 0.11769 0.68902 -0.00210 0.1471 0.1961 0.2529
v 0.11400 0.69816 -0.03678 0.2137 0.2882 0.3569
v 0.11889 0.69913 -0.03159 0.2196 0.2882 0.3627
v 0.11585 0.69836 -0.00387 0.1072 0.1556 0.2065
v 0.11429 0.70941 -0.03609 0.2667 0.3686 0.4196
v 0.11853 0.70480 -0.03213 0.2185 0.2930 0.3641
v 0.11649 0.70580 -0.00439 0.1161 0.1780 0.2486
v 0.11562 0.71647 -0.03654 0.3503 0.4431 0.4863
v 0.11972 0.71499 -0.03214 0.2098 0.2882 0.3569
v 0.11608 0.71525 -0.00490 0.0951 0.1588 0.2216
v 0.11478 0.72318 -0.03629 0.3108 0.3902 0.4441
v 0.11930 0.72340 -0.03370 0.2824 0.3621 0.4209
v 0.11954 0.72380 -0.00980 0.1078 0.1569 0.2196
v 0.11385 0.72352 -0.00629 0.1059 0.1627 0.2255
v 0.11760 0.73382 -0.03542 0.2431 0.3137 0.3616
v 0.11410 0.73391 -0.03406 0.3235 0.4118 0.4608
v 0.11623 0.73243 -0.01183 0.0654 0.1163 0.1725
v 0.11822 0.74126 -0.03582 0.5046 0.6065 0.6549
v 0.11376 0.74025 -0.03152 0.4719 0.5673 0.6092
v 0.11270 0.74359 -0.01762 0.0941 0.1647 0.2588
v 0.11623 0.74180 -0.01585 0.0928 0.1673 0.2418
v 0.12045 0.74947 -0.03606 0.5739 0.6797 0.7046
v 0.11569 0.75007 -0.03232 0.6033 0.7020 0.7261
v 0.11281 0.74874 -0.01816 0.0902 0.1765 0.2667
v 0.11732 0.75012 -0.01535 0.1137 0.2078 0.2804
v 0.11610 0.75782 -0.03143 0.4915 0.5863 0.6288
v 0.11688 0.75880 -0.01483 0.1431 0.2314 0.3078
v 0.12055 0.76561 -0.03591 0.3627 0.4686 0.5000
v 0.11506 0.76701 -0.03158 0.4180 0.5176 0.5545
v 0.11704 0.76749 -0.01449 0.1422 0.2324 0.3059
v 0.12070 0.77910 -0.04516 0.3765 0.4902 0.5216
v 0.11853 0.77564 -0.03726 0.3000 0.3967 0.4301
v 0.11516 0.77462 -0.03290 0.4314 0.5359 0.5712
v 0.11649 0.77564 -0.01422 0.1284 0.2108 0.2735
v 0.11844 0.78546 -0.04846 0.4447 0.5498 0.5741
v 0.11556 0.78380 -0.03963 0.2683 0.3843 0.4174
v 0.11366 0.78387 -0.03277 0.2706 0.3892 0.4108
v 0.11770 0.78388 -0.01322 0.1072 0.1830 0.2392
v 0.11987 0.79355 -0.05412 0.1542 0.2209 0.2601
v 0.11549 0.79133 -0.04940 0.4059 0.5064 0.5309
v 0.11278 0.78943 -0.03601 0.2824 0.3922 0.4392
v 0.11615 0.79304 -0.01204 0.1346 0.2157 0.2758
v 0.11991 0.80344 -0.06198 0.3235 0.4882 0.7275
v 0.11619 0.80106 -0.05564 0.3286 0.4396 0.4804
v 0.11406 0.79776 -0.05117 0.0667 0.1333 0.1608
v 0.11786 0.80120 -0.01174 0.1343 0.2176 0.2804
v 0.11856 0.80996 -0.06284 0.3281 0.4928 0.7634
v 0.11505 0.80903 -0.05813 0.3712 0.5307 0.7333
v 0.11706 0.80900 -0.01168 0.1245 0.2049 0.2657
v 0.11883 0.81954 -0.06328 0.3137 0.4816 0.7529
v 0.11414 0.81887 -0.05832 0.3320 0.4719 0.6562
v 0.11716 0.81866 -0.01083 0.1157 0.1912 0.2490
v 0.12050 0.82692 -0.06374 0.2931 0.4078 0.5980
v 0.11615 0.82746 -0.05694 0.1310 0.2196 0.2847
v 0.11705 0.82643 -0.01161 0.1307 0.2131 0.2784
v 0.12123 0.83880 -0.08801 0.3275 0.4765 0.7098
v 0.12109 0.83883 -0.08158 0.3216 0.4745 0.7294
v 0.11999 0.83883 -0.07210 0.3235 0.4843 0.7353
v 0.12019 0.83645 -0.06432 0.3537 0.5067 0.7106
v 0.11912 0.83691 -0.05682 0.1471 0.2373 0.3320
v 0.11397 0.83461 -0.05078 0.1294 0.2078 0.2667
v 0.11633 0.83589 -0.01185 0.1042 0.1731 0.2375
v 0.11995 0.84418 -0.08932 0.3431 0.4850 0.7157
v 0.11800 0.84745 -0.07918 0.3216 0.4706 0.7255
v 0.11731 0.84594 -0.07262 0.3320 0.4810 0.6654
v 0.11544 0.84600 -0.06542 0.3616 0.4816 0.5718
v 0.11704 0.84435 -0.05625 0.3676 0.4738 0.5387
v 0.11525 0.84546 -0.05018 0.3627 0.4598 0.4843
v 0.11630 0.84435 -0.00978 0.1176 0.1843 0.2444
v 0.11841 0.84686 -0.00849 0.0941 0.1608 0.2235
v 0.11761 0.85497 -0.09227 0.3657 0.4951 0.6951
v 0.11568 0.85399 -0.08211 0.3341 0.4863 0.7396
v 0.11489 0.85247 -0.07447 0.3244 0.4504 0.5602
v 0.11417 0.85468 -0.06477 0.4314 0.5412 0.5588
v 0.11673 0.85335 -0.05543 0.4758 0.5876 0.5987
v 0.11534 0.85316 -0.05079 0.5007 0.6078 0.6222
v 0.11809 0.85312 -0.01005 0.1324 0.2176 0.2814
v 0.11433 0.86460 -0.09566 0.1922 0.3137 0.4863
v 0.11365 0.86101 -0.09083 0.3412 0.4824 0.7242
v 0.11308 0.86009 -0.08210 0.3392 0.4882 0.7039
v 0.11511 0.86231 -0.06357 0.3167 0.4343 0.4412
v 0.11509 0.86291 -0.05607 0.3392 0.4444 0.4444
v 0.11402 0.86036 -0.05142 0.3784 0.4686 0.4725
v 0.11532 0.86265 -0.01497 0.1294 0.2216 0.2843
v 0.11557 0.87098 -0.09385 0.1961 0.2902 0.4000
v 0.11414 0.86993 -0.06460 0.3288 0.4373 0.4359
v 0.11336 0.87122 -0.05746 0.5275 0.6294 0.6353
v 0.11789 0.87234 -0.01964 0.1333 0.2333 0.3059
v 0.11855 0.86677 -0.01664 0.1216 0.2235 0.2902
v 0.11945 0.87741 -0.08954 0.0771 0.1608 0.2549
v 0.11626 0.87963 -0.02080 0.0926 0.1833 0.2446
v 0.11371 0.88404 -0.09533 0.1176 0.1961 0.2902
v 0.11579 0.88847 -0.08950 0.1980 0.3039 0.3686
v 0.11313 0.89226 -0.08149 0.3098 0.4078 0.4275
v 0.11872 0.88669 -0.01857 0.0804 0.1706 0.2510
v 0.11513 0.88873 -0.01564 0.1255 0.2261 0.2732
v 0.11492 0.89630 -0.09085 0.2878 0.4031 0.5443
v 0.11374 0.89641 -0.08100 0.3067 0.4000 0.4243
v 0.11726 0.89656 -0.01178 0.0993 0.2026 0.2889
v 0.11478 0.90652 -0.09002 0.4052 0.5477 0.7660
v 0.11791 0.90504 -0.08249 0.3392 0.4637 0.6275
v 0.11997 0.90204 -0.00913 0.4020 0.5392 0.7588
v 0.11590 0.90469 -0.00539 0.3524 0.4840 0.6874
v 0.11894 0.91281 0.00090 0.3673 0.5046 0.7268
v 0.12379 0.02309 -0.30786 0.5892 0.6206 0.6206
v 0.12549 0.02451 -0.29961 0.6176 0.6431 0.6529
v 0.12175 0.02567 -0.28950 0.6667 0.6980 0.7098
v 0.12942 0.02566 -0.28391 0.6314 0.6510 0.6627
v 0.12480 0.02564 -0.26966 0.5176 0.5529 0.5804
v 0.12542 0.02546 -0.25008 0.6627 0.6980 0.6941
v 0.12507 0.02635 -0.23451 0.6588 0.6824 0.6745
v 0.12823 0.02659 -0.22883 0.7059 0.7229 0.6967
v 0.12497 0.03155 -0.22160 0.6147 0.6248 0.6072
v 0.12399 0.03391 -0.21363 0.6810 0.7072 0.6902
v 0.12714 0.03604 -0.20992 0.5208 0.5412 0.5310
v 0.12511 0.03910 -0.20415 0.6549 0.6725 0.6593
v 0.12522 0.04218 -0.19598 0.6402 0.6559 0.6324
v 0.12773 0.04289 0.22105 0.1294 0.1647 0.2000
v 0.12533 0.04227 0.22794 0.1324 0.1676 0.2029
v 0.12667 0.03996 0.23735 0.6078 0.6314 0.6235
v 0.12553 0.03952 0.24631 0.6118 0.6314 0.6078
v 0.12897 0.03893 0.27362 0.1412 0.1569 0.1922
v 0.12498 0.03920 0.28403 0.1412 0.1569 0.2039
v 0.12444 0.03835 0.31183 0.1765 0.2118 0.2471
v 0.12771 0.04550 -0.19291 0.7085 0.7268 0.7098
v 0.12458 0.04614 -0.18826 0.7137 0.7333 0.7124
v 0.12727 0.04765 -0.18038 0.5333 0.5569 0.5569
v 0.12551 0.04798 -0.16854 0.5843 0.6000 0.6000
v 0.12421 0.04858 -0.16230 0.4843 0.5039 0.5059
v 0.12668 0.05006 -0.15263 0.6657 0.6853 0.6814
v 0.12628 0.05180 -0.14710 0.6235 0.6392 0.6353
v 0.12428 0.05164 0.19791 0.1490 0.1882 0.2353
v 0.12506 0.04941 0.20360 0.1529 0.1843 0.2353
v 0.12543 0.04667 0.21095 0.1320 0.1621 0.2039
v 0.12591 0.04410 0.21878 0.1255 0.1490 0.1961
v 0.12571 0.05746 -0.14779 0.6521 0.6840 0.6969
v 0.12496 0.05646 -0.14629 0.5498 0.5757 0.5969
v 0.12840 0.05977 0.16018 0.1882 0.2235 0.2902
v 0.12516 0.05598 0.17830 0.1706 0.2137 0.2569
v 0.12161 0.05510 0.18765 0.1686 0.2078 0.2549
v 0.12550 0.05259 0.19333 0.1431 0.1824 0.2216
v 0.12536 0.06581 -0.14785 0.5172 0.5551 0.5752
v 0.12528 0.06518 -0.14638 0.4697 0.5059 0.5333
v 0.12485 0.06507 0.15351 0.1627 0.2059 0.2706
v 0.12375 0.07131 -0.14785 0.5676 0.6000 0.6235
v 0.12614 0.07384 -0.14400 0.6625 0.6959 0.7080
v 0.12499 0.07263 0.14937 0.1869 0.2261 0.2915
v 0.12458 0.07924 -0.13356 0.7765 0.8108 0.8098
v 0.12466 0.08340 -0.12552 0.7608 0.7927 0.7894
v 0.12317 0.08659 -0.12013 0.8471 0.8706 0.8627
v 0.12908 0.08544 0.13672 0.1961 0.2431 0.3059
v 0.12439 0.08287 0.14338 0.2118 0.2529 0.3176
v 0.12783 0.08787 -0.12208 0.7856 0.8065 0.7908
v 0.12494 0.09163 -0.11915 0.8004 0.8267 0.8207
v 0.12677 0.09200 0.12856 0.1627 0.1980 0.2647
v 0.12336 0.08822 0.13580 0.1961 0.2373 0.3020
v 0.12661 0.09996 -0.11826 0.7042 0.7418 0.7529
v 0.12540 0.09895 0.12760 0.1424 0.1753 0.2220
v 0.12368 0.10203 0.13128 0.1190 0.1621 0.1908
v 0.12461 0.10838 -0.11730 0.7235 0.7516 0.7595
v 0.12896 0.10809 0.12884 0.0745 0.1020 0.1333
v 0.12483 0.10947 0.13278 0.0739 0.1014 0.1328
v 0.12601 0.11778 -0.11773 0.7048 0.7451 0.7406
v 0.12988 0.12039 0.12872 0.0510 0.0784 0.1176
v 0.12562 0.11689 0.13281 0.0710 0.0961 0.1314
v 0.12375 0.12464 -0.11486 0.1383 0.2029 0.2296
v 0.12632 0.12783 -0.10980 0.1477 0.2118 0.2471
v 0.12446 0.12555 0.13317 0.0650 0.0936 0.1322
v 0.12540 0.13442 -0.10925 0.1352 0.1937 0.2254
v 0.12660 0.13440 0.12641 0.0843 0.1103 0.1529
v 0.12320 0.13070 0.13271 0.0549 0.0824 0.1216
v 0.12567 0.14329 -0.10899 0.1969 0.2503 0.2808
v 0.12581 0.14235 0.11823 0.0824 0.1129 0.1545
v 0.12202 0.14029 0.12277 0.0784 0.1039 0.1471
v 0.12452 0.15218 -0.10803 0.0748 0.1167 0.1529
v 0.12547 0.15153 0.10949 0.0595 0.0935 0.1301
v 0.12300 0.14783 0.11385 0.0647 0.0941 0.1353
v 0.12761 0.16097 -0.11351 0.1725 0.2353 0.2601
v 0.12584 0.15963 -0.11053 0.0893 0.1318 0.1656
v 0.12600 0.16200 0.10284 0.0725 0.1127 0.1510
v 0.12400 0.15956 0.10461 0.0647 0.0980 0.1373
v 0.12521 0.16623 -0.11319 0.4029 0.4735 0.5010
v 0.12558 0.16879 -0.11091 0.1915 0.2356 0.2709
v 0.12469 0.16977 0.09918 0.0919 0.1521 0.1956
v 0.12496 0.17852 -0.11024 0.2042 0.2549 0.2765
v 0.12586 0.17875 0.09181 0.1070 0.1552 0.1983
v 0.12836 0.17491 0.09591 0.0824 0.1412 0.1882
v 0.12608 0.18792 -0.11383 0.1206 0.1745 0.2015
v 0.12549 0.18564 -0.11120 0.1642 0.2186 0.2429
v 0.12288 0.18781 0.08590 0.1608 0.2059 0.2608
v 0.12660 0.18573 0.09040 0.1129 0.1514 0.1937
v 0.12949 0.18555 0.09606 0.0928 0.1399 0.1739
v 0.12639 0.19302 -0.11359 0.2248 0.2824 0.3046
v 0.12531 0.19523 -0.11064 0.2510 0.3061 0.3310
v 0.12556 0.19837 0.07679 0.1778 0.2248 0.2876
v 0.12453 0.19366 0.08292 0.1709 0.2179 0.2762
v 0.12863 0.19118 0.08949 0.1353 0.1902 0.2373
v 0.12592 0.20323 -0.10785 0.1341 0.1749 0.2200
v 0.12466 0.20249 0.07503 0.1817 0.2288 0.2915
v 0.12639 0.21279 -0.10557 0.0671 0.1155 0.1664
v 0.12616 0.21263 0.07219 0.1935 0.2458 0.3007
v 0.12604 0.21759 -0.10497 0.1245 0.1696 0.2363
v 0.12525 0.22005 -0.10194 0.1484 0.1954 0.2562
v 0.12607 0.22285 -0.09185 0.2013 0.2484 0.2915
v 0.12864 0.22284 -0.08562 0.1843 0.2392 0.2824
v 0.12535 0.22332 0.06601 0.1824 0.2373 0.2882
v 0.12608 0.21921 0.06949 0.1922 0.2471 0.2980
v 0.12187 0.22568 -0.09036 0.5686 0.6039 0.6314
v 0.12340 0.22627 -0.08340 0.6157 0.6327 0.6458
v 0.12419 0.22851 -0.07450 0.6706 0.7078 0.7059
v 0.12470 0.23108 -0.06804 0.5072 0.5582 0.5778
v 0.12807 0.23064 0.05314 0.2314 0.2980 0.3686
v 0.12220 0.22784 0.06229 0.2118 0.2627 0.3255
v 0.12598 0.23779 -0.06403 0.5974 0.6451 0.6732
v 0.12458 0.23703 0.04789 0.1908 0.2418 0.3059
v 0.12584 0.24578 -0.06299 0.6141 0.6561 0.6671
v 0.12783 0.24757 0.03839 0.1941 0.2510 0.3157
v 0.12422 0.25234 -0.06108 0.2641 0.3425 0.3830
v 0.12505 0.25379 -0.05811 0.1382 0.2108 0.2569
v 0.12658 0.25797 -0.04948 0.1010 0.1578 0.2078
v 0.12694 0.25432 0.03362 0.1980 0.2549 0.3176
v 0.12466 0.26772 -0.05344 0.0451 0.0804 0.1118
v 0.12513 0.26422 -0.04933 0.0774 0.1255 0.1647
v 0.12974 0.26767 0.02533 0.1961 0.2392 0.3098
v 0.12554 0.26294 0.02836 0.2170 0.2680 0.3359
v 0.12560 0.27202 -0.05331 0.1540 0.2118 0.2578
v 0.12779 0.27665 -0.05184 0.5804 0.6196 0.6275
v 0.12589 0.27244 0.02702 0.2078 0.2523 0.3203
v 0.12577 0.28148 -0.04860 0.2010 0.2711 0.3196
v 0.12777 0.28126 0.02598 0.2000 0.2431 0.3137
v 0.12230 0.28009 0.02936 0.2157 0.2667 0.3333
v 0.12421 0.28622 -0.04410 0.2608 0.3451 0.3902
v 0.12540 0.29105 -0.03952 0.1298 0.1908 0.2383
v 0.12912 0.28872 0.02518 0.2059 0.2490 0.3196
v 0.12380 0.28973 0.02815 0.2039 0.2549 0.3176
v 0.12414 0.29941 -0.03826 0.0882 0.1373 0.1824
v 0.12806 0.29830 -0.03452 0.0588 0.0980 0.1373
v 0.12923 0.30310 0.02455 0.1882 0.2314 0.3020
v 0.12495 0.30033 0.02680 0.2026 0.2471 0.3150
v 0.12135 0.31181 -0.04543 0.0941 0.1490 0.2000
v 0.12531 0.30659 -0.03825 0.0715 0.1137 0.1542
v 0.12845 0.30963 0.02447 0.2059 0.2490 0.3196
v 0.12358 0.30881 0.02700 0.2000 0.2431 0.3137
v 0.12342 0.31821 -0.04560 0.0745 0.1245 0.1686
v 0.12673 0.31709 -0.03951 0.0672 0.1076 0.1479
v 0.12494 0.31709 0.02594 0.2157 0.2667 0.3294
v 0.12498 0.32563 -0.04660 0.0974 0.1477 0.1935
v 0.12881 0.32429 -0.04246 0.0569 0.0961 0.1353
v 0.12766 0.32519 0.02476 0.1882 0.2392 0.3020
v 0.12298 0.32750 0.02745 0.2078 0.2588 0.3216
v 0.12555 0.33414 -0.05389 0.2125 0.2984 0.3357
v 0.12573 0.33092 -0.05062 0.0614 0.1046 0.1425
v 0.12664 0.33222 0.02526 0.1647 0.2137 0.2765
v 0.12187 0.33400 0.02808 0.1549 0.2059 0.2686
v 0.12134 0.34581 -0.06189 0.0824 0.1294 0.1843
v 0.12574 0.34254 -0.05637 0.0873 0.1447 0.1971
v 0.12424 0.34255 0.02584 0.2196 0.2706 0.3333
v 0.12356 0.35103 -0.06427 0.1105 0.1647 0.2157
v 0.12620 0.35099 -0.05587 0.0778 0.1301 0.1863
v 0.12656 0.35205 -0.04876 0.1167 0.1755 0.2333
v 0.12869 0.35253 -0.04105 0.1549 0.2216 0.2882
v 0.12869 0.35180 0.02291 0.2078 0.2392 0.3137
v 0.12232 0.35713 -0.06439 0.0961 0.1569 0.2118
v 0.12222 0.36001 -0.05547 0.0523 0.1026 0.1595
v 0.12304 0.36051 -0.04956 0.1288 0.1882 0.2569
v 0.12404 0.35996 -0.03947 0.1676 0.2245 0.2961
v 0.12677 0.35891 -0.03075 0.1856 0.2497 0.3137
v 0.12638 0.36248 0.02402 0.1961 0.2471 0.3098
v 0.12200 0.35625 0.02671 0.1765 0.2275 0.2902
v 0.12197 0.36502 -0.05330 0.0765 0.1333 0.1961
v 0.12215 0.36703 -0.04709 0.1627 0.2225 0.2902
v 0.12324 0.36605 -0.03987 0.1873 0.2471 0.3225
v 0.12690 0.36689 -0.03099 0.2092 0.2706 0.3438
v 0.12495 0.37238 0.02432 0.2353 0.2863 0.3490
v 0.12148 0.38042 -0.04395 0.1725 0.2196 0.2824
v 0.12415 0.37491 -0.03809 0.1745 0.2255 0.3000
v 0.12808 0.37642 -0.03084 0.1765 0.2275 0.2965
v 0.12588 0.37744 0.02370 0.2301 0.2810 0.3438
v 0.12492 0.38587 -0.03799 0.1435 0.1937 0.2588
v 0.12810 0.38499 -0.03152 0.1582 0.2105 0.2706
v 0.12662 0.38735 0.02271 0.1373 0.1882 0.2510
v 0.12145 0.38444 0.02614 0.2235 0.2745 0.3373
v 0.12193 0.39780 -0.04336 0.1725 0.2157 0.2863
v 0.12424 0.39431 -0.03889 0.1945 0.2439 0.3153
v 0.12767 0.39415 -0.03236 0.2157 0.2588 0.3373
v 0.12788 0.39555 0.02155 0.1804 0.2275 0.2902
v 0.12456 0.40321 -0.03794 0.2078 0.2565 0.3231
v 0.12818 0.40209 -0.03127 0.2382 0.2951 0.3598
v 0.12365 0.40607 0.02327 0.1961 0.2431 0.3059
v 0.12276 0.41248 -0.04382 0.1725 0.2235 0.2863
v 0.12609 0.40991 -0.03691 0.1961 0.2471 0.3111
v 0.12853 0.41165 -0.03273 0.2255 0.2765 0.3412
v 0.12381 0.41375 0.02332 0.1961 0.2431 0.3059
v 0.12210 0.42020 -0.04527 0.2235 0.2745 0.3412
v 0.12551 0.42186 -0.03905 0.2353 0.2892 0.3588
v 0.12989 0.42422 -0.03114 0.2431 0.3059 0.3686
v 0.12362 0.41953 0.02342 0.2108 0.2569 0.3216
v 0.12499 0.42766 -0.03994 0.2314 0.2824 0.3529
v 0.12890 0.43271 -0.03320 0.2078 0.2588 0.3216
v 0.12645 0.43006 0.02170 0.2275 0.2667 0.3353
v 0.12222 0.43912 -0.04613 0.1595 0.1922 0.2601
v 0.12628 0.43900 -0.03906 0.1882 0.2275 0.2876
v 0.12914 0.43740 -0.03326 0.2000 0.2431 0.3039
v 0.12624 0.43954 0.02186 0.2340 0.2693 0.3359
v 0.12269 0.44596 -0.04501 0.1895 0.2261 0.2967
v 0.12645 0.44473 -0.03903 0.2131 0.2510 0.3190
v 0.12651 0.44562 0.02117 0.2444 0.2889 0.3529
v 0.12329 0.45551 -0.04527 0.1647 0.2176 0.2706
v 0.12650 0.45300 -0.03897 0.2196 0.2667 0.3294
v 0.12775 0.45565 0.01919 0.2000 0.2471 0.3098
v 0.12211 0.46146 -0.04794 0.1745 0.2196 0.2863
v 0.12706 0.46355 -0.03916 0.2284 0.2716 0.3422
v 0.12945 0.46337 0.01761 0.1843 0.2196 0.2784
v 0.12335 0.47199 -0.04681 0.1971 0.2402 0.3039
v 0.12803 0.47211 -0.03808 0.2304 0.2735 0.3392
v 0.12995 0.46796 -0.03456 0.1608 0.1961 0.2549
v 0.12346 0.47169 0.02046 0.1765 0.2235 0.2863
v 0.12263 0.47827 -0.04837 0.2078 0.2392 0.3137
v 0.12713 0.48284 -0.03986 0.2235 0.2706 0.3431
v 0.12941 0.48395 0.01682 0.2039 0.2510 0.3137
v 0.12471 0.47892 0.01958 0.2078 0.2549 0.3176
v 0.12352 0.48867 -0.04689 0.1987 0.2444 0.3124
v 0.12960 0.49324 -0.03531 0.1922 0.2431 0.3059
v 0.12482 0.49047 0.01916 0.2118 0.2588 0.3216
v 0.12359 0.49740 -0.04769 0.1716 0.2206 0.2784
v 0.12810 0.50030 -0.03930 0.1895 0.2392 0.3007
v 0.12907 0.49637 0.01660 0.1922 0.2392 0.3020
v 0.12467 0.49791 0.01900 0.1882 0.2353 0.2980
v 0.12383 0.50756 -0.04811 0.1856 0.2353 0.3007
v 0.12724 0.50653 -0.04133 0.2458 0.3007 0.3660
v 0.12945 0.50289 0.01653 0.1961 0.2471 0.3098
v 0.12412 0.50609 0.01943 0.2137 0.2647 0.3294
v 0.12175 0.51311 -0.05261 0.2196 0.2706 0.3333
v 0.12430 0.51546 -0.04779 0.1859 0.2376 0.3020
v 0.12968 0.51769 -0.03689 0.2157 0.2824 0.3529
v 0.12345 0.51711 0.01934 0.2196 0.2706 0.3333
v 0.12159 0.52845 -0.05239 0.1922 0.2431 0.3098
v 0.12433 0.52337 -0.04800 0.2173 0.2690 0.3349
v 0.12798 0.52511 -0.04015 0.1882 0.2392 0.3059
v 0.12290 0.52645 0.01897 0.2020 0.2490 0.3118
v 0.12196 0.53545 -0.05335 0.1686 0.2176 0.2824
v 0.12482 0.53290 -0.04816 0.2065 0.2693 0.3405
v 0.12837 0.53344 -0.04092 0.2288 0.2902 0.3712
v 0.12643 0.53312 0.01682 0.2078 0.2549 0.3216
v 0.12197 0.53597 0.01948 0.2314 0.2824 0.3451
v 0.12399 0.54098 -0.04942 0.2055 0.2596 0.3349
v 0.12989 0.54282 -0.03803 0.1922 0.2510 0.3333
v 0.12442 0.54302 0.01782 0.2431 0.2941 0.3686
v 0.12205 0.54977 -0.05349 0.1725 0.2209 0.2915
v 0.12429 0.54974 -0.04904 0.1820 0.2329 0.3059
v 0.12845 0.55213 -0.04055 0.1431 0.1941 0.2706
v 0.12723 0.55185 0.01573 0.2039 0.2392 0.3059
v 0.12253 0.55957 -0.05564 0.1902 0.2490 0.3275
v 0.12551 0.55900 -0.04726 0.1951 0.2500 0.3284
v 0.12894 0.56020 -0.04111 0.2157 0.2745 0.3569
v 0.12786 0.56203 0.01471 0.2118 0.2549 0.3255
v 0.12190 0.55753 0.01833 0.2118 0.2549 0.3255
v 0.12225 0.57005 -0.05586 0.1961 0.2431 0.3294
v 0.12539 0.56595 -0.04783 0.1784 0.2333 0.3078
v 0.12869 0.57112 -0.04211 0.2039 0.2627 0.3451
v 0.12623 0.56948 0.01557 0.2137 0.2569 0.3275
v 0.12625 0.57626 -0.04712 0.1961 0.2510 0.3239
v 0.12959 0.57670 0.01465 0.1804 0.2275 0.2824
v 0.12347 0.57701 0.01788 0.2039 0.2431 0.3078
v 0.12201 0.58695 -0.06174 0.1765 0.2353 0.3098
v 0.12323 0.58426 -0.05603 0.1882 0.2275 0.2961
v 0.12648 0.58442 -0.04891 0.1621 0.2092 0.2732
v 0.12899 0.58337 0.01655 0.1784 0.2216 0.2765
v 0.12399 0.58479 0.01917 0.1974 0.2379 0.2941
v 0.12231 0.59417 -0.06493 0.1672 0.2147 0.2824
v 0.12458 0.59433 -0.05628 0.1503 0.2052 0.2732
v 0.12774 0.59375 -0.04855 0.1765 0.2301 0.3033
v 0.12523 0.59605 0.01914 0.2098 0.2549 0.3216
v 0.12284 0.60467 -0.06961 0.1490 0.1804 0.2235
v 0.12398 0.60167 -0.06486 0.1363 0.1775 0.2363
v 0.12728 0.60300 -0.05590 0.1549 0.2000 0.2627
v 0.12911 0.60154 -0.05042 0.1333 0.1804 0.2431
v 0.12562 0.60082 0.02019 0.1863 0.2333 0.2902
v 0.12531 0.61318 -0.08117 0.1927 0.2241 0.2751
v 0.12509 0.61041 -0.07455 0.1559 0.1838 0.2368
v 0.12811 0.60856 -0.06552 0.1490 0.1804 0.2314
v 0.12944 0.61298 0.02530 0.2000 0.2314 0.2824
v 0.12345 0.61309 0.02830 0.1804 0.2131 0.2614
v 0.12855 0.62020 -0.08690 0.1961 0.2588 0.3098
v 0.12442 0.61897 -0.08501 0.6907 0.7211 0.7338
v 0.12616 0.61987 0.03135 0.2031 0.2439 0.2957
v 0.12573 0.62703 -0.08268 0.3754 0.4168 0.4611
v 0.12869 0.62888 0.03017 0.2170 0.2562 0.3190
v 0.12742 0.63284 -0.07803 0.6275 0.6667 0.7137
v 0.12460 0.63574 -0.07442 0.3608 0.4059 0.4569
v 0.12555 0.63685 -0.06648 0.3307 0.3908 0.4614
v 0.12808 0.63984 -0.05452 0.1686 0.2294 0.3196
v 0.12291 0.63516 0.02748 0.2471 0.2941 0.3490
v 0.12204 0.64297 -0.06211 0.1843 0.2549 0.3333
v 0.12401 0.64722 -0.05638 0.1745 0.2343 0.3137
v 0.12874 0.64582 -0.04749 0.1686 0.2379 0.3137
v 0.12581 0.64787 0.01431 0.2039 0.2451 0.3059
v 0.12284 0.64151 0.02067 0.2314 0.2784 0.3412
v 0.12200 0.65441 -0.06210 0.2523 0.3216 0.3869
v 0.12417 0.65515 -0.05704 0.2689 0.3395 0.4241
v 0.12732 0.65474 -0.04769 0.2275 0.3046 0.3895
v 0.12390 0.65431 0.01159 0.2118 0.2588 0.3137
v 0.12476 0.66121 -0.05594 0.3010 0.3892 0.4794
v 0.12609 0.66274 -0.04703 0.2878 0.3725 0.4667
v 0.12875 0.66463 -0.03807 0.2706 0.3490 0.4431
v 0.12622 0.66302 0.00737 0.2431 0.3078 0.3765
v 0.12140 0.66826 -0.05575 0.2745 0.3451 0.4235
v 0.12335 0.67112 -0.04743 0.2769 0.3584 0.4541
v 0.12453 0.67211 -0.04025 0.2690 0.3537 0.4486
v 0.12843 0.67382 -0.03067 0.2353 0.3059 0.4000
v 0.12500 0.67059 0.00532 0.2471 0.2980 0.3725
v 0.12294 0.67755 -0.04352 0.2941 0.3725 0.4667
v 0.12281 0.67927 -0.04065 0.2889 0.3699 0.4641
v 0.12982 0.67860 -0.02693 0.2000 0.2745 0.3412
v 0.12920 0.68423 -0.02553 0.0941 0.1608 0.2392
v 0.12564 0.68133 -0.00223 0.2059 0.2647 0.3314
v 0.12209 0.67715 0.00306 0.2392 0.3059 0.3843
v 0.12500 0.68798 -0.03054 0.1922 0.2608 0.3392
v 0.12873 0.69140 -0.02301 0.3157 0.4059 0.5275
v 0.12886 0.68852 -0.00884 0.1686 0.2392 0.3255
v 0.12421 0.68665 -0.00476 0.1353 0.1961 0.2667
v 0.12365 0.69439 -0.02789 0.1830 0.2471 0.3281
v 0.12612 0.69852 -0.02298 0.2327 0.3072 0.4013
v 0.12723 0.69790 -0.01192 0.3203 0.4092 0.5229
v 0.12289 0.69716 -0.00776 0.0745 0.1275 0.1961
v 0.12276 0.70550 -0.02710 0.2196 0.2902 0.3765
v 0.12717 0.70496 -0.02057 0.2222 0.2974 0.3967
v 0.12512 0.70560 -0.01076 0.1137 0.1667 0.2235
v 0.12416 0.71378 -0.02816 0.1993 0.2699 0.3562
v 0.12770 0.71517 -0.02095 0.0918 0.1553 0.2431
v 0.12484 0.71543 -0.01293 0.0886 0.1412 0.2031
v 0.12472 0.72317 -0.02950 0.2425 0.3222 0.3993
v 0.12753 0.72349 -0.02135 0.3250 0.4225 0.5338
v 0.12306 0.72233 -0.01344 0.0863 0.1333 0.1987
v 0.12429 0.73586 -0.03595 0.2235 0.2902 0.3608
v 0.12751 0.73189 -0.03129 0.2196 0.2947 0.3770
v 0.12736 0.73195 -0.02260 0.2792 0.3702 0.4714
v 0.12301 0.73029 -0.01522 0.0614 0.1216 0.1948
v 0.12631 0.74155 -0.03808 0.2549 0.3367 0.3916
v 0.12918 0.73669 -0.01900 0.0784 0.1294 0.1647
v 0.12481 0.74130 -0.01447 0.0560 0.0986 0.1479
v 0.12619 0.74990 -0.03888 0.5359 0.6405 0.6778
v 0.12545 0.74907 -0.01068 0.1301 0.2078 0.2739
v 0.12580 0.75966 -0.03815 0.4157 0.5263 0.5510
v 0.12432 0.75712 -0.01095 0.1503 0.2588 0.3425
v 0.12972 0.75635 -0.00805 0.2000 0.3098 0.3922
v 0.12853 0.76796 -0.04774 0.3020 0.4078 0.4288
v 0.12432 0.76756 -0.03919 0.3048 0.4073 0.4437
v 0.12531 0.76616 -0.01252 0.1425 0.2392 0.3111
v 0.12843 0.77554 -0.05320 0.4797 0.5856 0.6261
v 0.12441 0.77525 -0.04784 0.4443 0.5501 0.5826
v 0.12220 0.77335 -0.04131 0.2118 0.2980 0.3353
v 0.12322 0.77643 -0.01357 0.1059 0.1882 0.2549
v 0.12987 0.78704 -0.07179 0.3412 0.4863 0.7020
v 0.12862 0.78752 -0.06685 0.2261 0.3373 0.4196
v 0.12640 0.78351 -0.05482 0.2935 0.3843 0.4033
v 0.12360 0.78127 -0.05145 0.3412 0.4431 0.4745
v 0.12615 0.78500 -0.01338 0.0847 0.1576 0.2180
v 0.12878 0.79496 -0.07963 0.3216 0.4745 0.7294
v 0.12788 0.79266 -0.07283 0.3294 0.4824 0.7275
v 0.12572 0.79280 -0.06448 0.3576 0.4855 0.5992
v 0.12371 0.79295 -0.05847 0.1529 0.2400 0.2737
v 0.12473 0.79346 -0.01271 0.1373 0.2196 0.2941
v 0.12819 0.80338 -0.08151 0.3150 0.4680 0.7150
v 0.12578 0.80058 -0.07325 0.3176 0.4843 0.7294
v 0.12181 0.79964 -0.06284 0.3980 0.5569 0.7314
v 0.12582 0.80234 -0.01339 0.1137 0.1961 0.2706
v 0.12814 0.81201 -0.08377 0.2972 0.4410 0.6484
v 0.12430 0.80948 -0.07410 0.3203 0.4784 0.7333
v 0.12189 0.80917 -0.06700 0.3255 0.4863 0.7451
v 0.12682 0.81000 -0.01414 0.0951 0.1657 0.2275
v 0.12758 0.81931 -0.08430 0.2855 0.4122 0.5863
v 0.12339 0.81899 -0.07397 0.3163 0.4771 0.7307
v 0.12165 0.81946 -0.06695 0.3216 0.4784 0.7529
v 0.12506 0.81903 -0.01273 0.0647 0.1314 0.1843
v 0.12408 0.83028 -0.08777 0.3176 0.4510 0.6275
v 0.12446 0.82624 -0.08464 0.3268 0.4693 0.6791
v 0.12277 0.82705 -0.07373 0.3206 0.4755 0.7314
v 0.12201 0.82806 -0.06729 0.3333 0.4824 0.7294
v 0.12594 0.82991 -0.01422 0.0588 0.1471 0.2167
v 0.12251 0.83497 -0.08796 0.3353 0.4778 0.6837
v 0.12561 0.83587 -0.08275 0.3425 0.4771 0.6810
v 0.12169 0.83325 -0.06935 0.3216 0.4824 0.7412
v 0.12508 0.83551 -0.01427 0.0990 0.1765 0.2363
v 0.12212 0.84461 -0.08758 0.3686 0.4941 0.6784
v 0.12588 0.84754 -0.08314 0.3922 0.5314 0.7137
v 0.12967 0.84279 -0.07759 0.3725 0.4941 0.6745
v 0.12635 0.84419 -0.01077 0.0797 0.1425 0.2052
v 0.12323 0.84769 -0.00816 0.1098 0.1725 0.2353
v 0.12769 0.85351 -0.08142 0.0843 0.1392 0.2373
v 0.12736 0.85454 -0.01138 0.1150 0.1869 0.2588
v 0.12176 0.86546 -0.08728 0.0941 0.1843 0.3059
v 0.12824 0.86107 -0.08086 0.1078 0.1843 0.2961
v 0.12355 0.86259 -0.01415 0.1373 0.2366 0.3072
v 0.12665 0.87184 -0.08207 0.1569 0.2431 0.3667
v 0.12606 0.87174 -0.02001 0.1314 0.2294 0.3118
v 0.12138 0.87678 -0.08763 0.0627 0.1569 0.2510
v 0.12658 0.87995 -0.08163 0.2627 0.3725 0.5275
v 0.12571 0.87987 -0.02279 0.3124 0.4373 0.6052
v 0.12526 0.88722 -0.08309 0.3216 0.4510 0.6588
v 0.12954 0.89225 -0.07621 0.3529 0.4902 0.7176
v 0.12650 0.88854 -0.02000 0.3969 0.5318 0.7584
v 0.12321 0.89597 -0.08308 0.3529 0.4843 0.7137
v 0.12819 0.89708 -0.07595 0.3843 0.5216 0.7490
v 0.12765 0.90057 -0.06425 0.4824 0.5843 0.7216
v 0.12556 0.89322 -0.01754 0.3961 0.5333 0.7529
v 0.12543 0.89651 -0.01342 0.3652 0.4931 0.7118
v 0.12677 0.90192 -0.07422 0.3980 0.5275 0.7275
v 0.12652 0.90191 -0.06725 0.3784 0.4824 0.6176
v 0.12656 0.90546 -0.00547 0.3974 0.5268 0.7621
v 0.12934 0.91367 0.00348 0.3706 0.5059 0.7392
v 0.13284 0.02308 -0.30745 0.6098 0.6441 0.6431
v 0.13299 0.02493 -0.29758 0.6216 0.6529 0.6608
v 0.13813 0.02457 -0.27341 0.6275 0.6510 0.6510
v 0.13391 0.02471 -0.26194 0.6510 0.6745 0.6745
v 0.13538 0.02454 -0.25468 0.6392 0.6627 0.6627
v 0.13101 0.02491 -0.24425 0.6627 0.6863 0.6863
v 0.13744 0.02511 -0.23641 0.6824 0.7059 0.6980
v 0.13443 0.02593 -0.23153 0.7020 0.7255 0.7098
v 0.13525 0.03036 -0.22795 0.6867 0.7059 0.6832
v 0.13297 0.03323 -0.22157 0.7268 0.7477 0.7307
v 0.13406 0.03717 -0.21110 0.6578 0.6760 0.6745
v 0.13352 0.04114 -0.20231 0.6556 0.6765 0.6712
v 0.13172 0.04283 -0.19725 0.7529 0.7706 0.7569
v 0.13340 0.04275 0.21513 0.1137 0.1399 0.1856
v 0.13536 0.04108 0.22106 0.1235 0.1549 0.1843
v 0.13543 0.03939 0.22915 0.3895 0.4118 0.4118
v 0.13602 0.03897 0.24255 0.6157 0.6353 0.6078
v 0.13442 0.03861 0.25818 0.6118 0.6275 0.6235
v 0.13215 0.03867 0.26598 0.4980 0.5098 0.5294
v 0.13837 0.03741 0.29891 0.1569 0.1843 0.2235
v 0.13680 0.03730 0.31183 0.1451 0.1686 0.2157
v 0.13679 0.04408 -0.19945 0.6078 0.6314 0.6314
v 0.13449 0.04600 -0.19475 0.6505 0.6696 0.6716
v 0.13451 0.04765 -0.18688 0.5595 0.5830 0.5961
v 0.13236 0.04781 -0.16643 0.5961 0.6118 0.6157
v 0.13359 0.04859 -0.15832 0.6275 0.6451 0.6569
v 0.13396 0.05110 -0.15125 0.6667 0.6831 0.6737
v 0.13424 0.05116 0.19015 0.1490 0.1725 0.2196
v 0.13374 0.04986 0.19475 0.1365 0.1663 0.2133
v 0.13489 0.04627 0.20342 0.1725 0.2118 0.2490
v 0.13347 0.04423 0.21081 0.1510 0.1863 0.2216
v 0.13399 0.05611 -0.15039 0.7460 0.7753 0.7779
v 0.13659 0.05830 0.15797 0.1882 0.2353 0.2902
v 0.13034 0.05677 0.16821 0.1647 0.2039 0.2510
v 0.13606 0.05366 0.17712 0.1451 0.1843 0.2235
v 0.13086 0.05336 0.18453 0.1529 0.1922 0.2314
v 0.13520 0.06566 -0.15085 0.7135 0.7414 0.7490
v 0.13545 0.06550 0.14503 0.1765 0.2157 0.2810
v 0.13161 0.06280 0.15203 0.1843 0.2196 0.2847
v 0.13465 0.07182 -0.14977 0.6931 0.7270 0.7304
v 0.13623 0.07606 -0.14456 0.6510 0.6824 0.6902
v 0.13372 0.07349 0.14275 0.1882 0.2294 0.2941
v 0.13680 0.07905 -0.13913 0.6471 0.6784 0.6863
v 0.13415 0.08092 -0.13409 0.6020 0.6314 0.6418
v 0.13558 0.08415 -0.12596 0.4084 0.4415 0.4672
v 0.13798 0.08541 -0.12045 0.0667 0.1137 0.1608
v 0.13574 0.08254 0.13487 0.1875 0.2275 0.2925
v 0.13063 0.08227 0.13965 0.2118 0.2471 0.3137
v 0.13299 0.09034 -0.12301 0.6246 0.6528 0.6649
v 0.13653 0.09123 -0.11871 0.2365 0.2886 0.3302
v 0.13800 0.09175 0.12132 0.1255 0.1725 0.2275
v 0.13286 0.09113 0.12580 0.1634 0.2026 0.2680
v 0.13056 0.08682 0.13318 0.1843 0.2314 0.2941
v 0.13301 0.10216 -0.12131 0.6000 0.6392 0.6451
v 0.13452 0.09937 -0.11860 0.2777 0.3196 0.3559
v 0.13841 0.09865 -0.11187 0.1314 0.1706 0.2078
v 0.13685 0.09629 0.12120 0.1216 0.1451 0.1922
v 0.13418 0.10097 0.12313 0.0776 0.1004 0.1373
v 0.13389 0.11005 -0.12162 0.4444 0.4758 0.5020
v 0.13532 0.10745 -0.11740 0.3131 0.3505 0.3837
v 0.13825 0.10702 -0.11225 0.1843 0.2196 0.2549
v 0.13439 0.10862 0.12404 0.0620 0.0835 0.1243
v 0.13235 0.11548 -0.12144 0.7706 0.7941 0.7941
v 0.13524 0.11840 -0.11784 0.3594 0.4039 0.4272
v 0.13784 0.11513 0.12133 0.0627 0.0902 0.1294
v 0.13384 0.11786 0.12422 0.0604 0.0776 0.1200
v 0.13395 0.12194 -0.11521 0.2129 0.2689 0.2941
v 0.13469 0.12556 -0.10894 0.2514 0.3082 0.3349
v 0.13329 0.12533 0.12523 0.0569 0.0784 0.1157
v 0.13468 0.13432 -0.10667 0.2343 0.3069 0.3329
v 0.13437 0.13272 0.12319 0.0627 0.0882 0.1294
v 0.13432 0.14320 -0.10849 0.3125 0.3897 0.4115
v 0.13552 0.14496 0.11208 0.0686 0.0941 0.1373
v 0.13428 0.14207 0.11671 0.0951 0.1314 0.1755
v 0.13417 0.15175 -0.10840 0.2103 0.2850 0.3071
v 0.13606 0.15291 0.10161 0.0676 0.0941 0.1353
v 0.13277 0.14980 0.10642 0.0784 0.1029 0.1480
v 0.13394 0.16032 -0.11009 0.2471 0.3103 0.3378
v 0.13355 0.16098 0.09976 0.0745 0.1098 0.1462
v 0.13464 0.16931 -0.10913 0.2858 0.3329 0.3634
v 0.13637 0.17109 0.09303 0.0804 0.1039 0.1510
v 0.13321 0.16796 0.09806 0.0863 0.1145 0.1592
v 0.13481 0.17664 -0.10857 0.2987 0.3592 0.3850
v 0.13511 0.17826 0.09153 0.1025 0.1359 0.1851
v 0.13199 0.18185 0.09587 0.0941 0.1392 0.1765
v 0.13559 0.18573 -0.11056 0.2191 0.2716 0.3017
v 0.13851 0.18688 0.08412 0.1569 0.2039 0.2667
v 0.13560 0.18691 0.09139 0.0882 0.1333 0.1765
v 0.13213 0.18550 0.09733 0.0902 0.1294 0.1667
v 0.13367 0.19444 -0.11017 0.3080 0.3623 0.3867
v 0.13443 0.19592 0.07405 0.1719 0.2190 0.2817
v 0.13370 0.19210 0.08259 0.1318 0.1788 0.2306
v 0.13289 0.19115 0.08945 0.1059 0.1529 0.2000
v 0.13480 0.20401 -0.10681 0.2401 0.3056 0.3373
v 0.13779 0.20446 -0.09918 0.0784 0.1046 0.1484
v 0.13828 0.20582 -0.09266 0.0529 0.0863 0.1255
v 0.13817 0.20724 -0.08390 0.0706 0.1176 0.1647
v 0.13760 0.20362 0.06750 0.1686 0.2157 0.2784
v 0.13162 0.20435 0.07086 0.1902 0.2373 0.3000
v 0.13425 0.21135 -0.10943 0.2247 0.2837 0.3176
v 0.13798 0.21382 -0.09873 0.1090 0.1553 0.1898
v 0.13648 0.21246 -0.08987 0.1081 0.1455 0.1865
v 0.13628 0.21362 -0.08395 0.2541 0.2980 0.3275
v 0.13513 0.21161 0.06746 0.1706 0.2176 0.2765
v 0.13392 0.21779 -0.10677 0.2627 0.3349 0.3639
v 0.13290 0.21940 -0.10039 0.2471 0.3167 0.3529
v 0.13275 0.21924 -0.09100 0.1824 0.2422 0.2892
v 0.13305 0.22009 -0.08301 0.3299 0.3716 0.4074
v 0.13593 0.22369 0.05863 0.1608 0.2078 0.2627
v 0.13442 0.21928 0.06401 0.1725 0.2196 0.2824
v 0.13455 0.22770 -0.07263 0.7049 0.7343 0.7265
v 0.13410 0.23224 -0.06388 0.5849 0.6134 0.6202
v 0.13458 0.23087 0.04916 0.2157 0.2784 0.3412
v 0.13462 0.22651 0.05581 0.1706 0.2176 0.2765
v 0.13329 0.23768 -0.06242 0.5574 0.5994 0.6280
v 0.13510 0.23778 0.04053 0.1922 0.2431 0.3059
v 0.13136 0.23647 0.04399 0.1922 0.2431 0.3059
v 0.13096 0.24641 -0.06194 0.5167 0.5608 0.5706
v 0.13662 0.24730 -0.05975 0.4059 0.4373 0.4588
v 0.13577 0.24886 0.03330 0.1961 0.2392 0.3098
v 0.13273 0.24702 0.03609 0.1778 0.2222 0.2902
v 0.13466 0.25292 -0.05604 0.1480 0.2235 0.2667
v 0.13306 0.25735 -0.04770 0.0951 0.1461 0.1971
v 0.13572 0.25924 -0.04253 0.0902 0.1412 0.2039
v 0.13734 0.25751 0.02535 0.2118 0.2627 0.3294
v 0.13240 0.25686 0.02836 0.1902 0.2490 0.3137
v 0.13354 0.26499 -0.04829 0.0784 0.1276 0.1680
v 0.13650 0.26386 -0.03853 0.0951 0.1480 0.1814
v 0.13817 0.26490 -0.03339 0.1373 0.1843 0.2314
v 0.13372 0.26430 0.02395 0.2105 0.2588 0.3307
v 0.13380 0.27221 -0.05277 0.2549 0.3270 0.3588
v 0.13730 0.27229 -0.04788 0.1389 0.1927 0.2230
v 0.13771 0.27144 -0.03901 0.0873 0.1314 0.1725
v 0.13336 0.27347 0.02355 0.1843 0.2275 0.2980
v 0.13560 0.28058 -0.04770 0.2206 0.2971 0.3255
v 0.13483 0.28461 -0.04243 0.2608 0.3333 0.3706
v 0.13778 0.28346 -0.00848 0.1725 0.2118 0.2471
v 0.13406 0.28158 0.02299 0.1922 0.2353 0.3059
v 0.13493 0.28796 -0.03791 0.0676 0.1221 0.1647
v 0.13461 0.29189 -0.03353 0.0438 0.0810 0.1196
v 0.13691 0.28943 -0.01230 0.1867 0.2322 0.2659
v 0.13819 0.28947 -0.00602 0.1941 0.2314 0.2667
v 0.13526 0.29062 0.02199 0.1824 0.2333 0.3078
v 0.13455 0.29864 -0.03731 0.0911 0.1412 0.1830
v 0.13749 0.29889 -0.01378 0.1686 0.2102 0.2502
v 0.13781 0.29551 -0.00851 0.1961 0.2353 0.2706
v 0.13298 0.29877 0.02304 0.1882 0.2314 0.3020
v 0.13396 0.30791 -0.03696 0.0990 0.1500 0.1922
v 0.13584 0.30723 0.02102 0.1922 0.2379 0.3098
v 0.13404 0.31634 -0.03594 0.0930 0.1384 0.1798
v 0.13275 0.31540 0.02209 0.1882 0.2353 0.3031
v 0.13517 0.32858 -0.04395 0.0863 0.1294 0.1660
v 0.13454 0.32376 -0.03964 0.0765 0.1191 0.1593
v 0.13421 0.32569 0.02113 0.1725 0.2196 0.2824
v 0.13180 0.33559 -0.05416 0.1341 0.2031 0.2455
v 0.13525 0.33310 -0.04904 0.0574 0.1025 0.1397
v 0.13409 0.33209 0.02104 0.1686 0.2137 0.2732
v 0.13169 0.34138 -0.05347 0.0804 0.1608 0.2157
v 0.13507 0.34332 -0.04837 0.1412 0.2235 0.2880
v 0.13792 0.34622 -0.04273 0.2000 0.2667 0.3451
v 0.13822 0.34621 -0.02082 0.1765 0.2392 0.2980
v 0.13408 0.34436 0.02039 0.1853 0.2343 0.3020
v 0.13155 0.34819 -0.04510 0.1647 0.2471 0.3137
v 0.13538 0.34865 -0.03928 0.2039 0.2716 0.3480
v 0.13399 0.35101 -0.03031 0.1941 0.2542 0.3229
v 0.13594 0.34991 -0.02187 0.2105 0.2654 0.3294
v 0.13734 0.35341 -0.01495 0.1725 0.2255 0.2843
v 0.13574 0.35231 0.01928 0.1490 0.1961 0.2588
v 0.13331 0.35955 -0.02100 0.1914 0.2486 0.3153
v 0.13741 0.35796 -0.01432 0.1856 0.2444 0.3059
v 0.13515 0.36097 0.01922 0.1667 0.2137 0.2725
v 0.13272 0.36824 -0.02158 0.2384 0.2957 0.3718
v 0.13688 0.36772 -0.01390 0.2167 0.2735 0.3373
v 0.13148 0.36740 0.02071 0.1745 0.2216 0.2882
v 0.13329 0.37515 -0.02021 0.1980 0.2529 0.3235
v 0.13622 0.37604 -0.01443 0.1817 0.2327 0.2967
v 0.13253 0.37523 0.02005 0.1694 0.2173 0.2816
v 0.13079 0.38391 -0.02610 0.1373 0.1922 0.2353
v 0.13281 0.38573 -0.02263 0.1752 0.2261 0.2889
v 0.13728 0.38533 -0.01299 0.1373 0.1830 0.2379
v 0.13248 0.38412 0.01952 0.1725 0.2209 0.2850
v 0.13264 0.39651 -0.02212 0.1974 0.2484 0.3137
v 0.13739 0.39439 -0.01335 0.1812 0.2322 0.2949
v 0.13783 0.39340 0.01646 0.1627 0.2098 0.2725
v 0.13048 0.40485 -0.02689 0.2431 0.3059 0.3686
v 0.13317 0.40117 -0.02051 0.2092 0.2614 0.3294
v 0.13720 0.40342 -0.01394 0.1882 0.2392 0.3020
v 0.13267 0.40237 0.01866 0.1843 0.2314 0.2941
v 0.13067 0.41086 -0.02815 0.1784 0.2294 0.2922
v 0.13401 0.41211 -0.02193 0.1912 0.2422 0.3059
v 0.13704 0.41136 -0.01571 0.1843 0.2353 0.2980
v 0.13676 0.40726 0.01720 0.1725 0.2235 0.2863
v 0.13169 0.41112 0.01933 0.1856 0.2340 0.2967
v 0.13559 0.42013 -0.02000 0.2314 0.2824 0.3490
v 0.13790 0.41704 0.01671 0.1922 0.2392 0.3020
v 0.13267 0.41999 0.01903 0.2000 0.2471 0.3098
v 0.13186 0.43174 -0.02732 0.2118 0.2627 0.3294
v 0.13413 0.42735 -0.02311 0.2353 0.2863 0.3529
v 0.13761 0.43230 -0.01673 0.2039 0.2549 0.3176
v 0.13592 0.42976 0.01680 0.2392 0.2745 0.3412
v 0.13145 0.43059 0.01943 0.2353 0.2706 0.3373
v 0.13150 0.43967 -0.02893 0.1843 0.2196 0.2863
v 0.13609 0.43819 -0.01981 0.1875 0.2251 0.2863
v 0.13413 0.43652 0.01741 0.1961 0.2314 0.2980
v 0.13026 0.43763 0.01951 0.2275 0.2627 0.3294
v 0.12997 0.44910 -0.03221 0.2784 0.3294 0.3961
v 0.13473 0.44646 -0.02255 0.2183 0.2575 0.3229
v 0.13610 0.44884 0.01540 0.2013 0.2444 0.3085
v 0.13321 0.44444 0.01762 0.2667 0.3020 0.3686
v 0.13155 0.45557 -0.02985 0.2490 0.2922 0.3627
v 0.13631 0.45383 -0.01979 0.2314 0.2784 0.3412
v 0.13626 0.45567 0.01460 0.1647 0.2118 0.2745
v 0.13158 0.46459 -0.03083 0.2412 0.2863 0.3529
v 0.13627 0.46378 -0.02171 0.2118 0.2529 0.3137
v 0.13569 0.46365 0.01415 0.1725 0.2196 0.2824
v 0.13188 0.47230 -0.03070 0.2105 0.2562 0.3216
v 0.13641 0.47257 -0.02196 0.2248 0.2745 0.3373
v 0.13506 0.47126 0.01398 0.1627 0.2098 0.2725
v 0.13339 0.47949 -0.02785 0.2235 0.2745 0.3412
v 0.13614 0.48159 -0.02238 0.2275 0.2784 0.3451
v 0.13501 0.48140 0.01408 0.1863 0.2314 0.2980
v 0.13307 0.48841 -0.02846 0.2196 0.2706 0.3359
v 0.13818 0.48890 -0.01863 0.2000 0.2510 0.3137
v 0.13498 0.49176 0.01389 0.1961 0.2431 0.3059
v 0.13320 0.49900 -0.02926 0.1824 0.2314 0.2922
v 0.13682 0.49860 -0.02173 0.1778 0.2183 0.2850
v 0.13615 0.49744 0.01347 0.1608 0.2078 0.2706
v 0.13247 0.50870 -0.03105 0.2294 0.2843 0.3549
v 0.13747 0.50944 -0.02153 0.2275 0.2784 0.3451
v 0.13634 0.50391 0.01310 0.1725 0.2196 0.2824
v 0.13407 0.51602 -0.02842 0.2196 0.2706 0.3373
v 0.13355 0.51215 0.01389 0.2078 0.2549 0.3176
v 0.13412 0.52515 -0.02899 0.1951 0.2441 0.3157
v 0.13670 0.52192 -0.02361 0.2078 0.2549 0.3275
v 0.13353 0.52583 0.01327 0.1824 0.2294 0.2922
v 0.13303 0.53268 -0.03184 0.2157 0.2667 0.3333
v 0.13670 0.53128 -0.02466 0.2196 0.2706 0.3373
v 0.13434 0.53337 0.01270 0.1902 0.2333 0.3039
v 0.13473 0.53995 -0.02852 0.2275 0.2784 0.3529
v 0.13757 0.54228 -0.02324 0.2118 0.2627 0.3373
v 0.13392 0.54237 0.01241 0.1843 0.2275 0.2980
v 0.13067 0.54984 -0.03600 0.2275 0.2863 0.3765
v 0.13352 0.55024 -0.03088 0.2235 0.2824 0.3647
v 0.13762 0.55188 -0.02326 0.2196 0.2706 0.3399
v 0.13348 0.55122 0.01219 0.1843 0.2157 0.2902
v 0.13114 0.55471 -0.03626 0.2314 0.2941 0.3843
v 0.13450 0.55865 -0.03004 0.2137 0.2647 0.3353
v 0.13786 0.56267 -0.02405 0.2510 0.2980 0.3608
v 0.13444 0.55689 0.01165 0.1948 0.2288 0.2980
v 0.13093 0.56674 -0.03760 0.2078 0.2706 0.3608
v 0.13535 0.56739 -0.02878 0.2078 0.2667 0.3412
v 0.13806 0.57181 -0.02397 0.2157 0.2588 0.3294
v 0.13540 0.56663 0.01090 0.2000 0.2471 0.3098
v 0.13138 0.57934 -0.03778 0.1333 0.1745 0.2353
v 0.13499 0.57696 -0.03013 0.2000 0.2497 0.3150
v 0.13517 0.57760 0.01230 0.1716 0.2176 0.2745
v 0.13208 0.58424 -0.03835 0.1412 0.1882 0.2510
v 0.13585 0.58571 -0.03114 0.1941 0.2471 0.3216
v 0.13536 0.58319 0.01322 0.1686 0.2118 0.2627
v 0.13024 0.59773 -0.04496 0.1059 0.1529 0.2157
v 0.13342 0.59332 -0.03761 0.1873 0.2461 0.3245
v 0.13719 0.59558 -0.03102 0.1804 0.2353 0.3059
v 0.13425 0.59249 0.01435 0.2020 0.2500 0.3137
v 0.13318 0.60430 -0.04608 0.1516 0.1974 0.2627
v 0.13484 0.60005 -0.03902 0.1582 0.2052 0.2680
v 0.13526 0.60041 0.01493 0.1902 0.2314 0.2922
v 0.13035 0.60042 0.01750 0.2000 0.2471 0.3020
v 0.13196 0.61259 -0.06371 0.1373 0.1686 0.2196
v 0.13364 0.61100 -0.05624 0.1427 0.1875 0.2431
v 0.13457 0.60840 -0.04944 0.1660 0.2131 0.2758
v 0.13352 0.61068 0.02185 0.1784 0.2137 0.2608
v 0.13073 0.62004 -0.08250 0.1618 0.2176 0.2843
v 0.13265 0.61872 -0.07280 0.1784 0.2366 0.3085
v 0.13613 0.62063 -0.06495 0.1912 0.2480 0.3265
v 0.13712 0.61768 -0.06025 0.1824 0.2392 0.3098
v 0.13506 0.61595 0.02538 0.1843 0.2314 0.2784
v 0.13415 0.62051 0.02755 0.2693 0.3163 0.3765
v 0.13138 0.62474 -0.08008 0.1373 0.2000 0.2588
v 0.13121 0.62841 -0.07415 0.1784 0.2431 0.3137
v 0.13448 0.62783 -0.06508 0.1671 0.2243 0.2949
v 0.13850 0.63038 0.02422 0.2627 0.2980 0.3569
v 0.13301 0.62778 0.02847 0.1817 0.2222 0.2784
v 0.13127 0.63327 -0.06262 0.2000 0.2667 0.3451
v 0.13252 0.63489 -0.05580 0.1843 0.2588 0.3353
v 0.13632 0.63538 -0.04820 0.2392 0.3157 0.4039
v 0.13425 0.63612 0.02140 0.2039 0.2510 0.3059
v 0.13355 0.64553 -0.03904 0.2137 0.2954 0.3863
v 0.13620 0.64725 -0.03201 0.1176 0.1765 0.2667
v 0.13464 0.64291 0.01482 0.1647 0.2118 0.2667
v 0.13069 0.65551 -0.03996 0.2588 0.3373 0.4314
v 0.13514 0.65582 -0.03175 0.2078 0.2810 0.3739
v 0.13511 0.65663 0.00609 0.2078 0.2549 0.3176
v 0.13377 0.64996 0.00975 0.2314 0.2784 0.3333
v 0.13407 0.66139 -0.03082 0.2373 0.3167 0.4049
v 0.13741 0.66558 -0.02020 0.2275 0.2980 0.3804
v 0.13279 0.66307 0.00428 0.2340 0.2954 0.3739
v 0.13134 0.67108 -0.02769 0.1948 0.2745 0.3556
v 0.13425 0.67163 -0.02107 0.1914 0.2651 0.3349
v 0.13787 0.67097 -0.01473 0.1634 0.2288 0.2954
v 0.13495 0.66795 0.00051 0.1961 0.2471 0.3216
v 0.13248 0.68051 -0.02113 0.1137 0.1778 0.2314
v 0.13579 0.67926 -0.01467 0.1752 0.2471 0.3150
v 0.13249 0.67939 -0.00574 0.1725 0.2301 0.2941
v 0.13116 0.68727 -0.02017 0.2771 0.3582 0.4732
v 0.13256 0.68837 -0.01317 0.2176 0.3059 0.4186
v 0.13055 0.69707 -0.01693 0.3373 0.4353 0.5569
v 0.13147 0.73597 -0.03131 0.1843 0.2588 0.3438
v 0.13189 0.73631 -0.02300 0.0392 0.0902 0.1255
v 0.13723 0.74298 -0.04362 0.3824 0.4922 0.5529
v 0.13471 0.74047 -0.03913 0.1782 0.2588 0.3148
v 0.13475 0.73801 -0.03209 0.1699 0.2431 0.3203
v 0.13501 0.73928 -0.02110 0.0725 0.1157 0.1647
v 0.13301 0.74145 -0.01529 0.0863 0.1346 0.1895
v 0.13857 0.75191 -0.05215 0.5608 0.6784 0.7176
v 0.13656 0.74933 -0.04592 0.4863 0.5992 0.6298
v 0.13258 0.74952 -0.04178 0.5014 0.6162 0.6622
v 0.13539 0.74642 -0.00981 0.1163 0.1817 0.2392
v 0.13310 0.75072 -0.00695 0.0941 0.1529 0.2078
v 0.13670 0.75707 -0.05210 0.5333 0.6392 0.6588
v 0.13335 0.75890 -0.04717 0.2608 0.3654 0.4033
v 0.13078 0.75734 -0.04090 0.4863 0.6000 0.6412
v 0.13321 0.76140 -0.00903 0.0980 0.1804 0.2471
v 0.13746 0.75669 -0.00669 0.1137 0.1961 0.2706
v 0.13764 0.77003 -0.07547 0.4157 0.5137 0.5412
v 0.13538 0.76697 -0.05555 0.5207 0.6174 0.6340
v 0.13142 0.76406 -0.04839 0.3137 0.4216 0.4490
v 0.13390 0.76892 -0.01174 0.0980 0.1725 0.2314
v 0.13731 0.77706 -0.07898 0.3490 0.4941 0.7098
v 0.13585 0.77556 -0.07344 0.2657 0.3730 0.4275
v 0.13607 0.77463 -0.06343 0.2275 0.3301 0.3588
v 0.13211 0.77546 -0.05687 0.2580 0.3499 0.3800
v 0.13127 0.77556 -0.01306 0.1137 0.1882 0.2549
v 0.13540 0.78563 -0.08031 0.3333 0.4776 0.6910
v 0.13227 0.78310 -0.07490 0.3363 0.4853 0.6480
v 0.13198 0.78240 -0.06531 0.1898 0.2831 0.3231
v 0.13000 0.78207 -0.05759 0.1569 0.2667 0.2824
v 0.13405 0.78412 -0.01337 0.0902 0.1618 0.2235
v 0.13304 0.79375 -0.08138 0.3070 0.4456 0.6620
v 0.13251 0.79300 -0.01422 0.1157 0.1961 0.2549
v 0.13279 0.80190 -0.08197 0.2750 0.4132 0.6142
v 0.13770 0.80258 -0.07692 0.2275 0.3490 0.4941
v 0.13650 0.80499 -0.01763 0.0529 0.1529 0.2627
v 0.13467 0.80236 -0.01678 0.0745 0.1588 0.2304
v 0.13214 0.80738 -0.08162 0.2758 0.4072 0.5902
v 0.13570 0.81031 -0.07602 0.2490 0.3784 0.5333
v 0.13544 0.80978 -0.01781 0.2794 0.3941 0.5627
v 0.13137 0.80876 -0.01693 0.2000 0.3020 0.4078
v 0.13006 0.81460 -0.08170 0.2431 0.3569 0.5137
v 0.13470 0.81864 -0.07409 0.3216 0.4392 0.6052
v 0.13682 0.81898 -0.01812 0.0745 0.1549 0.2059
v 0.13151 0.81783 -0.01575 0.0797 0.1542 0.2026
v 0.13344 0.82831 -0.07409 0.3843 0.5020 0.6706
v 0.13577 0.82866 -0.01941 0.1522 0.2486 0.3404
v 0.13046 0.82771 -0.01632 0.0235 0.1098 0.1922
v 0.13342 0.83641 -0.07373 0.2850 0.3778 0.5255
v 0.13804 0.83921 -0.06887 0.0824 0.1608 0.2549
v 0.13527 0.83761 -0.01973 0.4020 0.5235 0.6902
v 0.13146 0.83919 -0.01713 0.3020 0.4118 0.5569
v 0.13404 0.84587 -0.07238 0.0876 0.1621 0.2510
v 0.13731 0.84649 -0.06875 0.0922 0.1706 0.2686
v 0.13558 0.84420 -0.01759 0.0667 0.1255 0.2000
v 0.13234 0.84595 -0.01485 0.0771 0.1399 0.2183
v 0.13441 0.85530 -0.07303 0.1137 0.1922 0.2941
v 0.13758 0.85239 -0.01808 0.1059 0.1725 0.2431
v 0.13393 0.85382 -0.01544 0.0902 0.1569 0.2275
v 0.13424 0.86318 -0.07376 0.1725 0.2627 0.4098
v 0.13603 0.86352 -0.02019 0.0941 0.1647 0.2431
v 0.13156 0.86268 -0.01681 0.1137 0.1804 0.2510
v 0.13628 0.87293 -0.07020 0.2706 0.3804 0.5686
v 0.13346 0.86826 -0.02095 0.0928 0.1673 0.2353
v 0.13293 0.87961 -0.07333 0.2729 0.3882 0.5780
v 0.13773 0.87587 -0.06717 0.2824 0.4118 0.6118
v 0.13773 0.87969 -0.02609 0.1804 0.2667 0.3569
v 0.13271 0.87897 -0.02390 0.2588 0.3804 0.5196
v 0.13201 0.88562 -0.07450 0.3176 0.4431 0.6510
v 0.13521 0.88959 -0.06850 0.3569 0.4824 0.7059
v 0.13412 0.88785 -0.02173 0.3990 0.5343 0.7569
v 0.13467 0.89500 -0.06425 0.3882 0.5176 0.7490
v 0.13634 0.89549 -0.05316 0.3922 0.5314 0.7588
v 0.13807 0.89474 -0.04916 0.3935 0.5359 0.7595
v 0.13629 0.89679 -0.01290 0.4000 0.5373 0.7647
v 0.13789 0.90183 -0.00869 0.3843 0.5216 0.7490
v 0.13436 0.91692 0.00775 0.3529 0.4902 0.7098
v 0.14383 0.02309 -0.31181 0.6000 0.6314 0.6392
v 0.14503 0.02416 -0.29472 0.6314 0.6627 0.6706
v 0.14558 0.02386 -0.26418 0.6392 0.6627 0.6627
v 0.14572 0.02410 -0.24701 0.6392 0.6608 0.6588
v 0.14309 0.02543 -0.23563 0.5961 0.6157 0.5941
v 0.13963 0.02551 -0.23310 0.7020 0.7294 0.7020
v 0.14678 0.02639 -0.23494 0.6745 0.6784 0.6471
v 0.14219 0.03038 -0.23092 0.7290 0.7490 0.7294
v 0.14469 0.03372 -0.22217 0.7108 0.7304 0.7059
v 0.14273 0.03538 -0.21821 0.6876 0.7020 0.6941
v 0.14309 0.03860 -0.21241 0.6216 0.6417 0.6426
v 0.14089 0.04127 -0.20411 0.6809 0.7005 0.6966
v 0.14360 0.04307 0.20544 0.1333 0.1569 0.2039
v 0.14418 0.04031 0.21306 0.1190 0.1438 0.1882
v 0.14199 0.03885 0.22006 0.1529 0.1725 0.1843
v 0.14133 0.03883 0.22887 0.4216 0.4529 0.4373
v 0.14547 0.03819 0.24217 0.6157 0.6353 0.6118
v 0.14112 0.03805 0.25331 0.5765 0.6000 0.5843
v 0.14288 0.03807 0.26823 0.2667 0.2863 0.3098
v 0.14163 0.03767 0.27537 0.1216 0.1373 0.1804
v 0.14054 0.03782 0.28636 0.1255 0.1608 0.1961
v 0.14361 0.04399 -0.20152 0.6439 0.6706 0.6722
v 0.14414 0.04693 -0.19485 0.6314 0.6510 0.6627
v 0.14326 0.04778 -0.18808 0.6196 0.6510 0.6627
v 0.14542 0.04760 -0.17874 0.5824 0.6118 0.6294
v 0.14062 0.04785 -0.17124 0.5176 0.5373 0.5490
v 0.14164 0.04827 -0.16074 0.6549 0.6784 0.6784
v 0.14357 0.05023 -0.15195 0.5902 0.6186 0.6167
v 0.14333 0.04990 0.18630 0.1467 0.1820 0.2251
v 0.14387 0.04634 0.19642 0.1176 0.1412 0.1882
v 0.14015 0.04468 0.20404 0.1353 0.1627 0.2078
v 0.14256 0.05617 -0.15301 0.4988 0.5286 0.5540
v 0.14469 0.06003 0.14490 0.1510 0.1863 0.2451
v 0.14332 0.05796 0.15270 0.1908 0.2301 0.2850
v 0.14671 0.05485 0.16272 0.1451 0.1804 0.2392
v 0.14198 0.05382 0.17073 0.1569 0.1961 0.2353
v 0.14509 0.05222 0.17575 0.1569 0.1961 0.2431
v 0.14272 0.06472 -0.15288 0.4466 0.4789 0.5027
v 0.14194 0.06328 0.14219 0.1569 0.1922 0.2557
v 0.14285 0.07135 -0.15217 0.4333 0.4642 0.4873
v 0.14363 0.07469 -0.14472 0.4359 0.4686 0.4948
v 0.14471 0.07702 -0.13482 0.4052 0.4379 0.4641
v 0.14617 0.07728 -0.12968 0.3922 0.4275 0.4549
v 0.14324 0.07326 0.13699 0.1804 0.2216 0.2863
v 0.14151 0.07807 -0.13866 0.4078 0.4392 0.4510
v 0.14145 0.07919 -0.13393 0.3882 0.4196 0.4451
v 0.14292 0.08078 -0.12427 0.4416 0.4753 0.5067
v 0.14217 0.08387 -0.11669 0.2110 0.2525 0.3012
v 0.14520 0.08450 -0.11068 0.0771 0.1242 0.1791
v 0.14466 0.08372 0.12733 0.1686 0.2098 0.2745
v 0.14170 0.08005 0.13363 0.1817 0.2209 0.2863
v 0.13967 0.08903 -0.11368 0.1804 0.2275 0.2824
v 0.14249 0.09037 -0.10771 0.1282 0.1784 0.2243
v 0.14540 0.09313 -0.10261 0.1908 0.2458 0.2954
v 0.14342 0.09168 0.11840 0.1224 0.1616 0.2063
v 0.14007 0.08990 0.12201 0.1569 0.1922 0.2510
v 0.14103 0.10059 -0.10691 0.1384 0.1759 0.2151
v 0.14483 0.09901 -0.10206 0.2144 0.2667 0.3118
v 0.14324 0.09858 0.11957 0.0643 0.0871 0.1231
v 0.14118 0.10213 0.12155 0.0608 0.0765 0.1157
v 0.14023 0.10909 -0.10948 0.1639 0.2035 0.2424
v 0.14543 0.10773 -0.10240 0.1451 0.1859 0.2173
v 0.14291 0.10980 0.12034 0.0688 0.0837 0.1272
v 0.14132 0.10588 0.12178 0.0784 0.0993 0.1412
v 0.13918 0.12023 -0.11311 0.1647 0.2157 0.2471
v 0.14197 0.11730 -0.10722 0.1351 0.1747 0.2093
v 0.14543 0.11775 -0.10273 0.1216 0.1663 0.2008
v 0.14173 0.11726 0.11994 0.0596 0.0847 0.1247
v 0.14065 0.12473 -0.10535 0.1083 0.1613 0.1975
v 0.14376 0.12572 -0.10069 0.0672 0.0961 0.1294
v 0.14522 0.12826 -0.09228 0.0376 0.0510 0.0776
v 0.14339 0.12453 0.11941 0.0824 0.1072 0.1471
v 0.13877 0.12669 0.12184 0.0627 0.0902 0.1294
v 0.13966 0.13588 -0.10573 0.1796 0.2376 0.2682
v 0.14158 0.13431 -0.10011 0.0563 0.0945 0.1283
v 0.14375 0.13443 -0.09051 0.0376 0.0596 0.0910
v 0.14667 0.13501 -0.08600 0.0471 0.0804 0.1176
v 0.14287 0.13392 0.11881 0.0698 0.0941 0.1341
v 0.14062 0.14295 -0.10690 0.1211 0.1869 0.2200
v 0.14300 0.14349 -0.09961 0.0591 0.1047 0.1400
v 0.14279 0.14293 -0.09088 0.0479 0.0841 0.1137
v 0.14567 0.14281 -0.08557 0.0235 0.0536 0.0889
v 0.14348 0.14434 0.10843 0.0580 0.0847 0.1255
v 0.14199 0.14062 0.11518 0.0784 0.1111 0.1516
v 0.14101 0.15137 -0.10761 0.1837 0.2542 0.2850
v 0.14350 0.15077 -0.09894 0.0477 0.0856 0.1229
v 0.14342 0.15229 -0.09127 0.0374 0.0670 0.0968
v 0.14603 0.14957 -0.08573 0.0667 0.0954 0.1268
v 0.14388 0.15417 0.09468 0.0863 0.1176 0.1608
v 0.14316 0.14995 0.10001 0.0716 0.0990 0.1392
v 0.14133 0.16057 -0.10722 0.1063 0.1608 0.1948
v 0.14394 0.16040 -0.10071 0.0436 0.0863 0.1216
v 0.14476 0.16081 -0.09023 0.0346 0.0650 0.0949
v 0.14604 0.15765 -0.08624 0.0510 0.0784 0.1137
v 0.14268 0.16085 0.09256 0.0575 0.0843 0.1235
v 0.14036 0.15647 0.09542 0.0588 0.0745 0.1176
v 0.14033 0.16878 -0.10681 0.1502 0.2063 0.2439
v 0.14421 0.16886 -0.09959 0.0608 0.0980 0.1353
v 0.14604 0.16934 -0.09012 0.0245 0.0466 0.0779
v 0.14477 0.17056 0.08434 0.0797 0.1150 0.1556
v 0.14139 0.16833 0.08963 0.0693 0.1020 0.1405
v 0.14141 0.17853 -0.10617 0.1103 0.1662 0.2005
v 0.14464 0.17868 -0.09881 0.0425 0.0745 0.1085
v 0.14663 0.17686 -0.09133 0.0248 0.0366 0.0641
v 0.14508 0.18025 0.07759 0.1392 0.1745 0.2373
v 0.14116 0.17830 0.08283 0.1216 0.1588 0.2078
v 0.14135 0.18662 -0.10797 0.0990 0.1451 0.1824
v 0.14535 0.18671 -0.09907 0.0477 0.0837 0.1157
v 0.14665 0.18621 -0.09396 0.0667 0.0961 0.1333
v 0.14362 0.18651 0.07446 0.1584 0.1937 0.2604
v 0.14051 0.18418 0.08159 0.1510 0.1863 0.2529
v 0.13994 0.19495 -0.10587 0.1425 0.1797 0.2255
v 0.14348 0.19439 -0.09858 0.0632 0.0980 0.1377
v 0.14615 0.19593 -0.09374 0.1165 0.1765 0.2258
v 0.14274 0.19523 0.06704 0.1549 0.2020 0.2647
v 0.14163 0.19196 0.07032 0.1529 0.2000 0.2627
v 0.13895 0.20488 -0.10599 0.0824 0.1137 0.1569
v 0.13911 0.20382 -0.09983 0.0804 0.1078 0.1529
v 0.14180 0.20197 -0.09096 0.1023 0.1430 0.1929
v 0.14260 0.20404 -0.08419 0.1660 0.2163 0.2614
v 0.14190 0.20111 0.06561 0.1634 0.2105 0.2732
v 0.14008 0.21139 -0.10872 0.1024 0.1582 0.1956
v 0.13936 0.21121 -0.10077 0.0894 0.1278 0.1655
v 0.14347 0.21225 -0.08156 0.2735 0.3196 0.3485
v 0.14674 0.21574 -0.07690 0.5373 0.5765 0.5843
v 0.14272 0.21150 0.06314 0.1627 0.2098 0.2725
v 0.14025 0.22105 -0.07884 0.5490 0.5706 0.5765
v 0.14394 0.22123 -0.07679 0.4722 0.4957 0.4965
v 0.14450 0.22141 0.05568 0.1630 0.2101 0.2695
v 0.14175 0.21777 0.06077 0.1725 0.2196 0.2824
v 0.14309 0.22642 -0.07167 0.7431 0.7569 0.7392
v 0.14438 0.22936 -0.06343 0.7039 0.7196 0.7137
v 0.14365 0.23263 -0.05831 0.4078 0.4471 0.4765
v 0.14264 0.23165 0.04309 0.2078 0.2667 0.3412
v 0.14273 0.22816 0.04946 0.1912 0.2471 0.3118
v 0.14316 0.23844 -0.05761 0.3016 0.3487 0.3900
v 0.14242 0.23744 0.03665 0.1922 0.2353 0.3059
v 0.14223 0.24560 -0.05707 0.3007 0.3560 0.3913
v 0.14346 0.24719 0.03009 0.1922 0.2314 0.3033
v 0.14170 0.25170 -0.05381 0.1745 0.2451 0.2882
v 0.14482 0.25405 -0.04638 0.1353 0.1922 0.2549
v 0.14333 0.25749 -0.03891 0.1216 0.1712 0.2131
v 0.14550 0.25737 -0.03059 0.1033 0.1503 0.1974
v 0.14583 0.25754 -0.02208 0.0980 0.1451 0.2000
v 0.14595 0.25745 -0.01249 0.0843 0.1314 0.1824
v 0.14490 0.25799 -0.00383 0.1235 0.1686 0.2235
v 0.14486 0.25925 0.00366 0.1490 0.2039 0.2549
v 0.14511 0.25497 0.02342 0.1980 0.2422 0.3108
v 0.14011 0.25386 0.02712 0.2078 0.2588 0.3255
v 0.14027 0.26009 -0.03562 0.1922 0.2471 0.2902
v 0.14014 0.26259 -0.03080 0.1294 0.1765 0.2235
v 0.14333 0.26528 -0.02246 0.1386 0.1856 0.2366
v 0.14370 0.26502 -0.01332 0.1137 0.1608 0.2118
v 0.14301 0.26243 -0.00368 0.1294 0.1791 0.2301
v 0.14377 0.26435 0.00604 0.1569 0.2105 0.2654
v 0.14618 0.26308 0.01230 0.1569 0.2059 0.2578
v 0.14300 0.26484 0.01998 0.1891 0.2314 0.3015
v 0.13899 0.27432 -0.04888 0.1020 0.1673 0.2052
v 0.14005 0.27534 -0.03789 0.1129 0.1616 0.2039
v 0.14258 0.27332 -0.03010 0.1322 0.1812 0.2263
v 0.14375 0.27240 -0.02241 0.1353 0.1837 0.2327
v 0.14254 0.27326 -0.01317 0.1281 0.1752 0.2222
v 0.14111 0.27050 -0.00288 0.1314 0.1686 0.2235
v 0.14270 0.27381 0.00449 0.1576 0.1969 0.2439
v 0.14631 0.27152 0.01381 0.1749 0.2102 0.2698
v 0.14125 0.27363 0.02048 0.1843 0.2275 0.2980
v 0.13930 0.27941 -0.04651 0.0765 0.1451 0.1922
v 0.14248 0.28069 -0.03840 0.0773 0.1331 0.1758
v 0.14686 0.27900 -0.02698 0.1098 0.1647 0.2078
v 0.14418 0.28122 -0.02165 0.1137 0.1576 0.2016
v 0.13978 0.28114 -0.01318 0.1346 0.1843 0.2301
v 0.13990 0.27908 -0.00312 0.1584 0.2031 0.2439
v 0.14360 0.28147 0.00442 0.1945 0.2267 0.2745
v 0.14638 0.28087 0.01331 0.1741 0.2118 0.2698
v 0.14320 0.28205 0.01878 0.1902 0.2373 0.3098
v 0.14408 0.28973 -0.03560 0.0957 0.1482 0.1796
v 0.14165 0.28914 -0.03396 0.0833 0.1324 0.1735
v 0.14340 0.28794 -0.02147 0.1167 0.1667 0.2118
v 0.13990 0.29173 -0.00330 0.1922 0.2275 0.2627
v 0.14523 0.29074 0.00414 0.1625 0.2062 0.2527
v 0.14643 0.28918 0.01638 0.2078 0.2510 0.3294
v 0.14064 0.28765 0.01993 0.2039 0.2549 0.3294
v 0.14304 0.29763 -0.03926 0.2486 0.2929 0.3165
v 0.14315 0.29817 -0.02033 0.1686 0.2078 0.2510
v 0.13970 0.30044 -0.01421 0.1516 0.1908 0.2301
v 0.14265 0.29934 -0.00267 0.1463 0.1882 0.2349
v 0.14538 0.30052 0.00164 0.1503 0.1882 0.2392
v 0.14637 0.29858 0.01620 0.2176 0.2667 0.3353
v 0.14197 0.29886 0.01889 0.1948 0.2431 0.3150
v 0.14354 0.30778 -0.03865 0.5529 0.5882 0.5929
v 0.14347 0.30667 -0.01868 0.1569 0.2039 0.2549
v 0.14001 0.30713 -0.01270 0.1118 0.1510 0.1915
v 0.14104 0.30634 -0.00447 0.1420 0.1906 0.2392
v 0.14421 0.30894 0.00278 0.1561 0.2094 0.2612
v 0.14527 0.30719 0.01645 0.2118 0.2608 0.3255
v 0.14205 0.30611 0.01851 0.1922 0.2353 0.3059
v 0.14260 0.31483 -0.03823 0.1361 0.2056 0.2499
v 0.14480 0.31660 -0.01896 0.0980 0.1451 0.1922
v 0.14122 0.31545 -0.01325 0.1190 0.1627 0.2078
v 0.14051 0.31691 -0.00364 0.1482 0.1937 0.2424
v 0.14424 0.31672 0.00476 0.1591 0.2140 0.2650
v 0.14640 0.31572 0.01555 0.1961 0.2510 0.3020
v 0.14201 0.31598 0.01792 0.2098 0.2569 0.3196
v 0.14276 0.32671 -0.04540 0.1272 0.1759 0.2174
v 0.14338 0.32107 -0.04161 0.1111 0.1608 0.2039
v 0.14571 0.32578 -0.01963 0.1190 0.1660 0.2118
v 0.14124 0.32540 -0.01283 0.1281 0.1752 0.2301
v 0.14144 0.32513 -0.00329 0.1440 0.1989 0.2515
v 0.14412 0.32435 0.00362 0.1464 0.1987 0.2510
v 0.14552 0.32598 0.01514 0.1941 0.2412 0.3039
v 0.14016 0.32440 0.01838 0.1882 0.2353 0.2980
v 0.14340 0.33399 -0.04893 0.1725 0.2447 0.2937
v 0.14496 0.33406 -0.01914 0.1529 0.2039 0.2667
v 0.14139 0.33262 -0.01162 0.1647 0.2167 0.2765
v 0.14235 0.33346 -0.00389 0.1588 0.2098 0.2725
v 0.14617 0.33311 0.00391 0.1477 0.1948 0.2549
v 0.14475 0.33333 0.01511 0.1765 0.2235 0.2837
v 0.13987 0.33774 0.01792 0.1843 0.2314 0.2941
v 0.14305 0.34224 -0.04662 0.1631 0.2363 0.3013
v 0.14569 0.34462 -0.03505 0.2392 0.3137 0.3804
v 0.14176 0.34432 -0.02913 0.1529 0.2196 0.2765
v 0.14166 0.34188 -0.02245 0.1837 0.2412 0.3013
v 0.14019 0.34215 -0.01350 0.1733 0.2251 0.2871
v 0.14267 0.34292 -0.00455 0.1582 0.2098 0.2706
v 0.14670 0.34338 0.00308 0.1569 0.2039 0.2667
v 0.14560 0.34472 0.01390 0.1922 0.2392 0.3020
v 0.13906 0.34339 0.01797 0.1882 0.2353 0.2980
v 0.14566 0.34709 -0.04406 0.3608 0.4392 0.5765
v 0.14163 0.34685 -0.03793 0.2275 0.2922 0.3686
v 0.13975 0.35002 -0.00965 0.2020 0.2529 0.3196
v 0.14193 0.35120 -0.00397 0.1617 0.2109 0.2741
v 0.14568 0.35119 0.00182 0.1706 0.2176 0.2804
v 0.14380 0.35122 0.01466 0.1752 0.2222 0.2850
v 0.13881 0.34695 0.01792 0.1843 0.2314 0.2941
v 0.13882 0.35989 -0.01060 0.2118 0.2627 0.3294
v 0.14159 0.35877 -0.00414 0.1608 0.2105 0.2732
v 0.14544 0.35930 0.00162 0.1503 0.1974 0.2601
v 0.14308 0.35982 0.01499 0.1699 0.2170 0.2797
v 0.13932 0.36429 -0.00928 0.1843 0.2353 0.3020
v 0.14245 0.36718 -0.00309 0.1696 0.2196 0.2824
v 0.14693 0.36740 0.00388 0.1843 0.2314 0.2941
v 0.14484 0.36848 0.01359 0.1778 0.2248 0.2876
v 0.13863 0.37889 -0.00946 0.1569 0.2078 0.2706
v 0.14196 0.37582 -0.00389 0.1608 0.2088 0.2716
v 0.14502 0.37592 0.00082 0.1804 0.2275 0.2902
v 0.14420 0.37702 0.01387 0.1775 0.2245 0.2873
v 0.14172 0.38599 -0.00440 0.1496 0.1916 0.2527
v 0.14632 0.38446 0.00183 0.1314 0.1784 0.2412
v 0.14227 0.38536 0.01434 0.1608 0.2078 0.2706
v 0.14142 0.39523 -0.00543 0.1563 0.2011 0.2611
v 0.14682 0.39510 0.00139 0.1529 0.2000 0.2627
v 0.14397 0.39245 0.01321 0.1647 0.2118 0.2745
v 0.13887 0.40437 -0.01108 0.1725 0.2235 0.2863
v 0.14171 0.40347 -0.00564 0.1451 0.1951 0.2549
v 0.14712 0.40437 0.00206 0.1686 0.2157 0.2784
v 0.14375 0.40331 0.01324 0.1745 0.2255 0.2882
v 0.13958 0.41269 -0.01104 0.1882 0.2353 0.3020
v 0.14298 0.41134 -0.00467 0.1422 0.1828 0.2485
v 0.14660 0.41274 0.00178 0.1333 0.1804 0.2431
v 0.14317 0.41233 0.01370 0.1804 0.2306 0.2933
v 0.13917 0.42226 -0.01289 0.2235 0.2745 0.3373
v 0.14279 0.42021 -0.00594 0.1804 0.2255 0.2922
v 0.14629 0.42125 0.00019 0.1765 0.2235 0.2863
v 0.14494 0.42037 0.01238 0.2078 0.2588 0.3216
v 0.14041 0.42919 -0.01133 0.2013 0.2562 0.3203
v 0.14420 0.42878 -0.00451 0.1821 0.2269 0.2924
v 0.14365 0.42659 0.01274 0.2248 0.2667 0.3307
v 0.14028 0.43855 -0.01211 0.1961 0.2314 0.2980
v 0.14497 0.43856 -0.00408 0.1882 0.2275 0.2912
v 0.14368 0.43503 0.01204 0.2863 0.3118 0.3745
v 0.14088 0.44553 -0.01162 0.2222 0.2562 0.3255
v 0.14463 0.44618 -0.00525 0.2235 0.2588 0.3176
v 0.14223 0.44513 0.01213 0.2431 0.2824 0.3477
v 0.13998 0.45516 -0.01267 0.2275 0.2627 0.3255
v 0.14555 0.45532 -0.00357 0.2353 0.2686 0.3284
v 0.14205 0.45591 0.01154 0.1856 0.2327 0.2954
v 0.14073 0.46275 -0.01246 0.2301 0.2732 0.3373
v 0.14459 0.46448 -0.00437 0.1765 0.2196 0.2824
v 0.14694 0.46536 0.00851 0.1765 0.2235 0.2863
v 0.14322 0.46356 0.01042 0.1843 0.2235 0.2922
v 0.14076 0.47183 -0.01324 0.2196 0.2667 0.3320
v 0.14505 0.47117 -0.00490 0.1741 0.2196 0.2776
v 0.14246 0.47357 0.01060 0.1824 0.2294 0.2922
v 0.14128 0.48194 -0.01232 0.2029 0.2539 0.3176
v 0.14636 0.47940 -0.00348 0.1706 0.2118 0.2765
v 0.14406 0.48088 0.00980 0.1922 0.2392 0.3020
v 0.14349 0.49129 -0.00942 0.1647 0.2098 0.2765
v 0.14645 0.49056 -0.00446 0.1745 0.2098 0.2765
v 0.14242 0.49195 0.01045 0.1843 0.2314 0.2941
v 0.14226 0.49946 -0.01254 0.1773 0.2188 0.2816
v 0.14565 0.49623 -0.00618 0.1660 0.2026 0.2601
v 0.14679 0.49456 0.00813 0.1686 0.2157 0.2784
v 0.14127 0.49784 0.01087 0.1621 0.2052 0.2693
v 0.14042 0.50782 -0.01567 0.1922 0.2405 0.3072
v 0.14598 0.50537 -0.00615 0.1882 0.2314 0.3020
v 0.14521 0.50791 0.00852 0.1961 0.2431 0.3059
v 0.14018 0.50774 0.01093 0.1843 0.2314 0.2941
v 0.13915 0.51702 -0.01886 0.2078 0.2588 0.3255
v 0.14216 0.51650 -0.01329 0.1673 0.2131 0.2810
v 0.14587 0.51690 -0.00636 0.1824 0.2294 0.2961
v 0.14438 0.51634 0.00806 0.1725 0.2157 0.2863
v 0.14052 0.51559 0.01033 0.1647 0.2118 0.2745
v 0.14247 0.52275 -0.01255 0.1673 0.2157 0.2810
v 0.14588 0.52374 -0.00656 0.1686 0.2183 0.2810
v 0.14572 0.52390 0.00704 0.1725 0.2196 0.2824
v 0.13875 0.52471 0.01065 0.1333 0.1882 0.2392
v 0.13981 0.52871 -0.01864 0.2118 0.2627 0.3373
v 0.14273 0.53270 -0.01323 0.1856 0.2288 0.2993
v 0.14725 0.53192 0.00550 0.1804 0.2235 0.2941
v 0.14180 0.52916 0.00880 0.1843 0.2314 0.2941
v 0.14018 0.54235 -0.01820 0.1961 0.2471 0.3216
v 0.14259 0.54294 -0.01400 0.1980 0.2451 0.3176
v 0.14632 0.54099 -0.00718 0.1765 0.2196 0.2902
v 0.14368 0.54161 0.00716 0.1902 0.2333 0.3039
v 0.14014 0.55096 -0.01831 0.1784 0.2294 0.3000
v 0.14352 0.54870 -0.01242 0.1784 0.2157 0.2882
v 0.14712 0.54917 -0.00545 0.1725 0.2196 0.2824
v 0.14586 0.55132 0.00595 0.1647 0.2078 0.2784
v 0.13997 0.55181 0.00904 0.1608 0.2039 0.2745
v 0.14318 0.55680 -0.01357 0.1941 0.2412 0.3137
v 0.14347 0.55845 0.00710 0.1882 0.2327 0.3007
v 0.13948 0.55723 0.00897 0.1922 0.2235 0.2980
v 0.14115 0.56739 -0.01800 0.2039 0.2471 0.3176
v 0.14396 0.56702 -0.01282 0.1863 0.2324 0.3020
v 0.14388 0.56919 0.00639 0.1922 0.2353 0.3059
v 0.14052 0.57577 -0.01959 0.1882 0.2392 0.3098
v 0.14397 0.57683 -0.01277 0.1673 0.2092 0.2706
v 0.14407 0.57542 0.00698 0.1843 0.2275 0.2915
v 0.13914 0.57611 0.00965 0.1882 0.2235 0.2824
v 0.13997 0.58517 -0.02255 0.1961 0.2418 0.3124
v 0.14449 0.58588 -0.01318 0.1686 0.2170 0.2810
v 0.14657 0.58081 0.00692 0.1882 0.2235 0.2902
v 0.14314 0.58597 0.00972 0.1765 0.2235 0.2784
v 0.14254 0.59495 -0.02051 0.1820 0.2251 0.2965
v 0.14574 0.59170 -0.01269 0.2039 0.2549 0.3216
v 0.14376 0.59391 0.00945 0.1922 0.2392 0.3020
v 0.14105 0.60324 -0.03011 0.1686 0.2118 0.2758
v 0.14308 0.59975 -0.02231 0.1706 0.2176 0.2804
v 0.14602 0.59798 -0.01531 0.1569 0.2039 0.2667
v 0.14225 0.60088 0.01152 0.1843 0.2275 0.2814
v 0.14155 0.61255 -0.04480 0.1529 0.2000 0.2627
v 0.14239 0.60968 -0.03782 0.1627 0.2098 0.2725
v 0.14465 0.60864 -0.03082 0.1569 0.1980 0.2588
v 0.14452 0.60747 0.01365 0.1725 0.2092 0.2575
v 0.14132 0.61196 0.01950 0.1588 0.1902 0.2373
v 0.14116 0.61921 -0.05449 0.1784 0.2402 0.3127
v 0.14318 0.61738 -0.04849 0.1804 0.2314 0.2961
v 0.14566 0.61549 -0.04201 0.1451 0.1961 0.2588
v 0.14403 0.61855 0.02291 0.1686 0.2024 0.2463
v 0.14026 0.62593 -0.05461 0.1634 0.2118 0.2797
v 0.14303 0.62848 -0.04520 0.1673 0.2261 0.2967
v 0.14673 0.62869 -0.03789 0.1843 0.2353 0.3020
v 0.14308 0.62704 0.02325 0.1752 0.2157 0.2693
v 0.14221 0.63563 -0.03561 0.2294 0.3059 0.3902
v 0.14544 0.63693 -0.02862 0.2451 0.3235 0.4176
v 0.14645 0.64105 -0.02202 0.2431 0.3255 0.4078
v 0.14309 0.63877 0.01530 0.1765 0.2235 0.2784
v 0.14452 0.63329 0.01918 0.1686 0.2157 0.2706
v 0.14002 0.64410 -0.02829 0.2013 0.2719 0.3621
v 0.14284 0.64651 -0.02152 0.0941 0.1608 0.2392
v 0.14621 0.64613 -0.01703 0.1059 0.1569 0.2196
v 0.14214 0.64455 0.01025 0.1843 0.2314 0.2863
v 0.14170 0.65074 -0.02100 0.1882 0.2549 0.3333
v 0.14407 0.65617 -0.01442 0.1804 0.2471 0.3216
v 0.14427 0.65093 0.00551 0.2118 0.2588 0.3216
v 0.13885 0.65877 -0.02195 0.2039 0.2745 0.3529
v 0.14292 0.66327 -0.01177 0.2147 0.2833 0.3598
v 0.14201 0.65976 0.00143 0.2157 0.2784 0.3686
v 0.14095 0.66940 -0.00508 0.2000 0.2627 0.3333
v 0.14365 0.74317 -0.05595 0.4207 0.5148 0.5793
v 0.14327 0.74234 -0.04795 0.3204 0.4059 0.4831
v 0.14233 0.74176 -0.04143 0.2627 0.3441 0.4049
v 0.14358 0.74146 -0.03174 0.0797 0.1386 0.1935
v 0.14292 0.74282 -0.02003 0.1029 0.1520 0.2069
v 0.13914 0.74383 -0.01500 0.1137 0.1647 0.2275
v 0.14674 0.75122 -0.07395 0.3686 0.4725 0.5275
v 0.14551 0.74972 -0.06447 0.2931 0.3794 0.4265
v 0.14202 0.74761 -0.05596 0.2235 0.3127 0.3824
v 0.13977 0.74736 -0.05062 0.4484 0.5595 0.6065
v 0.14275 0.74650 -0.01252 0.1118 0.1745 0.2373
v 0.14340 0.75170 -0.00663 0.1122 0.1812 0.2525
v 0.14647 0.75997 -0.07896 0.3451 0.4725 0.5431
v 0.14459 0.75863 -0.07416 0.2487 0.3557 0.4056
v 0.14500 0.75739 -0.06396 0.4672 0.5765 0.5916
v 0.14107 0.75792 -0.05750 0.7160 0.8151 0.8230
v 0.14348 0.75926 -0.00641 0.1088 0.1912 0.2578
v 0.14346 0.76775 -0.07898 0.3627 0.4948 0.6020
v 0.14066 0.76649 -0.07460 0.3000 0.4020 0.4405
v 0.14173 0.76600 -0.06377 0.3397 0.4417 0.4613
v 0.14084 0.76481 -0.05911 0.5500 0.6559 0.6598
v 0.14103 0.76797 -0.00998 0.0824 0.1569 0.2235
v 0.14142 0.77524 -0.07924 0.3485 0.4924 0.6510
v 0.14572 0.77878 -0.07633 0.4431 0.6196 0.8745
v 0.13905 0.77128 -0.06579 0.1137 0.2000 0.2412
v 0.14404 0.77673 -0.01151 0.1072 0.1817 0.2458
v 0.14075 0.78367 -0.08027 0.2745 0.4026 0.6013
v 0.14479 0.78650 -0.07384 0.3163 0.4614 0.6941
v 0.14242 0.78583 -0.01375 0.1098 0.1843 0.2431
v 0.13876 0.79504 -0.07884 0.1882 0.2902 0.4353
v 0.14266 0.79168 -0.07484 0.1608 0.2569 0.4078
v 0.14580 0.79564 -0.06713 0.3137 0.4431 0.6510
v 0.14334 0.79341 -0.01555 0.0833 0.1667 0.2373
v 0.14186 0.79957 -0.07218 0.2275 0.3353 0.4706
v 0.14402 0.80146 -0.06634 0.2915 0.4078 0.5686
v 0.14727 0.80475 -0.05795 0.3647 0.5059 0.7020
v 0.14134 0.80365 -0.01749 0.3510 0.4765 0.6569
v 0.14588 0.79797 -0.01626 0.3765 0.4980 0.6824
v 0.13941 0.81059 -0.07056 0.2745 0.4000 0.5529
v 0.14322 0.80932 -0.06448 0.2863 0.4118 0.5608
v 0.14404 0.81024 -0.01805 0.3869 0.5203 0.7438
v 0.13950 0.82091 -0.06628 0.4235 0.5451 0.7176
v 0.14538 0.81474 -0.05953 0.1020 0.1961 0.3373
v 0.14204 0.81743 -0.01925 0.2863 0.4052 0.5791
v 0.14016 0.83005 -0.06553 0.0902 0.1608 0.2471
v 0.14560 0.82625 -0.05910 0.0941 0.1725 0.2706
v 0.14255 0.82662 -0.02208 0.1692 0.2711 0.3804
v 0.14228 0.83684 -0.06324 0.0902 0.1660 0.2627
v 0.14338 0.83701 -0.02240 0.4392 0.5739 0.7686
v 0.14305 0.84420 -0.02251 0.2824 0.3804 0.5203
v 0.14187 0.85391 -0.06378 0.1196 0.2020 0.2980
v 0.14720 0.85288 -0.05693 0.0706 0.1373 0.2078
v 0.14367 0.85351 -0.02251 0.0961 0.1627 0.2402
v 0.14340 0.86455 -0.06043 0.2392 0.3725 0.5490
v 0.14079 0.86240 -0.02306 0.1033 0.1725 0.2484
v 0.13965 0.86692 -0.06615 0.2549 0.3608 0.5294
v 0.14519 0.86653 -0.05619 0.3765 0.5294 0.7608
v 0.14335 0.87213 -0.02736 0.1137 0.1863 0.2539
v 0.14252 0.87978 -0.05602 0.3686 0.5157 0.7490
v 0.14352 0.88007 -0.02733 0.1029 0.1686 0.2343
v 0.13901 0.88740 -0.06109 0.3686 0.5020 0.7412
v 0.13981 0.88954 -0.05578 0.3686 0.5098 0.7451
v 0.14297 0.88820 -0.04634 0.3765 0.5176 0.7556
v 0.14619 0.88972 -0.03709 0.4039 0.5412 0.7686
v 0.14324 0.88833 -0.02038 0.2122 0.2980 0.3855
v 0.14526 0.89132 -0.01612 0.1647 0.2333 0.2941
v 0.14217 0.89267 -0.04259 0.4000 0.5451 0.7608
v 0.14299 0.89495 -0.01348 0.3935 0.5137 0.6980
v 0.13917 0.90653 -0.00336 0.3882 0.5255 0.7529
v 0.14104 0.91350 0.00549 0.3660 0.5033 0.7307
v 0.14365 0.91937 0.01207 0.3529 0.4902 0.7098
v 0.15199 0.02348 -0.30948 0.6098 0.6412 0.6490
v 0.15454 0.02323 -0.28041 0.6471 0.6706 0.6706
v 0.15350 0.02382 -0.24737 0.6216 0.6471 0.6255
v 0.15182 0.02529 -0.24035 0.5951 0.6069 0.5716
v 0.15166 0.03021 -0.23665 0.6848 0.6998 0.6805
v 0.15029 0.03249 -0.23140 0.6967 0.7150 0.6980
v 0.15098 0.03364 -0.22404 0.4667 0.4941 0.4667
v 0.15201 0.03638 -0.22091 0.6647 0.6853 0.6873
v 0.15157 0.04010 -0.21149 0.6364 0.6588 0.6560
v 0.15009 0.04189 -0.20642 0.6147 0.6353 0.6235
v 0.15354 0.04302 0.19901 0.1294 0.1529 0.2000
v 0.15126 0.04134 0.20409 0.1333 0.1608 0.2098
v 0.15272 0.03863 0.21138 0.0980 0.1412 0.1686
v 0.14911 0.03760 0.21951 0.4353 0.4745 0.4784
v 0.14971 0.03757 0.22794 0.4353 0.4706 0.4588
v 0.15109 0.03750 0.23892 0.5634 0.5895 0.5647
v 0.15434 0.03675 0.24777 0.6078 0.6294 0.6314
v 0.15109 0.03750 0.25522 0.5843 0.5980 0.6020
v 0.15185 0.03665 0.26534 0.1373 0.1529 0.1961
v 0.15555 0.03631 0.27688 0.1451 0.1529 0.2000
v 0.15362 0.03590 0.28659 0.1176 0.1451 0.1843
v 0.15443 0.03539 0.29860 0.1255 0.1490 0.2039
v 0.15096 0.03479 0.31183 0.1059 0.1294 0.1765
v 0.15153 0.04363 -0.20279 0.4855 0.5090 0.5294
v 0.15215 0.04501 -0.19599 0.2824 0.3255 0.3490
v 0.15096 0.04664 -0.18770 0.4088 0.4382 0.4755
v 0.15271 0.04711 -0.17925 0.5059 0.5333 0.5686
v 0.15112 0.04722 -0.17134 0.4725 0.4961 0.5157
v 0.15081 0.04783 -0.16331 0.7137 0.7333 0.7490
v 0.15132 0.04904 -0.15236 0.6804 0.7098 0.7078
v 0.15101 0.05124 -0.14238 0.1745 0.2176 0.2431
v 0.15552 0.05080 -0.13392 0.0961 0.1353 0.1725
v 0.15164 0.05042 0.17820 0.1333 0.1699 0.2131
v 0.15267 0.04773 0.18640 0.1333 0.1608 0.2059
v 0.15228 0.04532 0.19297 0.1242 0.1477 0.1948
v 0.14880 0.04354 0.20101 0.1255 0.1490 0.1961
v 0.14788 0.05831 -0.14800 0.2225 0.2637 0.3069
v 0.15016 0.05639 -0.14334 0.1948 0.2399 0.2850
v 0.15337 0.05683 -0.13427 0.1778 0.2222 0.2693
v 0.15563 0.05484 -0.12872 0.1882 0.2340 0.2889
v 0.15511 0.06013 0.13655 0.1412 0.1882 0.2431
v 0.15151 0.05841 0.14355 0.1948 0.2340 0.2941
v 0.15033 0.05735 0.14899 0.1882 0.2353 0.2902
v 0.15346 0.05203 0.17064 0.1529 0.1922 0.2314
v 0.14756 0.06467 -0.14777 0.2353 0.2745 0.3137
v 0.14946 0.06544 -0.14358 0.2004 0.2397 0.2789
v 0.15331 0.06510 -0.13480 0.1869 0.2261 0.2649
v 0.15570 0.06376 -0.12959 0.1961 0.2444 0.2876
v 0.15149 0.06665 0.13441 0.1712 0.2105 0.2732
v 0.14891 0.06093 0.13882 0.1529 0.1882 0.2549
v 0.14861 0.07213 -0.14150 0.3425 0.3765 0.4092
v 0.15155 0.07193 -0.13468 0.2753 0.3106 0.3427
v 0.15194 0.07508 -0.12648 0.4500 0.4799 0.5029
v 0.15353 0.07645 -0.11811 0.4928 0.5294 0.5477
v 0.15354 0.07653 0.12921 0.1725 0.2078 0.2745
v 0.14977 0.07335 0.13343 0.1765 0.2196 0.2810
v 0.14866 0.07983 -0.11647 0.3961 0.4314 0.4627
v 0.15203 0.08179 -0.10796 0.3838 0.4280 0.4571
v 0.15423 0.08444 -0.10275 0.3399 0.3974 0.4458
v 0.15454 0.08490 0.11648 0.1451 0.1922 0.2471
v 0.15166 0.08234 0.12348 0.1588 0.2059 0.2608
v 0.14801 0.07798 0.13173 0.1843 0.2196 0.2863
v 0.15203 0.08952 -0.10105 0.3111 0.3817 0.4453
v 0.15277 0.09248 0.10977 0.1242 0.1627 0.2059
v 0.14838 0.09036 0.11572 0.1392 0.1824 0.2333
v 0.15167 0.09996 -0.09909 0.2712 0.3366 0.3993
v 0.15345 0.10017 0.10939 0.1069 0.1392 0.1755
v 0.14935 0.10011 0.11506 0.0910 0.1153 0.1537
v 0.15221 0.10889 -0.09979 0.3089 0.3795 0.4336
v 0.15394 0.10888 0.11002 0.0667 0.0839 0.1239
v 0.14924 0.10655 0.11615 0.0575 0.0693 0.1085
v 0.15156 0.11762 -0.10009 0.3829 0.4317 0.4581
v 0.15431 0.12093 -0.09498 0.2431 0.3020 0.3294
v 0.15456 0.11529 0.11029 0.0444 0.0575 0.0993
v 0.14933 0.11627 0.11567 0.0614 0.0784 0.1216
v 0.14973 0.12236 -0.09657 0.0569 0.0961 0.1216
v 0.15205 0.12455 -0.08915 0.0859 0.1263 0.1627
v 0.15141 0.12745 -0.08597 0.0627 0.0941 0.1255
v 0.15388 0.12396 0.11141 0.0392 0.0510 0.0961
v 0.15037 0.12463 0.11510 0.0647 0.0814 0.1245
v 0.15133 0.13419 -0.08684 0.0682 0.1082 0.1506
v 0.15214 0.13395 -0.08556 0.0784 0.1211 0.1586
v 0.15330 0.13370 0.10848 0.0525 0.0729 0.1114
v 0.14838 0.13516 0.11426 0.0588 0.0863 0.1255
v 0.15120 0.14301 -0.08551 0.0814 0.1309 0.1680
v 0.15244 0.14496 0.09953 0.0502 0.0706 0.1122
v 0.14932 0.14115 0.10733 0.0490 0.0706 0.1118
v 0.15171 0.15485 -0.08659 0.0725 0.1294 0.1765
v 0.15211 0.15146 -0.08558 0.0810 0.1351 0.1756
v 0.15156 0.15357 0.09377 0.0951 0.1225 0.1716
v 0.15132 0.14905 0.09742 0.0980 0.1275 0.1686
v 0.15327 0.16074 -0.08840 0.0662 0.1102 0.1590
v 0.14902 0.16029 -0.08589 0.0405 0.0719 0.1078
v 0.15100 0.16069 0.09109 0.0765 0.1059 0.1456
v 0.15173 0.16831 -0.08837 0.0348 0.0657 0.1069
v 0.14957 0.17090 -0.08641 0.0941 0.1333 0.1725
v 0.15387 0.17195 0.07555 0.0765 0.1157 0.1588
v 0.15246 0.16878 0.08277 0.0716 0.0990 0.1441
v 0.15047 0.16658 0.08774 0.0725 0.0980 0.1412
v 0.15131 0.17728 -0.08923 0.0497 0.0758 0.1124
v 0.15288 0.17810 0.07370 0.1137 0.1490 0.2032
v 0.14768 0.17417 0.07861 0.1373 0.1765 0.2235
v 0.15490 0.18797 -0.09549 0.2412 0.3078 0.3314
v 0.15108 0.18570 -0.09314 0.0604 0.0978 0.1383
v 0.15406 0.18754 0.06448 0.1471 0.1863 0.2431
v 0.15298 0.18327 0.07122 0.1471 0.1843 0.2373
v 0.15588 0.19436 -0.09602 0.1176 0.2275 0.2745
v 0.15166 0.19515 -0.09284 0.1130 0.1730 0.2213
v 0.15310 0.19547 0.05892 0.1824 0.2294 0.2922
v 0.14821 0.19407 0.06350 0.1595 0.2065 0.2693
v 0.15273 0.20192 -0.08738 0.1588 0.2137 0.2569
v 0.15144 0.20508 -0.08256 0.1412 0.2022 0.2375
v 0.15340 0.20246 0.05806 0.1859 0.2337 0.2949
v 0.14766 0.20123 0.06143 0.1569 0.2039 0.2667
v 0.15105 0.21181 -0.08108 0.2573 0.3027 0.3353
v 0.15052 0.21124 0.05860 0.1608 0.2020 0.2588
v 0.15444 0.21674 -0.07986 0.3922 0.4431 0.4667
v 0.15186 0.22075 -0.07520 0.4381 0.4756 0.4941
v 0.15192 0.22193 0.05151 0.1441 0.1912 0.2500
v 0.15049 0.21879 0.05448 0.1529 0.2000 0.2608
v 0.14814 0.22574 -0.06960 0.7137 0.7333 0.7176
v 0.15223 0.22695 -0.06235 0.6771 0.7020 0.6967
v 0.14998 0.23022 -0.05645 0.5686 0.5929 0.6102
v 0.15334 0.23160 -0.04961 0.4176 0.4627 0.4980
v 0.15363 0.23329 0.03438 0.1490 0.1961 0.2588
v 0.15118 0.23129 0.04000 0.2000 0.2444 0.3124
v 0.15314 0.22666 0.04739 0.1588 0.2059 0.2608
v 0.14857 0.23785 -0.05377 0.2131 0.2654 0.3203
v 0.15300 0.23744 -0.04887 0.1804 0.2275 0.2850
v 0.15516 0.24127 0.00236 0.1242 0.1752 0.2222
v 0.15095 0.23846 0.03058 0.1843 0.2290 0.2980
v 0.14862 0.23412 0.03622 0.1843 0.2275 0.2980
v 0.14836 0.24668 -0.05205 0.2078 0.2627 0.3196
v 0.15191 0.24774 -0.04722 0.1503 0.2009 0.2505
v 0.15411 0.24984 -0.03763 0.1255 0.1725 0.2216
v 0.15407 0.25002 -0.02824 0.1451 0.2000 0.2510
v 0.15285 0.25005 -0.02098 0.1255 0.1804 0.2314
v 0.15159 0.24972 -0.01145 0.1255 0.1804 0.2314
v 0.15245 0.24715 -0.00348 0.1365 0.1914 0.2424
v 0.15269 0.24780 0.00536 0.1302 0.1827 0.2314
v 0.15480 0.24808 0.01278 0.1582 0.2105 0.2627
v 0.15406 0.24720 0.02318 0.1745 0.2216 0.2853
v 0.15002 0.24305 0.02898 0.2000 0.2431 0.3137
v 0.15223 0.25565 -0.04699 0.1506 0.2132 0.2467
v 0.15072 0.25414 -0.04036 0.1235 0.1784 0.2284
v 0.15027 0.25344 -0.02945 0.1020 0.1542 0.2013
v 0.14826 0.25466 -0.02243 0.0941 0.1412 0.1882
v 0.14994 0.25198 -0.01685 0.1333 0.1882 0.2392
v 0.14784 0.25364 -0.00388 0.1216 0.1765 0.2275
v 0.14898 0.25375 0.00619 0.1569 0.2118 0.2627
v 0.15020 0.25486 0.01329 0.1578 0.2137 0.2676
v 0.15033 0.25499 0.01965 0.1899 0.2364 0.3020
v 0.15496 0.26103 -0.05224 0.3373 0.4314 0.4392
v 0.15365 0.26430 -0.04766 0.1837 0.2468 0.2490
v 0.15261 0.26572 -0.04174 0.1153 0.1671 0.2212
v 0.14802 0.26452 0.01667 0.1843 0.2196 0.2784
v 0.15360 0.27302 -0.04648 0.3985 0.4760 0.4691
v 0.15164 0.27353 -0.03849 0.1480 0.2020 0.2415
v 0.14753 0.27127 0.01561 0.1784 0.2157 0.2725
v 0.15289 0.27848 -0.04373 0.4745 0.5569 0.5647
v 0.15081 0.28186 -0.03920 0.3105 0.3631 0.3761
v 0.15141 0.28101 -0.03221 0.1324 0.1922 0.2343
v 0.14807 0.28248 -0.02568 0.1216 0.1686 0.2235
v 0.14780 0.28119 0.01497 0.1778 0.2170 0.2771
v 0.15202 0.29027 -0.03740 0.3333 0.3799 0.3917
v 0.15189 0.28921 -0.02940 0.1225 0.1755 0.2235
v 0.14786 0.29126 -0.02516 0.1255 0.1725 0.2353
v 0.14783 0.29300 0.00708 0.1412 0.1843 0.2549
v 0.14856 0.29040 0.01148 0.1647 0.2039 0.2608
v 0.15132 0.29899 -0.03886 0.2724 0.3183 0.3451
v 0.15421 0.29940 -0.03061 0.1461 0.1961 0.2480
v 0.14750 0.29868 -0.02383 0.1373 0.1843 0.2314
v 0.14824 0.29816 0.00598 0.1333 0.1804 0.2288
v 0.14851 0.29891 0.01321 0.1490 0.1908 0.2503
v 0.15093 0.30733 -0.03743 0.4020 0.4490 0.4714
v 0.15307 0.30749 -0.03033 0.1412 0.2110 0.2675
v 0.14729 0.30522 -0.02265 0.1529 0.2235 0.2784
v 0.14843 0.30576 0.00751 0.1412 0.1882 0.2431
v 0.14873 0.30801 0.01157 0.1464 0.1961 0.2523
v 0.15054 0.31640 -0.03683 0.1198 0.1730 0.2144
v 0.15359 0.31585 -0.03110 0.1102 0.1569 0.2035
v 0.14816 0.31322 -0.02288 0.1294 0.1686 0.2157
v 0.14885 0.31639 0.01243 0.1582 0.2065 0.2614
v 0.15140 0.32626 -0.04453 0.1137 0.1621 0.2052
v 0.15378 0.32242 -0.03976 0.1046 0.1516 0.1869
v 0.15412 0.32418 -0.02676 0.1118 0.1549 0.2020
v 0.15077 0.32596 -0.02440 0.1000 0.1451 0.1922
v 0.14855 0.32528 0.01176 0.1537 0.2039 0.2596
v 0.15149 0.33400 -0.04691 0.2608 0.3123 0.3373
v 0.15485 0.33667 -0.02827 0.1647 0.2176 0.2676
v 0.15183 0.33325 -0.02370 0.1137 0.1608 0.2078
v 0.14769 0.33692 0.00568 0.1608 0.2078 0.2706
v 0.14932 0.33443 0.01145 0.1556 0.1987 0.2601
v 0.15195 0.34266 -0.04663 0.1868 0.2319 0.2610
v 0.15289 0.34467 -0.03731 0.1529 0.1961 0.2314
v 0.15087 0.34062 -0.03074 0.1608 0.2118 0.2647
v 0.14977 0.34404 0.00747 0.1490 0.1961 0.2588
v 0.14953 0.34173 0.01167 0.1490 0.1961 0.2588
v 0.15223 0.34994 -0.05208 0.3216 0.3863 0.4000
v 0.15156 0.34972 -0.04866 0.2596 0.3174 0.3483
v 0.15200 0.34726 -0.04080 0.1503 0.1987 0.2510
v 0.14923 0.35033 0.00613 0.1627 0.2098 0.2725
v 0.14929 0.35028 0.01127 0.1637 0.2108 0.2735
v 0.14969 0.35949 0.00752 0.1634 0.2105 0.2732
v 0.14994 0.35897 0.01087 0.1569 0.2039 0.2647
v 0.14874 0.36684 0.00743 0.1765 0.2235 0.2863
v 0.14922 0.36857 0.00977 0.1804 0.2275 0.2902
v 0.14831 0.37657 0.00595 0.1765 0.2235 0.2863
v 0.14884 0.37785 0.01074 0.1699 0.2170 0.2797
v 0.14861 0.38570 0.00582 0.1176 0.1647 0.2275
v 0.14869 0.38613 0.01062 0.1545 0.2016 0.2643
v 0.14862 0.39441 0.00573 0.1529 0.2000 0.2627
v 0.14909 0.39504 0.01080 0.1725 0.2196 0.2824
v 0.14890 0.40210 0.00675 0.1549 0.2039 0.2667
v 0.14868 0.40157 0.01065 0.1686 0.2196 0.2824
v 0.14835 0.41093 0.00620 0.1667 0.2157 0.2784
v 0.14943 0.41260 0.00991 0.1686 0.2196 0.2824
v 0.14860 0.41983 0.00647 0.2039 0.2569 0.3137
v 0.14809 0.42094 0.01011 0.2314 0.2784 0.3412
v 0.14857 0.42986 0.00509 0.2373 0.2725 0.3353
v 0.14834 0.42960 0.00983 0.2333 0.2745 0.3314
v 0.14915 0.43836 0.00599 0.3033 0.3281 0.3843
v 0.14886 0.43790 0.00956 0.2784 0.3078 0.3686
v 0.14741 0.44451 -0.00020 0.3255 0.3333 0.3843
v 0.14970 0.44679 0.00660 0.2627 0.2954 0.3523
v 0.14744 0.44886 0.00933 0.2471 0.2941 0.3569
v 0.14939 0.45585 0.00649 0.1765 0.2224 0.2852
v 0.14743 0.45557 0.00880 0.2000 0.2314 0.3059
v 0.14916 0.46255 0.00569 0.1716 0.2118 0.2784
v 0.14933 0.47242 0.00519 0.1667 0.2049 0.2706
v 0.14947 0.48109 0.00462 0.1754 0.2224 0.2852
v 0.14805 0.49353 -0.00175 0.1647 0.2000 0.2588
v 0.14948 0.48923 0.00486 0.1710 0.2125 0.2784
v 0.14799 0.49819 -0.00223 0.1804 0.2157 0.2745
v 0.15008 0.49751 0.00447 0.1522 0.1969 0.2588
v 0.14813 0.50808 -0.00207 0.1961 0.2471 0.3098
v 0.15011 0.50650 0.00453 0.1867 0.2322 0.2980
v 0.14780 0.51526 -0.00224 0.1725 0.2157 0.2863
v 0.15105 0.51629 0.00417 0.1858 0.2296 0.3014
v 0.14819 0.52274 -0.00201 0.1510 0.1941 0.2588
v 0.15161 0.52379 0.00354 0.1765 0.2230 0.2868
v 0.14827 0.53228 -0.00249 0.1686 0.2098 0.2745
v 0.15146 0.53313 0.00304 0.1855 0.2306 0.3004
v 0.14882 0.54334 -0.00210 0.1765 0.2196 0.2902
v 0.15096 0.54175 0.00234 0.1974 0.2451 0.3183
v 0.14949 0.55100 -0.00074 0.1529 0.2020 0.2647
v 0.15140 0.55050 0.00210 0.1690 0.2135 0.2866
v 0.14921 0.55690 -0.00193 0.1804 0.2275 0.2902
v 0.15093 0.55829 0.00187 0.1922 0.2387 0.3098
v 0.15052 0.56834 -0.00202 0.1835 0.2290 0.2949
v 0.15133 0.56804 0.00138 0.1793 0.2235 0.2952
v 0.15170 0.57667 -0.00154 0.1654 0.2072 0.2712
v 0.15186 0.57649 0.00189 0.1804 0.2224 0.2875
v 0.15132 0.58508 -0.00195 0.1608 0.2078 0.2627
v 0.15350 0.58457 0.00276 0.1908 0.2386 0.2974
v 0.14731 0.59486 -0.01093 0.1804 0.2235 0.2941
v 0.15102 0.59315 -0.00446 0.1830 0.2294 0.2935
v 0.15320 0.59237 0.00395 0.1898 0.2369 0.2996
v 0.14876 0.60182 -0.01376 0.1752 0.2144 0.2797
v 0.15380 0.60037 -0.00379 0.1745 0.2088 0.2775
v 0.15433 0.60071 0.00422 0.1739 0.2209 0.2837
v 0.14921 0.60330 0.00897 0.1765 0.2235 0.2863
v 0.14796 0.61409 -0.03530 0.1529 0.1882 0.2471
v 0.14926 0.61326 -0.03042 0.1529 0.1882 0.2549
v 0.15261 0.61200 -0.02176 0.1778 0.2170 0.2771
v 0.15392 0.60821 -0.01349 0.1745 0.2157 0.2804
v 0.15244 0.61085 0.01340 0.1741 0.2141 0.2651
v 0.14822 0.61301 0.01748 0.1804 0.2118 0.2627
v 0.14861 0.61871 -0.03911 0.2245 0.2863 0.3608
v 0.15350 0.61971 -0.02943 0.2118 0.2696 0.3412
v 0.15588 0.61589 -0.02273 0.1725 0.2078 0.2745
v 0.15158 0.61994 0.02014 0.1859 0.2275 0.2769
v 0.14847 0.62417 -0.03945 0.1882 0.2392 0.3059
v 0.15273 0.62655 -0.02936 0.2196 0.2784 0.3516
v 0.15476 0.63069 -0.02283 0.2157 0.2824 0.3529
v 0.15586 0.63156 0.01563 0.5098 0.6235 0.7804
v 0.15108 0.62925 0.01881 0.1608 0.2157 0.2693
v 0.15304 0.63532 -0.02001 0.1882 0.2471 0.3294
v 0.15475 0.63943 -0.01319 0.1804 0.2314 0.2980
v 0.15084 0.63886 0.01234 0.2131 0.2680 0.3373
v 0.15051 0.64614 -0.01139 0.1608 0.2137 0.2863
v 0.15374 0.64681 -0.00630 0.1608 0.2196 0.2941
v 0.15143 0.64620 0.00556 0.2771 0.3490 0.4392
v 0.15014 0.65459 -0.00473 0.2085 0.2686 0.3471
v 0.14828 0.65304 0.00232 0.1922 0.2392 0.3020
v 0.14834 0.65944 -0.00580 0.2431 0.3059 0.3961
v 0.14737 0.74453 -0.05509 0.2196 0.3176 0.3961
v 0.14772 0.74461 -0.05132 0.2235 0.2863 0.3765
v 0.14869 0.74433 -0.03745 0.1510 0.2216 0.2961
v 0.14979 0.74477 -0.03192 0.1490 0.2157 0.2863
v 0.14760 0.74354 -0.02556 0.1333 0.1843 0.2471
v 0.14950 0.75186 -0.07308 0.1412 0.2294 0.3098
v 0.14982 0.74970 -0.06524 0.1542 0.2281 0.3203
v 0.15029 0.74898 -0.05564 0.1588 0.2314 0.3248
v 0.15115 0.74933 -0.04703 0.1927 0.2644 0.3552
v 0.15313 0.75023 -0.03833 0.1706 0.2480 0.3500
v 0.15333 0.74879 -0.03035 0.1588 0.2373 0.3314
v 0.15291 0.74907 -0.02066 0.1461 0.2147 0.3010
v 0.15191 0.74999 -0.01255 0.1126 0.1703 0.2426
v 0.15335 0.75276 -0.00554 0.0980 0.1510 0.2078
v 0.14951 0.75784 -0.07361 0.2425 0.3523 0.4444
v 0.15211 0.75985 -0.06538 0.1686 0.2686 0.3941
v 0.15303 0.75954 -0.05659 0.1827 0.2839 0.4133
v 0.15346 0.75761 -0.04901 0.1765 0.2745 0.3922
v 0.15463 0.75723 -0.03827 0.1765 0.2562 0.3739
v 0.15528 0.75464 -0.02896 0.1725 0.2549 0.3686
v 0.15206 0.75901 -0.00410 0.1098 0.1817 0.2418
v 0.14902 0.76622 -0.07369 0.2078 0.3333 0.4627
v 0.15277 0.76800 -0.06477 0.1902 0.3118 0.4696
v 0.15336 0.76718 -0.05777 0.2039 0.3114 0.4510
v 0.15381 0.76735 -0.04954 0.1725 0.2686 0.4000
v 0.15489 0.76540 -0.03955 0.1667 0.2569 0.3784
v 0.15574 0.76571 -0.03174 0.1647 0.2549 0.3765
v 0.15088 0.76668 -0.00688 0.1203 0.2183 0.2771
v 0.14822 0.77691 -0.07320 0.4471 0.6000 0.8549
v 0.15191 0.77569 -0.06475 0.3716 0.5176 0.7343
v 0.15215 0.77647 -0.05822 0.2948 0.4150 0.5974
v 0.15305 0.77628 -0.04863 0.1739 0.2654 0.3987
v 0.15461 0.77486 -0.03844 0.1647 0.2549 0.3791
v 0.15568 0.77500 -0.02920 0.1739 0.2641 0.3856
v 0.15367 0.77589 -0.00911 0.0882 0.1824 0.2412
v 0.14977 0.78270 -0.06634 0.3843 0.5333 0.7804
v 0.15098 0.78251 -0.05541 0.2651 0.3820 0.5592
v 0.15237 0.78383 -0.04754 0.1341 0.2306 0.3561
v 0.15428 0.78368 -0.03781 0.1745 0.2647 0.3902
v 0.15584 0.78453 -0.03135 0.1980 0.2882 0.4137
v 0.15220 0.78347 -0.01091 0.2245 0.3255 0.4363
v 0.14897 0.78990 -0.06299 0.3255 0.4627 0.6824
v 0.15060 0.79338 -0.05479 0.2667 0.3902 0.5647
v 0.15388 0.79671 -0.04294 0.1569 0.2627 0.3804
v 0.15277 0.79198 -0.01275 0.3716 0.5049 0.7010
v 0.14800 0.79810 -0.05986 0.2980 0.4275 0.6039
v 0.14983 0.80134 -0.01561 0.3843 0.5203 0.7490
v 0.15245 0.80730 -0.04791 0.1451 0.2490 0.3784
v 0.15341 0.81001 -0.01549 0.3784 0.5157 0.7275
v 0.15002 0.81691 -0.05320 0.1294 0.2078 0.3137
v 0.15419 0.82118 -0.04827 0.0941 0.1725 0.2667
v 0.14892 0.81909 -0.01959 0.3902 0.5294 0.7480
v 0.14956 0.82756 -0.05446 0.0941 0.1569 0.2549
v 0.15314 0.83062 -0.05065 0.0824 0.1529 0.2314
v 0.15096 0.82809 -0.02113 0.4039 0.5435 0.7514
v 0.15425 0.83691 -0.04908 0.0353 0.0863 0.1529
v 0.15053 0.83702 -0.02245 0.4304 0.5627 0.7647
v 0.14795 0.84210 -0.05647 0.0824 0.1490 0.2196
v 0.15352 0.84487 -0.04858 0.1922 0.2902 0.4098
v 0.15038 0.84409 -0.02423 0.3706 0.4922 0.6725
v 0.14889 0.85749 -0.05279 0.3490 0.4706 0.5804
v 0.15349 0.85255 -0.04585 0.1686 0.2696 0.3725
v 0.15208 0.85451 -0.02559 0.1137 0.1752 0.2484
v 0.15174 0.86204 -0.04535 0.2863 0.3908 0.4484
v 0.15415 0.86146 -0.04083 0.3072 0.4052 0.4706
v 0.15035 0.86197 -0.02764 0.1078 0.1784 0.2471
v 0.14862 0.86932 -0.04737 0.3804 0.5176 0.6876
v 0.15246 0.87116 -0.03733 0.2431 0.3422 0.4039
v 0.15191 0.87133 -0.02992 0.1294 0.2016 0.2737
v 0.14841 0.88007 -0.03945 0.4052 0.5542 0.7359
v 0.15286 0.88023 -0.03118 0.2375 0.3384 0.4146
v 0.14759 0.88679 -0.03709 0.3922 0.5333 0.7608
v 0.15205 0.88648 -0.03037 0.2693 0.4013 0.4980
v 0.15164 0.88796 -0.02162 0.1122 0.1741 0.2345
v 0.15166 0.89746 -0.01338 0.1902 0.2833 0.3892
v 0.15274 0.90197 -0.00884 0.4000 0.5373 0.7490
v 0.14945 0.90452 -0.00573 0.4039 0.5294 0.7686
v 0.15119 0.90956 0.00186 0.3882 0.5255 0.7529
v 0.15406 0.91682 0.01200 0.3608 0.4980 0.7255
v 0.15196 0.92063 0.01531 0.3373 0.4765 0.6922
v 0.15491 0.92223 0.01741 0.3412 0.4706 0.6824
v 0.15986 0.02346 -0.30904 0.6275 0.6549 0.6588
v 0.16004 0.02315 -0.26438 0.6745 0.6980 0.6980
v 0.16118 0.02270 -0.25572 0.6941 0.7176 0.7020
v 0.15960 0.02329 -0.24601 0.7137 0.7382 0.7167
v 0.15871 0.02480 -0.24176 0.6000 0.6131 0.5804
v 0.16274 0.02717 -0.24305 0.6824 0.7020 0.6824
v 0.16014 0.03039 -0.23982 0.7448 0.7644 0.7467
v 0.15957 0.03324 -0.22839 0.4730 0.4975 0.5010
v 0.16314 0.03362 0.29363 0.1098 0.1373 0.1686
v 0.16242 0.03559 -0.22587 0.2471 0.2745 0.3118
v 0.15965 0.03744 -0.22094 0.4387 0.4706 0.4908
v 0.16177 0.03984 -0.21195 0.4690 0.5020 0.5271
v 0.16061 0.04117 -0.20343 0.3431 0.3833 0.3784
v 0.16165 0.04228 -0.19391 0.1163 0.1490 0.1843
v 0.16014 0.04252 0.19504 0.1137 0.1392 0.1824
v 0.15943 0.03944 0.20313 0.1247 0.1490 0.1945
v 0.16207 0.03693 0.21247 0.1699 0.2157 0.2575
v 0.15867 0.03671 0.22024 0.3255 0.3627 0.3804
v 0.15860 0.03651 0.23940 0.3961 0.4157 0.3922
v 0.16130 0.03599 0.26259 0.1431 0.1647 0.2020
v 0.15732 0.04411 -0.19154 0.1882 0.2118 0.2588
v 0.15980 0.04413 -0.18482 0.1882 0.2235 0.2686
v 0.16138 0.04517 -0.17578 0.1902 0.2245 0.2657
v 0.15736 0.04759 -0.16794 0.3804 0.4078 0.4392
v 0.16223 0.04743 -0.16186 0.4418 0.4667 0.5137
v 0.16025 0.04847 -0.15223 0.7196 0.7471 0.7569
v 0.16094 0.04941 -0.14183 0.6118 0.6490 0.6490
v 0.16297 0.04993 -0.13524 0.3961 0.4314 0.4588
v 0.16029 0.05079 -0.12568 0.1085 0.1490 0.1856
v 0.16004 0.04929 0.17651 0.1451 0.1765 0.2196
v 0.16099 0.04545 0.18625 0.1255 0.1490 0.1961
v 0.15993 0.04364 0.19122 0.0941 0.1294 0.1647
v 0.15802 0.05691 -0.12474 0.1485 0.1995 0.2500
v 0.16228 0.05622 -0.12064 0.2137 0.2693 0.3248
v 0.16107 0.05853 0.13559 0.1706 0.2020 0.2627
v 0.16404 0.05617 0.14270 0.1843 0.2196 0.2863
v 0.15761 0.05531 0.15259 0.1490 0.1961 0.2431
v 0.15990 0.05261 0.16333 0.1373 0.1843 0.2314
v 0.15855 0.06475 -0.12514 0.1864 0.2311 0.2753
v 0.16317 0.06519 -0.12032 0.1843 0.2288 0.2745
v 0.16189 0.06487 0.12808 0.1667 0.2049 0.2706
v 0.15886 0.06226 0.13152 0.1588 0.1941 0.2608
v 0.15807 0.07154 -0.12445 0.3054 0.3490 0.3838
v 0.16092 0.07317 -0.11856 0.5368 0.5669 0.5830
v 0.15972 0.07723 -0.11192 0.5804 0.6157 0.6392
v 0.16401 0.07704 0.12098 0.1412 0.1882 0.2431
v 0.15979 0.07453 0.12561 0.1673 0.2105 0.2719
v 0.15918 0.08031 -0.10710 0.6405 0.6732 0.6876
v 0.16045 0.08468 -0.09897 0.3426 0.3941 0.4377
v 0.16453 0.08645 -0.09427 0.2510 0.3059 0.3569
v 0.15941 0.08479 0.11217 0.1451 0.1804 0.2392
v 0.15948 0.08221 0.11697 0.1569 0.1922 0.2510
v 0.15993 0.09014 -0.09669 0.2975 0.3574 0.4186
v 0.16244 0.09271 -0.09366 0.2686 0.3353 0.4052
v 0.16145 0.09211 0.10260 0.1320 0.1712 0.2183
v 0.15865 0.08964 0.10647 0.1412 0.1843 0.2353
v 0.15734 0.09998 -0.09639 0.2451 0.3059 0.3608
v 0.16182 0.09982 -0.09382 0.2543 0.3076 0.3602
v 0.16164 0.09909 0.10260 0.0961 0.1294 0.1725
v 0.15859 0.09995 0.10495 0.1020 0.1359 0.1712
v 0.15808 0.10808 -0.09666 0.3255 0.3778 0.4268
v 0.16247 0.10733 -0.09395 0.3307 0.3765 0.4163
v 0.16303 0.10908 0.10267 0.0894 0.1169 0.1514
v 0.15788 0.10711 0.10647 0.0714 0.0925 0.1239
v 0.15860 0.11713 -0.09680 0.4108 0.4603 0.4936
v 0.16210 0.11846 -0.09235 0.2340 0.2867 0.3216
v 0.16231 0.11717 0.10308 0.0850 0.1046 0.1412
v 0.15880 0.11739 0.10638 0.0569 0.0725 0.1176
v 0.16001 0.12449 -0.08792 0.1037 0.1577 0.2074
v 0.15998 0.12881 -0.08439 0.1013 0.1739 0.2255
v 0.16462 0.12879 0.06502 0.0784 0.1098 0.1529
v 0.16217 0.12680 0.10344 0.0471 0.0667 0.0980
v 0.15950 0.12461 0.10614 0.0493 0.0627 0.1025
v 0.15903 0.13238 -0.08358 0.0622 0.1076 0.1485
v 0.16394 0.13477 0.05554 0.1412 0.1725 0.2118
v 0.16235 0.13507 0.06543 0.0735 0.1020 0.1304
v 0.16282 0.13328 0.07455 0.0686 0.0971 0.1294
v 0.16228 0.13552 0.08129 0.1069 0.1559 0.1961
v 0.16210 0.13539 0.09020 0.0871 0.1247 0.1592
v 0.15972 0.13312 0.10007 0.0598 0.0843 0.1225
v 0.15738 0.13037 0.10614 0.0510 0.0784 0.1176
v 0.16377 0.14257 -0.08732 0.1294 0.2065 0.2366
v 0.15995 0.14242 -0.08488 0.0832 0.1381 0.1778
v 0.16297 0.14686 0.05205 0.0902 0.1294 0.1647
v 0.16163 0.14252 0.05705 0.1399 0.1784 0.2203
v 0.15961 0.14380 0.06632 0.0745 0.1069 0.1353
v 0.15946 0.14269 0.07343 0.0417 0.0686 0.0971
v 0.15997 0.14232 0.08321 0.0657 0.0971 0.1284
v 0.15884 0.14368 0.09151 0.0599 0.0868 0.1261
v 0.15636 0.14012 0.09732 0.0510 0.0784 0.1176
v 0.16103 0.15260 -0.08832 0.1740 0.2475 0.2848
v 0.15658 0.15159 -0.08627 0.0431 0.1059 0.1647
v 0.16401 0.15084 0.05017 0.1510 0.1922 0.2490
v 0.16066 0.15305 0.05588 0.1373 0.1712 0.2157
v 0.15884 0.15155 0.06413 0.2176 0.2660 0.3052
v 0.15861 0.15170 0.07394 0.0765 0.1083 0.1392
v 0.15977 0.15142 0.08249 0.0647 0.0936 0.1333
v 0.15845 0.15102 0.09145 0.0680 0.0948 0.1386
v 0.15961 0.16008 -0.09007 0.0863 0.1503 0.2072
v 0.16407 0.16009 0.04953 0.1569 0.2039 0.2510
v 0.16027 0.16013 0.05673 0.1163 0.1556 0.1987
v 0.15875 0.15975 0.06565 0.1059 0.1451 0.1843
v 0.15937 0.16141 0.07465 0.0910 0.1263 0.1639
v 0.16064 0.16116 0.08301 0.0735 0.1049 0.1436
v 0.15849 0.15971 0.08892 0.0599 0.0891 0.1283
v 0.16008 0.16885 -0.09157 0.2018 0.2763 0.3230
v 0.16323 0.17021 0.04997 0.1304 0.1667 0.2167
v 0.16016 0.16833 0.05649 0.1224 0.1655 0.2078
v 0.15905 0.16754 0.06471 0.1294 0.1686 0.2157
v 0.15841 0.16960 0.07327 0.1036 0.1389 0.1899
v 0.15812 0.16631 0.08162 0.0847 0.1153 0.1569
v 0.15997 0.17757 -0.09100 0.2141 0.2749 0.3090
v 0.16298 0.17719 0.05026 0.1431 0.1863 0.2373
v 0.16080 0.17799 0.05570 0.1399 0.1837 0.2333
v 0.15890 0.17757 0.06455 0.1451 0.1843 0.2408
v 0.15830 0.17602 0.07215 0.1129 0.1451 0.2016
v 0.15802 0.18866 -0.09584 0.1039 0.1706 0.2039
v 0.16070 0.18599 -0.09186 0.0621 0.1017 0.1433
v 0.16295 0.18569 0.05042 0.1314 0.1765 0.2275
v 0.15942 0.18682 0.05738 0.1425 0.1895 0.2458
v 0.15738 0.18390 0.06583 0.1399 0.1843 0.2392
v 0.15945 0.19451 -0.09664 0.1765 0.2569 0.2941
v 0.16149 0.19535 -0.09190 0.1307 0.1820 0.2229
v 0.16366 0.19739 -0.08531 0.1529 0.1922 0.2314
v 0.16247 0.19690 0.05074 0.1314 0.1784 0.2294
v 0.15852 0.19502 0.05524 0.1686 0.2157 0.2758
v 0.15958 0.20349 -0.08810 0.1882 0.2412 0.2797
v 0.16023 0.20416 -0.08571 0.1554 0.2083 0.2417
v 0.16326 0.20292 0.05024 0.1275 0.1745 0.2294
v 0.15927 0.20235 0.05393 0.1542 0.2013 0.2614
v 0.16089 0.21103 -0.08847 0.2802 0.3255 0.3490
v 0.15667 0.21291 -0.08411 0.3510 0.3980 0.4235
v 0.16151 0.21409 0.05082 0.1451 0.1922 0.2471
v 0.15815 0.21118 0.05400 0.1516 0.1987 0.2588
v 0.15960 0.21787 -0.08119 0.2778 0.3281 0.3621
v 0.16066 0.21911 -0.07373 0.2392 0.2889 0.3301
v 0.16026 0.22191 -0.06370 0.2400 0.2816 0.3200
v 0.16163 0.22329 -0.05489 0.1961 0.2353 0.2706
v 0.16366 0.22406 -0.04924 0.2118 0.2471 0.2824
v 0.15960 0.22130 0.04862 0.1435 0.1906 0.2455
v 0.15611 0.22669 -0.05707 0.6549 0.6784 0.6784
v 0.15896 0.22884 -0.04679 0.4951 0.5216 0.5471
v 0.16036 0.23085 -0.04093 0.2608 0.3069 0.3539
v 0.16313 0.23298 -0.03435 0.1294 0.1843 0.2353
v 0.16385 0.23250 -0.01419 0.1412 0.1961 0.2471
v 0.16292 0.23192 -0.00752 0.0824 0.1333 0.1686
v 0.16187 0.23182 0.00359 0.1382 0.1824 0.2402
v 0.16196 0.23294 0.01172 0.1490 0.1961 0.2510
v 0.16460 0.23322 0.01795 0.1020 0.1490 0.2039
v 0.15948 0.23308 0.03124 0.1255 0.1725 0.2353
v 0.16044 0.22951 0.03722 0.2026 0.2536 0.3190
v 0.15690 0.23614 -0.04348 0.1843 0.2333 0.2980
v 0.15848 0.23810 -0.03960 0.1647 0.2127 0.2755
v 0.16151 0.23851 -0.03115 0.1529 0.2039 0.2608
v 0.16189 0.23838 -0.02113 0.1386 0.1882 0.2392
v 0.16031 0.23718 -0.01165 0.1399 0.1948 0.2458
v 0.15755 0.23886 -0.00532 0.1363 0.1863 0.2441
v 0.15706 0.23842 0.00480 0.1216 0.1686 0.2167
v 0.15953 0.23756 0.01379 0.1304 0.1775 0.2324
v 0.16156 0.23807 0.02115 0.1368 0.1838 0.2387
v 0.15914 0.23655 0.02709 0.1745 0.2216 0.2804
v 0.15653 0.24626 -0.03767 0.1412 0.1902 0.2529
v 0.15843 0.24467 -0.03049 0.1431 0.1980 0.2490
v 0.15659 0.24620 -0.02150 0.1294 0.1843 0.2353
v 0.15708 0.24578 0.01547 0.1386 0.1882 0.2418
v 0.15840 0.24614 0.02090 0.1582 0.2052 0.2575
v 0.15677 0.26381 -0.04942 0.1695 0.2471 0.2745
v 0.15735 0.27293 -0.04537 0.2304 0.3147 0.3500
v 0.15650 0.27143 -0.04260 0.1529 0.2157 0.2745
v 0.15685 0.27779 -0.04393 0.3627 0.4510 0.4686
v 0.15653 0.28193 -0.03968 0.2643 0.3224 0.3576
v 0.15680 0.28929 -0.03558 0.1242 0.1843 0.2327
v 0.15622 0.29104 -0.03274 0.1333 0.1882 0.2392
v 0.15654 0.29736 -0.03516 0.1098 0.1686 0.2196
v 0.15601 0.30397 -0.03490 0.0980 0.1686 0.2157
v 0.15940 0.32549 -0.03789 0.0958 0.1395 0.1765
v 0.16058 0.32364 -0.03029 0.1071 0.1460 0.1888
v 0.15854 0.32824 -0.02583 0.1020 0.1490 0.1961
v 0.15717 0.33235 -0.04352 0.1490 0.2118 0.2490
v 0.16076 0.33375 -0.03949 0.1112 0.1679 0.2146
v 0.16074 0.33520 -0.03051 0.0871 0.1357 0.1851
v 0.15821 0.33219 -0.02499 0.1059 0.1529 0.2078
v 0.15698 0.34511 -0.04606 0.0729 0.1208 0.1576
v 0.15815 0.34187 -0.04133 0.0725 0.1186 0.1603
v 0.15676 0.33987 -0.03338 0.0431 0.0980 0.1412
v 0.15763 0.35020 -0.04789 0.1425 0.1983 0.2475
v 0.15773 0.34751 -0.04144 0.0510 0.1176 0.1569
v 0.15636 0.58615 0.00196 0.1961 0.2431 0.3059
v 0.15709 0.59613 0.00210 0.1882 0.2294 0.2941
v 0.15825 0.60541 -0.00333 0.1765 0.2118 0.2784
v 0.15963 0.60295 0.00241 0.1804 0.2218 0.2874
v 0.16013 0.61283 -0.01203 0.1853 0.2265 0.2912
v 0.16258 0.60976 -0.00486 0.1765 0.2118 0.2784
v 0.16156 0.60723 0.00523 0.1752 0.2209 0.2863
v 0.15984 0.61266 0.01252 0.1784 0.2176 0.2647
v 0.15875 0.62121 -0.02063 0.1980 0.2490 0.3137
v 0.16289 0.62059 -0.01340 0.2094 0.2604 0.3278
v 0.16238 0.61898 0.01550 0.1882 0.2216 0.2765
v 0.15636 0.61829 0.01792 0.2000 0.2353 0.2941
v 0.15744 0.62855 -0.02047 0.1882 0.2497 0.3216
v 0.16265 0.62815 -0.01226 0.2118 0.2627 0.3333
v 0.16115 0.62863 0.01468 0.5176 0.6137 0.7490
v 0.15681 0.62401 0.01881 0.1529 0.1922 0.2314
v 0.15791 0.63705 -0.01147 0.1980 0.2490 0.3235
v 0.16177 0.63694 -0.00468 0.1817 0.2405 0.3072
v 0.16022 0.63861 0.00653 0.4745 0.5863 0.7451
v 0.16089 0.63354 0.01124 0.4412 0.5490 0.7059
v 0.15659 0.64580 -0.00156 0.2235 0.2980 0.3941
v 0.15651 0.75350 -0.01206 0.1412 0.2137 0.3137
v 0.15626 0.76095 -0.02686 0.1725 0.2549 0.3686
v 0.15670 0.75790 -0.02089 0.1725 0.2471 0.3647
v 0.15788 0.75913 -0.01305 0.1853 0.2637 0.3775
v 0.15905 0.75885 -0.00500 0.1392 0.2074 0.2907
v 0.15646 0.76693 -0.02598 0.1725 0.2549 0.3765
v 0.15764 0.76788 -0.01886 0.2000 0.2784 0.3980
v 0.15877 0.76766 -0.01262 0.1794 0.2559 0.3745
v 0.16142 0.76706 -0.00421 0.2603 0.3735 0.5157
v 0.15670 0.77524 -0.02227 0.1948 0.2876 0.4092
v 0.15994 0.77475 -0.01313 0.2620 0.3569 0.4886
v 0.16124 0.77412 -0.00599 0.3059 0.4291 0.5927
v 0.15692 0.78352 -0.02651 0.2039 0.2941 0.4196
v 0.15777 0.78123 -0.02126 0.2078 0.3020 0.4353
v 0.15915 0.78463 -0.01200 0.3098 0.4340 0.6209
v 0.16343 0.78259 -0.00561 0.3745 0.5039 0.7157
v 0.16181 0.79332 -0.02120 0.3431 0.4451 0.5980
v 0.16036 0.78897 -0.00837 0.3686 0.5059 0.7176
v 0.15726 0.80327 -0.03866 0.1882 0.2784 0.4118
v 0.16044 0.80016 -0.03026 0.1961 0.2863 0.4196
v 0.16213 0.79891 -0.02507 0.1843 0.2745 0.3961
v 0.15938 0.79714 -0.01018 0.3765 0.5137 0.7255
v 0.16447 0.80565 -0.00852 0.3647 0.5059 0.7098
v 0.16170 0.80968 -0.03354 0.2078 0.2902 0.4118
v 0.15995 0.80822 -0.01173 0.3471 0.4725 0.6647
v 0.15936 0.82059 -0.04039 0.1373 0.2157 0.3216
v 0.16048 0.81612 -0.01325 0.3608 0.4961 0.6980
v 0.15703 0.82878 -0.04532 0.0824 0.1529 0.2392
v 0.16151 0.82447 -0.01491 0.3686 0.5078 0.7196
v 0.15789 0.83590 -0.04429 0.3451 0.4706 0.6196
v 0.16117 0.83759 -0.03804 0.1735 0.2618 0.3706
v 0.16168 0.83683 -0.01877 0.3686 0.5098 0.7137
v 0.16082 0.84410 -0.03733 0.1843 0.2765 0.3784
v 0.16325 0.84487 -0.03209 0.0725 0.1588 0.2706
v 0.16091 0.84618 -0.02247 0.3882 0.5216 0.7275
v 0.15790 0.85352 -0.03792 0.1255 0.2118 0.2941
v 0.16320 0.85258 -0.02789 0.0451 0.1196 0.2118
v 0.16044 0.85398 -0.02439 0.2314 0.3343 0.4873
v 0.15715 0.85817 -0.03677 0.1882 0.2804 0.3510
v 0.16008 0.86258 -0.02859 0.1067 0.1835 0.2580
v 0.16257 0.86217 -0.02542 0.1163 0.1843 0.2654
v 0.15847 0.87072 -0.02926 0.1681 0.2525 0.3348
v 0.16338 0.86840 -0.02490 0.1647 0.2588 0.3686
v 0.15706 0.87831 -0.02808 0.2614 0.3464 0.4261
v 0.16127 0.87984 -0.02442 0.1388 0.2212 0.3106
v 0.15914 0.88779 -0.02200 0.1902 0.2765 0.3412
v 0.16453 0.89088 -0.01641 0.1294 0.2196 0.2902
v 0.16328 0.89289 -0.01931 0.2314 0.3451 0.4157
v 0.15931 0.89809 -0.01318 0.1333 0.2000 0.2614
v 0.15736 0.90219 -0.01005 0.1294 0.2510 0.3608
v 0.16010 0.90504 -0.00487 0.2993 0.4248 0.5908
v 0.15698 0.90839 0.00048 0.4000 0.5255 0.7569
v 0.16286 0.91240 0.00699 0.3922 0.5176 0.7569
v 0.15861 0.91447 0.00967 0.3843 0.5098 0.7490
v 0.15848 0.92241 0.01860 0.3529 0.4824 0.6941
v 0.16630 0.02332 -0.31181 0.6353 0.6588 0.6588
v 0.16840 0.02345 -0.29916 0.6510 0.6863 0.6824
v 0.17168 0.02320 -0.28307 0.5843 0.6078 0.6078
v 0.16963 0.02372 -0.25464 0.6902 0.7176 0.7039
v 0.16720 0.02441 -0.24642 0.4376 0.4643 0.4573
v 0.16781 0.02844 -0.24383 0.2438 0.2765 0.3144
v 0.16839 0.03071 -0.23965 0.3754 0.4011 0.4392
v 0.16726 0.03351 -0.22877 0.1686 0.2078 0.2251
v 0.17245 0.03461 -0.22251 0.1647 0.1922 0.2314
v 0.16477 0.03395 0.28655 0.1255 0.1608 0.1882
v 0.17077 0.03298 0.29878 0.0686 0.0843 0.1098
v 0.16966 0.03261 0.31182 0.1824 0.2216 0.2216
v 0.16892 0.03613 -0.22068 0.1451 0.1843 0.2235
v 0.16913 0.03795 -0.21120 0.1922 0.2281 0.2686
v 0.16864 0.03911 -0.20445 0.2463 0.2816 0.3263
v 0.17005 0.03954 -0.19434 0.2902 0.3268 0.3529
v 0.16782 0.04103 -0.18678 0.2627 0.2980 0.3235
v 0.16973 0.04172 -0.17799 0.0941 0.1255 0.1621
v 0.17244 0.04308 -0.16973 0.1490 0.1725 0.2196
v 0.17151 0.04117 0.19016 0.1294 0.1647 0.2000
v 0.16853 0.03985 0.19488 0.1268 0.1503 0.1974
v 0.16759 0.03788 0.20174 0.0902 0.1314 0.1686
v 0.16870 0.03637 0.20898 0.1961 0.2588 0.3176
v 0.17281 0.03571 0.21706 0.2235 0.2941 0.3490
v 0.17083 0.03546 0.22751 0.4000 0.4353 0.4549
v 0.16532 0.03550 0.23544 0.3373 0.3804 0.4039
v 0.17235 0.03506 0.24911 0.2078 0.2275 0.2510
v 0.16501 0.03613 0.25249 0.4941 0.5098 0.5216
v 0.16567 0.03496 0.27287 0.1392 0.1667 0.1980
v 0.16557 0.03471 0.28124 0.1333 0.1608 0.1922
v 0.16666 0.04511 -0.17037 0.2039 0.2275 0.2745
v 0.17000 0.04694 -0.15903 0.2863 0.3098 0.3569
v 0.16860 0.04775 -0.15223 0.6327 0.6523 0.6889
v 0.17017 0.04832 -0.14451 0.7373 0.7686 0.7804
v 0.17065 0.04915 -0.13510 0.6784 0.7137 0.7059
v 0.16599 0.05016 -0.12576 0.2353 0.2693 0.2967
v 0.17054 0.05072 -0.11782 0.1718 0.2102 0.2408
v 0.16836 0.04952 0.16945 0.1451 0.1739 0.2209
v 0.16856 0.04617 0.17931 0.1255 0.1490 0.1961
v 0.16798 0.04371 0.18531 0.1176 0.1529 0.1882
v 0.16926 0.05623 -0.11702 0.2105 0.2601 0.3134
v 0.17089 0.05825 0.12838 0.1647 0.2078 0.2641
v 0.16839 0.05688 0.13454 0.1725 0.2078 0.2667
v 0.17110 0.05420 0.14942 0.1725 0.2078 0.2667
v 0.16811 0.05265 0.15844 0.1569 0.1961 0.2431
v 0.16924 0.06493 -0.11746 0.2866 0.3279 0.3641
v 0.17138 0.06817 0.12110 0.1765 0.2118 0.2784
v 0.16851 0.06389 0.12379 0.1588 0.2000 0.2647
v 0.16815 0.07173 -0.11629 0.5485 0.5776 0.5944
v 0.16963 0.07637 -0.10801 0.6503 0.6797 0.7020
v 0.17006 0.07438 0.11911 0.1699 0.2052 0.2641
v 0.16503 0.06933 0.12444 0.1765 0.2118 0.2784
v 0.16905 0.07815 -0.10513 0.6373 0.6647 0.6882
v 0.16919 0.08092 -0.09923 0.5975 0.6324 0.6593
v 0.17001 0.08450 -0.09257 0.3113 0.3642 0.4127
v 0.16940 0.08384 0.10755 0.1438 0.1908 0.2431
v 0.16653 0.07995 0.11554 0.1529 0.2000 0.2510
v 0.16887 0.09087 -0.09026 0.3448 0.4026 0.4575
v 0.16926 0.09158 0.09901 0.1305 0.1709 0.2151
v 0.16863 0.09978 -0.08926 0.2925 0.3435 0.3969
v 0.17248 0.09590 -0.08595 0.1176 0.1490 0.1922
v 0.17244 0.09942 0.05875 0.0837 0.1137 0.1490
v 0.17275 0.09879 0.06290 0.0918 0.1224 0.1553
v 0.16949 0.09913 0.09908 0.0973 0.1333 0.1740
v 0.16882 0.10742 -0.08951 0.2371 0.2866 0.3367
v 0.17218 0.10879 0.05624 0.0784 0.1059 0.1384
v 0.17206 0.10730 0.06521 0.0725 0.0975 0.1270
v 0.16862 0.10955 0.09946 0.0784 0.1026 0.1359
v 0.16863 0.11745 -0.08956 0.2429 0.2992 0.3423
v 0.17093 0.11713 0.05532 0.0769 0.1035 0.1412
v 0.17030 0.11627 0.06365 0.0608 0.0951 0.1324
v 0.17137 0.11884 0.07426 0.0882 0.1157 0.1510
v 0.17321 0.11784 0.07852 0.1216 0.1608 0.2000
v 0.17284 0.11932 0.09392 0.1216 0.1608 0.2000
v 0.16873 0.11705 0.09925 0.0672 0.0947 0.1305
v 0.16632 0.12181 -0.08743 0.0980 0.1333 0.1765
v 0.17020 0.12614 -0.08415 0.1598 0.2228 0.2554
v 0.17210 0.12840 -0.07265 0.0562 0.0837 0.1203
v 0.17078 0.12570 0.04952 0.2007 0.2333 0.2732
v 0.16767 0.12470 0.05600 0.0595 0.0863 0.1196
v 0.16745 0.12381 0.06333 0.1049 0.1373 0.1765
v 0.16713 0.12664 0.07424 0.0892 0.1206 0.1627
v 0.16882 0.12605 0.08176 0.0868 0.1204 0.1552
v 0.16899 0.12659 0.09049 0.0889 0.1216 0.1549
v 0.16654 0.12479 0.10012 0.0566 0.0852 0.1137
v 0.16777 0.13474 -0.08742 0.1922 0.2706 0.2980
v 0.16852 0.13424 -0.08354 0.0680 0.1179 0.1537
v 0.16940 0.13390 -0.07389 0.0534 0.0828 0.1211
v 0.17177 0.13412 -0.06697 0.0444 0.0667 0.0928
v 0.16977 0.13481 0.04719 0.1373 0.1745 0.2353
v 0.16515 0.13182 0.05383 0.1490 0.1863 0.2294
v 0.16560 0.13141 0.09125 0.0745 0.1098 0.1451
v 0.16707 0.14361 -0.08831 0.1590 0.2366 0.2601
v 0.16749 0.14386 -0.08224 0.0449 0.0824 0.1185
v 0.16996 0.14300 -0.07256 0.0700 0.1081 0.1412
v 0.17218 0.14339 -0.06761 0.0941 0.1294 0.1667
v 0.16905 0.14227 0.04670 0.1529 0.1937 0.2518
v 0.16642 0.15021 -0.08915 0.1143 0.1815 0.2022
v 0.16747 0.15069 -0.08186 0.0837 0.1190 0.1523
v 0.17115 0.15137 -0.07281 0.0636 0.0980 0.1346
v 0.17192 0.15112 -0.06714 0.0659 0.1027 0.1357
v 0.16903 0.15158 0.04653 0.1441 0.1912 0.2461
v 0.16635 0.15968 -0.08954 0.1155 0.1651 0.1974
v 0.16899 0.16070 -0.08286 0.0755 0.1176 0.1529
v 0.17246 0.15850 -0.07339 0.0596 0.0965 0.1302
v 0.17310 0.15692 -0.06622 0.0510 0.0902 0.1255
v 0.16882 0.15937 0.04626 0.1480 0.1892 0.2500
v 0.16658 0.16906 -0.08943 0.1399 0.1983 0.2305
v 0.16939 0.16913 -0.08246 0.0784 0.1238 0.1591
v 0.17245 0.16909 -0.07472 0.0510 0.0797 0.1124
v 0.16731 0.16892 0.04688 0.1608 0.2078 0.2647
v 0.16686 0.17804 -0.08915 0.1308 0.1868 0.2275
v 0.16981 0.17782 -0.08069 0.0439 0.0784 0.1098
v 0.17163 0.17728 -0.07370 0.0534 0.0828 0.1162
v 0.16826 0.17839 0.04627 0.1569 0.2039 0.2588
v 0.16763 0.18618 -0.08925 0.0694 0.1149 0.1600
v 0.17056 0.18744 -0.08332 0.0594 0.0964 0.1333
v 0.17121 0.18583 -0.07264 0.0566 0.0975 0.1322
v 0.17228 0.18766 -0.06727 0.0412 0.0784 0.1108
v 0.17007 0.18703 0.04485 0.1510 0.1980 0.2529
v 0.16539 0.19353 -0.08747 0.0641 0.1007 0.1412
v 0.16817 0.19528 -0.08233 0.0916 0.1345 0.1754
v 0.16919 0.19600 -0.07389 0.0392 0.0650 0.1020
v 0.17069 0.19583 -0.06483 0.0848 0.1275 0.1735
v 0.16728 0.19576 0.04643 0.1471 0.1941 0.2490
v 0.16481 0.20597 -0.08713 0.1255 0.1647 0.2000
v 0.16638 0.20448 -0.08163 0.0484 0.0793 0.1185
v 0.16739 0.20354 -0.07425 0.0343 0.0637 0.1010
v 0.16930 0.20358 -0.06392 0.0902 0.1383 0.1788
v 0.17304 0.20446 -0.06055 0.0667 0.1176 0.1529
v 0.17290 0.20234 0.04279 0.1490 0.1961 0.2588
v 0.16763 0.20316 0.04633 0.1618 0.2088 0.2637
v 0.16583 0.21088 -0.08753 0.1529 0.1882 0.2261
v 0.16638 0.21289 -0.08244 0.0733 0.1122 0.1490
v 0.16633 0.21251 -0.07247 0.1524 0.2011 0.2415
v 0.16730 0.21271 -0.06444 0.1412 0.1853 0.2245
v 0.17144 0.21292 -0.05640 0.1238 0.1675 0.2129
v 0.17235 0.21291 0.04220 0.1431 0.1902 0.2451
v 0.16673 0.21333 0.04640 0.1471 0.1941 0.2510
v 0.16478 0.21699 -0.06760 0.2196 0.2667 0.3137
v 0.16836 0.21840 -0.05666 0.1788 0.2322 0.2839
v 0.16928 0.22190 -0.04805 0.1686 0.2176 0.2608
v 0.17188 0.22520 -0.03629 0.4902 0.5294 0.5333
v 0.17271 0.22430 0.00448 0.1804 0.2275 0.2902
v 0.16908 0.22119 0.04222 0.1529 0.2000 0.2549
v 0.16496 0.21993 0.04610 0.1353 0.1824 0.2373
v 0.16660 0.22719 -0.03778 0.4144 0.4575 0.4876
v 0.16744 0.22994 -0.03041 0.1775 0.2324 0.2814
v 0.16768 0.23119 -0.02186 0.1582 0.2183 0.2706
v 0.16765 0.22915 -0.01387 0.1869 0.2471 0.3085
v 0.16714 0.22816 -0.00510 0.1735 0.2265 0.2833
v 0.16960 0.22681 0.00715 0.1353 0.1824 0.2490
v 0.16718 0.22917 0.01184 0.1706 0.2265 0.2804
v 0.16543 0.23293 0.02354 0.1333 0.1804 0.2353
v 0.17041 0.22851 0.03092 0.1908 0.2392 0.3033
v 0.16783 0.22659 0.03802 0.1621 0.2157 0.2758
v 0.16527 0.32796 -0.03560 0.1039 0.1529 0.1941
v 0.16709 0.32612 -0.02957 0.1123 0.1569 0.2005
v 0.16534 0.33095 -0.03509 0.1176 0.1608 0.2078
v 0.16662 0.33027 -0.03109 0.0784 0.1275 0.1686
v 0.16587 0.61342 -0.00536 0.1863 0.2314 0.3020
v 0.16824 0.61136 0.00425 0.1831 0.2263 0.2969
v 0.16827 0.61408 0.01028 0.1686 0.2118 0.2824
v 0.16881 0.61945 -0.00405 0.2026 0.2516 0.3203
v 0.17205 0.61904 0.00420 0.2206 0.2667 0.3343
v 0.16836 0.61909 0.01240 0.1817 0.2288 0.2863
v 0.16760 0.62747 -0.00327 0.2118 0.2549 0.3255
v 0.16938 0.62711 0.00460 0.2714 0.3349 0.4173
v 0.16750 0.62591 0.01126 0.1843 0.2431 0.3163
v 0.16538 0.63325 -0.00179 0.1961 0.2588 0.3216
v 0.16525 0.63511 0.00197 0.5373 0.6549 0.7882
v 0.16566 0.77690 -0.00314 0.3614 0.4824 0.6706
v 0.16739 0.78597 -0.00493 0.3515 0.4701 0.6564
v 0.16561 0.78903 -0.01106 0.2392 0.3608 0.5451
v 0.16923 0.79292 -0.00460 0.3680 0.4922 0.6895
v 0.16487 0.80559 -0.02406 0.2078 0.3020 0.4510
v 0.16850 0.79936 -0.01121 0.3412 0.4627 0.6471
v 0.17075 0.80013 -0.00460 0.3703 0.4958 0.6902
v 0.17118 0.81047 -0.01254 0.3549 0.4765 0.6608
v 0.17169 0.81075 -0.00421 0.3608 0.4902 0.7000
v 0.16929 0.81907 -0.02173 0.3510 0.4725 0.6667
v 0.16600 0.81976 -0.01065 0.3569 0.4980 0.6941
v 0.16911 0.81722 -0.00768 0.3608 0.4902 0.7020
v 0.16558 0.82447 -0.03124 0.2510 0.3490 0.5059
v 0.16963 0.82511 -0.02320 0.2863 0.4078 0.5922
v 0.17163 0.82990 -0.01353 0.3353 0.4627 0.6608
v 0.16576 0.83543 -0.03039 0.3490 0.4784 0.6863
v 0.16903 0.83655 -0.02343 0.3353 0.4647 0.6627
v 0.17064 0.83777 -0.01524 0.3510 0.4804 0.6922
v 0.16780 0.84635 -0.02277 0.3745 0.5137 0.7373
v 0.17108 0.84686 -0.01550 0.3529 0.4824 0.6902
v 0.16884 0.85395 -0.02049 0.3451 0.4792 0.6816
v 0.16829 0.86257 -0.02126 0.2113 0.3196 0.4598
v 0.16956 0.87137 -0.02120 0.1974 0.3007 0.4279
v 0.16893 0.87970 -0.02029 0.1716 0.2569 0.3608
v 0.16689 0.88609 -0.01845 0.1542 0.2418 0.3307
v 0.16946 0.89050 -0.01449 0.1167 0.1980 0.2745
v 0.16922 0.89769 -0.01147 0.1718 0.2565 0.3231
v 0.17076 0.89995 -0.00723 0.1176 0.1804 0.2431
v 0.17082 0.90594 -0.00211 0.1216 0.1980 0.2588
v 0.16775 0.90843 0.00040 0.4196 0.5490 0.7176
v 0.16840 0.91071 0.00448 0.3980 0.5314 0.7392
v 0.16983 0.91598 0.01319 0.3908 0.5216 0.7595
v 0.16744 0.92398 0.02244 0.3404 0.4761 0.6902
v 0.17801 0.02280 -0.30963 0.6183 0.6444 0.6471
v 0.17967 0.02285 -0.29684 0.6431 0.6667 0.6667
v 0.17935 0.02310 -0.26988 0.6941 0.7176 0.7098
v 0.17595 0.02362 -0.25400 0.6536 0.6902 0.6562
v 0.17757 0.02421 -0.24667 0.4222 0.4641 0.4405
v 0.18096 0.02524 -0.23965 0.1020 0.1353 0.1588
v 0.17629 0.02787 -0.23815 0.1569 0.1882 0.2275
v 0.17711 0.03060 -0.22940 0.2762 0.3076 0.3378
v 0.17800 0.03299 -0.22061 0.2314 0.2569 0.2902
v 0.18034 0.03344 -0.21484 0.0588 0.0863 0.1176
v 0.17946 0.03433 0.24457 0.0588 0.1020 0.1255
v 0.17990 0.03385 0.25621 0.1392 0.1706 0.1961
v 0.17874 0.03372 0.26673 0.1686 0.1961 0.2275
v 0.17501 0.03377 0.27103 0.1529 0.1882 0.2157
v 0.17705 0.03354 0.27767 0.1451 0.1804 0.2157
v 0.17664 0.03331 0.28614 0.1333 0.1608 0.1922
v 0.17969 0.03203 0.30346 0.0235 0.0549 0.0627
v 0.17657 0.03494 -0.21367 0.1373 0.1725 0.2078
v 0.17749 0.03594 -0.20421 0.1529 0.1843 0.2301
v 0.17804 0.03652 -0.19548 0.1441 0.1775 0.2235
v 0.17786 0.03752 -0.18658 0.1471 0.1824 0.2235
v 0.17733 0.03952 -0.17744 0.3186 0.3588 0.3863
v 0.17848 0.04094 -0.16901 0.1912 0.2225 0.2588
v 0.18089 0.04263 -0.16060 0.2176 0.2569 0.3059
v 0.17951 0.04252 0.18139 0.0980 0.1216 0.1686
v 0.17706 0.04038 0.18762 0.1320 0.1556 0.2026
v 0.17772 0.03754 0.19471 0.1294 0.1634 0.2078
v 0.17657 0.03582 0.20254 0.1961 0.2431 0.2980
v 0.17739 0.03553 0.20951 0.2137 0.2627 0.3255
v 0.17372 0.03487 0.24401 0.2196 0.2471 0.2784
v 0.17768 0.04442 -0.16024 0.2340 0.2732 0.3150
v 0.17643 0.04698 -0.15213 0.3412 0.3647 0.4092
v 0.17733 0.04788 -0.14247 0.7059 0.7255 0.7490
v 0.17948 0.04852 -0.13505 0.7471 0.7706 0.7706
v 0.17804 0.04926 -0.12556 0.6333 0.6627 0.6608
v 0.17646 0.04998 -0.11803 0.3817 0.4118 0.4222
v 0.18080 0.05079 -0.11016 0.2431 0.2765 0.2961
v 0.17739 0.05043 0.16145 0.1712 0.1974 0.2431
v 0.17717 0.04821 0.16809 0.1569 0.1804 0.2275
v 0.17772 0.04476 0.17653 0.1294 0.1569 0.2020
v 0.17525 0.05625 -0.11347 0.2327 0.2758 0.3150
v 0.17958 0.05615 -0.11053 0.2745 0.3167 0.3554
v 0.17892 0.05792 0.12416 0.1451 0.1922 0.2431
v 0.17531 0.05611 0.13221 0.1647 0.2118 0.2667
v 0.17609 0.05490 0.13909 0.1608 0.1961 0.2549
v 0.17575 0.06483 -0.11366 0.3255 0.3667 0.4000
v 0.17985 0.06504 -0.11101 0.2745 0.3255 0.3578
v 0.17838 0.06548 0.11858 0.1675 0.2034 0.2639
v 0.17398 0.06070 0.12215 0.1647 0.2000 0.2667
v 0.17596 0.07029 -0.11383 0.3255 0.3608 0.3882
v 0.17854 0.07323 -0.10757 0.5438 0.5752 0.6072
v 0.17906 0.07645 -0.10036 0.6176 0.6490 0.6784
v 0.17865 0.07388 0.11587 0.1513 0.1966 0.2521
v 0.17551 0.07922 -0.09765 0.5830 0.6144 0.6379
v 0.17624 0.08223 -0.09058 0.5468 0.5815 0.6078
v 0.17909 0.08383 -0.08469 0.5137 0.5480 0.5725
v 0.18175 0.08664 0.05682 0.1020 0.1255 0.1725
v 0.17829 0.08517 0.10115 0.1412 0.1882 0.2353
v 0.17727 0.08105 0.10907 0.1520 0.1990 0.2520
v 0.17425 0.07903 0.11297 0.1412 0.1882 0.2431
v 0.17518 0.08926 -0.08686 0.2824 0.3176 0.3843
v 0.17772 0.09070 -0.08267 0.2689 0.3134 0.3611
v 0.18132 0.09381 -0.07721 0.2392 0.2941 0.3451
v 0.17935 0.09346 0.05083 0.0608 0.0843 0.1118
v 0.17767 0.09054 0.05702 0.0771 0.1059 0.1451
v 0.17687 0.09077 0.06445 0.0859 0.1127 0.1508
v 0.17918 0.09130 0.07365 0.0946 0.1211 0.1637
v 0.18009 0.09299 0.08228 0.1029 0.1284 0.1676
v 0.17831 0.09222 0.09248 0.1013 0.1353 0.1791
v 0.17640 0.08824 0.09770 0.1229 0.1647 0.2118
v 0.17733 0.10071 -0.08186 0.1958 0.2404 0.2902
v 0.18180 0.09734 -0.07702 0.2451 0.2941 0.3490
v 0.17945 0.09982 0.04879 0.0784 0.1114 0.1451
v 0.17408 0.09899 0.05448 0.0575 0.0876 0.1203
v 0.17347 0.10190 0.06888 0.0588 0.0706 0.0980
v 0.17592 0.09936 0.07441 0.0877 0.1137 0.1500
v 0.17830 0.09916 0.08219 0.0935 0.1216 0.1562
v 0.17768 0.09997 0.09048 0.1231 0.1580 0.1988
v 0.17338 0.10182 0.09750 0.1137 0.1529 0.1882
v 0.17794 0.10812 -0.08178 0.1661 0.2062 0.2543
v 0.17799 0.10874 0.04866 0.0667 0.0948 0.1235
v 0.17466 0.10697 0.07420 0.0853 0.1137 0.1471
v 0.17705 0.10834 0.08225 0.1245 0.1578 0.2010
v 0.17672 0.10907 0.09040 0.1171 0.1541 0.1927
v 0.17353 0.10706 0.09631 0.0549 0.0824 0.1137
v 0.17824 0.11710 -0.08205 0.2101 0.2686 0.3137
v 0.18067 0.12021 -0.07197 0.0824 0.1137 0.1471
v 0.18009 0.12024 0.04334 0.1412 0.1804 0.2196
v 0.17693 0.11671 0.04774 0.0755 0.1078 0.1412
v 0.17374 0.11466 0.07591 0.0902 0.1176 0.1490
v 0.17515 0.11659 0.08372 0.1366 0.1797 0.2222
v 0.17494 0.11622 0.09104 0.1510 0.1922 0.2382
v 0.17556 0.12304 -0.08181 0.0699 0.1183 0.1542
v 0.17515 0.12412 -0.07388 0.0573 0.0824 0.1169
v 0.17825 0.12613 -0.06518 0.0644 0.0899 0.1183
v 0.17645 0.12575 0.04494 0.1634 0.2105 0.2562
v 0.17696 0.13530 -0.06318 0.0683 0.0954 0.1245
v 0.17904 0.13388 0.04206 0.1510 0.1922 0.2490
v 0.17531 0.13557 0.04374 0.1451 0.1922 0.2471
v 0.17721 0.14255 -0.06418 0.0653 0.0986 0.1333
v 0.17887 0.14282 0.04148 0.1529 0.1882 0.2549
v 0.17646 0.15169 -0.06322 0.0613 0.0975 0.1314
v 0.17781 0.14975 0.04213 0.1490 0.1843 0.2510
v 0.17349 0.14779 0.04403 0.1490 0.1843 0.2510
v 0.17742 0.16199 -0.07193 0.0761 0.1199 0.1542
v 0.17863 0.15885 -0.06437 0.0409 0.0717 0.1036
v 0.17807 0.15708 0.04186 0.1294 0.1765 0.2314
v 0.17759 0.16865 -0.07216 0.1087 0.1672 0.2084
v 0.18179 0.17258 -0.06911 0.0275 0.0549 0.0784
v 0.17847 0.16736 0.04144 0.1373 0.1843 0.2392
v 0.17330 0.17302 0.04374 0.1412 0.1882 0.2431
v 0.17678 0.17561 -0.07090 0.0784 0.1314 0.1749
v 0.17949 0.17926 -0.06768 0.0536 0.0922 0.1248
v 0.17737 0.17754 0.04161 0.1490 0.1961 0.2510
v 0.17868 0.18603 -0.06578 0.0691 0.1123 0.1529
v 0.17922 0.18396 0.04018 0.1431 0.1902 0.2451
v 0.17756 0.19430 -0.06454 0.0959 0.1454 0.1858
v 0.17764 0.19542 0.04048 0.1529 0.2000 0.2549
v 0.17650 0.20130 -0.06221 0.0915 0.1464 0.1843
v 0.17841 0.20528 -0.05777 0.0566 0.1054 0.1425
v 0.17956 0.20672 0.03904 0.1451 0.1922 0.2471
v 0.17736 0.21188 -0.05349 0.0868 0.1266 0.1714
v 0.18163 0.21584 -0.05052 0.0824 0.1451 0.1961
v 0.17839 0.21292 0.03870 0.1451 0.1922 0.2471
v 0.17752 0.21812 -0.04789 0.1208 0.1757 0.2227
v 0.17716 0.22175 -0.03750 0.2288 0.2797 0.3111
v 0.17678 0.22395 -0.03044 0.4098 0.4549 0.4814
v 0.18100 0.22322 -0.02201 0.1863 0.2431 0.3078
v 0.17531 0.22427 -0.01314 0.1725 0.2294 0.2902
v 0.17732 0.22145 -0.00310 0.1922 0.2392 0.2863
v 0.17658 0.22277 0.00564 0.1461 0.1951 0.2490
v 0.17954 0.22245 0.01046 0.1275 0.1784 0.2314
v 0.18009 0.22468 0.02556 0.1333 0.1804 0.2275
v 0.18106 0.22342 0.03091 0.1451 0.1922 0.2471
v 0.17709 0.22035 0.03710 0.1431 0.1902 0.2451
v 0.17356 0.22692 -0.02789 0.1843 0.2588 0.3255
v 0.17629 0.22564 -0.02231 0.2000 0.2627 0.3255
v 0.17546 0.22696 0.02127 0.1725 0.2209 0.2850
v 0.17348 0.80463 -0.00376 0.3843 0.5098 0.6941
v 0.17440 0.81113 -0.00377 0.3765 0.5010 0.6980
v 0.17403 0.82254 -0.01183 0.3373 0.4588 0.6431
v 0.17520 0.81877 -0.00463 0.3737 0.4964 0.6958
v 0.17687 0.82585 -0.00512 0.3631 0.4855 0.6792
v 0.17702 0.83539 -0.00985 0.3176 0.4431 0.6353
v 0.17509 0.83302 -0.00666 0.3529 0.4824 0.6902
v 0.17434 0.84412 -0.01122 0.3471 0.4765 0.6843
v 0.17928 0.84394 -0.00626 0.3510 0.4804 0.6667
v 0.17697 0.85501 -0.01280 0.3167 0.4382 0.6137
v 0.18096 0.85392 -0.00611 0.3137 0.4196 0.5882
v 0.17396 0.86157 -0.01975 0.2588 0.3725 0.5294
v 0.17866 0.86303 -0.01437 0.2925 0.4031 0.5733
v 0.18038 0.86185 -0.00833 0.3137 0.4275 0.5922
v 0.17597 0.87004 -0.01944 0.2306 0.3373 0.4847
v 0.17858 0.87304 -0.01508 0.2510 0.3627 0.5216
v 0.17685 0.87587 -0.01806 0.2078 0.3098 0.4392
v 0.17695 0.87945 -0.01446 0.1948 0.2915 0.4203
v 0.18148 0.87670 -0.00847 0.2902 0.4039 0.5686
v 0.17696 0.88762 -0.01139 0.1129 0.1898 0.2659
v 0.18005 0.88898 -0.00773 0.1176 0.1882 0.2353
v 0.17491 0.89605 -0.01035 0.1216 0.2078 0.3020
v 0.17834 0.89626 -0.00662 0.0873 0.1696 0.2510
v 0.17853 0.90380 -0.00212 0.1078 0.1902 0.2725
v 0.17821 0.90792 0.00405 0.1082 0.1812 0.2369
v 0.17731 0.91253 0.00830 0.1471 0.2294 0.3255
v 0.17916 0.91496 0.01354 0.3869 0.5007 0.6824
v 0.17904 0.91713 0.01782 0.3843 0.5176 0.7569
v 0.17782 0.92284 0.02450 0.3673 0.5007 0.7294
v 0.17886 0.92550 0.02754 0.3556 0.4928 0.7176
v 0.18672 0.02182 -0.30803 0.5549 0.5882 0.5902
v 0.18724 0.02232 -0.29636 0.6000 0.6235 0.6157
v 0.18674 0.02214 -0.28957 0.5824 0.6059 0.5980
v 0.19015 0.02205 -0.28155 0.6157 0.6392 0.6314
v 0.19002 0.02208 -0.26350 0.6706 0.6941 0.6863
v 0.18423 0.02282 -0.25527 0.5961 0.6222 0.6013
v 0.18666 0.02309 -0.24759 0.6170 0.6497 0.6340
v 0.18712 0.02373 -0.23801 0.6431 0.6719 0.6706
v 0.18718 0.02478 -0.23120 0.3402 0.3725 0.3922
v 0.18383 0.02827 -0.22640 0.1451 0.1843 0.2235
v 0.18683 0.02916 -0.21989 0.2131 0.2477 0.2817
v 0.18660 0.03137 -0.21280 0.2251 0.2604 0.2933
v 0.18724 0.03272 -0.20348 0.3765 0.4105 0.4288
v 0.18526 0.03388 -0.19447 0.0732 0.1046 0.1359
v 0.18688 0.03459 -0.18479 0.1451 0.1765 0.2196
v 0.18742 0.03412 0.20986 0.2157 0.2627 0.3255
v 0.18723 0.03416 0.23857 0.2588 0.3000 0.3255
v 0.18586 0.03325 0.26471 0.1608 0.1961 0.2235
v 0.18757 0.03263 0.27502 0.1549 0.1863 0.2196
v 0.18811 0.03202 0.28479 0.1412 0.1765 0.2039
v 0.18860 0.03155 0.29081 0.1176 0.1451 0.1765
v 0.18536 0.03139 0.29603 0.0588 0.0980 0.1020
v 0.18643 0.03167 0.31182 0.3647 0.4039 0.4078
v 0.18647 0.03674 -0.17603 0.1833 0.2206 0.2608
v 0.18496 0.03867 -0.16984 0.2776 0.3153 0.3475
v 0.18679 0.04022 -0.16061 0.2654 0.2980 0.3346
v 0.18813 0.04214 -0.15207 0.2533 0.2894 0.3278
v 0.19024 0.04327 0.17241 0.1294 0.1529 0.2000
v 0.18677 0.04140 0.17837 0.1961 0.2196 0.2667
v 0.18587 0.03895 0.18499 0.1333 0.1569 0.2078
v 0.18633 0.03590 0.19453 0.1235 0.1549 0.2020
v 0.18325 0.03470 0.21784 0.2392 0.2784 0.3176
v 0.18519 0.04421 -0.15220 0.3059 0.3510 0.3863
v 0.18439 0.04755 -0.14165 0.6536 0.6824 0.6980
v 0.18790 0.04844 -0.12568 0.6902 0.7137 0.7137
v 0.18702 0.04947 -0.10780 0.4324 0.4686 0.4637
v 0.18899 0.05041 -0.10277 0.1529 0.1882 0.2078
v 0.18585 0.05126 0.15409 0.1588 0.1863 0.2353
v 0.18622 0.04863 0.16206 0.1752 0.2013 0.2497
v 0.18402 0.04688 0.16810 0.1255 0.1490 0.1961
v 0.18199 0.04479 0.17397 0.1255 0.1529 0.1922
v 0.18502 0.05643 -0.10631 0.2148 0.2605 0.3017
v 0.18907 0.05620 -0.10315 0.2667 0.3145 0.3506
v 0.18748 0.05861 0.11857 0.1503 0.1895 0.2366
v 0.18671 0.05433 0.13433 0.1353 0.1706 0.2196
v 0.18410 0.05315 0.14743 0.1529 0.1922 0.2392
v 0.18548 0.06462 -0.10648 0.2371 0.2830 0.3222
v 0.18983 0.06415 -0.10315 0.2245 0.2657 0.3098
v 0.18510 0.06464 0.11587 0.1464 0.1856 0.2392
v 0.18484 0.07106 -0.10566 0.5033 0.5359 0.5739
v 0.18531 0.07413 -0.09965 0.5388 0.5741 0.6055
v 0.18764 0.07656 -0.09262 0.6088 0.6441 0.6755
v 0.18861 0.07494 0.11220 0.1431 0.1843 0.2373
v 0.18427 0.07296 0.11450 0.1427 0.1851 0.2416
v 0.18377 0.07972 -0.08931 0.5765 0.6078 0.6373
v 0.18729 0.08105 -0.08218 0.4806 0.5159 0.5499
v 0.18755 0.08516 -0.07498 0.2447 0.2863 0.3310
v 0.18691 0.08321 0.05774 0.1059 0.1294 0.1765
v 0.18526 0.08348 0.06518 0.1007 0.1248 0.1706
v 0.18574 0.08387 0.07172 0.1004 0.1239 0.1710
v 0.18864 0.08437 0.08213 0.1196 0.1490 0.1951
v 0.18800 0.08525 0.09304 0.1392 0.1784 0.2255
v 0.18825 0.08310 0.10052 0.1399 0.1843 0.2340
v 0.18490 0.08034 0.10849 0.1655 0.2125 0.2690
v 0.18332 0.08683 -0.07878 0.2863 0.3412 0.3922
v 0.18458 0.09115 -0.07503 0.2427 0.2985 0.3577
v 0.18916 0.09134 -0.06764 0.1739 0.2235 0.2797
v 0.18999 0.09428 0.04227 0.1451 0.1804 0.2471
v 0.18643 0.09098 0.04696 0.1229 0.1569 0.2033
v 0.18323 0.08857 0.08074 0.1020 0.1307 0.1712
v 0.18326 0.08799 0.09069 0.1196 0.1549 0.1961
v 0.18445 0.10018 -0.07376 0.2357 0.2875 0.3404
v 0.18929 0.09946 -0.06705 0.1438 0.1843 0.2294
v 0.18908 0.10067 0.04124 0.1451 0.1843 0.2314
v 0.18519 0.09952 0.04448 0.1402 0.1833 0.2363
v 0.18471 0.10945 -0.07437 0.2193 0.2706 0.3232
v 0.18985 0.10740 -0.06710 0.2118 0.2627 0.3118
v 0.18733 0.10730 0.04148 0.1343 0.1735 0.2186
v 0.18405 0.10742 0.04414 0.1621 0.2065 0.2523
v 0.18465 0.11724 -0.07329 0.1943 0.2449 0.2850
v 0.18870 0.11651 -0.06778 0.1660 0.2078 0.2536
v 0.18753 0.11643 0.03976 0.1286 0.1678 0.2110
v 0.18231 0.11609 0.04364 0.1686 0.2078 0.2471
v 0.18516 0.12501 -0.06248 0.0863 0.1346 0.1686
v 0.18695 0.12762 -0.05976 0.1020 0.1461 0.1775
v 0.18983 0.12947 -0.03861 0.0275 0.0549 0.0784
v 0.18699 0.12552 0.03758 0.1244 0.1651 0.2135
v 0.18548 0.13498 -0.06177 0.0867 0.1314 0.1651
v 0.18798 0.13237 -0.05943 0.0680 0.1111 0.1386
v 0.18929 0.13509 -0.04736 0.0448 0.0711 0.0992
v 0.18840 0.13473 -0.03830 0.0427 0.0645 0.0893
v 0.18986 0.13347 0.03399 0.0797 0.1163 0.1595
v 0.18584 0.13481 0.03759 0.1524 0.1899 0.2521
v 0.18587 0.14344 -0.06252 0.1114 0.1637 0.2029
v 0.18894 0.14322 -0.04599 0.0392 0.0637 0.0931
v 0.18732 0.14304 -0.03894 0.0497 0.0765 0.1016
v 0.18907 0.14346 -0.03379 0.0502 0.0776 0.1027
v 0.18979 0.14483 0.03412 0.1039 0.1353 0.1824
v 0.18837 0.14289 0.03572 0.1333 0.1706 0.2235
v 0.18650 0.15248 -0.06250 0.0892 0.1395 0.1797
v 0.18954 0.14948 -0.04484 0.0667 0.1020 0.1294
v 0.18772 0.15020 -0.03819 0.0627 0.0936 0.1210
v 0.18826 0.15142 -0.03310 0.0549 0.0831 0.1129
v 0.18925 0.15011 0.03418 0.1333 0.1686 0.2275
v 0.18644 0.15250 0.03678 0.1320 0.1752 0.2366
v 0.18350 0.16426 -0.07026 0.0627 0.1020 0.1373
v 0.18580 0.16108 -0.06378 0.0810 0.1250 0.1603
v 0.18921 0.15877 -0.03805 0.0529 0.0833 0.1147
v 0.18874 0.15924 -0.03224 0.0451 0.0752 0.1078
v 0.18955 0.16112 0.03339 0.1167 0.1549 0.2118
v 0.18561 0.15887 0.03713 0.1307 0.1739 0.2353
v 0.18271 0.16723 -0.07086 0.0837 0.1333 0.1712
v 0.18600 0.16848 -0.06366 0.0944 0.1493 0.1902
v 0.19055 0.16475 -0.03636 0.0510 0.0667 0.1020
v 0.18992 0.16514 -0.03264 0.0510 0.0784 0.1098
v 0.19039 0.17200 0.03285 0.1098 0.1412 0.1882
v 0.18574 0.16816 0.03678 0.1386 0.1817 0.2405
v 0.18431 0.17643 -0.06263 0.0724 0.1162 0.1561
v 0.18637 0.17980 -0.06018 0.1222 0.1830 0.2281
v 0.18885 0.17962 0.03410 0.1490 0.1961 0.2510
v 0.18541 0.17552 0.03689 0.1477 0.1948 0.2523
v 0.18576 0.18708 -0.06182 0.0791 0.1265 0.1611
v 0.18817 0.18410 -0.06033 0.1346 0.2092 0.2601
v 0.18946 0.18746 0.03334 0.1268 0.1725 0.2301
v 0.18539 0.18664 0.03646 0.1346 0.1817 0.2392
v 0.18617 0.19315 -0.06243 0.1280 0.1793 0.2175
v 0.18771 0.19693 -0.05865 0.2191 0.2657 0.2995
v 0.18932 0.19867 -0.03862 0.1137 0.1529 0.1882
v 0.18979 0.19787 -0.03140 0.0686 0.1078 0.1431
v 0.18928 0.19383 0.03330 0.1137 0.1490 0.2078
v 0.18698 0.19389 0.03518 0.1490 0.1902 0.2471
v 0.18635 0.20318 -0.05520 0.2275 0.2741 0.3014
v 0.18903 0.20373 -0.03868 0.0594 0.0958 0.1322
v 0.18849 0.20375 -0.02988 0.0540 0.0898 0.1242
v 0.18989 0.20369 -0.02493 0.0706 0.1046 0.1386
v 0.18852 0.20114 0.03435 0.1569 0.1922 0.2510
v 0.18554 0.20494 0.03600 0.1431 0.1902 0.2451
v 0.18639 0.21103 -0.05508 0.2140 0.2804 0.3095
v 0.18890 0.21309 -0.04765 0.1624 0.2165 0.2471
v 0.18831 0.21312 -0.03922 0.1255 0.1737 0.2106
v 0.18908 0.21288 -0.03028 0.1167 0.1608 0.2039
v 0.19023 0.21366 -0.02564 0.1235 0.1706 0.2137
v 0.19004 0.21568 -0.01183 0.1961 0.2471 0.3098
v 0.18793 0.21460 -0.00389 0.1441 0.1873 0.2392
v 0.18813 0.21444 0.00458 0.1075 0.1498 0.1937
v 0.18908 0.21188 0.03228 0.1190 0.1595 0.2131
v 0.18311 0.21227 0.03619 0.1510 0.1980 0.2529
v 0.18504 0.21787 -0.03653 0.1373 0.1922 0.2353
v 0.18498 0.21952 -0.03059 0.1539 0.2000 0.2441
v 0.18763 0.21974 -0.02202 0.1431 0.2000 0.2431
v 0.18700 0.21860 -0.01475 0.1529 0.2039 0.2569
v 0.18459 0.21791 -0.00719 0.1824 0.2412 0.2922
v 0.18285 0.21870 0.00397 0.1425 0.1895 0.2497
v 0.18764 0.21899 0.01308 0.1412 0.1863 0.2216
v 0.18622 0.22139 0.02222 0.1386 0.1817 0.2405
v 0.18644 0.21815 0.03138 0.1206 0.1657 0.2167
v 0.18420 0.85492 -0.00320 0.3229 0.4405 0.6235
v 0.18568 0.85501 0.00042 0.3275 0.4412 0.6333
v 0.18594 0.86296 -0.00429 0.3255 0.4392 0.6039
v 0.18862 0.86147 0.00280 0.3255 0.4412 0.6265
v 0.18374 0.86776 -0.01009 0.2980 0.4196 0.6000
v 0.18657 0.86911 -0.00330 0.3208 0.4424 0.6227
v 0.18225 0.88339 -0.00897 0.1922 0.3000 0.4529
v 0.18645 0.87829 -0.00406 0.3225 0.4431 0.6353
v 0.18972 0.88010 0.00257 0.3235 0.4529 0.6529
v 0.18212 0.88663 -0.00891 0.0745 0.1686 0.3020
v 0.18474 0.88784 -0.00370 0.1209 0.2144 0.3386
v 0.18925 0.88800 0.00266 0.1382 0.2284 0.3422
v 0.18381 0.89663 -0.00126 0.0902 0.1712 0.2484
v 0.18884 0.89642 0.00487 0.1012 0.1749 0.2439
v 0.18486 0.90434 0.00564 0.0931 0.1667 0.2343
v 0.18406 0.90934 0.00963 0.0941 0.1608 0.2235
v 0.18490 0.91288 0.01487 0.1007 0.1817 0.2484
v 0.18790 0.91579 0.02164 0.1506 0.2400 0.3176
v 0.18641 0.91991 0.02580 0.3412 0.4588 0.6078
v 0.18696 0.92476 0.03045 0.3192 0.4573 0.6329
v 0.18263 0.92710 0.03070 0.3373 0.4824 0.6980
v 0.19580 0.02028 -0.30997 0.5608 0.5941 0.6039
v 0.19189 0.02131 -0.30006 0.5922 0.6275 0.6157
v 0.19630 0.02120 -0.29183 0.6471 0.6745 0.6471
v 0.19792 0.02089 -0.27937 0.6314 0.6549 0.6392
v 0.19371 0.02166 -0.27122 0.5843 0.6118 0.5784
v 0.19839 0.02095 -0.26370 0.6157 0.6549 0.6235
v 0.19301 0.02190 -0.25513 0.5882 0.6275 0.5922
v 0.19866 0.02171 -0.25070 0.5882 0.6118 0.5961
v 0.19555 0.02225 -0.24090 0.6392 0.6627 0.6627
v 0.19472 0.02354 -0.22989 0.6471 0.6765 0.6745
v 0.19424 0.02442 -0.22110 0.6392 0.6706 0.6784
v 0.19630 0.02529 -0.21607 0.1020 0.1373 0.1255
v 0.19273 0.02671 -0.21865 0.1059 0.1333 0.1569
v 0.19286 0.02844 -0.21306 0.1500 0.1853 0.2206
v 0.19462 0.03062 -0.20298 0.1667 0.1980 0.2353
v 0.19412 0.03147 -0.19529 0.3046 0.3320 0.3647
v 0.19283 0.03224 -0.18806 0.6000 0.6353 0.6235
v 0.19586 0.03287 -0.17868 0.2402 0.2775 0.2980
v 0.19720 0.03387 -0.17073 0.1216 0.1608 0.1961
v 0.19896 0.03401 -0.16419 0.1882 0.2275 0.2667
v 0.19655 0.03392 0.19474 0.2196 0.2824 0.3373
v 0.19478 0.03369 0.20407 0.2392 0.3020 0.3647
v 0.19748 0.03322 0.21320 0.2353 0.2902 0.3333
v 0.19394 0.03306 0.25249 0.2882 0.3078 0.3314
v 0.19526 0.03248 0.26632 0.1451 0.1804 0.2157
v 0.19226 0.03250 0.27077 0.1569 0.1922 0.2196
v 0.19595 0.03182 0.27990 0.1490 0.1765 0.2078
v 0.19895 0.03035 0.29427 0.0588 0.1020 0.1098
v 0.19381 0.03116 0.30795 0.2980 0.3333 0.3353
v 0.19260 0.03480 -0.17388 0.1765 0.2000 0.2549
v 0.19290 0.03615 -0.16709 0.1647 0.2000 0.2412
v 0.19400 0.03776 -0.15992 0.2329 0.2761 0.3106
v 0.19451 0.04019 -0.15140 0.3289 0.3658 0.3804
v 0.19757 0.04178 -0.14566 0.2925 0.3278 0.3545
v 0.19722 0.04222 0.17057 0.1373 0.1647 0.2039
v 0.19405 0.03938 0.17893 0.1392 0.1627 0.2098
v 0.19356 0.03618 0.18650 0.1333 0.1598 0.2039
v 0.19234 0.03480 0.19236 0.1490 0.1961 0.2510
v 0.19110 0.04336 -0.14842 0.4196 0.4706 0.4941
v 0.19513 0.04551 -0.14159 0.3559 0.3912 0.4255
v 0.19468 0.04755 -0.13493 0.6824 0.7039 0.7225
v 0.19673 0.04778 -0.12596 0.6745 0.6902 0.6941
v 0.19439 0.04811 -0.11794 0.6627 0.6863 0.6863
v 0.19479 0.04849 -0.11034 0.7020 0.7176 0.7137
v 0.19490 0.04999 -0.10011 0.2690 0.3059 0.3153
v 0.19594 0.05114 0.14736 0.1333 0.1725 0.2196
v 0.19390 0.04945 0.15552 0.1529 0.1843 0.2275
v 0.19638 0.04725 0.16028 0.1294 0.1529 0.2000
v 0.19390 0.04510 0.16620 0.1255 0.1490 0.1961
v 0.19387 0.05587 -0.09887 0.2576 0.3067 0.3478
v 0.19908 0.05643 -0.09329 0.2667 0.3137 0.3608
v 0.19727 0.05939 0.11254 0.1373 0.1725 0.2314
v 0.19584 0.05691 0.11683 0.1353 0.1725 0.2255
v 0.19332 0.05425 0.12707 0.1490 0.1843 0.2333
v 0.19647 0.05289 0.13508 0.1294 0.1608 0.2118
v 0.19685 0.05226 0.14006 0.1412 0.1804 0.2275
v 0.19420 0.06474 -0.09891 0.2333 0.2808 0.3244
v 0.19858 0.06568 -0.09431 0.2379 0.2824 0.3242
v 0.19858 0.06912 0.06958 0.0941 0.1216 0.1608
v 0.19673 0.06554 0.11039 0.1399 0.1765 0.2366
v 0.19093 0.06509 0.11336 0.1451 0.1804 0.2471
v 0.19349 0.07164 -0.09746 0.4275 0.4654 0.4967
v 0.19520 0.07356 -0.09090 0.5305 0.5613 0.5899
v 0.19530 0.07655 -0.08335 0.5078 0.5431 0.5784
v 0.19814 0.07704 0.05594 0.1255 0.1647 0.2118
v 0.19669 0.07426 0.06486 0.0807 0.1064 0.1507
v 0.19619 0.07464 0.07343 0.1015 0.1250 0.1721
v 0.19734 0.07684 0.08015 0.1078 0.1314 0.1784
v 0.19520 0.07383 0.10913 0.1288 0.1647 0.2242
v 0.19365 0.07889 -0.07940 0.4824 0.5176 0.5529
v 0.19418 0.08047 -0.07416 0.4980 0.5350 0.5714
v 0.19571 0.08358 -0.06432 0.2243 0.2706 0.3271
v 0.19782 0.08494 -0.05763 0.1427 0.1875 0.2494
v 0.19706 0.08627 0.04229 0.1490 0.1843 0.2510
v 0.19592 0.08249 0.04823 0.1170 0.1542 0.2039
v 0.19311 0.07999 0.05681 0.1098 0.1359 0.1843
v 0.19465 0.08030 0.08274 0.1124 0.1464 0.1935
v 0.19432 0.08205 0.09056 0.1216 0.1608 0.2078
v 0.19523 0.08072 0.09984 0.1412 0.1882 0.2431
v 0.19363 0.07907 0.10584 0.1569 0.2039 0.2641
v 0.19223 0.08998 -0.06436 0.1549 0.1935 0.2412
v 0.19544 0.09180 -0.05699 0.1604 0.2031 0.2561
v 0.19858 0.09223 -0.04946 0.1804 0.2294 0.2873
v 0.19469 0.09158 0.03984 0.1247 0.1639 0.2204
v 0.19119 0.08760 0.04547 0.0863 0.1255 0.1725
v 0.19223 0.09849 -0.06220 0.1451 0.1804 0.2242
v 0.19541 0.09990 -0.05631 0.1662 0.2076 0.2512
v 0.19861 0.09911 -0.04839 0.1782 0.2263 0.2751
v 0.19828 0.10038 0.03418 0.1255 0.1627 0.2157
v 0.19384 0.10063 0.03732 0.1380 0.1765 0.2275
v 0.19166 0.10874 -0.06434 0.2110 0.2580 0.3114
v 0.19599 0.10843 -0.05597 0.2061 0.2524 0.3005
v 0.19878 0.10940 -0.04955 0.1833 0.2304 0.2775
v 0.19703 0.10790 0.03372 0.1333 0.1725 0.2196
v 0.19269 0.10901 0.03713 0.1229 0.1621 0.2092
v 0.19277 0.11656 -0.06285 0.1961 0.2447 0.2871
v 0.19558 0.11688 -0.05731 0.1779 0.2182 0.2592
v 0.19773 0.11962 -0.04798 0.1346 0.1712 0.2013
v 0.19797 0.11677 0.03156 0.1255 0.1634 0.2118
v 0.19345 0.11671 0.03539 0.1373 0.1765 0.2235
v 0.19186 0.12201 -0.06134 0.0980 0.1569 0.1922
v 0.19274 0.12584 -0.05761 0.0905 0.1328 0.1616
v 0.19350 0.12459 -0.04716 0.0490 0.0662 0.0828
v 0.19436 0.12610 -0.03773 0.0535 0.0745 0.0994
v 0.19674 0.12695 -0.03047 0.0519 0.0789 0.1094
v 0.19864 0.12941 -0.02485 0.0549 0.1137 0.1412
v 0.19809 0.12645 -0.00337 0.0294 0.0451 0.0706
v 0.19751 0.12762 0.00475 0.0447 0.0596 0.0949
v 0.19903 0.12903 0.02223 0.0392 0.0510 0.0784
v 0.19494 0.12747 0.03028 0.0536 0.0732 0.1072
v 0.19160 0.12154 0.03508 0.1137 0.1451 0.1882
v 0.19185 0.13421 -0.05724 0.0886 0.1359 0.1703
v 0.19305 0.13335 -0.03524 0.0667 0.0973 0.1247
v 0.19572 0.13361 -0.03006 0.0647 0.0988 0.1314
v 0.19762 0.13556 -0.02438 0.0510 0.0928 0.1242
v 0.19815 0.13364 -0.00924 0.0529 0.0686 0.1039
v 0.19616 0.13436 -0.00297 0.0345 0.0510 0.0871
v 0.19717 0.13506 0.00570 0.0515 0.0768 0.1132
v 0.19924 0.13443 0.00888 0.0627 0.0902 0.1294
v 0.19751 0.13492 0.02162 0.0554 0.0745 0.1069
v 0.19346 0.13411 0.03037 0.0824 0.1113 0.1490
v 0.19256 0.14438 -0.06146 0.1225 0.1863 0.2186
v 0.19271 0.14231 -0.05711 0.0789 0.1211 0.1560
v 0.19114 0.14330 -0.05145 0.0510 0.0863 0.1216
v 0.19452 0.14228 -0.03099 0.0732 0.1124 0.1459
v 0.19797 0.14154 -0.02302 0.0752 0.1098 0.1431
v 0.19852 0.14459 -0.01054 0.0588 0.0804 0.1216
v 0.19643 0.14401 -0.00434 0.0447 0.0627 0.0988
v 0.19707 0.14272 0.00396 0.0549 0.0784 0.1172
v 0.19771 0.14293 0.02287 0.0659 0.0902 0.1224
v 0.19263 0.14209 0.03145 0.0673 0.0993 0.1373
v 0.19305 0.15202 -0.06248 0.1464 0.2340 0.2765
v 0.19408 0.15055 -0.05709 0.0876 0.1340 0.1686
v 0.19134 0.15063 -0.04930 0.0745 0.1098 0.1451
v 0.19521 0.15164 -0.02919 0.0797 0.1157 0.1493
v 0.19875 0.15158 -0.02301 0.0716 0.1078 0.1441
v 0.19675 0.15191 -0.00392 0.0386 0.0621 0.1013
v 0.19660 0.15048 0.00383 0.0599 0.0874 0.1266
v 0.19753 0.14806 0.02587 0.0627 0.0902 0.1216
v 0.19399 0.15240 0.03098 0.0651 0.0980 0.1373
v 0.19242 0.16177 -0.06171 0.1203 0.1869 0.2353
v 0.19395 0.15859 -0.05681 0.0922 0.1301 0.1686
v 0.19252 0.16018 -0.04793 0.0863 0.1235 0.1588
v 0.19178 0.16309 -0.04232 0.0549 0.0902 0.1255
v 0.19402 0.15864 -0.02811 0.0751 0.1092 0.1440
v 0.19804 0.16094 -0.02456 0.0696 0.1078 0.1431
v 0.19759 0.15796 -0.00363 0.0549 0.0824 0.1216
v 0.19759 0.15820 0.00337 0.0580 0.0831 0.1231
v 0.19463 0.15899 0.03085 0.0735 0.1029 0.1441
v 0.19191 0.16579 -0.06074 0.0902 0.1529 0.2039
v 0.19351 0.16856 -0.05642 0.0793 0.1246 0.1599
v 0.19403 0.17014 -0.04739 0.0873 0.1245 0.1598
v 0.19344 0.17034 -0.04013 0.0444 0.0680 0.0993
v 0.19349 0.16868 -0.02996 0.0618 0.0951 0.1289
v 0.19788 0.16799 -0.02447 0.0833 0.1216 0.1569
v 0.19837 0.17289 -0.00606 0.0706 0.1059 0.1412
v 0.19544 0.16718 0.02977 0.0895 0.1229 0.1621
v 0.19395 0.17634 -0.05650 0.0955 0.1444 0.1847
v 0.19477 0.17735 -0.04745 0.0643 0.0980 0.1318
v 0.19571 0.17826 -0.03880 0.0408 0.0627 0.0902
v 0.19688 0.17522 -0.03194 0.0614 0.0941 0.1255
v 0.19872 0.17619 -0.01025 0.0647 0.0980 0.1314
v 0.19768 0.17816 -0.00436 0.0686 0.0993 0.1327
v 0.19828 0.17900 0.00315 0.0941 0.1294 0.1647
v 0.19475 0.17687 0.02951 0.0684 0.0972 0.1377
v 0.19205 0.19049 -0.06171 0.1294 0.1843 0.2275
v 0.19364 0.18640 -0.05646 0.0912 0.1431 0.1886
v 0.19475 0.18540 -0.04752 0.0576 0.0906 0.1224
v 0.19679 0.18617 -0.03779 0.0975 0.1434 0.1821
v 0.19786 0.18897 -0.03011 0.0729 0.1192 0.1537
v 0.19854 0.18536 -0.00972 0.0471 0.0824 0.1176
v 0.19680 0.18633 -0.00431 0.0621 0.0902 0.1176
v 0.19781 0.18585 0.00361 0.0745 0.1072 0.1425
v 0.19865 0.18519 0.02502 0.1000 0.1333 0.1725
v 0.19394 0.18636 0.02932 0.0584 0.0847 0.1243
v 0.19233 0.19422 -0.05622 0.0817 0.1275 0.1745
v 0.19221 0.19601 -0.04822 0.0588 0.0971 0.1353
v 0.19240 0.19406 -0.03823 0.0486 0.0808 0.1161
v 0.19351 0.19403 -0.02977 0.0714 0.1188 0.1549
v 0.19656 0.19586 -0.02267 0.0837 0.1268 0.1654
v 0.19711 0.19481 -0.01195 0.0706 0.1048 0.1429
v 0.19526 0.19667 -0.00423 0.0716 0.1059 0.1431
v 0.19670 0.19439 0.00459 0.0951 0.1314 0.1725
v 0.19740 0.19730 0.01134 0.0797 0.1150 0.1503
v 0.19872 0.19841 0.01755 0.0784 0.1098 0.1529
v 0.19440 0.19507 0.02955 0.0725 0.0987 0.1412
v 0.19307 0.20458 -0.05469 0.1000 0.1441 0.1760
v 0.19160 0.20291 -0.04870 0.0482 0.0792 0.1129
v 0.19173 0.19985 -0.02625 0.1176 0.1686 0.2039
v 0.19554 0.20435 -0.02258 0.0991 0.1412 0.1759
v 0.19613 0.20271 -0.01321 0.0797 0.1131 0.1542
v 0.19346 0.20465 -0.00320 0.0755 0.1098 0.1471
v 0.19319 0.20387 0.00374 0.0706 0.1059 0.1412
v 0.19619 0.20410 0.01188 0.0613 0.0966 0.1319
v 0.19365 0.20372 0.03067 0.0675 0.0937 0.1368
v 0.19271 0.20981 -0.05528 0.1693 0.2183 0.2425
v 0.19139 0.21118 -0.04903 0.0765 0.1196 0.1529
v 0.19716 0.21011 -0.02620 0.2536 0.3046 0.3307
v 0.19467 0.21303 -0.02389 0.2031 0.2541 0.2826
v 0.19468 0.21138 -0.01340 0.0941 0.1382 0.1784
v 0.19192 0.20978 -0.00539 0.0745 0.1098 0.1477
v 0.19175 0.21027 0.00488 0.0745 0.1098 0.1451
v 0.19568 0.21263 0.01136 0.1094 0.1481 0.1904
v 0.19818 0.21347 0.02293 0.0954 0.1294 0.1765
v 0.19326 0.21176 0.02905 0.0733 0.1035 0.1460
v 0.19231 0.21753 -0.02206 0.2105 0.2758 0.3216
v 0.19132 0.21892 0.01959 0.1137 0.1608 0.2157
v 0.19231 0.87162 0.00652 0.3255 0.4471 0.6373
v 0.19145 0.87874 0.00500 0.3314 0.4578 0.6520
v 0.19581 0.87986 0.01188 0.3307 0.4601 0.6641
v 0.19251 0.88735 0.00724 0.2024 0.3224 0.4949
v 0.19678 0.88974 0.01349 0.3255 0.4580 0.6566
v 0.19268 0.89301 0.00825 0.0902 0.1647 0.2235
v 0.19573 0.89516 0.01341 0.2083 0.3240 0.4740
v 0.19871 0.89589 0.01832 0.3294 0.4667 0.6529
v 0.19311 0.90402 0.01422 0.0951 0.1745 0.2471
v 0.19756 0.90550 0.02187 0.1637 0.2701 0.3848
v 0.19065 0.91052 0.01398 0.0941 0.1882 0.2980
v 0.19390 0.91193 0.02254 0.1284 0.2088 0.2951
v 0.19622 0.91540 0.02916 0.1070 0.1871 0.2543
v 0.19407 0.92251 0.03189 0.1595 0.2601 0.3464
v 0.19813 0.92043 0.03647 0.0863 0.1804 0.2745
v 0.20752 0.01563 -0.31181 0.1412 0.1725 0.2235
v 0.20242 0.01755 -0.31181 0.1647 0.2000 0.2353
v 0.20227 0.01965 -0.29971 0.4157 0.4353 0.4647
v 0.20364 0.02044 -0.28840 0.6275 0.6549 0.6784
v 0.20379 0.02040 -0.27912 0.6157 0.6471 0.6549
v 0.20351 0.02071 -0.27200 0.6431 0.6784 0.6667
v 0.20533 0.02084 -0.26330 0.6667 0.7098 0.6941
v 0.20308 0.02130 -0.25648 0.6020 0.6294 0.6039
v 0.20496 0.02179 -0.24696 0.6078 0.6314 0.6235
v 0.20619 0.02225 -0.23616 0.6510 0.6745 0.6745
v 0.20083 0.02317 -0.22724 0.6549 0.6784 0.6784
v 0.20415 0.02341 -0.22186 0.6275 0.6510 0.6431
v 0.20248 0.02477 -0.21293 0.4637 0.4990 0.4912
v 0.20718 0.02544 -0.20733 0.1843 0.2157 0.2235
v 0.20093 0.02810 -0.20431 0.1320 0.1673 0.2052
v 0.20315 0.03008 -0.19194 0.2078 0.2392 0.2902
v 0.20217 0.03113 -0.18525 0.2314 0.2627 0.3000
v 0.20476 0.03155 -0.17760 0.4647 0.4941 0.5275
v 0.20382 0.03254 -0.16832 0.3941 0.4314 0.4431
v 0.20664 0.03414 -0.16012 0.2961 0.3314 0.3765
v 0.20613 0.03460 0.18131 0.0784 0.1059 0.1451
v 0.20058 0.03453 0.18608 0.1059 0.1294 0.1843
v 0.20698 0.03247 0.19168 0.2235 0.2902 0.3608
v 0.20460 0.03258 0.20031 0.2392 0.3020 0.3608
v 0.20499 0.03227 0.20966 0.2667 0.3294 0.3922
v 0.20558 0.03274 0.21909 0.2745 0.3216 0.3686
v 0.19993 0.03353 0.22955 0.4392 0.4667 0.4980
v 0.20129 0.03343 0.24252 0.1490 0.1882 0.2235
v 0.20619 0.03305 0.24675 0.1255 0.1686 0.1922
v 0.20612 0.03224 0.25427 0.1431 0.1706 0.1961
v 0.20139 0.03231 0.26346 0.1529 0.1725 0.1961
v 0.20749 0.03039 0.28653 0.1255 0.1608 0.1882
v 0.20707 0.03022 0.30046 0.1608 0.2078 0.2078
v 0.20468 0.03007 0.30795 0.3359 0.3725 0.3804
v 0.20492 0.03564 -0.15747 0.2961 0.3431 0.3725
v 0.20381 0.03818 -0.15010 0.3794 0.4157 0.4480
v 0.20477 0.04092 -0.14165 0.3051 0.3400 0.3694
v 0.20622 0.04319 -0.13806 0.2980 0.3373 0.3765
v 0.20378 0.04074 0.16947 0.1301 0.1549 0.1993
v 0.20384 0.03708 0.17675 0.1363 0.1618 0.2049
v 0.20070 0.04385 -0.14076 0.2824 0.3216 0.3569
v 0.20318 0.04587 -0.13443 0.4366 0.4641 0.5007
v 0.20331 0.04706 -0.12549 0.6418 0.6680 0.6863
v 0.20316 0.04724 -0.11667 0.7039 0.7216 0.7314
v 0.20388 0.04744 -0.10870 0.6980 0.7176 0.7020
v 0.20276 0.04812 -0.10024 0.6667 0.6824 0.6784
v 0.20377 0.04992 -0.09130 0.2275 0.2601 0.2810
v 0.20767 0.05054 -0.08484 0.1569 0.2039 0.2588
v 0.20632 0.05094 0.13903 0.1216 0.1451 0.1922
v 0.20315 0.04798 0.15272 0.1582 0.1843 0.2327
v 0.20319 0.04556 0.15942 0.1310 0.1569 0.2016
v 0.20307 0.05584 -0.08859 0.2403 0.2874 0.3378
v 0.20621 0.05709 -0.08398 0.2163 0.2660 0.3085
v 0.20480 0.05813 0.06734 0.0647 0.0824 0.1118
v 0.20528 0.05893 0.07435 0.0894 0.1200 0.1561
v 0.20714 0.06049 0.08147 0.0902 0.1176 0.1569
v 0.20323 0.05858 0.11022 0.1373 0.1725 0.2392
v 0.20754 0.05377 0.11824 0.1569 0.2039 0.2588
v 0.20401 0.05343 0.12385 0.1817 0.2327 0.2863
v 0.20295 0.05250 0.13343 0.0863 0.1176 0.1608
v 0.20211 0.06424 -0.09016 0.2475 0.2910 0.3353
v 0.20641 0.06444 -0.08413 0.2379 0.2771 0.3163
v 0.20521 0.06660 0.05843 0.0902 0.1098 0.1647
v 0.20158 0.06433 0.06502 0.0701 0.0897 0.1314
v 0.20060 0.06562 0.07406 0.0947 0.1193 0.1641
v 0.20435 0.06579 0.08209 0.1049 0.1284 0.1755
v 0.20669 0.06711 0.08872 0.1124 0.1373 0.1817
v 0.20673 0.06717 0.10386 0.1431 0.1804 0.2333
v 0.20238 0.06421 0.10752 0.1457 0.1832 0.2443
v 0.20170 0.07080 -0.08937 0.4523 0.4889 0.5307
v 0.20299 0.07312 -0.08200 0.4837 0.5190 0.5525
v 0.20339 0.07608 -0.07278 0.4941 0.5314 0.5667
v 0.20461 0.07705 -0.06701 0.5012 0.5451 0.5788
v 0.20709 0.07797 -0.05879 0.3961 0.4510 0.5020
v 0.20579 0.07553 0.04958 0.1108 0.1451 0.2039
v 0.20195 0.07326 0.05607 0.1020 0.1333 0.1892
v 0.20006 0.07088 0.06203 0.1059 0.1294 0.1765
v 0.19963 0.07141 0.07739 0.1176 0.1412 0.1882
v 0.20113 0.07278 0.08303 0.1046 0.1294 0.1739
v 0.20414 0.07284 0.09080 0.1093 0.1348 0.1819
v 0.20344 0.07468 0.09972 0.1176 0.1485 0.1978
v 0.20208 0.07057 0.10632 0.1059 0.1529 0.2078
v 0.19946 0.07801 -0.07244 0.5255 0.5647 0.6000
v 0.20183 0.07946 -0.06415 0.4580 0.5059 0.5514
v 0.20135 0.08277 -0.05555 0.1608 0.2179 0.2852
v 0.20378 0.08306 -0.04844 0.1353 0.1902 0.2575
v 0.20536 0.08401 -0.03956 0.1380 0.1875 0.2384
v 0.20589 0.08476 -0.03021 0.1678 0.2141 0.2651
v 0.20636 0.08567 -0.02113 0.1582 0.1974 0.2418
v 0.20656 0.08495 -0.01292 0.1255 0.1621 0.2026
v 0.20596 0.08558 -0.00277 0.1098 0.1490 0.1882
v 0.20572 0.08581 0.00540 0.0471 0.0863 0.1255
v 0.20406 0.08407 0.04004 0.1324 0.1676 0.2284
v 0.20385 0.07982 0.04587 0.1196 0.1510 0.2118
v 0.20020 0.08878 -0.04793 0.2013 0.2562 0.3124
v 0.20196 0.09096 -0.03982 0.1634 0.2111 0.2686
v 0.20313 0.09320 -0.02966 0.1271 0.1725 0.2204
v 0.20452 0.09045 -0.02199 0.1529 0.1978 0.2448
v 0.20450 0.09060 -0.01299 0.1472 0.1907 0.2296
v 0.20339 0.09116 -0.00453 0.1363 0.1755 0.2157
v 0.20269 0.09204 0.00354 0.1451 0.1859 0.2282
v 0.20593 0.09094 0.01319 0.1506 0.1804 0.2259
v 0.20740 0.09446 0.01967 0.1490 0.1725 0.2196
v 0.20566 0.09181 0.03168 0.1255 0.1595 0.2157
v 0.20052 0.09054 0.03603 0.1314 0.1686 0.2216
v 0.20004 0.10023 -0.04445 0.1725 0.2137 0.2627
v 0.20128 0.10000 -0.03950 0.1516 0.1935 0.2388
v 0.20313 0.09968 -0.03005 0.1166 0.1547 0.1925
v 0.20375 0.09973 -0.02086 0.1717 0.2174 0.2610
v 0.20358 0.10000 -0.01281 0.1731 0.2129 0.2583
v 0.20232 0.09923 -0.00485 0.1225 0.1706 0.2069
v 0.20171 0.09949 0.00442 0.1343 0.1657 0.2088
v 0.20390 0.09769 0.01259 0.1418 0.1667 0.2157
v 0.20701 0.09910 0.01875 0.1373 0.1667 0.2078
v 0.20485 0.10018 0.02980 0.1328 0.1714 0.2190
v 0.19981 0.10888 -0.04609 0.1961 0.2431 0.2902
v 0.20206 0.10871 -0.03828 0.1533 0.1969 0.2420
v 0.20360 0.10856 -0.02985 0.1686 0.2141 0.2616
v 0.20423 0.10907 -0.02231 0.2011 0.2493 0.2992
v 0.20390 0.10799 -0.01404 0.1714 0.2140 0.2599
v 0.20267 0.10925 -0.00371 0.1386 0.1686 0.2124
v 0.20191 0.10960 0.00298 0.1229 0.1464 0.1935
v 0.20430 0.10757 0.01249 0.1514 0.1765 0.2227
v 0.20718 0.10789 0.01806 0.1471 0.1706 0.2176
v 0.20529 0.10965 0.02853 0.1359 0.1830 0.2379
v 0.20008 0.11627 -0.04614 0.2314 0.2824 0.3314
v 0.20121 0.11753 -0.03895 0.1233 0.1669 0.2078
v 0.20308 0.11670 -0.03020 0.1457 0.1863 0.2297
v 0.20428 0.11554 -0.02237 0.1847 0.2327 0.2776
v 0.20387 0.11738 -0.01255 0.1417 0.1765 0.2142
v 0.20217 0.11691 -0.00384 0.1401 0.1737 0.2162
v 0.20203 0.11650 0.00449 0.1346 0.1647 0.2052
v 0.20498 0.11693 0.01337 0.1384 0.1641 0.2073
v 0.20694 0.11775 0.02140 0.1261 0.1552 0.1950
v 0.20308 0.11497 0.02869 0.1464 0.1908 0.2431
v 0.20033 0.12332 -0.02919 0.0761 0.1161 0.1475
v 0.20195 0.12541 -0.02189 0.0562 0.0810 0.1118
v 0.20109 0.12546 -0.01265 0.0337 0.0494 0.0800
v 0.20012 0.12241 -0.00298 0.0235 0.0382 0.0667
v 0.20038 0.12285 0.00611 0.0431 0.0510 0.0850
v 0.20228 0.12557 0.01327 0.0722 0.0958 0.1288
v 0.20237 0.12475 0.02140 0.0482 0.0633 0.0958
v 0.20065 0.13399 -0.01983 0.0622 0.0919 0.1255
v 0.19972 0.13552 -0.01458 0.0588 0.0765 0.1059
v 0.20013 0.13354 0.01216 0.0838 0.1064 0.1436
v 0.20047 0.14306 -0.01833 0.0732 0.1144 0.1464
v 0.20044 0.14525 -0.01604 0.0588 0.0902 0.1235
v 0.19967 0.14249 0.00814 0.0758 0.1033 0.1425
v 0.20041 0.14299 0.01430 0.0689 0.0947 0.1333
v 0.19957 0.14277 0.01867 0.0569 0.0784 0.1157
v 0.20022 0.15256 -0.01899 0.0925 0.1341 0.1725
v 0.19992 0.15076 -0.01373 0.0527 0.0807 0.1193
v 0.19953 0.15358 0.00741 0.0863 0.1137 0.1529
v 0.20114 0.15278 0.01065 0.0765 0.1039 0.1431
v 0.20086 0.15179 0.02142 0.0701 0.0902 0.1270
v 0.19979 0.15893 -0.02033 0.0676 0.1069 0.1451
v 0.19986 0.16130 -0.01398 0.0755 0.1088 0.1446
v 0.19970 0.16206 -0.00522 0.0529 0.0745 0.1118
v 0.20036 0.16129 0.00438 0.0680 0.0954 0.1346
v 0.20242 0.16005 0.01340 0.0781 0.1045 0.1433
v 0.20266 0.16107 0.02164 0.0575 0.0752 0.1065
v 0.19951 0.16118 0.02823 0.0510 0.0863 0.1216
v 0.20023 0.17031 -0.01989 0.0882 0.1245 0.1598
v 0.19982 0.16798 -0.01154 0.0575 0.0863 0.1216
v 0.20185 0.16887 -0.00458 0.0709 0.1028 0.1350
v 0.20511 0.16763 0.00440 0.0837 0.1129 0.1512
v 0.20488 0.16904 0.01301 0.0643 0.0894 0.1278
v 0.20336 0.16882 0.02257 0.0549 0.0745 0.1059
v 0.20028 0.16776 0.02709 0.0843 0.1118 0.1569
v 0.20277 0.17889 -0.02974 0.0756 0.1184 0.1544
v 0.20155 0.17665 -0.02195 0.0886 0.1271 0.1624
v 0.20044 0.17828 -0.01526 0.0651 0.1012 0.1380
v 0.19937 0.17538 -0.00088 0.0392 0.0667 0.1059
v 0.20152 0.17605 0.00528 0.0801 0.1104 0.1485
v 0.20335 0.17767 0.01272 0.0793 0.1129 0.1490
v 0.20350 0.17814 0.02173 0.0583 0.0833 0.1181
v 0.19989 0.18463 -0.03476 0.1333 0.1961 0.2471
v 0.20319 0.18506 -0.03065 0.1034 0.1533 0.1954
v 0.20363 0.18658 -0.02126 0.0927 0.1333 0.1708
v 0.20064 0.18727 -0.01430 0.0993 0.1359 0.1686
v 0.20145 0.18584 0.01304 0.0776 0.1124 0.1495
v 0.20312 0.18671 0.02092 0.0692 0.0977 0.1340
v 0.19931 0.19260 -0.01842 0.0784 0.1098 0.1529
v 0.20024 0.19224 0.01289 0.0967 0.1320 0.1673
v 0.20138 0.19515 0.02173 0.0766 0.1065 0.1478
v 0.20113 0.20391 0.01554 0.0634 0.0967 0.1340
v 0.20161 0.20291 0.02151 0.0606 0.0898 0.1351
v 0.20019 0.20993 -0.02337 0.1176 0.1569 0.1922
v 0.20155 0.21147 0.01441 0.1059 0.1399 0.1778
v 0.20265 0.21052 0.01999 0.0853 0.1147 0.1578
v 0.19931 0.88676 0.01720 0.3294 0.4588 0.6667
v 0.20130 0.88947 0.02087 0.2745 0.4016 0.6063
v 0.20161 0.89677 0.02271 0.3464 0.4832 0.6946
v 0.20047 0.90358 0.02419 0.3431 0.4745 0.6804
v 0.20201 0.90538 0.02772 0.2889 0.4222 0.6131
v 0.20053 0.91337 0.02986 0.2412 0.3490 0.5118
v 0.19969 0.91868 0.03260 0.1176 0.2275 0.3804
v 0.21258 0.01356 -0.30830 0.2912 0.3324 0.3441
v 0.21328 0.01473 -0.29986 0.2039 0.2418 0.2680
v 0.21391 0.01577 -0.29332 0.1059 0.1412 0.1765
v 0.20951 0.01772 -0.29079 0.1451 0.1804 0.2078
v 0.20913 0.01912 -0.28003 0.1569 0.1804 0.2275
v 0.21302 0.01903 -0.27230 0.4059 0.4314 0.4667
v 0.21335 0.01969 -0.26457 0.4196 0.4471 0.4765
v 0.21252 0.02083 -0.25263 0.6784 0.7020 0.7020
v 0.21195 0.02131 -0.24410 0.6373 0.6608 0.6529
v 0.21443 0.02111 -0.23552 0.6549 0.6784 0.6706
v 0.21234 0.02200 -0.22927 0.6314 0.6549 0.6471
v 0.21550 0.02217 -0.22251 0.5804 0.6039 0.5882
v 0.21378 0.02325 -0.21515 0.6314 0.6549 0.6471
v 0.21405 0.02487 -0.20733 0.6627 0.6980 0.6863
v 0.20847 0.02723 -0.19950 0.1922 0.2314 0.2784
v 0.21268 0.02773 -0.19148 0.2039 0.2431 0.2902
v 0.21076 0.02882 -0.18683 0.2431 0.2824 0.3216
v 0.21434 0.02969 -0.17697 0.3373 0.3784 0.4078
v 0.21304 0.03135 -0.16974 0.4971 0.5255 0.5578
v 0.21281 0.03259 -0.16037 0.2863 0.3186 0.3500
v 0.21213 0.03433 -0.15400 0.2333 0.2725 0.3157
v 0.21387 0.03391 0.17901 0.0902 0.1176 0.1569
v 0.21067 0.03281 0.18516 0.2275 0.2745 0.3373
v 0.21461 0.03177 0.19087 0.2235 0.2667 0.3373
v 0.21230 0.03162 0.20706 0.2725 0.3275 0.3843
v 0.21366 0.03171 0.21170 0.2824 0.3373 0.3882
v 0.21171 0.03268 0.22709 0.3608 0.3961 0.4235
v 0.21279 0.03305 0.23881 0.2627 0.2941 0.3314
v 0.20816 0.03301 0.24688 0.0471 0.0784 0.1216
v 0.21210 0.03231 0.25471 0.1757 0.2110 0.2322
v 0.21342 0.03135 0.26494 0.1673 0.1948 0.2196
v 0.21464 0.03071 0.28072 0.1490 0.1686 0.1922
v 0.21163 0.03012 0.29745 0.1608 0.2000 0.2039
v 0.21307 0.02969 0.30984 0.2373 0.2755 0.2853
v 0.21095 0.03734 -0.14858 0.2314 0.2686 0.3108
v 0.21202 0.03902 -0.14259 0.4006 0.4347 0.4594
v 0.21306 0.04124 -0.13617 0.3157 0.3562 0.3882
v 0.21533 0.04133 0.16087 0.1451 0.1725 0.2118
v 0.21097 0.03907 0.16883 0.1118 0.1382 0.1794
v 0.20910 0.04408 -0.13312 0.2824 0.3275 0.3647
v 0.21203 0.04409 -0.12877 0.2608 0.3118 0.3471
v 0.21226 0.04598 -0.11671 0.4843 0.5137 0.5471
v 0.21094 0.04652 -0.10835 0.6784 0.7098 0.7216
v 0.20984 0.04720 -0.09926 0.6510 0.6745 0.6745
v 0.21188 0.04768 -0.08992 0.6284 0.6490 0.6510
v 0.21192 0.04883 -0.08216 0.3773 0.4133 0.4361
v 0.21405 0.05033 -0.07446 0.0902 0.1412 0.1902
v 0.20988 0.05180 0.13095 0.1176 0.1412 0.1882
v 0.21272 0.04823 0.14349 0.1353 0.1588 0.2059
v 0.21109 0.04590 0.15317 0.1255 0.1549 0.1961
v 0.20805 0.04339 0.16109 0.1373 0.1647 0.2039
v 0.20896 0.05585 -0.07992 0.1765 0.2176 0.2637
v 0.21264 0.05693 -0.07420 0.1134 0.1533 0.1825
v 0.21577 0.05619 -0.06821 0.0941 0.1294 0.1542
v 0.21564 0.05940 0.05952 0.1078 0.1588 0.2000
v 0.21190 0.05727 0.06365 0.0745 0.0951 0.1333
v 0.21156 0.05602 0.07400 0.0745 0.0971 0.1314
v 0.21254 0.05713 0.08263 0.0882 0.1167 0.1549
v 0.21521 0.05796 0.09231 0.1046 0.1307 0.1725
v 0.21340 0.05844 0.09980 0.1222 0.1582 0.2039
v 0.21173 0.05601 0.10779 0.1161 0.1529 0.2102
v 0.21460 0.05283 0.11683 0.1745 0.2157 0.2725
v 0.21237 0.05235 0.12459 0.1725 0.2000 0.2627
v 0.20914 0.06474 -0.08047 0.1657 0.2034 0.2451
v 0.21300 0.06434 -0.07400 0.1275 0.1639 0.1965
v 0.21611 0.06440 -0.06785 0.1150 0.1464 0.1804
v 0.21184 0.06279 0.05792 0.0569 0.0712 0.1203
v 0.21041 0.06347 0.09257 0.0972 0.1255 0.1656
v 0.21027 0.06408 0.10003 0.1200 0.1506 0.1953
v 0.20981 0.06932 -0.07891 0.1490 0.1725 0.2196
v 0.21147 0.07127 -0.07281 0.4112 0.4454 0.4829
v 0.21252 0.07329 -0.06464 0.4260 0.4642 0.4995
v 0.21314 0.07475 -0.05659 0.3703 0.4140 0.4549
v 0.21410 0.07578 -0.04935 0.2206 0.2794 0.3441
v 0.21505 0.07704 -0.03970 0.1667 0.2216 0.2902
v 0.21554 0.07791 -0.02929 0.1686 0.2157 0.2784
v 0.21624 0.07786 -0.02396 0.1843 0.2353 0.2980
v 0.21335 0.07415 0.04835 0.1294 0.1608 0.2255
v 0.21099 0.06986 0.05336 0.0882 0.1118 0.1667
v 0.20798 0.07868 -0.05543 0.1529 0.2196 0.2902
v 0.20952 0.07891 -0.04764 0.1621 0.2275 0.2980
v 0.21015 0.08004 -0.03791 0.1716 0.2245 0.2863
v 0.21076 0.08070 -0.02942 0.1757 0.2267 0.2894
v 0.20964 0.08188 -0.02121 0.1706 0.2235 0.2843
v 0.21222 0.08036 -0.01433 0.1549 0.2098 0.2608
v 0.21144 0.08080 -0.00665 0.1464 0.1935 0.2458
v 0.21115 0.08149 0.00397 0.1239 0.1694 0.2212
v 0.21163 0.08317 0.01295 0.1279 0.1637 0.2083
v 0.21325 0.08436 0.02072 0.1317 0.1653 0.2078
v 0.21321 0.08553 0.02932 0.1529 0.1882 0.2333
v 0.21204 0.08245 0.03775 0.1402 0.1814 0.2422
v 0.20974 0.07841 0.04460 0.1451 0.1804 0.2471
v 0.20899 0.08729 0.01683 0.1686 0.2078 0.2471
v 0.21058 0.09026 0.02317 0.1490 0.1869 0.2320
v 0.21077 0.09157 0.02774 0.1425 0.1817 0.2275
v 0.20973 0.09996 0.02429 0.1501 0.1804 0.2275
v 0.20902 0.09944 0.02693 0.1333 0.1725 0.2196
v 0.20960 0.10730 0.02339 0.1562 0.1837 0.2301
v 0.20922 0.10682 0.02638 0.1608 0.1961 0.2549
v 0.20915 0.11491 0.02248 0.1588 0.1863 0.2314
v 0.20864 0.18063 -0.02663 0.0745 0.1255 0.1608
v 0.22447 0.00822 -0.31181 0.1255 0.1549 0.1765
v 0.22122 0.01204 -0.31010 0.3392 0.3660 0.3889
v 0.22015 0.01300 -0.30094 0.5784 0.6176 0.6176
v 0.21993 0.01358 -0.28983 0.2255 0.2706 0.2745
v 0.22107 0.01496 -0.28186 0.1167 0.1578 0.1853
v 0.22053 0.01699 -0.26953 0.1608 0.2000 0.2392
v 0.22269 0.01710 -0.26237 0.1529 0.1922 0.2275
v 0.21743 0.01942 -0.26088 0.1765 0.2118 0.2471
v 0.22202 0.01912 -0.25295 0.1686 0.1961 0.2353
v 0.22108 0.02053 -0.24084 0.6510 0.6706 0.6824
v 0.22111 0.02104 -0.23161 0.5961 0.6373 0.6098
v 0.22019 0.02207 -0.22113 0.5490 0.5882 0.5549
v 0.22100 0.02284 -0.21269 0.6431 0.6745 0.6314
v 0.22214 0.02416 -0.20274 0.6444 0.6680 0.6654
v 0.21757 0.02583 -0.19537 0.1451 0.1725 0.2118
v 0.22352 0.02592 -0.18352 0.2510 0.2863 0.3137
v 0.21869 0.02691 -0.18635 0.2627 0.3137 0.3490
v 0.22194 0.02775 -0.17760 0.3098 0.3490 0.3843
v 0.22132 0.03025 -0.16647 0.2765 0.3157 0.3529
v 0.21997 0.03100 -0.16096 0.4980 0.5255 0.5647
v 0.22099 0.03244 -0.15087 0.3510 0.3892 0.4059
v 0.22241 0.03288 -0.14470 0.1451 0.1817 0.2157
v 0.22201 0.03280 0.18002 0.1961 0.2353 0.2824
v 0.21975 0.03210 0.18523 0.2275 0.2928 0.3490
v 0.22440 0.03121 0.19316 0.1843 0.2353 0.2980
v 0.21735 0.03131 0.19979 0.2588 0.3098 0.3765
v 0.22352 0.03112 0.21577 0.1922 0.2392 0.2941
v 0.21728 0.03159 0.22009 0.1451 0.1922 0.2471
v 0.22490 0.03202 0.23275 0.2235 0.2706 0.3176
v 0.22496 0.03200 0.24755 0.1333 0.1725 0.2078
v 0.22027 0.03111 0.26384 0.1882 0.2102 0.2361
v 0.22218 0.03001 0.27228 0.1490 0.1725 0.1908
v 0.22398 0.02968 0.27942 0.1451 0.1647 0.1882
v 0.22334 0.02939 0.28973 0.2020 0.2333 0.2431
v 0.22090 0.02891 0.30044 0.3353 0.3641 0.3719
v 0.22160 0.02897 0.31039 0.1781 0.2085 0.2137
v 0.22009 0.03632 -0.14241 0.1882 0.2279 0.2688
v 0.22159 0.03890 -0.13393 0.3873 0.4245 0.4485
v 0.22265 0.04089 -0.12601 0.2092 0.2484 0.2797
v 0.22479 0.04154 -0.12044 0.2471 0.2980 0.3333
v 0.21909 0.04272 0.15544 0.1255 0.1529 0.1922
v 0.22456 0.04061 0.15729 0.1216 0.1490 0.1882
v 0.22106 0.03697 0.16860 0.1137 0.1402 0.1814
v 0.21926 0.03474 0.17501 0.1294 0.1569 0.1961
v 0.21783 0.04385 -0.12291 0.2745 0.3137 0.3529
v 0.22203 0.04358 -0.11699 0.2667 0.3059 0.3451
v 0.21749 0.04545 -0.10854 0.2431 0.2824 0.3216
v 0.21885 0.04560 -0.09641 0.4078 0.4157 0.4627
v 0.22126 0.04448 -0.09036 0.2405 0.2706 0.3085
v 0.22097 0.04477 -0.08355 0.2837 0.3124 0.3503
v 0.22062 0.04642 -0.07493 0.5475 0.5749 0.5890
v 0.22128 0.04996 -0.06463 0.1314 0.1716 0.2137
v 0.22411 0.05129 -0.05837 0.1529 0.1843 0.2353
v 0.22463 0.05183 0.09862 0.1451 0.1922 0.2471
v 0.22486 0.05125 0.11424 0.1294 0.1686 0.2157
v 0.22137 0.05100 0.12569 0.1098 0.1412 0.1843
v 0.22079 0.04967 0.13189 0.1137 0.1373 0.1843
v 0.21935 0.04730 0.14148 0.1176 0.1412 0.1882
v 0.21883 0.04479 0.14983 0.1471 0.1765 0.2176
v 0.21809 0.05678 -0.06375 0.1424 0.1784 0.2169
v 0.22217 0.05608 -0.05616 0.1563 0.1910 0.2331
v 0.22432 0.05769 -0.04723 0.1623 0.1980 0.2382
v 0.22524 0.06023 -0.04151 0.1843 0.2235 0.2627
v 0.22331 0.05661 0.05885 0.1307 0.1778 0.2196
v 0.22029 0.05514 0.06478 0.0902 0.1157 0.1490
v 0.22102 0.05311 0.07564 0.1137 0.1516 0.1882
v 0.22009 0.05372 0.08280 0.1039 0.1333 0.1745
v 0.22218 0.05375 0.09158 0.1235 0.1529 0.1980
v 0.21771 0.05538 0.09794 0.0961 0.1216 0.1647
v 0.21969 0.05287 0.10697 0.1399 0.1804 0.2353
v 0.21900 0.05214 0.11431 0.1961 0.2431 0.2980
v 0.21855 0.06418 -0.06282 0.1595 0.1974 0.2379
v 0.22111 0.06482 -0.05641 0.1647 0.2039 0.2461
v 0.22418 0.06443 -0.04664 0.1695 0.2078 0.2484
v 0.22515 0.06312 -0.04243 0.1765 0.2157 0.2549
v 0.22457 0.06512 0.05026 0.1451 0.1843 0.2333
v 0.22001 0.06360 0.05426 0.1516 0.2170 0.2614
v 0.21743 0.07050 -0.06231 0.3961 0.4353 0.4745
v 0.21896 0.07125 -0.05604 0.3161 0.3553 0.3937
v 0.22112 0.07207 -0.04669 0.2310 0.2855 0.3412
v 0.22366 0.07198 -0.03885 0.1814 0.2304 0.2853
v 0.22065 0.07457 -0.03117 0.2129 0.2678 0.3389
v 0.22172 0.07468 -0.02141 0.1514 0.2024 0.2573
v 0.22062 0.07529 -0.01199 0.1490 0.1961 0.2549
v 0.22275 0.07361 -0.00348 0.1529 0.2000 0.2596
v 0.22125 0.07508 0.00442 0.1412 0.1882 0.2431
v 0.22366 0.07550 0.01256 0.1516 0.1948 0.2588
v 0.22452 0.07687 0.01757 0.1490 0.1843 0.2510
v 0.22135 0.07677 0.04124 0.1490 0.1941 0.2608
v 0.22034 0.07133 0.04828 0.1281 0.1647 0.2196
v 0.21895 0.07881 0.01406 0.1294 0.1686 0.2275
v 0.22010 0.08037 0.02168 0.1435 0.1796 0.2424
v 0.21834 0.08238 0.02950 0.1490 0.1873 0.2510
v 0.22053 0.07924 0.03729 0.1627 0.2039 0.2686
v 0.22828 0.00646 -0.30900 0.2578 0.2770 0.2569
v 0.23226 0.00617 -0.29864 0.2078 0.2340 0.2183
v 0.22631 0.01045 -0.30549 0.1078 0.1324 0.1500
v 0.22885 0.01083 -0.29750 0.1882 0.2157 0.2431
v 0.23134 0.01099 -0.29028 0.1937 0.2157 0.2431
v 0.22886 0.01318 -0.28239 0.5863 0.6157 0.6225
v 0.22994 0.01363 -0.27298 0.3176 0.3608 0.3725
v 0.22716 0.01552 -0.26415 0.1176 0.1490 0.1922
v 0.23221 0.01493 -0.25726 0.1098 0.1412 0.1824
v 0.23043 0.01774 -0.24512 0.1216 0.1569 0.1922
v 0.22892 0.01936 -0.23825 0.1647 0.1902 0.2333
v 0.22834 0.02032 -0.22773 0.5647 0.5961 0.6039
v 0.22553 0.02087 -0.21910 0.5804 0.6235 0.6000
v 0.23121 0.02139 -0.21193 0.6118 0.6392 0.6431
v 0.23175 0.02259 -0.20465 0.6667 0.6902 0.6902
v 0.23093 0.02372 -0.19465 0.6980 0.7333 0.7294
v 0.22945 0.02440 -0.18599 0.6784 0.7020 0.7020
v 0.23159 0.02556 -0.18164 0.2157 0.2431 0.2824
v 0.22710 0.02660 -0.17758 0.2647 0.3078 0.3431
v 0.23013 0.02755 -0.17016 0.2392 0.2745 0.3137
v 0.22921 0.02935 -0.16050 0.2235 0.2680 0.3085
v 0.22887 0.03061 -0.15174 0.3941 0.4333 0.4608
v 0.22878 0.03218 -0.14274 0.4047 0.4424 0.4620
v 0.23240 0.03229 -0.13602 0.1804 0.2196 0.2549
v 0.22904 0.03293 0.17875 0.1706 0.2098 0.2627
v 0.23244 0.03099 0.18978 0.2196 0.2745 0.3255
v 0.23028 0.03048 0.20325 0.2078 0.2549 0.3020
v 0.23128 0.03056 0.21191 0.1843 0.2235 0.2706
v 0.23075 0.02921 0.27286 0.1931 0.2127 0.2422
v 0.22956 0.02890 0.28290 0.1404 0.1686 0.1812
v 0.22708 0.02861 0.29182 0.1817 0.2078 0.2248
v 0.22981 0.02790 0.29915 0.2088 0.2363 0.2500
v 0.22732 0.02844 0.31182 0.1569 0.1922 0.2000
v 0.22802 0.03644 -0.13320 0.2118 0.2539 0.2961
v 0.22922 0.03852 -0.12469 0.4140 0.4493 0.4773
v 0.22807 0.04139 -0.11590 0.2031 0.2471 0.2831
v 0.23221 0.04212 -0.11022 0.1961 0.2412 0.2765
v 0.23276 0.04313 -0.09879 0.2157 0.2510 0.2784
v 0.23128 0.04276 -0.08564 0.2157 0.2510 0.2863
v 0.23225 0.04133 0.15129 0.1425 0.1660 0.2131
v 0.22960 0.03783 0.16307 0.1118 0.1392 0.1784
v 0.22875 0.03598 0.16857 0.1098 0.1373 0.1765
v 0.22839 0.04373 -0.10643 0.2353 0.2745 0.3118
v 0.22639 0.04430 -0.10206 0.2196 0.2588 0.2941
v 0.22912 0.04339 -0.09420 0.2353 0.2706 0.3059
v 0.22794 0.04352 -0.07961 0.1922 0.2314 0.2667
v 0.22775 0.04505 -0.07252 0.3118 0.3373 0.3706
v 0.23006 0.04666 -0.06613 0.5922 0.6209 0.6366
v 0.22911 0.04924 -0.05757 0.1634 0.2039 0.2444
v 0.22996 0.05036 -0.04728 0.1294 0.1676 0.2059
v 0.23065 0.04979 -0.03969 0.1124 0.1477 0.1856
v 0.22819 0.05060 -0.03283 0.1078 0.1451 0.1804
v 0.22923 0.05039 -0.02071 0.1059 0.1422 0.1833
v 0.23018 0.05022 -0.01295 0.1070 0.1490 0.1871
v 0.23036 0.05007 -0.00289 0.0980 0.1380 0.1780
v 0.23006 0.05007 0.00455 0.1137 0.1490 0.1895
v 0.23004 0.05090 0.01151 0.0933 0.1208 0.1647
v 0.23370 0.05179 0.06522 0.1490 0.1882 0.2275
v 0.22913 0.05166 0.07451 0.1549 0.2020 0.2569
v 0.22710 0.05171 0.08465 0.1725 0.2118 0.2588
v 0.23014 0.05088 0.09446 0.1608 0.2000 0.2471
v 0.23242 0.04945 0.10352 0.0706 0.0863 0.1294
v 0.22700 0.05085 0.10848 0.1725 0.2196 0.2745
v 0.22838 0.05017 0.11802 0.1098 0.1412 0.1843
v 0.23070 0.04861 0.12842 0.1098 0.1333 0.1804
v 0.22598 0.04773 0.13550 0.1137 0.1490 0.1843
v 0.22695 0.04459 0.14533 0.1098 0.1333 0.1804
v 0.22596 0.05290 -0.04878 0.1392 0.1784 0.2137
v 0.22595 0.05614 -0.03889 0.1601 0.1974 0.2359
v 0.22716 0.05701 -0.02974 0.1408 0.1761 0.2164
v 0.22787 0.05604 -0.02187 0.1477 0.1837 0.2235
v 0.22792 0.05652 -0.01367 0.1435 0.1780 0.2196
v 0.22711 0.05635 -0.00467 0.1289 0.1658 0.2062
v 0.22721 0.05623 0.00472 0.1235 0.1614 0.2000
v 0.23046 0.05666 0.01268 0.1205 0.1547 0.1964
v 0.23309 0.05562 0.01772 0.1529 0.1765 0.2235
v 0.22974 0.05778 0.04984 0.1418 0.1856 0.2268
v 0.22765 0.05604 0.05511 0.1373 0.1843 0.2314
v 0.22588 0.05379 0.06341 0.0784 0.1137 0.1490
v 0.22631 0.06532 -0.03828 0.1581 0.1967 0.2389
v 0.22735 0.06500 -0.03051 0.1466 0.1861 0.2262
v 0.22808 0.06425 -0.01993 0.1317 0.1686 0.2056
v 0.22776 0.06321 -0.01266 0.1357 0.1741 0.2125
v 0.22694 0.06569 -0.00404 0.1251 0.1638 0.2013
v 0.22738 0.06403 0.00445 0.1165 0.1552 0.1938
v 0.23067 0.06546 0.01200 0.1237 0.1626 0.2004
v 0.22918 0.06403 0.04696 0.1333 0.1745 0.2163
v 0.22669 0.07042 -0.03555 0.1843 0.2314 0.2863
v 0.22782 0.06999 -0.02694 0.1373 0.1843 0.2314
v 0.22657 0.07100 -0.02333 0.1510 0.1941 0.2392
v 0.22662 0.07077 -0.01430 0.1373 0.1775 0.2245
v 0.22575 0.07104 -0.00214 0.1098 0.1608 0.1961
v 0.22663 0.07111 0.00562 0.1357 0.1749 0.2212
v 0.22848 0.07260 0.01233 0.1404 0.1820 0.2306
v 0.22846 0.07626 0.02229 0.1516 0.1869 0.2536
v 0.23039 0.07612 0.03028 0.1441 0.1882 0.2461
v 0.23124 0.07316 0.03849 0.1392 0.1850 0.2373
v 0.22679 0.06975 0.04572 0.1412 0.1725 0.2157
v 0.22561 0.07820 0.03290 0.1373 0.1843 0.2392
v 0.23529 0.00402 -0.30777 0.5725 0.5647 0.5059
v 0.24136 0.00306 -0.29890 0.5373 0.5294 0.4706
v 0.23804 0.00607 -0.28923 0.3324 0.3490 0.3304
v 0.24085 0.00681 -0.28109 0.1118 0.1275 0.1255
v 0.23431 0.00967 -0.28720 0.1451 0.1804 0.2000
v 0.23587 0.01082 -0.28099 0.1503 0.1765 0.1935
v 0.23820 0.01186 -0.27171 0.2471 0.2676 0.2980
v 0.23877 0.01311 -0.26534 0.4745 0.5090 0.5310
v 0.23940 0.01348 -0.25405 0.2961 0.3294 0.3431
v 0.23819 0.01472 -0.24804 0.2222 0.2575 0.2850
v 0.23993 0.01613 -0.23821 0.1078 0.1373 0.1784
v 0.24132 0.01691 -0.22930 0.1255 0.1647 0.2039
v 0.23570 0.01797 -0.23220 0.1451 0.1804 0.2157
v 0.23788 0.01930 -0.21944 0.1647 0.1974 0.2340
v 0.23872 0.02029 -0.21240 0.4588 0.4889 0.5176
v 0.24031 0.02139 -0.20263 0.6078 0.6333 0.6431
v 0.23918 0.02288 -0.19516 0.7098 0.7333 0.7333
v 0.23779 0.02465 -0.18444 0.4889 0.5190 0.5203
v 0.23447 0.02568 -0.17739 0.2275 0.2627 0.2824
v 0.23710 0.02707 -0.16581 0.2588 0.2980 0.3373
v 0.24054 0.02690 -0.16074 0.2196 0.2608 0.3000
v 0.23890 0.02862 -0.15013 0.2157 0.2608 0.3000
v 0.23812 0.02964 -0.14268 0.3059 0.3441 0.3794
v 0.23854 0.03144 -0.13351 0.3745 0.4137 0.4333
v 0.23860 0.03314 -0.12721 0.1817 0.2261 0.2654
v 0.24118 0.03379 0.17139 0.1059 0.1333 0.1725
v 0.23879 0.03283 0.17741 0.1412 0.1739 0.2157
v 0.24238 0.03050 0.19956 0.2314 0.2784 0.3255
v 0.24094 0.03041 0.20943 0.1686 0.2157 0.2627
v 0.24019 0.03105 0.22772 0.1922 0.2471 0.2980
v 0.24049 0.03152 0.24101 0.1882 0.2431 0.2863
v 0.23932 0.03140 0.24985 0.0706 0.0980 0.1294
v 0.23633 0.03082 0.26020 0.1255 0.1529 0.1765
v 0.23690 0.02922 0.27242 0.1294 0.1490 0.1725
v 0.23830 0.02771 0.28267 0.1059 0.1314 0.1431
v 0.23863 0.02746 0.29023 0.3627 0.3882 0.4007
v 0.23591 0.02757 0.30056 0.1686 0.1804 0.2078
v 0.23936 0.02690 0.30831 0.2118 0.2314 0.2451
v 0.23695 0.03586 -0.12363 0.1929 0.2361 0.2855
v 0.23838 0.03747 -0.11845 0.2840 0.3238 0.3513
v 0.24076 0.03966 -0.11011 0.2039 0.2458 0.2693
v 0.23797 0.04250 -0.10194 0.2039 0.2431 0.2784
v 0.23855 0.04236 -0.09035 0.2000 0.2353 0.2706
v 0.24010 0.04247 -0.08146 0.2196 0.2588 0.2941
v 0.23998 0.04221 0.14446 0.1412 0.1647 0.2118
v 0.23964 0.03963 0.15310 0.1059 0.1314 0.1745
v 0.23679 0.03684 0.16281 0.1039 0.1314 0.1706
v 0.23796 0.03539 0.16714 0.1098 0.1373 0.1765
v 0.23559 0.04426 -0.07254 0.2078 0.2451 0.2804
v 0.24132 0.04456 -0.06560 0.2157 0.2510 0.2863
v 0.23668 0.04716 -0.05756 0.5608 0.5961 0.5922
v 0.23816 0.04761 -0.04934 0.3529 0.3948 0.4170
v 0.23987 0.04725 -0.03955 0.4235 0.4575 0.4771
v 0.23925 0.04747 -0.02853 0.4225 0.4627 0.4804
v 0.23731 0.04786 -0.02207 0.1843 0.2353 0.2588
v 0.23750 0.04756 -0.01285 0.2745 0.3190 0.3451
v 0.23721 0.04753 -0.00309 0.1588 0.1980 0.2451
v 0.23762 0.04777 0.00438 0.1660 0.2026 0.2575
v 0.23736 0.04898 0.01277 0.1529 0.1961 0.2431
v 0.23796 0.05065 0.02176 0.1106 0.1420 0.1820
v 0.24188 0.05109 0.02834 0.0863 0.1216 0.1569
v 0.23913 0.05098 0.06554 0.1549 0.2059 0.2510
v 0.23781 0.05008 0.08234 0.1098 0.1451 0.1725
v 0.23494 0.04989 0.09066 0.0627 0.0784 0.1137
v 0.23743 0.04901 0.09875 0.0784 0.1059 0.1451
v 0.23927 0.04833 0.10637 0.0902 0.1176 0.1569
v 0.23758 0.04868 0.11275 0.1137 0.1412 0.1804
v 0.23775 0.04825 0.12210 0.1255 0.1608 0.1961
v 0.23998 0.04524 0.13448 0.1039 0.1275 0.1745
v 0.23561 0.04414 0.14233 0.1059 0.1373 0.1804
v 0.23601 0.05636 0.02309 0.1279 0.1515 0.1985
v 0.24022 0.05595 0.03081 0.1319 0.1576 0.2036
v 0.24136 0.05776 0.03958 0.1373 0.1739 0.2144
v 0.23784 0.05521 0.04670 0.1145 0.1467 0.1859
v 0.23606 0.05255 0.05629 0.1196 0.1510 0.1941
v 0.23571 0.06561 0.02152 0.1176 0.1461 0.1892
v 0.24017 0.06467 0.03110 0.1281 0.1516 0.1987
v 0.23854 0.06509 0.04018 0.1290 0.1656 0.2070
v 0.23498 0.06068 0.04397 0.1490 0.1882 0.2275
v 0.23441 0.07151 0.02111 0.1235 0.1647 0.2098
v 0.23724 0.07195 0.02997 0.1373 0.1735 0.2235
v 0.23724 0.07054 0.03705 0.1382 0.1716 0.2206
v 0.24283 0.00265 -0.31181 0.5725 0.5647 0.5059
v 0.24770 0.00225 -0.30243 0.5765 0.5686 0.5098
v 0.24731 0.00282 -0.29186 0.5510 0.5431 0.4843
v 0.24603 0.00471 -0.28088 0.5490 0.5451 0.4804
v 0.24687 0.00621 -0.27199 0.2478 0.2596 0.2392
v 0.24936 0.00726 -0.26506 0.1098 0.1343 0.1422
v 0.24291 0.00974 -0.27056 0.1176 0.1294 0.1490
v 0.24595 0.01087 -0.26322 0.0843 0.0941 0.1275
v 0.24591 0.01278 -0.25441 0.3471 0.3716 0.3980
v 0.24497 0.01360 -0.24556 0.2784 0.3137 0.3333
v 0.24918 0.01336 -0.24107 0.5078 0.5529 0.5647
v 0.24884 0.01419 -0.23079 0.0392 0.0824 0.1059
v 0.24366 0.01728 -0.22242 0.1412 0.1725 0.2157
v 0.24960 0.01727 -0.21318 0.1294 0.1647 0.2000
v 0.24666 0.01734 -0.21759 0.1529 0.1804 0.2196
v 0.24286 0.01919 -0.21333 0.1569 0.1922 0.2196
v 0.24698 0.01963 -0.20475 0.1830 0.2052 0.2497
v 0.24661 0.02180 -0.19528 0.6392 0.6588 0.6706
v 0.24713 0.02294 -0.18444 0.6105 0.6379 0.6340
v 0.24410 0.02468 -0.17553 0.5176 0.5490 0.5608
v 0.24661 0.02550 -0.16131 0.1725 0.2078 0.2431
v 0.24978 0.02582 -0.15003 0.2196 0.2588 0.2941
v 0.25087 0.02546 0.28424 0.1098 0.1216 0.1412
v 0.24696 0.02543 0.30333 0.1569 0.1765 0.2000
v 0.24559 0.02673 -0.15215 0.2059 0.2451 0.2843
v 0.24998 0.02706 -0.14238 0.1412 0.1725 0.2137
v 0.24513 0.02984 -0.13410 0.1824 0.2196 0.2461
v 0.24682 0.03087 -0.12557 0.2484 0.2902 0.3039
v 0.24667 0.03326 -0.11863 0.1098 0.1399 0.1817
v 0.24899 0.03405 0.16888 0.1059 0.1333 0.1725
v 0.24719 0.03227 0.17764 0.1431 0.1843 0.2255
v 0.24293 0.03120 0.18793 0.2275 0.2824 0.3333
v 0.24718 0.03141 0.24764 0.0824 0.1176 0.1529
v 0.24622 0.03061 0.25674 0.1294 0.1529 0.1804
v 0.24559 0.02989 0.26591 0.1333 0.1529 0.1765
v 0.24687 0.02866 0.27268 0.1294 0.1490 0.1725
v 0.24614 0.02706 0.28127 0.2906 0.3152 0.3305
v 0.24413 0.02731 0.28794 0.4118 0.4353 0.4484
v 0.24426 0.02643 0.29579 0.1490 0.1686 0.1922
v 0.24443 0.03620 -0.11545 0.1830 0.2209 0.2575
v 0.24648 0.03776 -0.10867 0.2498 0.2867 0.3157
v 0.24879 0.03912 -0.09971 0.2807 0.3176 0.3434
v 0.24948 0.04019 -0.09072 0.1569 0.1974 0.2366
v 0.24632 0.04154 -0.08165 0.1765 0.2275 0.2627
v 0.24489 0.04239 -0.07385 0.2196 0.2706 0.3059
v 0.24867 0.04221 -0.06679 0.1922 0.2314 0.2784
v 0.24641 0.04230 0.14112 0.0980 0.1216 0.1686
v 0.24527 0.04009 0.14904 0.1294 0.1529 0.2000
v 0.24646 0.03687 0.15921 0.1118 0.1471 0.1824
v 0.24616 0.04466 -0.05755 0.3412 0.3706 0.4020
v 0.24701 0.04569 -0.04655 0.2824 0.3127 0.3441
v 0.24820 0.04558 -0.04018 0.3196 0.3569 0.3882
v 0.24571 0.04638 -0.03035 0.4627 0.4902 0.5216
v 0.24481 0.04656 -0.02095 0.3529 0.3843 0.4078
v 0.24662 0.04584 -0.00463 0.1974 0.2209 0.2614
v 0.24458 0.04668 0.00400 0.1399 0.1765 0.2157
v 0.24832 0.04710 0.01136 0.1549 0.1941 0.2431
v 0.24530 0.04863 0.01998 0.1549 0.2020 0.2529
v 0.24682 0.05035 0.03011 0.1265 0.1676 0.2059
v 0.24910 0.05198 0.03679 0.1216 0.1608 0.2000
v 0.24708 0.05155 0.05097 0.0745 0.1078 0.1451
v 0.24736 0.05059 0.05715 0.1529 0.1961 0.2471
v 0.24794 0.04988 0.06533 0.1765 0.2431 0.2824
v 0.24584 0.04956 0.07454 0.1647 0.2196 0.2549
v 0.24399 0.04764 0.09370 0.0824 0.1098 0.1490
v 0.24736 0.04692 0.10241 0.0922 0.1196 0.1588
v 0.24804 0.04672 0.10927 0.0863 0.1137 0.1529
v 0.24611 0.04718 0.11844 0.1098 0.1373 0.1765
v 0.25004 0.04558 0.12631 0.1176 0.1412 0.1882
v 0.24661 0.04425 0.13476 0.0941 0.1294 0.1647
v 0.24492 0.05559 0.03761 0.1238 0.1641 0.2034
v 0.24558 0.05345 0.04543 0.1373 0.1739 0.2144
v 0.24314 0.06193 0.03724 0.1275 0.1667 0.2059
v 0.25557 0.00148 -0.30919 0.5765 0.5706 0.5059
v 0.25940 0.00123 -0.30094 0.5843 0.5765 0.5176
v 0.25585 0.00211 -0.28971 0.5431 0.5353 0.4765
v 0.25719 0.00271 -0.28312 0.5314 0.5235 0.4647
v 0.25537 0.00386 -0.27388 0.5471 0.5373 0.4784
v 0.25450 0.00532 -0.26386 0.3992 0.3969 0.3522
v 0.25639 0.00668 -0.25691 0.2739 0.2882 0.2771
v 0.25397 0.01008 -0.25400 0.0667 0.0863 0.1020
v 0.25649 0.01076 -0.24751 0.1281 0.1477 0.1752
v 0.25558 0.01226 -0.23829 0.2784 0.2980 0.3203
v 0.25518 0.01332 -0.22872 0.4255 0.4667 0.4745
v 0.25583 0.01387 -0.22195 0.2843 0.3196 0.3471
v 0.25751 0.01469 -0.21163 0.0745 0.1098 0.1451
v 0.25805 0.01672 -0.20371 0.1216 0.1569 0.1922
v 0.25151 0.01807 -0.20728 0.1412 0.1765 0.2118
v 0.25344 0.01944 -0.19693 0.1673 0.1974 0.2392
v 0.25626 0.02021 -0.18823 0.2392 0.2549 0.2902
v 0.25539 0.02148 -0.18074 0.6510 0.6745 0.6745
v 0.25371 0.02314 -0.16849 0.5863 0.6216 0.6176
v 0.25274 0.02427 -0.15948 0.4373 0.4725 0.4804
v 0.25621 0.02390 -0.15419 0.5490 0.5843 0.5804
v 0.25654 0.02472 -0.14507 0.0706 0.1137 0.1294
v 0.25738 0.02551 0.27548 0.2173 0.2478 0.2729
v 0.25605 0.02462 0.28056 0.1929 0.2118 0.2353
v 0.25210 0.02430 0.29064 0.1608 0.1804 0.2000
v 0.25538 0.02333 0.30183 0.1647 0.1843 0.2000
v 0.25508 0.02405 0.31182 0.2020 0.2196 0.2275
v 0.25533 0.02689 -0.13510 0.1314 0.1627 0.2059
v 0.25329 0.02950 -0.12525 0.0980 0.1373 0.1843
v 0.25456 0.03070 -0.11684 0.1569 0.1953 0.2227
v 0.25631 0.03228 -0.10751 0.1176 0.1529 0.1843
v 0.25839 0.03269 -0.09977 0.0873 0.1196 0.1559
v 0.25972 0.03270 -0.09397 0.1059 0.1412 0.1765
v 0.25698 0.03384 0.16748 0.1216 0.1490 0.1882
v 0.25733 0.03197 0.17728 0.0980 0.1294 0.1725
v 0.25386 0.03116 0.18603 0.2196 0.2667 0.3216
v 0.25450 0.03074 0.19452 0.2157 0.2667 0.3020
v 0.25316 0.03066 0.21013 0.1922 0.2392 0.2863
v 0.25302 0.03073 0.21884 0.1922 0.2471 0.2902
v 0.25808 0.03104 0.23345 0.2118 0.2627 0.3255
v 0.25517 0.03121 0.23894 0.2059 0.2510 0.2941
v 0.25358 0.03088 0.24646 0.1020 0.1333 0.1667
v 0.25709 0.02935 0.25893 0.1353 0.1529 0.1824
v 0.25457 0.02897 0.26485 0.1235 0.1529 0.1863
v 0.25614 0.02693 0.27326 0.1595 0.1869 0.2144
v 0.25241 0.02653 0.27857 0.3516 0.3699 0.3908
v 0.25236 0.03557 -0.10620 0.1216 0.1608 0.2000
v 0.25392 0.03690 -0.09980 0.1618 0.1912 0.2324
v 0.25578 0.03717 -0.09111 0.1882 0.2248 0.2553
v 0.25600 0.03776 -0.08299 0.2651 0.3027 0.3329
v 0.25548 0.03902 -0.07514 0.3686 0.4059 0.4490
v 0.25615 0.03994 -0.06548 0.1569 0.1863 0.2176
v 0.25649 0.04166 -0.05525 0.1725 0.2039 0.2471
v 0.25517 0.04261 -0.04976 0.1686 0.2039 0.2392
v 0.25972 0.04189 -0.04063 0.1765 0.2118 0.2471
v 0.25609 0.04233 0.13429 0.0941 0.1294 0.1647
v 0.25613 0.03986 0.14388 0.1046 0.1359 0.1725
v 0.25481 0.03834 0.15074 0.0980 0.1333 0.1686
v 0.25288 0.03591 0.15996 0.1020 0.1294 0.1686
v 0.25205 0.04409 -0.04539 0.1725 0.2078 0.2431
v 0.25166 0.04458 -0.03161 0.1569 0.1843 0.2235
v 0.25610 0.04389 -0.02235 0.1667 0.1980 0.2353
v 0.25162 0.04490 -0.01222 0.1373 0.1725 0.2078
v 0.25474 0.04448 -0.00256 0.1294 0.1608 0.1980
v 0.25565 0.04479 0.00352 0.1294 0.1569 0.1961
v 0.25522 0.04602 0.01398 0.1471 0.1843 0.2216
v 0.25660 0.04682 0.02106 0.1229 0.1647 0.2052
v 0.25641 0.04861 0.03109 0.1725 0.2227 0.2729
v 0.25586 0.05051 0.03819 0.1373 0.1725 0.2137
v 0.25688 0.05049 0.04659 0.1196 0.1627 0.2039
v 0.25862 0.04965 0.05293 0.1255 0.1804 0.2235
v 0.25672 0.04887 0.06445 0.1987 0.2588 0.3098
v 0.25636 0.04840 0.07038 0.1353 0.1824 0.2235
v 0.25321 0.04673 0.08464 0.0588 0.0863 0.1098
v 0.25462 0.04534 0.09471 0.0784 0.0941 0.1294
v 0.25713 0.04441 0.10181 0.0980 0.1137 0.1569
v 0.25540 0.04500 0.10869 0.1007 0.1281 0.1673
v 0.25563 0.04514 0.11704 0.1020 0.1294 0.1686
v 0.25715 0.04345 0.12966 0.2353 0.2588 0.3059
v 0.26630 0.00158 -0.28139 0.5510 0.5431 0.4843
v 0.26213 0.00304 -0.27395 0.5451 0.5373 0.4784
v 0.26637 0.00303 -0.26673 0.5451 0.5373 0.4784
v 0.26502 0.00418 -0.25316 0.5765 0.5686 0.5098
v 0.26419 0.00599 -0.24788 0.3630 0.3686 0.3176
v 0.26662 0.00723 -0.23765 0.2588 0.2804 0.2647
v 0.26761 0.00773 -0.22947 0.1098 0.1373 0.1608
v 0.26217 0.00890 -0.24312 0.0745 0.1020 0.1333
v 0.26249 0.01058 -0.22934 0.0637 0.0755 0.0990
v 0.26268 0.01291 -0.21829 0.2863 0.3176 0.3392
v 0.26559 0.01303 -0.21156 0.5137 0.5569 0.5725
v 0.26577 0.01383 -0.20476 0.2458 0.2876 0.3020
v 0.26248 0.01684 -0.19551 0.1176 0.1529 0.1882
v 0.26507 0.01741 -0.18696 0.1255 0.1608 0.1961
v 0.26315 0.01973 -0.17636 0.1549 0.1804 0.2314
v 0.26203 0.02110 -0.16627 0.6157 0.6471 0.6549
v 0.26272 0.02158 -0.16076 0.6157 0.6471 0.6549
v 0.26231 0.02273 -0.15237 0.5471 0.5824 0.5784
v 0.26199 0.02425 -0.14308 0.2745 0.3059 0.3137
v 0.26578 0.02408 -0.13536 0.2980 0.3343 0.3363
v 0.26677 0.02491 0.26543 0.1451 0.1697 0.1994
v 0.26450 0.02352 0.27300 0.1284 0.1500 0.1709
v 0.26405 0.02176 0.29081 0.1333 0.1529 0.1686
v 0.26234 0.02102 0.29919 0.1020 0.1216 0.1373
v 0.26442 0.01999 0.30849 0.3373 0.3490 0.3373
v 0.26282 0.02687 -0.12313 0.0902 0.1255 0.1608
v 0.26667 0.02691 -0.11273 0.0706 0.1098 0.1490
v 0.26219 0.02950 -0.10864 0.0941 0.1333 0.1725
v 0.26459 0.02966 -0.10014 0.2894 0.3302 0.3498
v 0.26414 0.03180 -0.09019 0.2494 0.2871 0.3169
v 0.26529 0.03267 -0.08373 0.1085 0.1477 0.1882
v 0.26497 0.03462 -0.07504 0.1255 0.1765 0.2118
v 0.26551 0.03283 0.17102 0.1216 0.1569 0.1922
v 0.26631 0.03124 0.19039 0.2235 0.2745 0.3098
v 0.26351 0.03098 0.19739 0.2392 0.2784 0.3176
v 0.26104 0.03070 0.20369 0.2039 0.2549 0.2902
v 0.26273 0.03073 0.22903 0.2235 0.2784 0.3294
v 0.26275 0.03076 0.23622 0.2216 0.2647 0.3078
v 0.26387 0.02953 0.24748 0.0941 0.1176 0.1431
v 0.26453 0.02797 0.25652 0.1242 0.1412 0.1725
v 0.26273 0.02677 0.26526 0.1216 0.1373 0.1725
v 0.26149 0.02604 0.27003 0.1373 0.1569 0.1804
v 0.26057 0.03624 -0.07918 0.1804 0.2078 0.2784
v 0.26088 0.03733 -0.07161 0.3765 0.4118 0.4471
v 0.26421 0.03731 -0.06501 0.3931 0.4343 0.4539
v 0.26469 0.03850 -0.05606 0.2230 0.2583 0.2868
v 0.26451 0.03945 -0.04855 0.2294 0.2696 0.2951
v 0.26645 0.03969 -0.03988 0.1712 0.2118 0.2327
v 0.26030 0.04226 -0.03285 0.1725 0.2000 0.2392
v 0.26475 0.04188 -0.02242 0.1412 0.1627 0.2059
v 0.26400 0.04243 -0.01357 0.1196 0.1549 0.1902
v 0.26406 0.04276 -0.00675 0.1373 0.1725 0.2000
v 0.26593 0.04256 0.00296 0.1216 0.1490 0.1882
v 0.26831 0.04286 0.01597 0.1255 0.1608 0.1961
v 0.26639 0.04309 0.09131 0.1745 0.2137 0.2490
v 0.26245 0.04317 0.09763 0.1569 0.2078 0.2392
v 0.26495 0.04270 0.10679 0.1706 0.2059 0.2451
v 0.26336 0.04325 0.11435 0.2039 0.2353 0.2784
v 0.26667 0.04206 0.12459 0.0980 0.1216 0.1686
v 0.26384 0.04070 0.13361 0.0961 0.1235 0.1627
v 0.26424 0.03865 0.14255 0.1098 0.1451 0.1765
v 0.26361 0.03741 0.15002 0.1235 0.1510 0.1902
v 0.26051 0.03495 0.16101 0.0980 0.1255 0.1647
v 0.26331 0.04394 0.01375 0.1471 0.1745 0.2137
v 0.26489 0.04483 0.02234 0.1000 0.1314 0.1686
v 0.26442 0.04603 0.02813 0.1431 0.1843 0.2255
v 0.26490 0.04769 0.03979 0.1794 0.2314 0.2843
v 0.26442 0.04800 0.04681 0.1961 0.2431 0.2980
v 0.26243 0.04827 0.06022 0.2039 0.2588 0.3098
v 0.26534 0.04707 0.06396 0.1137 0.1510 0.1922
v 0.26279 0.04661 0.07306 0.1157 0.1490 0.1863
v 0.26431 0.04479 0.08281 0.0837 0.1033 0.1359
v 0.26108 0.04427 0.09032 0.0549 0.0706 0.1059
v 0.26499 0.04333 0.11976 0.1765 0.2078 0.2588
v 0.25994 0.04367 0.12475 0.1922 0.2235 0.2667
v 0.26963 0.00077 -0.30062 0.5647 0.5529 0.4863
v 0.26951 0.00091 -0.29059 0.5451 0.5353 0.4765
v 0.27504 0.00093 -0.28219 0.5529 0.5294 0.4745
v 0.27281 0.00212 -0.27149 0.5647 0.5412 0.4863
v 0.27684 0.00252 -0.26445 0.5725 0.5490 0.4941
v 0.26939 0.00384 -0.25744 0.5490 0.5412 0.4824
v 0.26998 0.00513 -0.24632 0.5804 0.5725 0.5039
v 0.27385 0.00479 -0.24009 0.5725 0.5647 0.5059
v 0.27142 0.00564 -0.23022 0.5020 0.4967 0.4484
v 0.27152 0.00687 -0.22190 0.1137 0.1333 0.1451
v 0.27357 0.00863 -0.21509 0.1216 0.1412 0.1647
v 0.26882 0.00952 -0.21920 0.0745 0.0863 0.1059
v 0.27228 0.01078 -0.21200 0.0725 0.0843 0.1059
v 0.27361 0.01261 -0.20313 0.3304 0.3588 0.3873
v 0.27259 0.01376 -0.19564 0.3490 0.3843 0.4065
v 0.27423 0.01455 -0.18664 0.0392 0.0784 0.1137
v 0.27358 0.01590 -0.17995 0.0863 0.1242 0.1529
v 0.26939 0.01881 -0.16843 0.1176 0.1529 0.1804
v 0.26963 0.02001 -0.16006 0.1412 0.1647 0.2118
v 0.27342 0.02019 -0.15158 0.3333 0.3588 0.3804
v 0.27072 0.02210 -0.14251 0.5216 0.5569 0.5529
v 0.27148 0.02270 -0.13439 0.4980 0.5412 0.5176
v 0.27444 0.02286 -0.12664 0.4248 0.4627 0.4497
v 0.27317 0.02414 -0.11968 0.1882 0.2275 0.2490
v 0.27414 0.02436 -0.11188 0.1647 0.1902 0.2196
v 0.27365 0.02444 0.25708 0.1709 0.1899 0.2241
v 0.27188 0.02310 0.26522 0.1416 0.1612 0.1917
v 0.27303 0.02132 0.27183 0.1046 0.1176 0.1405
v 0.27243 0.02037 0.28205 0.1176 0.1294 0.1529
v 0.27587 0.01811 0.29026 0.4353 0.4353 0.3961
v 0.27087 0.01833 0.29718 0.3333 0.3412 0.3157
v 0.26979 0.01984 0.31183 0.3373 0.3451 0.3255
v 0.26884 0.02704 -0.10614 0.0902 0.1255 0.1608
v 0.27499 0.02644 -0.09960 0.0784 0.1157 0.1510
v 0.27401 0.02912 -0.09078 0.1255 0.1608 0.1948
v 0.27409 0.03034 -0.08216 0.4698 0.5051 0.5224
v 0.27245 0.03211 -0.07302 0.1647 0.2000 0.2248
v 0.27234 0.03338 -0.06503 0.2092 0.2497 0.2745
v 0.27678 0.03179 -0.05831 0.1176 0.1490 0.1608
v 0.27534 0.03412 -0.05113 0.1804 0.2157 0.2431
v 0.27622 0.03446 0.14951 0.0863 0.1137 0.1529
v 0.27026 0.03452 0.15726 0.0980 0.1255 0.1647
v 0.27335 0.03263 0.16603 0.1039 0.1314 0.1706
v 0.27265 0.03177 0.17771 0.0863 0.1196 0.1588
v 0.27124 0.03110 0.20274 0.2098 0.2588 0.3020
v 0.26862 0.03071 0.21365 0.2039 0.2549 0.3176
v 0.26898 0.03045 0.22285 0.1725 0.2196 0.2745
v 0.27557 0.02929 0.23117 0.1176 0.1451 0.1745
v 0.27154 0.02924 0.23730 0.0941 0.1255 0.1471
v 0.27220 0.02783 0.24654 0.0961 0.1144 0.1373
v 0.27006 0.02635 0.25481 0.1020 0.1176 0.1529
v 0.27084 0.03554 -0.05644 0.1892 0.2235 0.2608
v 0.27115 0.03699 -0.04742 0.2706 0.3059 0.3349
v 0.27303 0.03770 -0.03801 0.2549 0.2908 0.3157
v 0.27468 0.03788 -0.03087 0.1529 0.1796 0.2188
v 0.27362 0.03973 -0.02149 0.2013 0.2307 0.2595
v 0.27544 0.03988 -0.01308 0.2052 0.2418 0.2484
v 0.27314 0.04096 -0.00461 0.1033 0.1216 0.1516
v 0.27534 0.04015 0.00558 0.1503 0.1830 0.2196
v 0.27427 0.04098 0.01321 0.1122 0.1396 0.1788
v 0.27430 0.04193 0.02208 0.0980 0.1196 0.1588
v 0.27448 0.04304 0.03005 0.1137 0.1412 0.1804
v 0.27691 0.04316 0.06948 0.0902 0.1176 0.1569
v 0.27427 0.04276 0.08251 0.1529 0.1843 0.2209
v 0.27413 0.04152 0.09065 0.0882 0.1039 0.1431
v 0.27236 0.04117 0.10137 0.0824 0.1046 0.1425
v 0.27526 0.04032 0.11057 0.0902 0.1176 0.1490
v 0.27473 0.04013 0.11737 0.0980 0.1307 0.1621
v 0.27229 0.04014 0.12451 0.1059 0.1373 0.1745
v 0.27360 0.03796 0.13432 0.0941 0.1190 0.1634
v 0.27258 0.03704 0.14144 0.1595 0.1895 0.2275
v 0.27013 0.04489 0.03338 0.1098 0.1490 0.1843
v 0.27289 0.04458 0.04034 0.1118 0.1451 0.1824
v 0.27139 0.04551 0.04801 0.1007 0.1359 0.1752
v 0.27581 0.04418 0.05959 0.1137 0.1412 0.1804
v 0.27156 0.04502 0.06722 0.1020 0.1294 0.1686
v 0.27188 0.04427 0.07498 0.1294 0.1569 0.1961
v 0.28149 0.00024 -0.31181 0.5843 0.5725 0.5137
v 0.27948 0.00030 -0.29918 0.5922 0.5686 0.5098
v 0.28099 0.00049 -0.28882 0.5843 0.5608 0.4980
v 0.28274 0.00084 -0.28024 0.6020 0.5784 0.5196
v 0.28351 0.00161 -0.27172 0.5686 0.5451 0.4902
v 0.28404 0.00252 -0.26408 0.5765 0.5667 0.5078
v 0.28140 0.00388 -0.25645 0.4980 0.4902 0.4255
v 0.27824 0.00434 -0.24908 0.5804 0.5569 0.5098
v 0.28293 0.00350 -0.23668 0.5804 0.5725 0.5137
v 0.27852 0.00404 -0.23014 0.5647 0.5529 0.4941
v 0.28108 0.00398 -0.22367 0.5765 0.5627 0.5098
v 0.28057 0.00588 -0.21254 0.3922 0.3948 0.3739
v 0.28416 0.00614 -0.20429 0.3255 0.3314 0.3020
v 0.27955 0.01023 -0.20280 0.0863 0.1010 0.1235
v 0.28161 0.01137 -0.19569 0.1647 0.1859 0.2086
v 0.28504 0.01299 -0.18849 0.0980 0.1255 0.1569
v 0.28075 0.01390 -0.17854 0.2301 0.2654 0.2784
v 0.28122 0.01514 -0.16804 0.0614 0.0902 0.1137
v 0.28231 0.01667 -0.15855 0.0588 0.0941 0.1216
v 0.28421 0.01720 -0.15225 0.0431 0.0824 0.1176
v 0.28436 0.01699 0.28123 0.4431 0.4549 0.4118
v 0.27756 0.01784 -0.16037 0.0706 0.0980 0.1373
v 0.27994 0.01969 -0.14358 0.1725 0.2039 0.2373
v 0.28132 0.02059 -0.13446 0.2954 0.3203 0.3412
v 0.27951 0.02198 -0.12417 0.5098 0.5333 0.5255
v 0.28231 0.02169 -0.11601 0.5464 0.5791 0.5843
v 0.28269 0.02264 -0.10621 0.3739 0.4000 0.4131
v 0.28312 0.02421 -0.09753 0.0275 0.0431 0.0863
v 0.28000 0.02590 -0.09421 0.0863 0.1216 0.1569
v 0.28132 0.02461 0.24828 0.1412 0.1634 0.1935
v 0.28152 0.02277 0.25510 0.1242 0.1464 0.1699
v 0.28122 0.02057 0.26307 0.1304 0.1500 0.1735
v 0.28197 0.01953 0.27091 0.1059 0.1275 0.1647
v 0.28235 0.01765 0.29352 0.3627 0.3706 0.3373
v 0.27728 0.01844 0.30218 0.3216 0.3333 0.3059
v 0.28027 0.01984 0.31183 0.3412 0.3490 0.3451
v 0.28085 0.02726 -0.08900 0.1039 0.1392 0.1745
v 0.27928 0.02878 -0.08498 0.0686 0.0961 0.1314
v 0.28130 0.02984 -0.07714 0.3471 0.3686 0.4020
v 0.28169 0.03111 -0.06621 0.3314 0.3667 0.3725
v 0.28234 0.03113 -0.05647 0.2889 0.3085 0.3268
v 0.28182 0.03149 -0.04694 0.2863 0.3153 0.3333
v 0.27925 0.03331 -0.03824 0.1503 0.1791 0.2144
v 0.28273 0.03247 -0.03060 0.1676 0.1961 0.2147
v 0.28336 0.03403 -0.02165 0.1399 0.1634 0.1935
v 0.28215 0.03392 0.14435 0.1137 0.1412 0.1804
v 0.28280 0.03261 0.15120 0.0980 0.1255 0.1647
v 0.28108 0.03193 0.15983 0.0902 0.1176 0.1569
v 0.28350 0.03077 0.17015 0.0706 0.1098 0.1471
v 0.28008 0.03119 0.18832 0.2235 0.2784 0.3216
v 0.27747 0.03093 0.19903 0.1882 0.2510 0.3098
v 0.28520 0.03007 0.20848 0.2314 0.2863 0.3373
v 0.28124 0.02976 0.22189 0.1275 0.1647 0.2020
v 0.28069 0.02886 0.23234 0.1137 0.1412 0.1725
v 0.28419 0.02690 0.23874 0.1176 0.1451 0.1765
v 0.27999 0.02622 0.24397 0.1137 0.1255 0.1529
v 0.27835 0.03591 -0.02858 0.1333 0.1608 0.2000
v 0.27897 0.03710 -0.02106 0.1627 0.1784 0.2235
v 0.28002 0.03808 -0.01278 0.1784 0.2065 0.2399
v 0.28072 0.03827 -0.00553 0.2222 0.2510 0.2778
v 0.27996 0.03891 0.00407 0.1725 0.2059 0.2431
v 0.28231 0.03807 0.00969 0.1275 0.1529 0.1961
v 0.28105 0.03983 0.02130 0.1399 0.1752 0.2157
v 0.27944 0.04072 0.02639 0.0784 0.1059 0.1451
v 0.28311 0.04040 0.03726 0.1386 0.1660 0.2065
v 0.28332 0.04091 0.04829 0.0915 0.1190 0.1582
v 0.28355 0.04127 0.05774 0.0922 0.1137 0.1549
v 0.28328 0.04136 0.06651 0.1157 0.1451 0.1863
v 0.28244 0.04151 0.07285 0.1791 0.2078 0.2549
v 0.28213 0.04086 0.08176 0.1007 0.1242 0.1595
v 0.28249 0.03961 0.09059 0.0922 0.1118 0.1451
v 0.28074 0.03927 0.09824 0.0784 0.1020 0.1294
v 0.28319 0.03780 0.10969 0.0706 0.0980 0.1216
v 0.28075 0.03844 0.11784 0.0961 0.1275 0.1569
v 0.27864 0.03831 0.12381 0.1020 0.1373 0.1686
v 0.28152 0.03499 0.13791 0.1294 0.1529 0.2000
v 0.28992 0.00034 -0.29549 0.5686 0.5451 0.4824
v 0.29385 0.00054 -0.28840 0.5922 0.5686 0.5137
v 0.29394 0.00112 -0.27965 0.5725 0.5490 0.4941
v 0.29033 0.00182 -0.27176 0.5647 0.5412 0.4863
v 0.29082 0.00277 -0.26418 0.4993 0.4941 0.4275
v 0.29145 0.00330 -0.25910 0.5843 0.5765 0.5176
v 0.29057 0.00333 -0.24897 0.5882 0.5765 0.5176
v 0.29095 0.00294 -0.23232 0.5922 0.5608 0.5098
v 0.29259 0.00368 -0.21569 0.5608 0.5490 0.4902
v 0.29002 0.00454 -0.20412 0.5490 0.5373 0.4784
v 0.28979 0.00587 -0.19530 0.3948 0.3922 0.3542
v 0.29171 0.00689 -0.18940 0.1176 0.1353 0.1216
v 0.28999 0.01039 -0.18551 0.0908 0.1059 0.1340
v 0.29172 0.01236 -0.17678 0.2261 0.2510 0.2784
v 0.28957 0.01321 -0.17083 0.5333 0.5608 0.5712
v 0.28878 0.01389 -0.16144 0.3412 0.3752 0.3804
v 0.29224 0.01401 -0.15352 0.1935 0.2235 0.2366
v 0.28916 0.01679 -0.14572 0.0314 0.0667 0.1020
v 0.29069 0.01808 -0.13579 0.3882 0.4196 0.4275
v 0.29031 0.01944 -0.12341 0.3137 0.3471 0.3627
v 0.28905 0.02001 -0.11951 0.4471 0.4627 0.4980
v 0.28887 0.02054 -0.11102 0.6471 0.6667 0.6824
v 0.29275 0.02082 -0.10266 0.5961 0.6353 0.6431
v 0.29084 0.02290 -0.09242 0.4843 0.5059 0.5118
v 0.29171 0.02523 -0.07901 0.0941 0.1294 0.1569
v 0.29381 0.02556 0.23187 0.1294 0.1569 0.1882
v 0.29074 0.02391 0.23959 0.1270 0.1578 0.1882
v 0.29107 0.02169 0.24698 0.1196 0.1444 0.1732
v 0.29011 0.01993 0.25556 0.1137 0.1340 0.1608
v 0.28702 0.01940 0.26313 0.1176 0.1373 0.1608
v 0.29390 0.01733 0.29035 0.3765 0.3804 0.3490
v 0.28682 0.01941 0.31183 0.3451 0.3529 0.3412
v 0.28787 0.02611 -0.08210 0.0706 0.0980 0.1373
v 0.28708 0.02831 -0.07261 0.1294 0.1529 0.1882
v 0.28932 0.02899 -0.06249 0.1804 0.2108 0.2324
v 0.29061 0.02938 -0.05372 0.1725 0.2026 0.2327
v 0.28995 0.02985 -0.04476 0.1922 0.2157 0.2392
v 0.29363 0.02879 -0.03646 0.1725 0.1922 0.2157
v 0.28836 0.03118 -0.03099 0.3124 0.3490 0.3608
v 0.29001 0.03137 -0.02275 0.2863 0.3145 0.3310
v 0.28812 0.03332 -0.01250 0.1569 0.1843 0.2118
v 0.29145 0.03237 -0.00382 0.2078 0.2353 0.2562
v 0.29303 0.03241 0.00635 0.2863 0.3059 0.3118
v 0.29275 0.03347 0.01257 0.0863 0.1098 0.1373
v 0.29337 0.03414 0.02071 0.0902 0.1118 0.1451
v 0.29256 0.03395 0.12629 0.1098 0.1529 0.1765
v 0.28765 0.03441 0.13200 0.0863 0.1255 0.1647
v 0.28848 0.03252 0.14230 0.1059 0.1333 0.1725
v 0.28864 0.03114 0.15167 0.1020 0.1294 0.1686
v 0.29029 0.03001 0.15900 0.0765 0.1020 0.1451
v 0.29065 0.02941 0.16523 0.2000 0.2471 0.2941
v 0.29236 0.02941 0.17719 0.2118 0.2627 0.3196
v 0.28815 0.03045 0.18211 0.2157 0.2706 0.3216
v 0.28873 0.03011 0.19504 0.2098 0.2765 0.3333
v 0.29279 0.02868 0.21220 0.1176 0.1451 0.1843
v 0.28963 0.02905 0.21995 0.1176 0.1516 0.1843
v 0.29078 0.02741 0.22995 0.1242 0.1516 0.1830
v 0.28809 0.02655 0.23489 0.1216 0.1490 0.1804
v 0.28603 0.03478 -0.01067 0.1333 0.1608 0.2000
v 0.28756 0.03472 -0.00027 0.0980 0.1255 0.1569
v 0.28937 0.03489 0.00692 0.1451 0.1608 0.1961
v 0.28814 0.03578 0.01630 0.1098 0.1373 0.1725
v 0.28999 0.03591 0.02291 0.1118 0.1392 0.1784
v 0.28983 0.03688 0.03048 0.1192 0.1475 0.1875
v 0.29050 0.03743 0.03977 0.1176 0.1464 0.1869
v 0.29012 0.03819 0.04786 0.1346 0.1595 0.1961
v 0.28871 0.03929 0.05602 0.1427 0.1694 0.2125
v 0.28930 0.03944 0.06543 0.1412 0.1752 0.2092
v 0.29004 0.03922 0.07175 0.0667 0.0863 0.1157
v 0.28962 0.03804 0.08390 0.0824 0.0980 0.1235
v 0.29094 0.03624 0.09542 0.0863 0.1020 0.1373
v 0.29094 0.03568 0.10789 0.1176 0.1529 0.1804
v 0.28661 0.03607 0.12015 0.0902 0.1176 0.1569
v 0.29919 0.00000 -0.31181 0.5216 0.5098 0.4510
v 0.29913 0.00020 -0.30163 0.5490 0.5255 0.4706
v 0.29915 0.00041 -0.29441 0.6039 0.5804 0.5255
v 0.29799 0.00175 -0.27228 0.5765 0.5647 0.5059
v 0.29993 0.00290 -0.26448 0.5843 0.5725 0.5137
v 0.30139 0.00321 -0.25132 0.5882 0.5647 0.5098
v 0.29597 0.00309 -0.24117 0.5882 0.5647 0.5098
v 0.29962 0.00321 -0.23097 0.5725 0.5569 0.5098
v 0.30079 0.00339 -0.20804 0.5608 0.5451 0.4980
v 0.29532 0.00418 -0.19951 0.5725 0.5569 0.5098
v 0.30084 0.00442 -0.19331 0.5706 0.5549 0.5020
v 0.29758 0.00622 -0.18498 0.3875 0.3859 0.3569
v 0.30042 0.00685 -0.17825 0.2520 0.2696 0.2461
v 0.29746 0.01006 -0.17446 0.1275 0.1549 0.1824
v 0.29879 0.01215 -0.16719 0.3477 0.3752 0.3948
v 0.29891 0.01275 -0.16142 0.4627 0.4810 0.5072
v 0.29909 0.01376 -0.15136 0.4529 0.4961 0.4902
v 0.29772 0.01523 -0.14316 0.1765 0.2118 0.2353
v 0.29761 0.01666 -0.13559 0.2000 0.2353 0.2549
v 0.29541 0.01729 0.26434 0.0784 0.0941 0.1294
v 0.29749 0.01653 0.27269 0.1608 0.1882 0.2196
v 0.29807 0.01707 0.29572 0.4039 0.4000 0.3804
v 0.29789 0.01775 -0.12618 0.1706 0.1980 0.2216
v 0.29840 0.01866 -0.11022 0.1176 0.1451 0.1686
v 0.29779 0.01978 -0.09807 0.4667 0.4941 0.5176
v 0.30050 0.02121 -0.08339 0.6000 0.6255 0.6294
v 0.29818 0.02324 -0.07429 0.5569 0.5843 0.5882
v 0.29629 0.02551 -0.06520 0.0902 0.1216 0.1549
v 0.30234 0.02375 -0.05872 0.5765 0.6000 0.6000
v 0.30036 0.02567 -0.04851 0.2549 0.2745 0.2980
v 0.30172 0.02538 0.22384 0.1176 0.1451 0.1765
v 0.29890 0.02429 0.22994 0.1167 0.1454 0.1761
v 0.29707 0.02219 0.23817 0.1183 0.1477 0.1791
v 0.29966 0.01950 0.24526 0.1231 0.1404 0.1765
v 0.30261 0.01737 0.25195 0.1098 0.1255 0.1686
v 0.30080 0.01833 0.31183 0.3843 0.3922 0.3725
v 0.29889 0.02702 -0.03982 0.1706 0.1902 0.2137
v 0.30093 0.02688 -0.03043 0.1588 0.1863 0.2255
v 0.29815 0.02854 -0.02106 0.1725 0.1922 0.2157
v 0.29649 0.02964 -0.01213 0.1373 0.1647 0.2039
v 0.29680 0.03061 -0.00162 0.1569 0.1843 0.2157
v 0.29758 0.03079 0.00320 0.2523 0.2837 0.3072
v 0.29850 0.03157 0.01367 0.2340 0.2523 0.2784
v 0.29846 0.03244 0.02104 0.1902 0.2176 0.2392
v 0.29856 0.03304 0.02971 0.1225 0.1471 0.1853
v 0.29850 0.03414 0.04047 0.0902 0.1085 0.1451
v 0.29949 0.03414 0.04859 0.0745 0.0863 0.1137
v 0.30196 0.03374 0.05692 0.0902 0.1118 0.1451
v 0.30189 0.03381 0.06393 0.1059 0.1216 0.1647
v 0.30251 0.03409 0.07056 0.0745 0.0863 0.1137
v 0.30054 0.03412 0.08314 0.1686 0.2065 0.2431
v 0.29998 0.03356 0.09380 0.0980 0.1275 0.1451
v 0.29977 0.03333 0.10070 0.0804 0.1039 0.1235
v 0.30033 0.03296 0.10884 0.0804 0.1118 0.1451
v 0.29852 0.03280 0.11800 0.0745 0.1098 0.1373
v 0.29816 0.03247 0.12531 0.0928 0.1255 0.1542
v 0.29832 0.03174 0.13369 0.1020 0.1333 0.1627
v 0.29709 0.03156 0.14012 0.0824 0.1098 0.1490
v 0.29565 0.03016 0.14878 0.0941 0.1098 0.1529
v 0.29878 0.02861 0.15955 0.1549 0.1941 0.2471
v 0.29711 0.02830 0.17009 0.2333 0.2843 0.3373
v 0.29796 0.02781 0.17918 0.1710 0.2118 0.2525
v 0.29832 0.02819 0.18569 0.1647 0.2020 0.2520
v 0.29649 0.02838 0.19591 0.0980 0.1353 0.1765
v 0.30057 0.02762 0.20349 0.1020 0.1294 0.1660
v 0.30025 0.02730 0.21351 0.1196 0.1471 0.1804
v 0.29848 0.02726 0.22010 0.1176 0.1451 0.1765
v 0.29563 0.03532 0.03923 0.1059 0.1333 0.1725
v 0.29647 0.03542 0.04736 0.1059 0.1216 0.1471
v 0.29721 0.03576 0.05546 0.1010 0.1196 0.1559
v 0.29825 0.03555 0.06316 0.1020 0.1294 0.1686
v 0.29798 0.03579 0.07293 0.0902 0.1039 0.1392
v 0.29526 0.03536 0.08910 0.1176 0.1529 0.1804
v 0.31115 0.00017 -0.30658 0.5333 0.5216 0.4627
v 0.30650 0.00104 -0.29058 0.5686 0.5451 0.4902
v 0.30821 0.00147 -0.28003 0.5196 0.5039 0.4471
v 0.30802 0.00222 -0.27323 0.5765 0.5686 0.5059
v 0.30912 0.00303 -0.26354 0.5706 0.5471 0.4961
v 0.30713 0.00343 -0.24358 0.5647 0.5490 0.5020
v 0.30693 0.00346 -0.22664 0.5765 0.5686 0.5098
v 0.30884 0.00471 -0.20465 0.5510 0.5392 0.4902
v 0.30909 0.00584 -0.19335 0.5745 0.5667 0.5118
v 0.30830 0.00701 -0.18451 0.3268 0.3294 0.2889
v 0.30519 0.00720 -0.17587 0.1961 0.2196 0.1961
v 0.30738 0.00851 -0.17283 0.1216 0.1412 0.1569
v 0.30762 0.01025 -0.16758 0.2088 0.2373 0.2451
v 0.30443 0.01175 -0.16009 0.1569 0.1686 0.1961
v 0.30684 0.01299 -0.15137 0.4301 0.4497 0.4627
v 0.30706 0.01486 -0.13428 0.1843 0.2039 0.2157
v 0.30987 0.01651 -0.10621 0.1412 0.1765 0.2039
v 0.30988 0.01667 0.24241 0.1059 0.1333 0.1725
v 0.30762 0.01650 0.25266 0.1020 0.1176 0.1608
v 0.30873 0.01554 0.26074 0.1843 0.2000 0.2431
v 0.30582 0.01619 0.27646 0.2039 0.2353 0.2471
v 0.30501 0.01599 0.29225 0.4667 0.4667 0.4275
v 0.30941 0.01620 0.29671 0.4706 0.4745 0.4431
v 0.30839 0.01640 0.30559 0.4314 0.4314 0.4314
v 0.30578 0.01786 -0.10462 0.1373 0.1725 0.2078
v 0.30395 0.01909 -0.09531 0.1451 0.1725 0.2118
v 0.30893 0.01828 -0.08319 0.1216 0.1490 0.1804
v 0.30890 0.01942 -0.07009 0.2902 0.3098 0.3333
v 0.30643 0.02219 -0.06229 0.5725 0.5961 0.5961
v 0.31125 0.02087 -0.05696 0.5686 0.5922 0.5922
v 0.30860 0.02280 -0.04677 0.5608 0.5902 0.5804
v 0.30488 0.02463 -0.03488 0.1255 0.1451 0.1686
v 0.31059 0.02320 -0.03272 0.5373 0.5569 0.5686
v 0.30844 0.02527 -0.02194 0.1882 0.2176 0.2373
v 0.30968 0.02588 -0.01175 0.1255 0.1529 0.1843
v 0.31175 0.02590 0.00763 0.1412 0.1529 0.1882
v 0.31155 0.02592 0.17701 0.1020 0.1294 0.1686
v 0.30992 0.02557 0.19318 0.0980 0.1137 0.1490
v 0.30836 0.02513 0.20363 0.1000 0.1255 0.1686
v 0.30903 0.02415 0.21159 0.0967 0.1242 0.1634
v 0.30685 0.02310 0.22151 0.1373 0.1600 0.1992
v 0.30695 0.02062 0.22955 0.1388 0.1694 0.2071
v 0.30861 0.01825 0.23589 0.1157 0.1333 0.1765
v 0.30371 0.01765 0.31183 0.3647 0.3725 0.3608
v 0.30405 0.02687 -0.01763 0.1529 0.1804 0.2196
v 0.30706 0.02692 -0.00203 0.1569 0.1765 0.2137
v 0.30883 0.02889 0.02050 0.1451 0.1725 0.2118
v 0.30732 0.03024 0.03392 0.1235 0.1549 0.1922
v 0.30390 0.03158 0.03920 0.1725 0.2000 0.2392
v 0.30735 0.03138 0.04787 0.1392 0.1647 0.2000
v 0.30742 0.03169 0.05835 0.2000 0.2510 0.2824
v 0.30789 0.03193 0.06629 0.1438 0.1719 0.2085
v 0.30667 0.03235 0.07412 0.1523 0.1824 0.2190
v 0.30885 0.03159 0.08234 0.0667 0.0784 0.0980
v 0.30668 0.03196 0.09001 0.0654 0.0706 0.0954
v 0.30676 0.03126 0.10218 0.0725 0.0961 0.1196
v 0.30878 0.03043 0.10855 0.0627 0.0902 0.1216
v 0.30702 0.03043 0.11650 0.0549 0.0902 0.1176
v 0.30778 0.03050 0.12449 0.0843 0.1118 0.1431
v 0.30676 0.02981 0.13324 0.0863 0.1176 0.1510
v 0.30753 0.02867 0.14331 0.1039 0.1343 0.1745
v 0.30706 0.02826 0.15235 0.1353 0.1706 0.2196
v 0.30756 0.02767 0.15893 0.2275 0.2627 0.3216
v 0.30783 0.02705 0.16908 0.1373 0.1673 0.2118
v 0.30475 0.02661 0.17779 0.1085 0.1307 0.1739
v 0.30989 0.02600 0.18464 0.1059 0.1333 0.1725
v 0.30330 0.02711 0.19323 0.1216 0.1490 0.1882
v 0.31965 0.00060 -0.29927 0.5373 0.5137 0.4588
v 0.31594 0.00079 -0.28910 0.5451 0.5216 0.4667
v 0.31534 0.00135 -0.28153 0.5216 0.5069 0.4471
v 0.31656 0.00289 -0.27333 0.5647 0.5549 0.5000
v 0.31921 0.00355 -0.26377 0.5686 0.5529 0.5059
v 0.31990 0.00410 -0.25157 0.5647 0.5569 0.4980
v 0.31349 0.00399 -0.24678 0.5608 0.5529 0.4941
v 0.31905 0.00485 -0.23947 0.5686 0.5608 0.5020
v 0.31744 0.00528 -0.22981 0.5373 0.5268 0.4758
v 0.31624 0.00596 -0.21839 0.5176 0.5098 0.4562
v 0.31572 0.00648 -0.21218 0.5000 0.4961 0.4471
v 0.31495 0.00746 -0.20116 0.5098 0.5059 0.4608
v 0.31404 0.00789 -0.19590 0.5020 0.5020 0.4549
v 0.31296 0.00933 -0.18384 0.2627 0.2804 0.2814
v 0.31455 0.01541 -0.10867 0.1098 0.1451 0.1804
v 0.31817 0.01668 -0.07862 0.1059 0.1333 0.1725
v 0.32035 0.01679 0.22025 0.1176 0.1451 0.1843
v 0.31767 0.01603 0.23080 0.1059 0.1333 0.1725
v 0.31851 0.01554 0.23752 0.1059 0.1333 0.1725
v 0.32027 0.01443 0.24567 0.1961 0.2314 0.2667
v 0.31414 0.01492 0.25920 0.1961 0.2235 0.2627
v 0.31563 0.01507 0.26608 0.1882 0.2157 0.2549
v 0.31463 0.01477 0.27940 0.2000 0.2275 0.2667
v 0.31743 0.01515 0.29456 0.4353 0.4431 0.4235
v 0.31399 0.01533 0.31183 0.3020 0.3176 0.3176
v 0.31922 0.01856 -0.05996 0.0863 0.1137 0.1529
v 0.31681 0.02014 -0.04757 0.5059 0.5176 0.5529
v 0.31590 0.02231 -0.02888 0.5373 0.5608 0.5529
v 0.31417 0.02339 -0.01900 0.5647 0.5804 0.5765
v 0.31943 0.02261 -0.00877 0.5255 0.5412 0.5373
v 0.31485 0.02387 -0.00711 0.5529 0.5686 0.5647
v 0.31409 0.02434 0.00336 0.5333 0.5569 0.5490
v 0.31911 0.02426 0.02147 0.4941 0.5216 0.4941
v 0.32018 0.02592 0.03346 0.0980 0.1255 0.1490
v 0.31537 0.02564 0.17139 0.0941 0.1216 0.1608
v 0.31823 0.02375 0.17962 0.0961 0.1235 0.1627
v 0.31683 0.02333 0.18763 0.0871 0.1145 0.1490
v 0.31665 0.02267 0.19553 0.1007 0.1235 0.1588
v 0.31622 0.02194 0.20398 0.1263 0.1553 0.1898
v 0.31711 0.02022 0.21305 0.1150 0.1451 0.1830
v 0.31403 0.01972 0.22071 0.1225 0.1490 0.1882
v 0.31395 0.01809 0.22735 0.1020 0.1294 0.1686
v 0.31391 0.02719 0.02024 0.1412 0.1569 0.1922
v 0.31521 0.02797 0.03635 0.1157 0.1373 0.1784
v 0.31692 0.02862 0.04890 0.0941 0.1098 0.1451
v 0.31326 0.03012 0.05983 0.1176 0.1333 0.1686
v 0.31791 0.02898 0.06290 0.1137 0.1333 0.1569
v 0.31684 0.02945 0.07387 0.0863 0.1059 0.1294
v 0.31571 0.02984 0.08457 0.0863 0.0980 0.1255
v 0.31663 0.02984 0.09142 0.0569 0.0608 0.0804
v 0.31560 0.02957 0.09995 0.0471 0.0569 0.0706
v 0.31511 0.02912 0.10795 0.0667 0.0784 0.1059
v 0.31667 0.02895 0.11844 0.0804 0.1078 0.1392
v 0.31683 0.02851 0.12645 0.1020 0.1176 0.1529
v 0.31620 0.02851 0.13461 0.0706 0.1059 0.1412
v 0.31746 0.02792 0.14153 0.1941 0.2412 0.2961
v 0.31820 0.02765 0.14864 0.1765 0.2235 0.2863
v 0.31676 0.02725 0.15888 0.2392 0.2804 0.3412
v 0.31560 0.02655 0.16542 0.0784 0.1020 0.1490
v 0.32389 0.00047 -0.31181 0.5412 0.5294 0.4706
v 0.32414 0.00063 -0.28897 0.5275 0.5176 0.4588
v 0.32575 0.00147 -0.28202 0.5373 0.5265 0.4637
v 0.32495 0.00277 -0.27293 0.5706 0.5549 0.5078
v 0.32512 0.00455 -0.25564 0.5314 0.5176 0.4647
v 0.32363 0.00525 -0.24470 0.5373 0.5245 0.4775
v 0.32282 0.00596 -0.23520 0.4353 0.4235 0.3882
v 0.32105 0.00621 -0.23116 0.5046 0.4941 0.4471
v 0.32059 0.00684 -0.22504 0.4510 0.4510 0.4118
v 0.32784 0.01719 0.20259 0.1255 0.1412 0.1765
v 0.32862 0.01585 0.20993 0.1059 0.1333 0.1725
v 0.32496 0.01597 0.22005 0.1059 0.1333 0.1725
v 0.32435 0.01481 0.22651 0.1216 0.1490 0.1882
v 0.32177 0.01455 0.25429 0.2039 0.2314 0.2706
v 0.32417 0.01414 0.26082 0.2118 0.2392 0.2784
v 0.32711 0.01427 0.29330 0.2196 0.2471 0.2863
v 0.32860 0.01552 0.31183 0.2902 0.3059 0.3098
v 0.32542 0.01769 -0.05018 0.0510 0.0784 0.1176
v 0.32473 0.01888 -0.03840 0.1451 0.1451 0.1922
v 0.32614 0.01928 -0.02089 0.5451 0.5412 0.5647
v 0.32232 0.02115 -0.01724 0.5608 0.5804 0.5647
v 0.32885 0.02035 -0.00391 0.5451 0.5647 0.5490
v 0.32674 0.02174 0.00577 0.4275 0.4471 0.4314
v 0.32124 0.02345 0.00996 0.5098 0.5294 0.5137
v 0.32846 0.02279 0.02168 0.5137 0.5294 0.5255
v 0.32647 0.02392 0.02883 0.5137 0.5216 0.5098
v 0.32673 0.02532 0.04192 0.1373 0.1569 0.1725
v 0.32825 0.02569 0.05435 0.0745 0.0902 0.1255
v 0.32582 0.02373 0.16857 0.1020 0.1307 0.1693
v 0.32472 0.02222 0.17756 0.0889 0.1190 0.1542
v 0.32426 0.02139 0.18793 0.1216 0.1510 0.1873
v 0.32365 0.02038 0.19434 0.1350 0.1619 0.1989
v 0.32401 0.01908 0.20285 0.1069 0.1363 0.1745
v 0.32394 0.01750 0.21067 0.0980 0.1255 0.1647
v 0.32355 0.02647 0.04465 0.0706 0.0824 0.1098
v 0.32367 0.02719 0.05354 0.0902 0.1098 0.1333
v 0.32476 0.02753 0.06690 0.1020 0.1294 0.1608
v 0.32278 0.02823 0.07509 0.0745 0.0941 0.1176
v 0.32450 0.02802 0.08514 0.0771 0.0863 0.1111
v 0.32527 0.02811 0.09486 0.1255 0.1529 0.1922
v 0.32529 0.02785 0.10971 0.1765 0.2314 0.2824
v 0.32754 0.02828 0.12297 0.1216 0.1529 0.1961
v 0.32525 0.02774 0.13435 0.1686 0.2157 0.2627
v 0.32607 0.02675 0.15084 0.2608 0.3098 0.3745
v 0.32340 0.02609 0.16140 0.0902 0.1137 0.1608
v 0.33148 0.00116 -0.31181 0.5176 0.5059 0.4706
v 0.33359 0.00147 -0.30145 0.5137 0.5059 0.4471
v 0.33425 0.00141 -0.29148 0.5098 0.5020 0.4431
v 0.33363 0.00274 -0.28081 0.5186 0.5029 0.4559
v 0.33166 0.00374 -0.27125 0.5427 0.5286 0.4816
v 0.33036 0.00407 -0.26669 0.5373 0.5216 0.4745
v 0.32925 0.01581 -0.05810 0.0824 0.1098 0.1490
v 0.33466 0.01689 0.18990 0.0980 0.1176 0.1412
v 0.33465 0.01579 0.19673 0.1118 0.1275 0.1627
v 0.32991 0.01637 0.20352 0.0980 0.1137 0.1490
v 0.33329 0.01476 0.21366 0.1242 0.1516 0.1882
v 0.32960 0.01379 0.22949 0.1765 0.2039 0.2431
v 0.33629 0.01261 0.23898 0.2157 0.2431 0.2824
v 0.33276 0.01304 0.26709 0.2157 0.2431 0.2745
v 0.33094 0.01788 -0.03150 0.0902 0.0980 0.1353
v 0.33422 0.01863 -0.01408 0.2314 0.2275 0.2804
v 0.33351 0.01915 -0.00052 0.5216 0.5373 0.5490
v 0.33345 0.01999 0.00583 0.5412 0.5569 0.5529
v 0.33403 0.02045 0.01403 0.4980 0.5216 0.5137
v 0.33373 0.02109 0.02578 0.4902 0.5098 0.4941
v 0.33239 0.02392 0.03998 0.3667 0.3902 0.3863
v 0.33544 0.02397 0.04859 0.3490 0.3843 0.3804
v 0.33283 0.02457 0.05513 0.1784 0.2098 0.2471
v 0.33392 0.02464 0.06475 0.1843 0.2118 0.2353
v 0.33489 0.02535 0.07341 0.0902 0.1059 0.1412
v 0.33138 0.02472 0.16057 0.0902 0.1163 0.1582
v 0.33381 0.02170 0.16843 0.0855 0.1106 0.1490
v 0.33375 0.01927 0.17705 0.1366 0.1634 0.1954
v 0.33170 0.01856 0.18546 0.1108 0.1294 0.1608
v 0.33023 0.01799 0.19500 0.1098 0.1255 0.1608
v 0.32998 0.02612 0.06558 0.0863 0.1059 0.1294
v 0.33228 0.02605 0.07757 0.0863 0.1020 0.1373
v 0.33707 0.02615 0.09018 0.1922 0.2392 0.2941
v 0.33599 0.02710 0.10455 0.1843 0.2314 0.2784
v 0.33591 0.02737 0.12109 0.1882 0.2353 0.2902
v 0.33357 0.02753 0.13159 0.2196 0.2667 0.3216
v 0.33359 0.02662 0.14289 0.2196 0.2765 0.3353
v 0.33220 0.02656 0.15156 0.2647 0.3118 0.3843
v 0.34635 0.00301 -0.31181 0.5098 0.4980 0.4392
v 0.34344 0.00291 -0.29866 0.5118 0.4961 0.4490
v 0.34035 0.00313 -0.28939 0.5020 0.4876 0.4366
v 0.33827 0.00332 -0.28464 0.5078 0.4922 0.4471
v 0.34234 0.01675 -0.00819 0.0784 0.1059 0.1451
v 0.34542 0.01687 0.00342 0.0863 0.1137 0.1529
v 0.34512 0.01533 0.17869 0.1118 0.1275 0.1627
v 0.34064 0.01579 0.18613 0.0804 0.1000 0.1235
v 0.33991 0.01439 0.19631 0.0863 0.1020 0.1373
v 0.34257 0.01319 0.20503 0.1660 0.1935 0.2327
v 0.34231 0.01243 0.21807 0.2118 0.2471 0.2745
v 0.34442 0.01217 0.24413 0.2196 0.2471 0.2706
v 0.34281 0.01316 0.27873 0.2235 0.2588 0.2941
v 0.33942 0.01548 0.31182 0.3490 0.3569 0.3529
v 0.34153 0.01881 0.00472 0.1529 0.1647 0.1922
v 0.34026 0.01911 0.01688 0.3902 0.4059 0.4353
v 0.34102 0.02084 0.03949 0.5020 0.5137 0.5098
v 0.33944 0.02263 0.05157 0.4471 0.4510 0.4588
v 0.34445 0.02188 0.05688 0.5020 0.5216 0.5059
v 0.34303 0.02292 0.06341 0.4980 0.5098 0.4980
v 0.34112 0.02445 0.07600 0.2059 0.2412 0.2863
v 0.34066 0.02522 0.08395 0.1824 0.2196 0.2686
v 0.34218 0.02555 0.09164 0.1804 0.2275 0.2824
v 0.34390 0.02596 0.10097 0.1843 0.2314 0.2863
v 0.34512 0.02594 0.13975 0.2275 0.2745 0.3294
v 0.34146 0.02483 0.15217 0.1637 0.1941 0.2382
v 0.34357 0.02186 0.16055 0.1153 0.1427 0.1804
v 0.34155 0.02008 0.16743 0.1153 0.1420 0.1812
v 0.33921 0.01765 0.17741 0.0941 0.1137 0.1373
v 0.34271 0.02708 0.11844 0.1961 0.2431 0.2980
v 0.34497 0.02667 0.12788 0.1882 0.2353 0.2902
v 0.34180 0.02669 0.13325 0.2118 0.2588 0.3216
v 0.33953 0.02623 0.14314 0.2255 0.2843 0.3392
v 0.35113 0.00388 -0.30816 0.5098 0.4961 0.4431
v 0.34781 0.00403 -0.29805 0.4941 0.4784 0.4314
v 0.34835 0.01703 0.01547 0.0784 0.1098 0.1392
v 0.35142 0.01664 0.02376 0.0902 0.1176 0.1569
v 0.35259 0.01697 0.03157 0.0961 0.1235 0.1588
v 0.35448 0.01701 0.03949 0.0882 0.1157 0.1549
v 0.35320 0.01519 0.17107 0.1085 0.1281 0.1647
v 0.35019 0.01400 0.17805 0.0961 0.1235 0.1588
v 0.35072 0.01307 0.18646 0.1242 0.1542 0.1804
v 0.34851 0.01283 0.19557 0.1627 0.1902 0.2235
v 0.35190 0.01154 0.20755 0.2039 0.2314 0.2706
v 0.35398 0.01068 0.21511 0.3020 0.3294 0.3529
v 0.35393 0.01132 0.24631 0.2196 0.2353 0.2706
v 0.34708 0.01775 0.01754 0.0549 0.0824 0.1137
v 0.35059 0.01801 0.03015 0.1359 0.1556 0.1948
v 0.35122 0.01872 0.03986 0.1804 0.1912 0.2235
v 0.35019 0.02002 0.05526 0.4510 0.4667 0.4667
v 0.35048 0.02151 0.06860 0.4667 0.4863 0.4706
v 0.34989 0.02266 0.07610 0.3569 0.3784 0.3961
v 0.35462 0.02319 0.08547 0.2235 0.2588 0.2863
v 0.35097 0.02420 0.08942 0.1843 0.2196 0.2784
v 0.34832 0.02503 0.09677 0.1843 0.2314 0.2863
v 0.35232 0.02554 0.10756 0.1922 0.2392 0.2941
v 0.35109 0.02479 0.14358 0.2026 0.2353 0.2824
v 0.34947 0.02257 0.15336 0.1268 0.1542 0.1935
v 0.35124 0.01963 0.16022 0.1529 0.1826 0.2162
v 0.35067 0.01740 0.16698 0.1000 0.1255 0.1569
v 0.35070 0.02646 0.11620 0.2039 0.2510 0.3059
v 0.34931 0.02678 0.12488 0.1843 0.2314 0.2863
v 0.35274 0.02609 0.13243 0.2275 0.2784 0.3412
v 0.35929 0.00622 -0.31181 0.4863 0.4706 0.4235
v 0.35637 0.01700 0.04694 0.0980 0.1255 0.1490
v 0.35866 0.01693 0.05582 0.0863 0.1137 0.1451
v 0.36018 0.01638 0.16255 0.1229 0.1503 0.1895
v 0.36083 0.01308 0.16965 0.1088 0.1363 0.1755
v 0.35883 0.01165 0.17626 0.1425 0.1699 0.2092
v 0.35897 0.01074 0.18541 0.1912 0.2186 0.2539
v 0.35839 0.01065 0.19314 0.1882 0.2157 0.2549
v 0.35853 0.01042 0.20065 0.1843 0.2196 0.2510
v 0.35562 0.01111 0.22691 0.2118 0.2392 0.2627
v 0.35641 0.01789 0.04979 0.0980 0.1111 0.1464
v 0.35801 0.01825 0.05720 0.1477 0.1608 0.1908
v 0.35945 0.01868 0.06568 0.2647 0.2771 0.2987
v 0.36257 0.01864 0.07288 0.2306 0.2447 0.2667
v 0.35790 0.02162 0.07930 0.4725 0.4922 0.4902
v 0.35981 0.02267 0.09047 0.3895 0.4157 0.4144
v 0.35795 0.02437 0.10336 0.1804 0.2275 0.2824
v 0.36138 0.02496 0.11738 0.1765 0.2235 0.2706
v 0.36271 0.02518 0.12546 0.1804 0.2157 0.2745
v 0.35874 0.02499 0.13686 0.2647 0.3059 0.3627
v 0.36066 0.02280 0.14359 0.1591 0.1877 0.2269
v 0.36090 0.01916 0.15334 0.1553 0.1827 0.2220
v 0.35740 0.01847 0.15994 0.1118 0.1471 0.1824
v 0.35657 0.02618 0.12792 0.2039 0.2510 0.3059
v 0.37021 0.01638 0.15462 0.1556 0.1882 0.2248
v 0.36823 0.01458 0.15960 0.1343 0.1608 0.2020
v 0.36855 0.01122 0.16840 0.1420 0.1694 0.2086
v 0.36751 0.00951 0.18002 0.2013 0.2275 0.2641
v 0.36594 0.00966 0.19082 0.1882 0.2157 0.2471
v 0.36474 0.00994 0.20414 0.1725 0.2078 0.2431
v 0.36839 0.01006 0.21338 0.1922 0.2196 0.2549
v 0.36436 0.01805 0.07473 0.0863 0.1020 0.1373
v 0.36659 0.01867 0.08313 0.2392 0.2516 0.2791
v 0.36898 0.01948 0.09177 0.3625 0.3720 0.3877
v 0.36927 0.02111 0.09862 0.3490 0.3686 0.3824
v 0.36942 0.02304 0.10809 0.1699 0.2144 0.2719
v 0.36912 0.02350 0.11608 0.3196 0.3549 0.3588
v 0.36957 0.02376 0.12432 0.1863 0.2265 0.2637
v 0.36814 0.02383 0.13507 0.2094 0.2486 0.2933
v 0.36808 0.02076 0.14216 0.1392 0.1672 0.2049
v 0.36655 0.01805 0.15069 0.1778 0.2039 0.2431
v 0.37738 0.00853 0.17831 0.1863 0.2078 0.2451
v 0.37922 0.01693 0.13351 0.0980 0.1196 0.1549
v 0.37878 0.01609 0.14357 0.1608 0.1941 0.2324
v 0.37501 0.01525 0.15196 0.1603 0.1904 0.2283
v 0.37642 0.01139 0.16049 0.1569 0.1843 0.2235
v 0.37672 0.01018 0.16555 0.1510 0.1784 0.2176
v 0.37336 0.00925 0.17429 0.1843 0.2118 0.2510
v 0.37439 0.00912 0.19568 0.1843 0.2118 0.2510
v 0.37448 0.01162 0.24664 0.2039 0.2353 0.2784
v 0.37380 0.01937 0.10217 0.4510 0.4667 0.4784
v 0.37473 0.02052 0.10769 0.3882 0.4065 0.4157
v 0.37798 0.02097 0.11749 0.3000 0.3275 0.3475
v 0.37931 0.01976 0.12623 0.1603 0.1869 0.2205
v 0.37665 0.02051 0.13377 0.1732 0.2016 0.2399
v 0.37337 0.01881 0.13943 0.1399 0.1673 0.2065
v 0.38568 0.00823 0.18147 0.2000 0.2353 0.2627
v 0.38596 0.01596 0.12592 0.0980 0.1203 0.1556
v 0.38615 0.01491 0.13469 0.1902 0.2206 0.2559
v 0.38509 0.01350 0.14297 0.1111 0.1418 0.1739
v 0.38531 0.01172 0.15223 0.1147 0.1392 0.1755
v 0.38560 0.01024 0.16029 0.1556 0.1830 0.2196
v 0.38260 0.00882 0.16992 0.2000 0.2275 0.2667
v 0.38709 0.00874 0.17346 0.1922 0.2235 0.2667
v 0.38828 0.01055 0.20617 0.1961 0.2314 0.2588
v 0.39597 0.01603 0.11756 0.1412 0.1686 0.1922
v 0.39505 0.01432 0.12572 0.1333 0.1706 0.1882
v 0.39414 0.01364 0.13301 0.1948 0.2261 0.2497
v 0.39708 0.01171 0.14107 0.1412 0.1529 0.1882
v 0.39556 0.01019 0.15540 0.0784 0.1059 0.1373
v 0.39184 0.00963 0.16626 0.1882 0.2235 0.2588
v 0.39409 0.00885 0.17387 0.2196 0.2510 0.2941
v 0.39110 0.00901 0.18749 0.2000 0.2353 0.2627
v 0.40411 0.01554 0.11421 0.1294 0.1647 0.1843
v 0.40190 0.01108 0.14566 0.0588 0.0706 0.1059
v 0.40695 0.01076 0.15095 0.0784 0.0784 0.1098
v 0.40121 0.01004 0.16249 0.1137 0.1412 0.1725
v 0.40589 0.00980 0.17137 0.0510 0.0706 0.0941
v 0.41366 0.01511 0.11124 0.1020 0.1294 0.1608
v 0.40804 0.01325 0.12452 0.1020 0.1137 0.1412
v 0.40813 0.01226 0.13380 0.1098 0.1216 0.1569
v 0.40966 0.01169 0.14066 0.0824 0.0941 0.1294
v 0.41388 0.01052 0.17485 0.0922 0.1235 0.1529
v 0.41124 0.01985 0.09827 0.2000 0.2275 0.2510
v 0.41856 0.01380 0.12021 0.1294 0.1412 0.1765
v 0.42223 0.01371 0.12655 0.1098 0.1216 0.1569
v 0.41841 0.01236 0.14042 0.0902 0.1020 0.1608
v 0.41892 0.01137 0.15220 0.1137 0.1294 0.1725
v 0.41630 0.01767 0.10172 0.1804 0.2078 0.2314
v 0.42494 0.01555 0.10756 0.1294 0.1490 0.1647
v 0.43024 0.01460 0.12750 0.4510 0.4627 0.4902
v 0.43163 0.01367 0.13430 0.1255 0.1373 0.1725
v 0.43717 0.01634 0.10954 0.4843 0.5039 0.5196
v 0.43450 0.01382 0.14629 0.2549 0.2706 0.3059
v 0.43752 0.02010 0.08203 0.3216 0.3412 0.3529
v 0.43349 0.01819 0.09317 0.3098 0.3294 0.3451
v 0.44529 0.01661 0.11800 0.4941 0.5137 0.5294
v 0.44428 0.01557 0.12904 0.4706 0.4902 0.5059
v 0.44210 0.01435 0.14500 0.4431 0.4627 0.4784
v 0.44267 0.01781 0.09225 0.3373 0.3569 0.3686
v 0.45143 0.01609 0.12900 0.3176 0.3451 0.3765
v 0.45832 0.01915 0.08526 0.4196 0.4392 0.4510
v 0.46045 0.01698 0.12595 0.4314 0.4510 0.4667
v 0.46560 0.02086 0.06496 0.2980 0.3216 0.3216
v 0.46000 0.01864 0.09826 0.5490 0.5647 0.5608
v 0.46329 0.01855 0.10633 0.4000 0.4157 0.4275
v 0.46308 0.01776 0.11370 0.3569 0.3686 0.4039
v 0.47406 0.02150 0.05976 0.1843 0.2196 0.2471
v 0.46799 0.01818 0.11422 0.5176 0.5333 0.5451
v 0.47685 0.02157 0.06899 0.1882 0.2314 0.2392
v 0.47731 0.02116 0.07765 0.4510 0.4549 0.4745
v 0.48192 0.02117 0.08433 0.4431 0.4588 0.4706
v 0.48061 0.02044 0.09453 0.4549 0.4706 0.4824
v 0.47885 0.01935 0.10659 0.4824 0.4863 0.4941
v 0.48910 0.02248 0.05605 0.2980 0.3373 0.3059
v 0.49361 0.02150 0.08672 0.3373 0.3725 0.3529
v 0.49541 0.02302 0.05765 0.3020 0.3490 0.3098
v 0.50054 0.02319 0.06233 0.2784 0.3451 0.2824
v 0.50600 0.02346 0.06738 0.3059 0.3608 0.3020
v 0.50553 0.02294 0.07854 0.3529 0.4078 0.3569
v 0.51505 0.02492 0.03461 0.2980 0.3490 0.3137
v 0.51529 0.02406 0.06427 0.3608 0.4157 0.3490
v 0.52451 0.02550 0.04026 0.3529 0.4059 0.3647
v 0.52901 0.02535 0.05318 0.2980 0.3608 0.3098
v 0.53869 0.02662 0.03732 0.3255 0.3804 0.3294
v 0.54780 0.02766 0.01459 0.3882 0.4235 0.4039
v 0.54779 0.02771 0.02101 0.4196 0.4647 0.4294
v 0.55187 0.02774 0.02847 0.4745 0.5137 0.5176
v 0.56219 0.02959 0.00277 0.4078 0.4549 0.4471
v 0.55991 0.02890 0.01398 0.4353 0.4706 0.4510
v 0.57160 0.03181 -0.01374 0.3451 0.3843 0.3804
v 0.56884 0.03077 -0.00765 0.3373 0.3765 0.3725
v 0.56901 0.03024 0.00131 0.4039 0.4471 0.4314
v 0.56405 0.02940 0.01275 0.4627 0.4980 0.4941
v 0.57793 0.03299 -0.02049 0.4288 0.4680 0.4431
v 0.57640 0.03205 -0.01493 0.4941 0.5373 0.5098
v 0.57373 0.03078 0.00276 0.4353 0.4745 0.4706
v 0.58495 0.03401 -0.02305 0.4301 0.4667 0.4458
v 0.58625 0.03281 -0.01383 0.4333 0.4745 0.4431
v 0.58198 0.03187 -0.00573 0.4667 0.5098 0.4863
v 0.58890 0.03731 -0.03572 0.4902 0.5333 0.5098
v 0.58664 0.03595 -0.03166 0.4487 0.4896 0.4672
v 0.59576 0.03415 -0.01994 0.4196 0.4569 0.4353
v 0.59271 0.03353 -0.01665 0.2902 0.3255 0.3059
v 0.59497 0.04010 -0.04549 0.3647 0.4465 0.4045
v 0.59234 0.03886 -0.03894 0.3994 0.4608 0.4328
v 0.59466 0.03693 -0.03036 0.5098 0.5490 0.5314
v 0.59403 0.03517 -0.02463 0.4784 0.5216 0.4902
v 0.59621 0.04829 -0.05456 0.1106 0.1694 0.1412
v 0.59527 0.04780 -0.04814 0.1634 0.2157 0.1983
v 0.59726 0.04528 -0.04164 0.0000 0.0431 0.0275
v 0.59698 0.05384 -0.05388 0.3824 0.4510 0.4451
v 0.59725 0.05368 -0.05011 0.1647 0.2431 0.2353
v 0.60418 0.04233 -0.05478 0.0931 0.1265 0.1235
v 0.59999 0.04030 -0.04960 0.2608 0.3294 0.2980
v 0.59872 0.04246 -0.03696 0.0510 0.1412 0.1176
v 0.60534 0.03871 -0.02813 0.2541 0.3082 0.2998
v 0.60286 0.03641 -0.02474 0.4267 0.4769 0.4635
v 0.60644 0.05133 -0.06964 0.0588 0.0941 0.0902
v 0.60489 0.04814 -0.06518 0.1808 0.2706 0.2322
v 0.60259 0.04584 -0.05813 0.1365 0.2018 0.1750
v 0.59890 0.05025 -0.04393 0.2118 0.2608 0.2471
v 0.60174 0.04866 -0.03879 0.0627 0.0974 0.0980
v 0.60589 0.04639 -0.03174 0.0635 0.1012 0.0965
v 0.60645 0.05398 -0.07044 0.0667 0.1137 0.0980
v 0.60404 0.05590 -0.06446 0.2342 0.3020 0.2818
v 0.60105 0.05649 -0.05818 0.2952 0.3597 0.3535
v 0.60080 0.05731 -0.04723 0.2575 0.3353 0.3307
v 0.60483 0.05528 -0.04000 0.1137 0.1824 0.1993
v 0.60612 0.06326 -0.05656 0.2794 0.3520 0.3471
v 0.60629 0.06346 -0.04645 0.2676 0.3608 0.3500
v 0.60647 0.06211 -0.04277 0.2392 0.3216 0.3333
v 0.60649 0.05717 -0.06917 0.0745 0.1216 0.1137
f 318 314 385
f 389 318 385
f 385 314 372
f 385 384 388
f 385 388 389
f 326 325 267
f 253 306 314
f 318 253 314
f 362 306 307
f 373 372 314
f 361 315 306
f 361 373 315
f 253 250 306
f 315 314 306
f 212 207 213
f 257 207 253
f 216 212 263
f 204 250 253
f 253 207 208
f 253 208 204
f 314 315 373
f 213 263 212
f 318 321 263
f 258 263 257
f 263 258 318
f 253 258 257
f 257 213 207
f 326 263 321
f 326 267 263
f 253 318 258
f 257 263 213
f 172 206 171
f 263 267 266
f 175 170 171
f 172 207 206
f 212 206 207
f 266 262 263
f 171 206 212
f 175 171 212
f 306 362 361
f 391 326 392
f 392 326 321
f 392 321 389
f 388 444 448
f 392 389 391
f 388 391 389
f 391 388 448
f 321 318 389
f 274 273 272
f 266 325 330
f 332 271 273
f 330 270 266
f 272 337 274
f 333 337 272
f 273 337 336
f 273 274 337
f 325 330 395
f 338 336 339
f 337 339 336
f 334 333 330
f 395 398 330
f 336 332 273
f 271 272 273
f 333 270 330
f 330 398 334
f 397 334 398
f 333 334 397
f 325 266 267
f 1207 1198 1224
f 3943 3729 3730
f 3945 3944 3943
f 3729 3942 3728
f 3943 3730 3732
f 3943 4158 3942
f 3732 3945 3943
f 3942 3729 3943
f 3946 3945 3733
f 4159 4158 3943
f 3945 4161 4160
f 4160 3943 3945
f 4159 3943 4160
f 3554 3555 3733
f 3945 3732 3733
f 3554 3733 3732
f 4675 4981 4980
f 3947 3948 3734
f 3947 3946 3948
f 3948 3946 3733
f 4158 4159 4400
f 4159 4160 4402
f 3945 3946 4161
f 4673 4403 4674
f 4979 4977 4674
f 4671 4400 4672
f 4161 3946 4162
f 3947 4162 3946
f 4401 4672 4400
f 4402 4160 4161
f 4402 4161 4403
f 4400 4402 4401
f 4163 3947 3948
f 4673 4975 4672
f 4164 3948 4165
f 4164 4405 4163
f 4163 3948 4164
f 4163 4404 4161
f 4161 4404 4403
f 4163 4405 4404
f 4977 4976 4674
f 4405 4403 4404
f 4405 4674 4403
f 4405 4164 4406
f 4163 4161 4162
f 4674 4405 4675
f 4159 4402 4400
f 4403 4673 4402
f 4675 4980 4979
f 4976 4975 4673
f 4674 4675 4979
f 4672 4401 4673
f 4401 4402 4673
f 4162 3947 4163
f 4675 4405 4406
f 4976 4673 4674
f 2547 2549 2548
f 2548 2549 2724
f 2402 2293 2724
f 2400 2548 2724
f 2293 2400 2724
f 2400 2547 2548
f 2400 2401 2547
f 1529 1598 1564
f 1598 1529 1493
f 1660 1639 1661
f 1639 1687 1709
f 1639 1709 1661
f 1640 1688 1687
f 1641 1688 1640
f 1758 1759 1819
f 1757 1758 1818
f 1817 1757 1818
f 1817 1872 1756
f 1708 1759 1758
f 1927 1929 1999
f 1818 1758 1819
f 1821 1820 1761
f 1872 1817 1873
f 1873 1819 1874
f 1760 1759 1710
f 1821 1875 1820
f 1928 1927 1874
f 1929 1927 1928
f 1874 1929 1928
f 1983 1999 1929
f 1929 1984 1983
f 1759 1708 1709
f 1984 2068 2056
f 2055 1984 2056
f 1984 2069 2068
f 1983 2055 2067
f 1687 1688 1711
f 2067 2068 2149
f 1984 2055 1983
f 2149 2068 2069
f 1998 2077 2004
f 2078 2077 2066
f 2078 2066 2067
f 2078 2162 2161
f 1927 1999 1998
f 2162 2067 2149
f 1874 1927 1873
f 1929 1874 1875
f 1820 1875 1874
f 1710 1711 1760
f 2163 2162 2149
f 2077 1998 2066
f 1999 2066 1998
f 2177 2163 2087
f 2177 2087 2178
f 2262 2261 2178
f 2078 2085 2077
f 1874 1819 1820
f 1983 2067 1999
f 2163 2177 2162
f 2055 2056 2067
f 2261 2262 2275
f 2085 2078 2086
f 2161 2162 2175
f 1820 1760 1761
f 2086 2161 2175
f 2260 2261 2275
f 2176 2175 2162
f 2085 2086 2174
f 2260 2176 2177
f 1759 1760 1820
f 1998 1997 1940
f 2174 2086 2175
f 2176 2260 2259
f 2177 2178 2261
f 1639 1640 1687
f 2084 2077 2085
f 2004 2007 2003
f 1687 1710 1709
f 1660 1709 1708
f 1873 1817 1818
f 2078 2067 2162
f 1760 1711 1761
f 1820 1819 1759
f 2077 2084 2004
f 1819 1873 1818
f 2177 2261 2260
f 1710 1759 1709
f 2067 2066 1999
f 2161 2086 2078
f 1598 1597 1564
f 1598 1640 1639
f 1984 1929 1875
f 2176 2162 2177
f 1757 1708 1758
f 1639 1660 1598
f 2067 2056 2068
f 1927 1998 1940
f 1873 1927 1872
f 1711 1688 1761
f 1710 1687 1711
f 1640 1598 1641
f 1661 1709 1660
f 1756 1757 1817
f 1872 1927 1926
f 1689 1688 1641
f 1429 1370 1402
f 1465 1429 1402
f 1600 1599 1531
f 1931 2057 1986
f 1713 1763 1689
f 1641 1598 1599
f 1691 1713 1690
f 2151 2166 2165
f 1986 1876 1931
f 1762 1821 1761
f 1823 1824 1876
f 2262 2178 2179
f 2178 2087 2088
f 2179 2178 2088
f 2088 2080 2164
f 2087 2163 2088
f 2179 2088 2080
f 2072 2151 2152
f 2179 2080 2165
f 1530 1598 1493
f 2080 2163 2079
f 1822 1823 1930
f 2072 2057 2073
f 2165 2179 2081
f 2070 2069 1985
f 2070 2081 2080
f 2081 2151 2165
f 1876 1986 1930
f 1599 1598 1530
f 1930 2001 1985
f 2163 2149 2150
f 2070 2071 2081
f 2070 2080 2069
f 2072 2166 2151
f 1712 1762 1689
f 2166 2072 2152
f 1642 1691 1690
f 2001 2070 1985
f 2150 2149 2069
f 2071 2151 2081
f 2151 2071 2072
f 2088 2163 2080
f 2000 2069 1984
f 2000 1985 2069
f 1984 1985 2000
f 1493 1429 1530
f 2081 2165 2080
f 1987 2073 2057
f 1530 1531 1599
f 2071 2057 2072
f 2071 2070 2001
f 1763 1764 1823
f 2057 1931 1987
f 2057 2071 1986
f 1690 1689 1642
f 2001 1986 2071
f 1824 1823 1764
f 1930 1986 2001
f 1642 1689 1641
f 1875 1821 1822
f 1875 1930 1985
f 1822 1821 1762
f 1530 1465 1531
f 1822 1763 1823
f 1429 1465 1530
f 1822 1762 1763
f 1822 1930 1875
f 2163 2150 2069
f 1987 1931 1877
f 1824 1931 1876
f 1599 1642 1641
f 1713 1764 1763
f 2069 2079 2163
f 1762 1761 1689
f 1823 1876 1930
f 1712 1763 1762
f 1763 1712 1689
f 2179 2165 2166
f 1599 1600 1642
f 1688 1689 1761
f 2080 2079 2069
f 1875 1985 1984
f 1713 1689 1690
f 11240 11239 11202
f 11098 11108 11159
f 11272 11239 11240
f 11160 11161 11202
f 11203 11240 11202
f 11229 11201 11202
f 11201 11160 11202
f 11161 11203 11202
f 11160 11108 11109
f 11159 11108 11160
f 11042 11109 11108
f 11160 11201 11159
f 11193 11098 11159
f 11108 11098 11042
f 11229 11202 11239
f 11159 11201 11193
f 11239 11271 11229
f 11193 11201 11229
f 11229 11260 11230
f 11260 11229 11271
f 11032 11098 11097
f 11098 11032 11042
f 11193 11097 11098
f 11271 11239 11272
f 11020 10948 11021
f 10314 10413 10313
f 10313 10413 10412
f 10411 10410 10413
f 11147 11149 11150
f 11149 11093 11150
f 11150 11148 11147
f 11093 11094 11150
f 11094 11093 11095
f 11096 11094 11095
f 10726 10804 10725
f 10806 10880 10879
f 10807 10729 10730
f 10115 10114 9917
f 10871 10945 10870
f 10729 10805 10727
f 11143 11085 11144
f 11089 11021 11022
f 10798 10873 10872
f 10724 10725 10803
f 10652 10729 10651
f 10408 10309 10310
f 11146 11147 11192
f 10418 10417 10318
f 11028 11025 11027
f 11145 11087 11088
f 10317 10417 10416
f 10728 10727 10726
f 9697 9920 9919
f 9521 9697 9520
f 10117 10116 10115
f 10218 10219 10314
f 10953 11023 10951
f 10117 9919 9920
f 11091 11092 11090
f 10491 10564 10563
f 10882 10883 10956
f 10644 10721 10720
f 10644 10567 10568
f 10948 11020 10947
f 10948 10950 11021
f 11022 11091 11089
f 10953 10951 10952
f 10495 10568 10494
f 10800 10876 10875
f 10217 10313 10312
f 10494 10567 10493
f 10722 10721 10644
f 10882 10954 10881
f 10497 10570 10569
f 11025 11094 11024
f 10870 10796 10871
f 10318 10224 10319
f 10953 11025 11023
f 9697 9521 9698
f 10648 10650 10726
f 10116 10117 10219
f 10315 10413 10314
f 10874 10875 10947
f 10800 10874 10799
f 11020 11021 11089
f 10800 10799 10721
f 9921 9920 9698
f 10947 10876 10948
f 10650 10728 10726
f 10566 10492 10493
f 10724 10803 10802
f 9920 10118 10117
f 10222 10220 10120
f 9696 9695 9518
f 10954 11025 10953
f 10413 10315 10414
f 10945 10871 11017
f 9922 9923 10119
f 10730 10653 10731
f 11145 11086 11087
f 10566 10642 10565
f 10796 10797 10871
f 10877 10802 10804
f 10807 10806 10805
f 11086 11144 11085
f 10952 10879 10880
f 10218 10116 10219
f 10872 10873 10946
f 9923 9922 9700
f 11227 11190 11191
f 10419 10418 10420
f 9698 9920 9697
f 9521 9699 9698
f 10222 10121 10223
f 10803 10725 10804
f 10315 10314 10219
f 10415 10416 10498
f 9920 9921 10118
f 11143 11083 11084
f 11019 10947 11020
f 10577 10575 10503
f 10876 10947 10875
f 10642 10797 10719
f 10722 10800 10721
f 10569 10722 10568
f 10948 10876 10949
f 10949 10877 10950
f 10574 10502 10504
f 10414 10411 10413
f 10315 10316 10415
f 10950 10877 10878
f 10956 10955 10954
f 10310 10309 10311
f 10881 10954 10880
f 10318 10317 10223
f 10957 10955 10956
f 10730 10729 10652
f 11025 10954 10955
f 10215 10311 10309
f 10726 10725 10648
f 10728 10651 10729
f 11087 11089 11088
f 11026 11027 11025
f 10802 10877 10876
f 10808 10882 10880
f 11026 11025 10955
f 9921 9698 9922
f 10722 10569 10645
f 10800 10722 10801
f 10646 10569 10571
f 10877 10949 10876
f 10496 10411 10414
f 10410 10310 10312
f 10494 10411 10496
f 10726 10727 10805
f 11025 11096 11095
f 10807 10805 10729
f 11020 11089 11087
f 10118 10219 10117
f 11024 11026 11025
f 10114 10217 10216
f 10808 10806 10807
f 11085 11018 11019
f 10650 10651 10728
f 10217 10312 10216
f 10873 10799 10874
f 10720 10797 10642
f 11084 11017 11085
f 11226 11258 11227
f 10872 11017 10871
f 10566 10643 10642
f 11191 11190 11192
f 10879 10952 10878
f 10717 10564 10718
f 11146 11088 11090
f 9698 9699 9922
f 10219 10119 10220
f 9922 10119 10118
f 10408 10491 10490
f 11090 11088 11091
f 11149 11147 11091
f 10876 10800 10801
f 10801 10722 10723
f 10723 10722 10645
f 10804 10878 10877
f 10415 10497 10414
f 10645 10569 10646
f 11093 11092 11023
f 11093 11023 11024
f 11091 11147 11090
f 11094 11025 11095
f 11022 11021 10950
f 10955 10957 11028
f 11093 11091 11092
f 11027 11026 11028
f 10719 10797 10796
f 11018 11085 11017
f 11094 11093 11024
f 11019 11086 11085
f 11023 11025 11024
f 10216 10311 10215
f 10492 10491 10409
f 9922 9699 9700
f 10220 10119 10120
f 11227 11228 11190
f 10312 10313 10410
f 10876 10801 10802
f 10567 10566 10493
f 10724 10801 10723
f 10645 10646 10723
f 10497 10496 10414
f 9699 9522 9700
f 10410 10493 10492
f 11092 11093 11094
f 11092 11149 11091
f 11023 11092 11091
f 11025 11028 11096
f 10951 11023 11022
f 10410 10313 10412
f 9918 10115 9917
f 10565 10564 10491
f 11191 11145 11146
f 10409 10410 10492
f 11190 11144 11145
f 11145 11088 11146
f 10409 10408 10410
f 10951 10878 10952
f 10410 10408 10310
f 11093 11149 11092
f 11091 11022 11023
f 10492 10566 10565
f 11028 11026 10955
f 9518 9519 9696
f 9701 9700 9522
f 10115 10218 10217
f 10497 10415 10498
f 10220 10221 10316
f 10119 9923 10120
f 10317 10415 10316
f 10313 10217 10218
f 11192 11147 11191
f 11018 10872 10946
f 10724 10802 10801
f 10646 10724 10723
f 10216 10312 10311
f 10797 10798 10872
f 10495 10497 10569
f 11086 11019 11020
f 10567 10643 10566
f 10493 10410 10411
f 11091 11088 11089
f 10954 10953 10952
f 10501 10574 10573
f 10496 10497 10495
f 11226 11259 11288
f 11228 11227 11191
f 11227 11228 11259
f 11259 11226 11227
f 11226 11288 11258
f 10879 10805 10806
f 10950 10951 11022
f 10574 10504 10503
f 10881 10880 10882
f 9519 9520 9696
f 10880 10806 10808
f 9697 9695 9696
f 9918 9919 10115
f 10729 10727 10728
f 9700 9924 9923
f 10115 10217 10114
f 9923 9924 10120
f 10569 10570 10571
f 10946 11019 11018
f 10873 10874 10946
f 10873 10798 10799
f 10565 10491 10492
f 11087 11086 11020
f 10797 10720 10798
f 10956 10954 10882
f 10879 10878 10805
f 10317 10416 10415
f 10808 10730 10731
f 10499 10500 10571
f 11189 11190 11227
f 10412 10413 10410
f 10653 10576 10654
f 10952 10880 10954
f 10720 10643 10644
f 11191 11146 11192
f 10951 10950 10878
f 10501 10500 10418
f 10805 10804 10726
f 11084 11085 11143
f 10312 10310 10311
f 11143 11188 11083
f 10947 10946 10874
f 9919 9695 9697
f 9520 9697 9696
f 10116 10218 10115
f 10875 10874 10800
f 9919 10117 10115
f 11188 11143 11189
f 10947 11019 10946
f 11148 11150 11094
f 9701 9702 9924
f 10799 10798 10721
f 10121 10120 9924
f 11148 11191 11147
f 10569 10568 10495
f 10417 10317 10318
f 10494 10568 10567
f 10575 10651 10574
f 10414 10315 10415
f 10646 10647 10723
f 10882 10808 10809
f 10575 10577 10576
f 11225 11226 11258
f 10501 10419 10502
f 11144 11086 11145
f 11145 11191 11190
f 10564 10565 10718
f 10724 10647 10725
f 10574 10501 10502
f 10653 10730 10652
f 10642 10719 10718
f 10653 10652 10575
f 10118 9921 9922
f 10575 10652 10651
f 10223 10122 10224
f 10411 10494 10493
f 10222 10221 10220
f 10315 10219 10220
f 10654 10731 10653
f 10220 10316 10315
f 10498 10499 10571
f 10565 10642 10718
f 10798 10720 10721
f 10575 10574 10503
f 10651 10650 10574
f 10224 10318 10223
f 10567 10644 10643
f 9700 9701 9924
f 10497 10498 10570
f 10717 10563 10564
f 10420 10319 10320
f 10496 10495 10494
f 10121 10122 10223
f 10574 10650 10573
f 10490 10491 10563
f 10730 10808 10807
f 10120 10121 10222
f 10571 10649 10646
f 10576 10653 10575
f 10648 10725 10647
f 10948 10949 10950
f 11143 11144 11189
f 10568 10722 10644
f 9695 9919 9918
f 10500 10499 10418
f 9925 9924 9702
f 10573 10650 10572
f 10501 10418 10419
f 10421 10502 10419
f 11227 11226 11189
f 10222 10223 10221
f 11146 11090 11147
f 10797 10872 10871
f 10118 10119 10219
f 10572 10501 10573
f 10420 10421 10419
f 10122 10121 9925
f 10647 10650 10648
f 10572 10571 10500
f 10500 10501 10572
f 10642 10643 10720
f 10647 10724 10723
f 10571 10570 10498
f 11017 10872 11018
f 10802 10803 10804
f 10314 10313 10218
f 10647 10572 10650
f 10498 10416 10417
f 10646 10649 10647
f 10420 10320 10421
f 10221 10223 10316
f 10319 10225 10320
f 10649 10572 10647
f 10418 10319 10420
f 10417 10418 10499
f 10319 10418 10318
f 10319 10224 10225
f 9924 9925 10121
f 11190 11189 11144
f 10316 10223 10317
f 10571 10572 10649
f 10499 10498 10417
f 10805 10878 10804
f 10491 10408 10409
f 11429 11428 11433
f 11436 11448 11437
f 11448 11432 11437
f 11431 11430 11445
f 11426 11445 11435
f 11425 11426 11435
f 11434 11435 11445
f 11435 11434 11425
f 11434 11445 11444
f 11425 11422 11429
f 11438 11443 11450
f 11433 11437 11432
f 11443 11433 11444
f 11434 11444 11433
f 11444 11451 11450
f 11444 11450 11443
f 11454 11436 11439
f 11449 11455 11437
f 11434 11433 11429
f 11443 11438 11433
f 11445 11426 11430
f 11425 11434 11429
f 11450 11451 11456
f 11439 11436 11437
f 11459 11458 11455
f 11437 11440 11439
f 11455 11439 11440
f 11433 11438 11437
f 11450 11449 11438
f 11455 11454 11439
f 11449 11437 11438
f 11431 11430 11426
f 11450 11455 11449
f 11440 11437 11455
f 11455 11456 11459
f 11450 11456 11455
f 11453 11454 11457
f 11454 11455 11457
f 11458 11457 11455
f 11432 11442 11433
f 11452 11453 11460
f 11433 11429 11432
f 11453 11448 11454
f 11445 11430 11444
f 11446 11453 11452
f 11453 11446 11447
f 11454 11448 11436
f 11453 11447 11448
f 11448 11441 11432
f 11441 11442 11432
f 1807 1751 1808
f 1860 1806 1861
f 1970 2045 2044
f 1971 1913 1896
f 1850 1901 1900
f 1862 1914 1913
f 1995 1994 1968
f 1551 1677 1589
f 1612 1611 1567
f 1650 1608 1609
f 1568 1612 1567
f 1610 1651 1609
f 1652 1611 1612
f 1651 1650 1609
f 1551 1589 1538
f 1611 1700 1610
f 1610 1537 1567
f 1612 1653 1652
f 1537 1610 1609
f 1567 1611 1610
f 1568 1538 1589
f 1700 1651 1610
f 1568 1654 1612
f 1653 1612 1654
f 2235 2143 2144
f 1861 1911 1860
f 1611 1652 1701
f 1859 1806 1860
f 1750 1700 1751
f 1702 1701 1652
f 1701 1700 1611
f 1700 1701 1751
f 1807 1861 1750
f 1787 1703 1732
f 1807 1750 1751
f 1805 1748 1749
f 1733 1676 1589
f 1568 1676 1654
f 1862 1912 1861
f 1700 1749 1748
f 1751 1702 1808
f 1589 1677 1733
f 1787 1702 1703
f 1703 1652 1653
f 1750 1749 1700
f 1651 1700 1748
f 1675 1654 1676
f 1675 1703 1653
f 1749 1750 1806
f 1806 1859 1805
f 1676 1568 1589
f 1676 1733 1790
f 1675 1676 1789
f 1787 1809 1808
f 1703 1702 1652
f 1702 1787 1808
f 1805 1749 1806
f 2043 2064 2063
f 1790 1961 1901
f 1913 1970 1912
f 2043 2128 2064
f 1898 1848 1849
f 1912 1968 1911
f 1654 1675 1653
f 1862 1863 1915
f 2145 2064 2127
f 1864 1862 1808
f 1703 1675 1732
f 1969 1968 1912
f 1896 1897 1959
f 1864 1808 1809
f 1848 1787 1788
f 1899 1900 1898
f 2032 2030 1960
f 1960 1961 2033
f 1959 1900 1960
f 1961 2117 2033
f 1848 1898 1864
f 1897 1915 1898
f 1959 1898 1900
f 1900 1899 1849
f 2033 2115 2032
f 2033 2116 2115
f 2064 1995 1968
f 2032 1960 2033
f 1901 1961 1900
f 2144 2145 2235
f 1960 2030 1959
f 1900 1961 1960
f 2144 2063 2145
f 2128 2127 2064
f 1995 2064 2063
f 1848 1809 1787
f 1809 1848 1864
f 1899 1898 1849
f 1789 1788 1732
f 1969 2064 1968
f 1609 1608 1497
f 1497 1537 1609
f 1863 1862 1864
f 1787 1732 1788
f 1897 1896 1914
f 1850 1789 1901
f 1788 1850 1849
f 2043 1970 2044
f 1789 1790 1901
f 2063 2064 2145
f 1969 1912 1970
f 1970 1913 1971
f 1861 1912 1911
f 1914 1896 1913
f 1913 1912 1862
f 2045 1970 1971
f 2043 2064 1969
f 1898 1959 1897
f 1789 1850 1788
f 1863 1864 1915
f 1849 1850 1900
f 1864 1898 1915
f 2043 1969 1970
f 1914 1915 1897
f 1915 1914 1862
f 1849 1848 1788
f 1961 1790 1733
f 1677 1961 1733
f 1861 1807 1862
f 1807 1808 1862
f 1751 1701 1702
f 1790 1789 1676
f 1789 1732 1675
f 1861 1806 1750
f 1860 1911 1859
f 2293 2211 2117
f 2033 2117 2210
f 2210 2293 2117
f 2117 2211 2210
f 2210 2211 2293
f 2210 2117 1961
f 2210 2116 2033
f 2547 2548 2724
f 2401 2400 2304
f 2211 2304 2209
f 2547 2401 2548
f 2304 2211 2401
f 2400 2209 2304
f 2402 2548 2724
f 2211 2293 2402
f 2293 2210 2548
f 2211 2402 2401
f 2548 2402 2293
f 2548 2401 2402
f 418 415 352
f 616 566 518
f 465 518 468
f 571 572 576
f 658 566 616
f 415 469 468
f 465 468 412
f 577 576 572
f 567 518 521
f 571 566 567
f 418 469 415
f 518 566 567
f 468 469 474
f 469 418 474
f 521 518 468
f 521 473 525
f 571 567 572
f 468 474 473
f 468 473 521
f 468 412 469
f 359 370 422
f 474 418 422
f 422 479 474
f 473 474 479
f 422 418 359
f 371 359 360
f 359 371 370
f 478 525 473
f 473 479 478
f 572 567 521
f 566 616 744
f 566 468 518
f 525 572 521
f 525 577 572
f 418 352 359
f 360 353 305
f 294 305 353
f 360 359 353
f 352 353 359
f 2730 2557 2731
f 2556 2410 2730
f 2557 2732 2731
f 2889 2731 2890
f 2732 2890 2731
f 2727 2555 2728
f 2728 2556 2729
f 2730 2888 2729
f 2888 2889 3040
f 2888 2731 2889
f 2553 2555 2727
f 2745 2571 2553
f 2728 2555 2556
f 2730 2729 2556
f 2552 2553 2571
f 2727 2745 2553
f 2558 2732 2557
f 2302 2303 2408
f 2303 2302 2210
f 2210 2302 2301
f 2408 2554 2407
f 2211 2303 2210
f 2303 2211 2212
f 2553 2554 2555
f 2554 2408 2555
f 2410 2409 2303
f 2303 2409 2408
f 2119 2212 2211
f 2118 2211 2210
f 2118 2119 2211
f 2118 2210 2117
f 2117 2210 2209
f 2209 2210 2301
f 2115 2117 2209
f 2115 2209 2208
f 2303 2305 2410
f 2730 2410 2557
f 2729 2888 3040
f 2305 2303 2212
f 1957 1958 2027
f 1957 1958 1972
f 1972 2046 2045
f 1972 1971 1957
f 1971 1972 2045
f 2047 2046 1972
f 1957 2047 1972
f 1958 1957 1959
f 1957 1971 1896
f 2114 2207 2113
f 2131 2223 2130
f 2321 2425 2320
f 2321 2297 2425
f 2204 2205 2297
f 2320 2319 2204
f 2319 2225 2204
f 2319 2224 2203
f 2320 2204 2296
f 1896 1959 1957
f 2204 2112 2205
f 2319 2203 2225
f 2109 2027 2110
f 2031 2032 2113
f 2034 2115 2114
f 2119 2117 2036
f 2034 1962 1902
f 2117 2034 2035
f 2117 2119 2118
f 2034 2114 2032
f 1962 2034 2032
f 2035 2034 1902
f 2034 2117 2115
f 2208 2114 2115
f 2223 2131 2224
f 2319 2423 2422
f 2318 2223 2224
f 2111 2112 2204
f 2317 2318 2422
f 2422 2318 2319
f 2031 1962 2032
f 2027 2028 2110
f 2028 2027 2029
f 2047 2131 2046
f 2110 2028 2029
f 2031 2113 2030
f 2423 2320 2424
f 2027 2047 1957
f 2321 2296 2297
f 2206 2299 2298
f 2406 2427 2405
f 2112 2030 2113
f 2204 2225 2203
f 2027 1958 1959
f 2032 2114 2113
f 2407 2553 2552
f 2029 2112 2111
f 2427 2570 2405
f 2114 2030 2032
f 2114 2032 2115
f 2114 2031 2030
f 2402 2548 2211
f 2115 1961 2031
f 2400 1961 2115
f 2211 1961 2293
f 2209 2400 2115
f 1961 1959 2031
f 1961 2400 2293
f 2114 2115 2031
f 2731 2888 2730
f 2115 2114 2209
f 2557 2410 2411
f 2554 2553 2407
f 2301 2302 2408
f 2408 2300 2301
f 2555 2408 2409
f 2301 2300 2208
f 2409 2410 2555
f 2557 2411 2412
f 2410 2305 2411
f 2300 2408 2407
f 2411 2305 2306
f 2306 2412 2411
f 2405 2298 2406
f 2298 2405 2425
f 2203 2224 2202
f 2320 2425 2424
f 2035 2036 2117
f 2570 2552 2571
f 2552 2570 2427
f 2406 2552 2427
f 2031 1959 2030
f 2406 2299 2300
f 2425 2569 2568
f 2205 2298 2297
f 2422 2421 2317
f 2208 2209 2301
f 2208 2299 2207
f 2569 2425 2570
f 2204 2297 2296
f 2300 2407 2406
f 1959 1961 1960
f 2045 2046 2130
f 2203 2110 2111
f 2426 2425 2405
f 2109 2224 2131
f 2410 2556 2555
f 2568 2424 2425
f 2211 2115 2116
f 2209 2115 2211
f 2424 2568 2423
f 2109 2131 2027
f 2318 2317 2223
f 2222 2223 2317
f 2552 2406 2407
f 2116 2210 2211
f 2406 2298 2299
f 2031 1961 1962
f 2567 2423 2568
f 2296 2321 2320
f 2203 2111 2204
f 2112 2206 2205
f 2207 2114 2208
f 2206 2112 2113
f 2570 2426 2405
f 2131 2130 2046
f 2299 2208 2300
f 2224 2109 2202
f 2298 2205 2206
f 2031 2030 1960
f 2029 2111 2110
f 2109 2110 2202
f 2570 2425 2426
f 2222 2130 2223
f 1960 1961 2031
f 2297 2298 2425
f 2203 2202 2110
f 1959 2030 2029
f 2029 2030 2112
f 2567 2422 2423
f 2319 2320 2423
f 2558 2557 2412
f 2027 1959 2029
f 2224 2319 2318
f 2207 2299 2206
f 2207 2206 2113
f 2131 2047 2027
f 8872 9136 9135
f 8070 8506 8505
f 8869 8871 8872
f 8863 8866 9126
f 9134 9132 8872
f 8863 9123 8860
f 8872 9135 9134
f 8872 9132 8870
f 8070 8071 8507
f 7676 7674 7673
f 7676 7678 7679
f 8859 8495 8496
f 8055 8051 7671
f 7252 7667 7666
f 8860 8859 8496
f 7274 7679 7271
f 7679 8067 8063
f 7685 7684 7282
f 7678 7271 7679
f 8063 8061 8058
f 7682 7685 8068
f 7274 7681 7679
f 8862 8860 8496
f 8067 8503 8064
f 7679 7681 8067
f 7674 8055 7671
f 8058 8495 8055
f 8052 8051 8055
f 8055 7674 8058
f 7684 8067 7681
f 8859 8860 8857
f 8064 8063 8067
f 7684 7681 7278
f 8495 8859 8492
f 8048 8051 8052
f 8869 8866 8868
f 8495 8498 8496
f 7278 7681 7274
f 8067 7684 7682
f 8869 9132 9130
f 8492 8052 8495
f 8058 7676 8063
f 8052 8492 8048
f 8495 8052 8055
f 8862 8863 8860
f 8496 8498 8862
f 8500 8495 8058
f 8500 8498 8495
f 8051 7668 7671
f 7667 7671 7668
f 8058 7674 7676
f 7674 7671 7673
f 7671 7667 7252
f 7676 7673 7271
f 7252 7673 7671
f 8863 8865 8866
f 7271 7678 7676
f 8498 8500 8064
f 8874 8508 9136
f 7281 7689 7282
f 8068 8070 8505
f 7685 7282 7689
f 7685 8070 8068
f 8070 8507 8506
f 8507 8871 8503
f 8500 8061 8064
f 8068 8505 8503
f 8872 8873 8874
f 9135 9133 9132
f 8501 8498 8503
f 8070 7685 7689
f 8064 8503 8498
f 7690 8071 8070
f 8863 9126 9123
f 8511 8071 8072
f 7684 7685 7682
f 8508 8072 8511
f 8874 8508 8511
f 8072 8508 8507
f 8072 8874 8511
f 8072 7686 8071
f 8862 8868 8865
f 8868 8871 8869
f 8866 8865 8868
f 8061 8500 8058
f 8868 8862 8501
f 8507 8508 8873
f 9132 9134 9135
f 8071 7690 8072
f 7679 8063 7676
f 8871 8507 8873
f 8501 8503 8868
f 8498 8501 8862
f 8064 8061 8063
f 8865 8863 8862
f 8506 8503 8505
f 8869 9130 8866
f 8873 8872 8871
f 7282 7690 7689
f 7686 6532 7690
f 8869 8870 9132
f 8071 8072 8507
f 8503 8506 8507
f 7690 8070 7689
f 8067 8068 8503
f 7282 6532 7690
f 7281 6532 7282
f 8072 7690 7686
f 7686 7690 8071
f 9130 9129 8866
f 8871 8868 8503
f 8870 8869 8872
f 8067 7682 8068
f 8873 8508 8874
f 9129 9126 8866
f 8872 8874 9136
f 7278 7273 6882
f 7273 7271 7266
f 7278 7281 7684
f 7273 7278 7274
f 6874 6867 6858
f 6858 7266 7259
f 7278 6883 6888
f 7281 7278 6887
f 6887 6532 6892
f 5596 5906 5905
f 6887 7281 7282
f 7252 6858 6852
f 6867 6858 7260
f 6883 7278 6882
f 6519 6511 6512
f 6882 6883 6887
f 6876 7274 6883
f 6877 7275 7279
f 7279 7274 6877
f 6875 6868 6876
f 6525 6526 6195
f 7279 7278 7274
f 6877 7274 6876
f 6882 6876 6883
f 6529 6528 6889
f 6875 7273 6867
f 7282 6889 7279
f 7273 7274 7271
f 6875 6876 6882
f 7279 6889 6883
f 6867 7260 6859
f 7281 7282 7684
f 6867 7273 7266
f 6883 6889 6888
f 6866 6874 6858
f 5899 6201 6202
f 6189 6188 6519
f 7266 6858 6867
f 6528 6197 6205
f 5597 5897 5898
f 6204 6203 6534
f 6203 6204 5901
f 5897 5893 5898
f 5892 5893 5897
f 5597 5595 5897
f 6194 6511 6188
f 5893 5892 6194
f 5898 5906 5597
f 6533 6534 6203
f 5596 5595 5597
f 6534 6528 6204
f 6528 6205 6204
f 6528 6534 6889
f 6533 6888 6534
f 6534 6888 6889
f 6533 6527 6888
f 6882 6520 6875
f 6526 6519 6520
f 6520 6887 6526
f 6520 6513 6875
f 7279 6883 7278
f 6888 6887 6883
f 6889 7279 6884
f 6875 6867 6868
f 6513 6512 6867
f 6888 6526 6887
f 6513 6520 6519
f 6868 6860 6869
f 6890 6889 6884
f 7266 7673 7252
f 7673 7266 7271
f 6513 6867 6875
f 6860 6868 6859
f 6196 6526 6202
f 6858 6867 6512
f 6519 6526 6525
f 6519 6512 6513
f 6520 6882 6887
f 6527 6526 6888
f 7266 7252 7259
f 6525 6189 6519
f 6195 6526 6196
f 6529 6889 6890
f 6867 6859 6868
f 6532 6526 6533
f 6202 6526 6532
f 7260 6858 7252
f 6189 6525 6195
f 6883 7274 7278
f 6526 6527 6533
f 6197 6528 6529
f 6533 6203 6532
f 6203 6202 6532
f 6195 6196 6202
f 6201 6195 6202
f 6195 6194 6189
f 6189 6194 6188
f 5898 6195 6201
f 5898 6194 6195
f 5893 6194 5898
f 5898 6201 5899
f 6202 5900 5899
f 6532 7281 6892
f 6892 7281 6887
f 6852 6858 7259
f 5906 5596 5597
f 6512 6866 6508
f 5892 5897 6194
f 6519 6525 6887
f 6512 6518 6519
f 6511 6194 6518
f 5595 5905 5897
f 6200 6194 5897
f 6875 6874 6519
f 6200 5897 5905
f 6512 6511 6518
f 7244 7260 7252
f 6874 6512 6519
f 6882 7273 6875
f 6866 6512 6874
f 6188 6512 6518
f 6511 6512 6508
f 5905 5595 5596
f 6519 6882 6875
f 6888 6887 7278
f 6519 6518 6194
f 5905 5906 6200
f 6882 6519 6887
f 6874 6875 6867
f 6518 6194 6188
f 7252 6852 7259
f 6866 6858 6512
f 6188 6511 6519
f 9508 9680 9684
f 10109 9906 10107
f 8881 8882 9349
f 9349 9516 9517
f 9516 9694 9517
f 9504 9340 9339
f 9497 9496 9674
f 9500 9497 9676
f 9681 9679 9506
f 9517 9693 9694
f 9495 9494 9496
f 9510 9343 9507
f 9506 9684 9681
f 9674 9496 9498
f 9684 9685 9687
f 9143 9348 9144
f 9693 9517 9516
f 10109 9908 9909
f 10111 10112 9914
f 9342 9507 9343
f 9691 9516 9515
f 9336 9122 9334
f 9504 9339 9502
f 9143 9347 9348
f 9512 9511 9688
f 9681 9684 9680
f 9499 9338 9337
f 9141 9343 9345
f 9502 9339 9338
f 9502 9503 9504
f 9686 9688 9510
f 9344 9511 9345
f 9910 9688 9687
f 9497 9500 9499
f 9505 9504 9503
f 9681 9678 9679
f 9500 9678 9503
f 9913 9911 9914
f 9676 9674 9677
f 9677 9902 9904
f 9674 9496 9675
f 9679 9682 9681
f 9674 9677 9675
f 9679 9902 9677
f 9502 9338 9499
f 9501 9500 9679
f 9674 9679 9677
f 9337 9497 9499
f 9502 9499 9500
f 9505 9340 9504
f 9681 9680 9505
f 9515 9348 9514
f 9343 9137 9342
f 9679 9498 9501
f 9492 9496 9494
f 9681 9505 9503
f 9491 9494 9328
f 9502 9500 9503
f 9517 9693 9349
f 9679 9903 9682
f 9910 9690 9688
f 9508 9686 9510
f 9913 9690 9910
f 9497 9336 9495
f 9678 9681 9503
f 9494 9491 9492
f 9117 9115 9327
f 9510 9507 9508
f 9903 9904 9906
f 9327 9331 9119
f 8881 9349 9145
f 9145 9349 8882
f 9349 8881 8880
f 9122 9336 9337
f 9693 9516 9692
f 9691 9913 9914
f 9119 9331 9334
f 10109 10110 9909
f 9906 9904 10107
f 9125 9122 9337
f 9676 9678 9500
f 9902 9904 9903
f 9915 9349 9693
f 9119 9334 9122
f 9686 9684 9687
f 9906 9909 9908
f 9345 9343 9344
f 9331 9327 9328
f 9494 9495 9331
f 9911 10111 9914
f 10110 10111 9911
f 9500 9506 9679
f 9115 9328 9327
f 9342 9341 9340
f 9119 9117 9327
f 9905 9907 9685
f 9344 9343 9511
f 9512 9347 9346
f 9516 9691 9692
f 9915 9693 9692
f 9674 9498 9679
f 9328 9325 9491
f 9513 9347 9512
f 9913 9910 9911
f 9909 9906 10109
f 9907 9905 9906
f 9336 9497 9337
f 9508 9507 9680
f 9496 9497 9495
f 9679 9904 9902
f 9688 9511 9510
f 9334 9331 9495
f 9907 9906 9908
f 9902 9903 9679
f 9679 9678 9676
f 9682 9903 9905
f 9902 9679 9676
f 9676 9497 9674
f 9677 9902 9676
f 9510 9511 9686
f 9914 10113 9916
f 9511 9688 9686
f 9511 9912 9688
f 9910 9688 9912
f 9343 9138 8874
f 9342 9510 9507
f 10113 9914 10112
f 9680 9507 9683
f 9686 9684 9510
f 9906 9904 9905
f 10111 10110 10109
f 9510 9343 9511
f 9684 9506 9680
f 9911 10109 9910
f 10109 10108 9906
f 9509 9510 9342
f 9916 9915 9914
f 9912 10112 9913
f 9911 9910 9912
f 10108 9904 9906
f 9911 10110 10109
f 9905 9685 9687
f 9685 9905 9684
f 9912 9913 9911
f 9910 10109 9908
f 9908 9906 9905
f 9681 9905 9903
f 9913 10110 9911
f 10112 10110 9913
f 10113 10112 9915
f 10113 9915 9916
f 9904 9679 9903
f 10109 9906 9908
f 9908 9905 9687
f 9343 9509 9342
f 9514 9691 9515
f 9692 9691 9915
f 9683 9684 9680
f 9510 9684 9507
f 9138 9343 9342
f 9684 9683 9507
f 9343 9510 9509
f 9908 9911 9910
f 8880 9348 9349
f 9687 9908 9910
f 9685 9681 9682
f 9682 9905 9685
f 9907 9908 9687
f 9688 9690 9689
f 9513 9690 9514
f 9331 9328 9494
f 9144 9348 8880
f 9905 9903 9906
f 9904 10108 10107
f 9909 9911 9908
f 9907 9687 9685
f 9689 9690 9512
f 9690 9513 9512
f 9340 9341 9135
f 9513 9348 9347
f 9688 9689 9512
f 9507 9505 9680
f 9141 9346 9347
f 9687 9688 9686
f 9346 9345 9512
f 9345 9346 9141
f 9348 9513 9514
f 9691 9514 9690
f 9905 9681 9684
f 9511 9512 9345
f 9691 9690 9913
f 9348 9515 9516
f 10107 10108 10109
f 9681 9685 9684
f 9516 9349 9348
f 9903 9905 9904
f 9139 9343 9141
f 10112 10111 10110
f 9684 9686 9508
f 9340 9505 9507
f 9342 9340 9507
f 9139 9137 9343
f 9911 9909 10110
f 9681 9903 9679
f 9342 9137 9341
f 9336 9334 9495
f 9915 9691 9914
f 2661 2668 2529
f 2530 2531 2668
f 2531 2528 2529
f 2675 2676 2682
f 2528 2531 2530
f 2675 2674 2668
f 2668 2667 2530
f 2668 2674 2667
f 2531 2529 2668
f 2676 2683 2682
f 2668 2669 2675
f 2669 2676 2675
f 2653 2525 2660
f 2676 2669 2533
f 2533 2669 2532
f 2385 2533 2532
f 2529 2526 2661
f 2528 2525 2526
f 2524 2526 2525
f 2528 2526 2529
f 2528 2660 2525
f 2530 2667 2660
f 2660 2528 2530
f 2524 2525 2523
f 8265 7840 8272
f 8695 8690 8272
f 8280 8272 7842
f 8695 8280 8699
f 7844 8279 7845
f 8280 7845 8279
f 7845 8280 7842
f 7032 7422 7417
f 7417 7840 7836
f 8279 7848 8287
f 8690 8695 8691
f 8265 8272 8690
f 8243 8251 8252
f 7426 7421 7425
f 8695 8272 8280
f 7418 7832 7414
f 8272 7840 7842
f 7425 7421 7039
f 7418 7414 7417
f 7840 7417 7422
f 8258 7831 7836
f 8685 8258 8265
f 7848 8279 7844
f 8699 8280 8279
f 7425 7428 7426
f 7426 7845 7842
f 7429 7845 7426
f 7432 7847 7433
f 7429 7426 7428
f 7848 7433 7847
f 7433 7848 7428
f 7428 7848 7844
f 8690 9057 8685
f 7428 7844 7429
f 8700 8695 8699
f 7842 7840 7426
f 8696 8702 8697
f 8695 8696 8691
f 7845 7429 7844
f 8691 9057 8690
f 8686 9057 8691
f 8251 7832 8252
f 7414 7832 7831
f 8252 7832 7831
f 7831 8251 8252
f 8258 8680 8251
f 7831 8258 8251
f 7832 7836 7831
f 8685 8680 8258
f 7832 7418 7836
f 7032 7417 7414
f 7836 7418 7417
f 7422 7421 7426
f 8258 7836 7840
f 7840 8265 8258
f 8685 8265 8690
f 7426 7840 7422
f 2845 2996 2995
f 3002 2854 2995
f 2690 2683 2684
f 2845 2995 2854
f 2679 2838 2686
f 3002 2995 2996
f 2672 2665 2826
f 2838 2679 2833
f 2700 2693 2845
f 2693 2699 2692
f 2665 2672 2664
f 3002 2862 2854
f 2826 2833 2672
f 2685 2677 2678
f 2534 2677 2533
f 2862 3002 3009
f 2683 2533 2676
f 2697 2696 2690
f 2684 2685 2691
f 2677 2671 2678
f 3011 3003 3004
f 2663 2670 2825
f 2685 2686 2692
f 2693 2686 2842
f 3012 3004 3005
f 2686 2678 2679
f 2672 2678 2671
f 2842 2845 2693
f 3009 3002 3003
f 2854 2693 2699
f 2672 2671 2664
f 3004 3012 3011
f 3003 3002 2996
f 2692 2686 2693
f 2700 2846 2854
f 2699 2693 2700
f 2700 2845 2846
f 2684 2691 2690
f 2692 2699 2698
f 3003 2996 2997
f 2685 2678 2686
f 2691 2685 2692
f 2678 2672 2679
f 2670 2664 2671
f 2677 2670 2671
f 2854 2861 2853
f 2854 2698 2699
f 2853 2698 2854
f 2672 2833 2679
f 2676 2677 2684
f 2663 2664 2670
f 2685 2684 2677
f 2862 2861 2854
f 2676 2533 2677
f 3003 3010 3009
f 3011 3010 3003
f 2691 2697 2690
f 2684 2683 2676
f 2851 2690 2696
f 3004 3003 2997
f 11378 11373 11374
f 11378 11384 11380
f 11402 11408 11395
f 11376 11383 11382
f 11368 11373 11372
f 11395 11397 11402
f 11389 11397 11395
f 11395 11391 11389
f 11408 11410 11413
f 11393 11384 11385
f 11387 11389 11391
f 11404 11410 11408
f 11379 11384 11378
f 11366 11377 11383
f 11383 11387 11391
f 11391 11382 11383
f 11382 11371 11376
f 11408 11402 11404
f 11371 11353 11376
f 11380 11389 11387
f 11379 11378 11374
f 11392 11384 11393
f 11354 11367 11366
f 11366 11361 11354
f 11376 11353 11361
f 11387 11377 11380
f 11376 11361 11366
f 11380 11372 11373
f 11366 11383 11376
f 11387 11383 11377
f 11380 11377 11372
f 11366 11367 11377
f 11367 11372 11377
f 11367 11368 11372
f 11392 11389 11380
f 11392 11380 11384
f 11373 11378 11380
f 11385 11384 11379
f 11405 11406 11410
f 11394 11385 11388
f 11388 11386 11396
f 11394 11388 11396
f 11385 11394 11393
f 11385 11381 11388
f 11403 11409 11406
f 11381 11386 11388
f 11401 11396 11390
f 11400 11393 11394
f 11401 11403 11396
f 11414 11413 11410
f 11404 11397 11398
f 11400 11399 11393
f 11406 11400 11403
f 11393 11399 11392
f 11404 11402 11397
f 11406 11399 11400
f 11409 11412 11406
f 11407 11403 11401
f 11405 11399 11406
f 11398 11399 11405
f 11411 11409 11407
f 11386 11390 11396
f 11396 11400 11394
f 11405 11410 11404
f 11392 11399 11398
f 11398 11397 11389
f 11411 11412 11409
f 11409 11403 11407
f 11389 11392 11398
f 11404 11398 11405
f 11406 11412 11410
f 11396 11403 11400
f 520 516 569
f 568 574 519
f 520 569 568
f 574 524 519
f 476 477 522
f 515 519 472
f 575 568 569
f 523 471 519
f 612 610 652
f 472 467 515
f 575 569 622
f 516 570 569
f 639 689 688
f 620 574 575
f 475 534 488
f 689 772 688
f 617 622 569
f 535 573 586
f 477 471 523
f 573 535 523
f 522 535 534
f 523 574 573
f 476 471 477
f 617 570 564
f 620 586 574
f 617 569 570
f 524 574 523
f 573 574 586
f 535 522 523
f 570 516 564
f 653 652 651
f 620 631 630
f 586 620 630
f 534 476 522
f 534 535 586
f 475 476 534
f 586 585 534
f 678 631 665
f 488 534 533
f 560 612 561
f 629 598 585
f 772 720 761
f 463 464 512
f 640 677 690
f 720 690 721
f 598 629 639
f 772 731 720
f 533 585 597
f 689 639 640
f 639 597 598
f 678 630 631
f 711 748 722
f 585 586 629
f 722 748 747
f 666 711 665
f 630 678 677
f 722 665 711
f 747 721 722
f 722 678 665
f 598 597 585
f 720 721 761
f 596 546 547
f 747 802 761
f 487 546 497
f 677 629 630
f 585 533 534
f 678 722 677
f 761 721 747
f 677 722 721
f 653 698 652
f 677 721 690
f 690 720 731
f 629 677 640
f 772 689 731
f 689 690 731
f 629 586 630
f 690 689 640
f 640 639 629
f 547 546 533
f 487 533 546
f 497 546 496
f 562 614 565
f 618 617 564
f 563 614 562
f 564 565 618
f 615 655 654
f 631 621 665
f 613 565 614
f 662 614 654
f 614 563 611
f 662 661 613
f 515 467 516
f 611 655 615
f 615 614 611
f 614 662 613
f 654 614 615
f 565 613 618
f 562 514 563
f 512 464 460
f 516 467 463
f 618 613 661
f 666 621 622
f 562 565 513
f 514 562 513
f 563 560 611
f 512 513 565
f 565 564 512
f 517 512 564
f 512 464 513
f 660 622 617
f 666 622 660
f 621 631 620
f 512 517 516
f 622 621 575
f 621 666 665
f 575 621 620
f 515 516 520
f 511 559 560
f 511 560 561
f 510 513 461
f 463 512 516
f 596 595 546
f 467 462 463
f 612 652 561
f 560 610 612
f 513 510 514
f 513 512 461
f 611 560 612
f 461 511 510
f 651 652 610
f 563 514 511
f 460 461 512
f 523 522 477
f 520 519 515
f 560 563 511
f 564 516 517
f 519 524 523
f 568 575 574
f 701 700 652
f 698 701 652
f 568 519 520
f 698 653 701
f 511 514 510
f 9124 9335 9333
f 9505 9339 9340
f 9338 9497 9337
f 9498 9496 9495
f 9496 9491 9492
f 9328 9323 9325
f 9496 9492 9493
f 9491 9496 9489
f 9133 9131 9132
f 9505 9340 9341
f 9131 9133 9338
f 9339 9133 9135
f 9135 9136 9341
f 9335 9337 9495
f 9130 9132 9131
f 9130 9338 9337
f 9335 9127 9337
f 9325 9492 9491
f 9131 9338 9130
f 9136 8874 9138
f 9339 9503 9500
f 9341 9136 9342
f 9507 9341 9342
f 9492 9325 9489
f 9138 9342 9136
f 9506 9503 9505
f 9325 9323 9491
f 9497 9501 9498
f 9495 9497 9498
f 9500 9338 9339
f 9507 9505 9341
f 9339 9135 9340
f 9130 9337 9127
f 9339 9505 9503
f 9497 9495 9337
f 9113 9323 9328
f 9338 9133 9339
f 9495 9496 9493
f 9506 9505 9680
f 9506 9500 9503
f 9124 9127 9335
f 9334 9335 9495
f 9497 9338 9500
f 9113 9328 9115
f 9335 9334 9333
f 9493 9334 9495
f 9489 9496 9492
f 9501 9497 9500
f 2835 2839 2834
f 2979 2985 2835
f 2835 2985 2984
f 2834 2838 2833
f 2984 2990 2839
f 2996 2989 2990
f 2842 2989 2995
f 2996 2995 2989
f 2842 2686 2838
f 2838 2839 2983
f 2983 2990 2838
f 2990 2989 2838
f 2989 2842 2838
f 2699 2700 2854
f 2984 2839 2835
f 2842 2995 2845
f 2838 2834 2839
f 2835 2834 2979
f 2854 2846 2845
f 2990 2983 2839
f 11427 11424 11421
f 11417 11420 11414
f 11420 11423 11416
f 11419 11422 11423
f 11423 11422 11425
f 11420 11426 11423
f 11422 11413 11418
f 11424 11420 11417
f 11423 11426 11425
f 11429 11418 11422
f 11412 11411 11415
f 11424 11426 11420
f 11414 11420 11416
f 11442 11422 11433
f 11418 11419 11423
f 11423 11422 11418
f 11416 11419 11413
f 11418 11413 11419
f 11426 11427 11431
f 11427 11430 11431
f 11426 11424 11427
f 11416 11413 11414
f 11419 11416 11423
f 11412 11414 11410
f 11415 11421 11412
f 11427 11424 11430
f 11421 11424 11417
f 11414 11412 11417
f 11424 11421 11415
f 11417 11412 11421
f 11433 11422 11429
f 10296 10189 10190
f 10190 10297 10296
f 10296 10396 10295
f 10388 10295 10396
f 10297 10198 10298
f 10018 10207 10206
f 10200 10008 10201
f 10037 10027 10036
f 10197 10005 10006
f 10026 10036 10027
f 10397 10398 10390
f 10017 10008 10007
f 10016 10006 10015
f 10047 10037 10046
f 10017 10028 10029
f 10028 10039 10029
f 10206 10207 10202
f 10026 10027 10016
f 10378 10388 10389
f 10018 10030 10019
f 10300 10199 10200
f 10389 10379 10378
f 10399 10297 10298
f 10359 10377 10360
f 10188 10296 10295
f 10398 10297 10399
f 10015 10006 10005
f 10201 10018 10206
f 10207 10018 10019
f 10298 10299 10399
f 10017 10018 10008
f 10398 10296 10297
f 10391 10399 10392
f 10277 10377 10276
f 10392 10399 10299
f 10199 10300 10299
f 10390 10389 10397
f 10008 10200 10007
f 10199 10198 10006
f 10027 10037 10028
f 10028 10017 10016
f 10207 10019 10030
f 10398 10397 10296
f 10028 10038 10039
f 10390 10398 10399
f 10388 10277 10289
f 10390 10379 10389
f 10028 10037 10038
f 10391 10380 10390
f 10038 10037 10047
f 10390 10380 10379
f 10380 10391 10392
f 10028 10016 10027
f 10007 10200 10199
f 10196 10189 10296
f 10389 10296 10397
f 10399 10391 10390
f 10199 10298 10198
f 10377 10376 10276
f 10378 10377 10388
f 10376 10377 10358
f 10007 10006 10016
f 10378 10360 10377
f 10392 10400 10401
f 10298 10199 10299
f 10038 10047 10048
f 10296 10389 10396
f 10197 10006 10198
f 10377 10277 10388
f 10196 10197 10190
f 10196 10296 10188
f 10190 10198 10297
f 10201 10008 10018
f 10017 10029 10018
f 10400 10299 10300
f 10209 10208 10207
f 10007 10016 10017
f 10392 10299 10400
f 10189 10196 10190
f 10201 10206 10202
f 10199 10006 10007
f 10388 10396 10389
f 10190 10197 10198
f 10005 10014 10015
f 10359 10358 10377
f 10030 10209 10207
f 10401 10400 10300
f 10016 10015 10026
f 10018 10029 10030
f 10039 10030 10029
f 10339 10442 10340
f 10249 10339 10340
f 10526 10443 10442
f 10585 10526 10442
f 10442 10443 10340
f 10341 10340 10250
f 10340 10443 10250
f 10338 10526 10337
f 10245 10246 10338
f 10608 10585 10607
f 10246 10247 10338
f 10338 10246 10248
f 10337 10245 10338
f 10608 10607 10526
f 10585 10608 10526
f 10338 10337 10246
f 10249 10340 10250
f 10246 10337 10442
f 10442 10337 10526
f 10608 10442 10526
f 10246 10442 10338
f 10442 10608 10585
f 10442 10339 10338
f 10338 10339 10249
f 10338 10249 10248
f 10443 10526 10527
f 1510 1476 1451
f 1282 1269 1309
f 1309 1308 1282
f 1339 1284 1311
f 1226 1244 1242
f 1241 1226 1242
f 1450 1420 1451
f 1391 1452 1421
f 1476 1450 1451
f 1421 1451 1420
f 1451 1421 1477
f 1391 1421 1366
f 1366 1421 1420
f 1391 1392 1452
f 1141 1107 1086
f 1141 1140 1107
f 1107 1140 1122
f 1182 1169 1140
f 1141 1142 1183
f 1141 1182 1140
f 1140 1169 1122
f 1108 1141 1086
f 1141 1108 1142
f 1181 1122 1169
f 1419 1420 1450
f 1420 1419 1390
f 1181 1169 1209
f 1247 1209 1210
f 1208 1181 1209
f 1182 1209 1169
f 1210 1209 1182
f 1226 1245 1244
f 1271 1247 1248
f 1269 1245 1270
f 1246 1283 1270
f 1245 1226 1208
f 1208 1270 1245
f 1283 1310 1270
f 1269 1270 1310
f 1311 1284 1285
f 1312 1271 1248
f 1271 1285 1247
f 1183 1227 1199
f 1284 1283 1246
f 1199 1141 1183
f 1285 1284 1247
f 1209 1247 1246
f 1199 1182 1141
f 1270 1208 1246
f 1199 1210 1182
f 1199 1248 1210
f 1247 1284 1246
f 1246 1208 1209
f 1269 1282 1267
f 1510 1509 1476
f 1248 1199 1227
f 1510 1546 1509
f 1271 1312 1285
f 1248 1247 1210
f 1338 1393 1392
f 1366 1310 1391
f 1337 1310 1283
f 1338 1337 1283
f 1310 1366 1336
f 1283 1339 1338
f 1338 1392 1337
f 1392 1391 1337
f 1339 1393 1338
f 1339 1283 1284
f 1309 1269 1310
f 1310 1336 1309
f 1337 1391 1310
f 1420 1390 1366
f 1365 1390 1336
f 1245 1269 1268
f 1268 1244 1245
f 1451 1477 1510
f 1242 1244 1243
f 1267 1242 1243
f 1268 1267 1243
f 1244 1268 1243
f 1242 1267 1265
f 1266 1265 1267
f 1267 1268 1269
f 1142 1087 1109
f 1267 1282 1266
f 1308 1309 1336
f 1308 1336 1335
f 1108 1087 1142
f 1366 1365 1336
f 1365 1366 1390
f 1452 1477 1421
f 5173 4856 4852
f 5203 5199 5204
f 5169 4847 4843
f 6397 6398 6395
f 6082 6395 6398
f 6395 6082 6392
f 6395 6717 6397
f 6717 6395 6392
f 6084 6082 6398
f 5178 5182 5177
f 5185 5181 5488
f 4844 5165 4843
f 5185 5488 5186
f 5484 5182 5178
f 5491 5192 5189
f 5493 5489 5795
f 5493 5492 5489
f 5185 5488 5189
f 5489 5793 5795
f 5489 5492 5488
f 5486 5489 5485
f 5489 5486 5793
f 5489 5488 5485
f 5484 5488 5181
f 5488 5484 5485
f 5484 5181 5182
f 5181 5177 5182
f 5481 5485 5484
f 5484 5480 5481
f 5178 5480 5484
f 5175 5178 5177
f 5177 5174 5175
f 4856 5177 5180
f 4844 4840 5161
f 5184 5180 5181
f 5173 5174 5177
f 5204 5208 5203
f 5169 5174 4852
f 5196 5200 5195
f 6080 6078 6389
f 5170 5166 5167
f 5481 5787 5790
f 5478 5783 5482
f 5786 5790 5787
f 5476 5175 5170
f 5161 5166 5165
f 5476 5473 5477
f 5473 5167 5470
f 5470 5468 5471
f 5468 5470 5467
f 5776 5780 5471
f 6082 5789 5786
f 5474 5473 5470
f 5477 5478 5481
f 5780 5782 5783
f 5786 5782 6078
f 5477 5480 5175
f 6084 5795 5792
f 5162 5166 5161
f 5776 5779 5780
f 5162 5470 5166
f 5793 5792 5795
f 6076 5782 5779
f 5215 5212 5216
f 5211 5212 5215
f 5208 5207 5203
f 5207 5208 5212
f 5792 5793 5789
f 5211 5207 5212
f 5195 5200 5199
f 5192 5196 5195
f 5192 5195 5191
f 6080 6392 6082
f 5162 5467 5470
f 6076 5779 6074
f 5170 5167 5473
f 5165 5166 5170
f 5780 5474 5471
f 5478 5473 5474
f 5189 5192 5191
f 5165 5170 5169
f 5191 5188 5189
f 5470 5471 5474
f 6074 5779 5776
f 5184 5189 5188
f 5478 5477 5473
f 5170 5473 5476
f 5478 5474 5780
f 5470 5167 5166
f 6082 6084 5789
f 5181 5185 5184
f 5180 5184 4861
f 5180 4861 4856
f 5180 5177 5181
f 5185 5189 5184
f 4856 5173 5177
f 5780 5783 5478
f 5779 5782 5780
f 5169 5170 5174
f 5170 5175 5174
f 5782 6076 6078
f 5485 5481 5790
f 4852 5174 5173
f 4847 5169 4852
f 5169 4843 5165
f 5786 5783 5782
f 5485 5790 5486
f 5478 5482 5481
f 5783 5787 5482
f 5789 6084 5792
f 6078 6080 5786
f 5175 5476 5477
f 5787 5783 5786
f 6385 6389 6076
f 6389 6078 6076
f 5789 5793 5790
f 5477 5481 5480
f 6392 6389 6388
f 5482 5787 5481
f 6385 6388 6389
f 4839 4844 4843
f 4840 4844 4839
f 5178 5175 5480
f 5790 5793 5486
f 6080 6082 5786
f 5790 5786 5789
f 6392 6080 6389
f 5165 4844 5161
f 675 628 584
f 439 438 386
f 592 584 531
f 378 379 386
f 543 593 542
f 486 542 532
f 439 379 440
f 379 380 440
f 767 803 719
f 830 760 831
f 495 440 496
f 485 429 532
f 592 636 676
f 859 830 831
f 440 380 430
f 886 885 859
f 636 592 542
f 803 831 760
f 832 859 831
f 675 674 628
f 760 719 803
f 676 675 584
f 832 886 859
f 886 860 947
f 542 593 636
f 676 719 675
f 729 728 685
f 637 636 593
f 759 673 674
f 684 676 636
f 719 676 767
f 674 719 760
f 594 637 543
f 675 719 674
f 798 804 768
f 671 670 627
f 528 527 482
f 583 628 674
f 628 583 584
f 672 583 673
f 758 673 759
f 531 584 530
f 718 758 795
f 532 592 531
f 758 718 672
f 673 583 674
f 482 483 529
f 583 672 581
f 863 889 862
f 889 888 862
f 637 728 636
f 728 637 685
f 947 946 886
f 832 831 803
f 803 767 832
f 760 759 674
f 728 684 636
f 768 767 728
f 584 592 676
f 767 684 728
f 832 804 860
f 767 676 684
f 592 532 542
f 832 860 886
f 593 543 637
f 728 729 768
f 797 759 760
f 829 795 796
f 759 797 758
f 758 797 796
f 804 832 767
f 798 768 729
f 796 797 829
f 795 758 796
f 829 828 795
f 794 795 828
f 767 768 804
f 820 852 834
f 1212 1156 1171
f 366 367 380
f 431 496 430
f 583 581 582
f 581 627 580
f 627 581 671
f 485 531 530
f 718 671 672
f 583 530 584
f 672 673 758
f 581 672 671
f 485 530 484
f 582 581 529
f 582 529 583
f 530 583 529
f 528 529 581
f 531 485 532
f 483 530 529
f 581 580 528
f 580 627 626
f 529 528 482
f 527 528 580
f 626 579 580
f 527 580 579
f 597 638 596
f 595 594 545
f 545 546 595
f 547 597 596
f 686 594 595
f 685 686 729
f 687 595 638
f 597 639 638
f 687 638 688
f 639 688 638
f 430 380 419
f 595 596 638
f 367 419 380
f 687 686 595
f 686 687 730
f 438 439 494
f 637 594 686
f 544 543 494
f 496 546 545
f 686 730 729
f 544 545 594
f 686 685 637
f 495 545 544
f 494 495 544
f 495 494 439
f 543 542 494
f 494 542 438
f 367 368 419
f 368 431 419
f 419 431 430
f 834 852 863
f 801 772 761
f 801 761 802
f 833 800 834
f 801 834 800
f 597 547 533
f 1212 1349 1290
f 834 801 820
f 801 802 821
f 801 821 820
f 1156 1187 1124
f 1090 1021 1091
f 1124 1187 1090
f 1090 1091 1124
f 545 495 496
f 1404 1372 1318
f 377 386 429
f 379 439 386
f 365 310 376
f 376 310 377
f 885 884 830
f 425 374 426
f 909 938 968
f 914 883 915
f 910 881 914
f 1024 975 1025
f 855 881 909
f 946 945 916
f 915 945 914
f 909 878 855
f 1024 1023 995
f 910 938 909
f 883 914 857
f 968 938 939
f 939 975 968
f 881 882 914
f 975 995 968
f 944 975 939
f 829 858 857
f 1173 1127 1157
f 1173 1213 1172
f 1022 1066 994
f 968 994 937
f 1172 1145 1126
f 1024 1044 1023
f 1056 1003 1004
f 1025 1044 1024
f 916 885 946
f 1066 1022 1092
f 915 916 945
f 1125 1066 1092
f 975 944 945
f 937 909 968
f 945 946 975
f 995 975 1024
f 1173 1126 1127
f 1125 1092 1145
f 881 856 882
f 1066 1110 1091
f 1102 1069 1056
f 1045 1025 1003
f 1045 1003 1056
f 1022 1044 1067
f 944 914 945
f 1092 1126 1145
f 909 937 878
f 1127 1126 1068
f 883 916 915
f 1092 1022 1067
f 1212 1213 1318
f 1069 1045 1056
f 1126 1092 1067
f 1091 1110 1124
f 1069 1068 1045
f 946 1004 1003
f 438 486 429
f 1125 1110 1066
f 995 1023 1022
f 1044 1025 1045
f 1069 1127 1068
f 1068 1067 1044
f 1173 1172 1126
f 1023 1044 1022
f 882 857 914
f 946 1003 975
f 909 881 910
f 994 968 1022
f 884 885 916
f 1067 1068 1126
f 856 881 855
f 884 916 883
f 1022 968 995
f 1068 1044 1045
f 975 1003 1025
f 1171 1145 1172
f 1069 1102 1127
f 1373 1404 1318
f 1021 994 1066
f 794 856 827
f 1021 967 994
f 967 937 994
f 908 878 937
f 827 793 794
f 937 967 908
f 828 856 794
f 938 910 939
f 857 828 829
f 424 425 481
f 858 829 797
f 530 483 427
f 828 857 882
f 484 530 427
f 1145 1144 1125
f 882 856 828
f 486 438 542
f 830 858 797
f 910 914 944
f 883 857 858
f 939 910 944
f 858 884 883
f 757 717 718
f 718 670 671
f 795 794 757
f 794 793 756
f 625 579 626
f 754 755 793
f 1124 1110 1156
f 794 756 757
f 718 795 757
f 717 757 756
f 755 717 756
f 683 625 669
f 716 683 669
f 669 625 670
f 670 716 669
f 716 755 754
f 670 625 626
f 670 717 716
f 716 717 755
f 670 718 717
f 755 756 793
f 670 626 627
f 1156 1212 1187
f 1212 1171 1172
f 1213 1212 1172
f 1349 1212 1318
f 1157 1230 1173
f 1230 1213 1173
f 1230 1157 1174
f 1230 1373 1318
f 1171 1144 1145
f 1230 1318 1213
f 1066 1091 1021
f 1156 1125 1144
f 884 858 830
f 430 496 440
f 833 863 862
f 863 833 834
f 772 801 800
f 918 917 887
f 917 947 860
f 887 919 918
f 917 860 887
f 1144 1171 1156
f 1212 1290 1187
f 1349 1318 1372
f 1125 1156 1110
f 919 887 888
f 860 798 887
f 888 887 861
f 861 798 799
f 377 428 376
f 798 729 769
f 862 861 799
f 861 862 888
f 769 799 798
f 729 770 769
f 799 833 862
f 770 729 730
f 833 799 800
f 770 687 688
f 482 481 425
f 428 377 429
f 770 800 799
f 527 579 526
f 440 495 439
f 688 771 770
f 426 482 425
f 861 887 798
f 687 770 730
f 770 799 769
f 800 771 772
f 770 771 800
f 380 379 366
f 860 804 798
f 429 485 428
f 772 771 688
f 543 544 594
f 830 797 760
f 427 483 426
f 429 386 438
f 830 859 885
f 378 386 377
f 483 482 426
f 946 885 886
f 532 429 486
f 10062 10063 10060
f 10059 10062 10060
f 10340 10339 10250
f 10441 10442 10525
f 10442 10526 10525
f 10339 10249 10250
f 10441 10337 10338
f 10442 10441 10338
f 3958 3967 4182
f 3967 3958 3747
f 5004 5322 4996
f 5329 5324 5323
f 3399 3223 3400
f 2902 3068 3055
f 5015 4708 5016
f 3570 3394 3399
f 3574 3580 3760
f 4175 4174 3957
f 5328 5010 5329
f 4418 4426 4685
f 3399 3400 3408
f 3574 3570 3399
f 5642 5329 5330
f 4989 4990 5310
f 3067 3054 3055
f 5310 4996 5316
f 3399 3580 3574
f 3408 3407 3399
f 4417 4418 4685
f 4192 4433 4191
f 2902 2910 3068
f 4426 4692 4685
f 3574 3754 3753
f 3734 3558 3735
f 3745 3956 3955
f 4685 4692 4990
f 3223 3232 3400
f 3744 3743 3566
f 4702 5010 4701
f 4192 3972 3975
f 3559 3565 3743
f 4990 4692 4997
f 3958 4182 4175
f 3392 3567 3214
f 3393 3569 3568
f 3966 4182 3967
f 3948 3949 4165
f 4426 4701 4692
f 3753 3760 3759
f 5011 5010 4705
f 3948 3735 3949
f 4172 3954 3955
f 3232 3223 3067
f 3759 3967 3753
f 5005 5010 5009
f 3744 3567 3745
f 3399 3407 3580
f 3733 3734 3948
f 3569 3753 3747
f 4173 3955 3956
f 3972 3966 3967
f 3558 3559 3735
f 3384 3559 3558
f 3216 3217 3394
f 3949 3742 3743
f 3565 3559 3384
f 3557 3558 3734
f 4188 4182 3966
f 3072 3067 3073
f 4182 4433 4426
f 3067 3055 3068
f 4193 3975 3976
f 5322 5005 5323
f 3232 3237 3413
f 3742 3735 3743
f 5310 4990 4996
f 3570 3569 3394
f 3574 3753 3569
f 3583 3584 3765
f 4418 4417 4174
f 3759 3583 3765
f 5015 5011 4708
f 3394 3217 3399
f 3072 3232 3067
f 3956 3746 4174
f 3584 3766 3765
f 3753 3967 3747
f 5316 4996 4997
f 3237 3072 3073
f 3765 3766 3976
f 4433 4701 4426
f 4165 3949 3954
f 3391 3214 3567
f 3054 3067 3223
f 4701 4997 4692
f 3765 3764 3759
f 4433 4702 4701
f 3745 3567 3746
f 4188 3966 3972
f 4173 4174 4417
f 3408 3232 3413
f 4701 5005 4997
f 4996 4997 5005
f 3975 3972 3759
f 3054 3223 3047
f 4990 4997 4996
f 3569 3570 3574
f 2910 3073 3068
f 4437 4192 4438
f 2914 3073 2910
f 4416 4173 4417
f 3412 3407 3413
f 3392 3568 3746
f 3217 3216 3046
f 3954 3949 3743
f 5004 4996 5005
f 4437 4705 4704
f 4191 4188 4192
f 3567 3566 3391
f 3408 3413 3407
f 4191 4433 4188
f 3046 3218 3217
f 3735 3742 3949
f 3218 3223 3217
f 5316 4996 5322
f 3218 3046 3223
f 3237 3073 3238
f 3744 3745 3955
f 3566 3567 3744
f 4702 4433 4704
f 5011 5015 5016
f 4193 3976 4196
f 3407 3232 3408
f 3978 3976 3766
f 3957 4174 3746
f 4172 4173 4416
f 3583 3407 3412
f 3407 3583 3580
f 4433 4436 4704
f 4173 4172 3955
f 4417 4685 4416
f 3760 3580 3759
f 4436 4433 4192
f 3047 3223 3046
f 3735 3559 3743
f 5010 4702 4704
f 3743 3955 3954
f 4197 4193 4196
f 5010 5005 4701
f 4708 4440 4441
f 4174 4173 3956
f 3232 3408 3400
f 4196 3976 3978
f 3384 3566 3565
f 4175 3957 3958
f 3746 3956 3745
f 2914 2915 3073
f 4437 4704 4436
f 4418 4182 4426
f 3072 3073 2914
f 3584 3583 3413
f 3237 3232 3072
f 3215 3216 3393
f 5010 4704 4705
f 3976 3764 3765
f 3580 3583 3759
f 3766 3584 3769
f 3068 3073 3067
f 3764 3976 3975
f 3743 3565 3566
f 3975 4193 4192
f 3583 3412 3413
f 3759 3764 3975
f 3566 3390 3391
f 5329 5010 5330
f 4418 4175 4182
f 3381 3555 3380
f 3380 3555 3554
f 3392 3215 3393
f 4192 4437 4436
f 4438 4193 4440
f 3948 3734 3735
f 3733 3555 3556
f 4192 4193 4438
f 3556 3555 3381
f 4705 4437 4438
f 4438 4440 4705
f 5011 4705 4708
f 3733 3556 3734
f 4174 4175 4418
f 3734 3556 3557
f 3554 3553 3380
f 3215 3392 3214
f 4188 4433 4182
f 3574 3760 3753
f 3393 3216 3394
f 4440 4708 4705
f 5005 5009 5323
f 5338 5331 5016
f 5010 5328 5009
f 5010 5011 5330
f 5330 5011 5016
f 3746 3567 3392
f 4440 4193 4441
f 5016 5331 5330
f 3747 3958 3746
f 3957 3746 3958
f 3747 3568 3569
f 5328 5323 5009
f 3568 3747 3746
f 5329 5323 5328
f 5642 5324 5329
f 4196 4441 4193
f 5005 5322 5004
f 3972 3967 3759
f 3955 3743 3744
f 3393 3568 3392
f 4441 4196 4197
f 3394 3569 3393
f 3217 3223 3399
f 3972 4192 4188
f 6020 5723 6024
f 5409 5074 5078
f 4766 4489 4261
f 4765 4488 4489
f 4766 4769 5074
f 5074 4765 4766
f 5726 5415 5418
f 4764 4762 4765
f 5074 4769 4770
f 5712 5407 5715
f 4506 4782 4778
f 5070 4764 4765
f 6019 6024 6023
f 4770 4774 5075
f 5078 5074 5079
f 5409 5078 5412
f 5074 5407 4765
f 5071 5407 5406
f 6654 6329 6332
f 6329 6654 6651
f 6651 6650 6329
f 6646 6651 6647
f 7395 7003 7006
f 6646 6647 7009
f 7390 7000 7001
f 7392 7003 7395
f 6650 6646 6645
f 7009 7006 7005
f 6014 5712 5715
f 4766 4770 4769
f 5079 5075 4774
f 5708 5405 5710
f 7804 7803 7392
f 7804 7392 7395
f 7392 7391 7002
f 7392 7803 7391
f 5716 5715 5409
f 4778 4782 5086
f 5406 5407 5711
f 6641 6645 6646
f 7006 7002 7005
f 6646 6642 6641
f 7804 8206 7803
f 7005 7002 7001
f 7390 7800 7386
f 7001 7002 7391
f 7391 7390 7001
f 7800 7391 7803
f 7003 7002 7006
f 6638 7001 6637
f 7003 7392 7002
f 6638 6637 6320
f 7005 6641 6642
f 7390 7391 7800
f 7390 7386 7385
f 7005 7001 6638
f 7389 7390 7385
f 7005 6642 7009
f 6651 6646 6650
f 7000 6637 7001
f 6650 6645 6328
f 7009 6642 6646
f 7390 7389 7000
f 6638 6641 7005
f 5415 5726 5723
f 5720 5722 6017
f 5075 5079 5074
f 4770 5075 5074
f 5407 5409 5715
f 4492 4766 4261
f 4766 4492 4770
f 5722 6020 6019
f 5407 5712 5711
f 4764 5068 4762
f 5083 5415 5082
f 5712 6014 6011
f 4764 5070 5068
f 5082 5414 5079
f 5074 5409 5407
f 5412 5720 5716
f 4766 4765 4489
f 5710 5711 6010
f 5712 6011 5711
f 4777 4774 4778
f 5412 5716 5409
f 5079 5412 5078
f 5414 5412 5079
f 5415 5414 5082
f 8203 7803 8206
f 5071 4765 5407
f 5083 5082 4778
f 8202 7803 8203
f 5711 6011 6010
f 4774 4499 4778
f 8633 8200 8203
f 8202 7795 7800
f 8199 7795 8203
f 5719 5720 6017
f 7386 7799 7385
f 7800 7799 7386
f 7800 7794 7799
f 7800 7795 7794
f 7800 7803 8202
f 5082 5079 4774
f 5414 5722 5412
f 5415 5723 5414
f 5720 5719 5715
f 5715 6017 6014
f 4765 4762 4488
f 4777 5082 4774
f 6017 5715 5719
f 5716 5720 5715
f 5082 4777 4778
f 4502 4506 4778
f 6641 6325 6645
f 5710 6010 6006
f 6005 6009 6315
f 8202 8203 7795
f 6645 6326 6328
f 6005 6006 6009
f 6319 6636 6318
f 6636 6633 6315
f 6323 6322 6014
f 6315 6311 6312
f 6320 6637 6319
f 6318 6010 6319
f 6326 6645 6325
f 6318 6009 6010
f 6019 6329 6328
f 8199 8203 8200
f 6322 6325 6641
f 6315 6632 6314
f 5414 5723 5722
f 5710 6006 5708
f 6323 6326 6325
f 5071 5070 4765
f 5419 5415 5083
f 5071 5406 5070
f 6638 6320 6641
f 5720 5412 5722
f 6019 6017 5722
f 4506 4783 4782
f 6013 6320 6011
f 6013 6011 6014
f 6013 6322 6320
f 5086 5083 4778
f 5722 5723 6020
f 6017 6323 6014
f 6323 6325 6322
f 6328 6326 6017
f 6019 6328 6017
f 5086 5419 5083
f 5415 5419 5418
f 6024 5723 5726
f 6329 6019 6023
f 6023 6332 6329
f 6024 6019 6020
f 8200 8630 8199
f 6024 6332 6023
f 6009 6318 6315
f 6315 6633 6632
f 8633 8630 8200
f 6326 6323 6017
f 6650 6328 6329
f 6010 6011 6320
f 6009 6006 6010
f 6636 6319 6637
f 6014 6322 6013
f 6010 6320 6319
f 6005 6315 6312
f 6641 6320 6322
f 6633 6636 6632
f 6311 6315 6314
f 6315 6318 6636
f 6632 6636 6996
f 236 246 195
f 195 194 153
f 152 144 153
f 298 297 244
f 245 298 244
f 194 201 193
f 192 200 151
f 295 354 362
f 8 4 19
f 160 150 161
f 186 145 137
f 201 152 193
f 363 362 355
f 33 35 50
f 198 243 197
f 202 195 246
f 106 137 145
f 425 362 363
f 105 112 81
f 15 19 14
f 150 120 151
f 425 363 374
f 201 245 200
f 19 34 33
f 20 19 8
f 7 3 4
f 81 82 105
f 81 112 80
f 152 201 192
f 192 151 152
f 152 111 112
f 362 307 295
f 111 152 151
f 245 202 246
f 159 197 204
f 161 151 200
f 152 112 144
f 363 364 374
f 297 355 296
f 354 295 355
f 126 92 118
f 118 119 150
f 364 363 355
f 296 355 295
f 151 161 150
f 150 159 118
f 201 200 192
f 158 159 204
f 243 204 197
f 242 243 295
f 427 426 375
f 73 106 105
f 295 307 306
f 295 250 242
f 92 93 118
f 250 295 306
f 29 44 43
f 4 14 19
f 158 125 126
f 159 158 118
f 297 364 355
f 484 428 485
f 354 355 362
f 428 484 427
f 111 151 120
f 428 427 376
f 426 374 375
f 25 24 12
f 365 375 364
f 375 376 427
f 364 375 374
f 364 297 308
f 186 137 187
f 287 296 234
f 287 235 296
f 310 246 299
f 199 150 160
f 234 235 287
f 235 297 296
f 199 161 200
f 243 234 295
f 161 199 160
f 159 150 199
f 199 235 234
f 296 235 244
f 199 198 159
f 191 199 200
f 235 191 244
f 204 243 242
f 296 244 297
f 158 126 118
f 198 234 243
f 235 199 191
f 191 200 244
f 234 296 295
f 199 234 198
f 195 186 187
f 297 298 308
f 364 309 365
f 193 152 153
f 246 194 202
f 309 364 308
f 19 15 20
f 310 365 309
f 159 198 197
f 298 310 309
f 112 111 88
f 24 25 29
f 195 145 186
f 50 72 57
f 81 72 82
f 88 80 112
f 194 195 202
f 99 138 137
f 244 200 245
f 15 16 20
f 153 144 113
f 16 21 20
f 195 153 145
f 150 119 120
f 16 30 21
f 7 11 6
f 44 60 43
f 21 30 34
f 12 24 11
f 20 21 34
f 34 30 35
f 105 145 113
f 34 19 20
f 246 310 245
f 34 35 33
f 118 93 119
f 8 19 7
f 194 202 201
f 298 309 308
f 73 99 106
f 4 3 14
f 153 194 193
f 15 30 16
f 298 245 310
f 376 375 365
f 144 112 113
f 29 25 44
f 25 7 19
f 11 7 12
f 145 105 106
f 33 38 19
f 56 33 50
f 7 25 12
f 19 26 25
f 4 8 7
f 26 38 25
f 26 19 38
f 39 33 56
f 82 73 105
f 57 72 81
f 38 44 25
f 202 245 201
f 33 39 38
f 39 56 55
f 50 57 56
f 62 93 61
f 56 57 80
f 55 79 87
f 250 204 242
f 81 80 57
f 106 99 137
f 87 79 80
f 54 55 63
f 119 93 120
f 61 44 62
f 87 110 86
f 120 86 110
f 87 88 111
f 67 60 61
f 92 68 93
f 44 61 60
f 56 79 55
f 79 56 80
f 68 61 93
f 112 105 113
f 145 153 113
f 86 93 85
f 93 62 85
f 86 120 93
f 39 62 38
f 87 86 55
f 62 54 63
f 86 63 55
f 55 54 39
f 61 68 67
f 85 62 86
f 88 87 80
f 62 63 86
f 62 44 38
f 92 67 68
f 110 87 111
f 62 39 54
f 110 111 120
f 2825 2832 2824
f 2806 2644 2632
f 2511 2520 2510
f 2646 2634 2635
f 2635 2647 2646
f 2632 2800 2806
f 2635 2622 2514
f 2661 2655 2662
f 2631 2644 2524
f 2514 2623 2635
f 2524 2644 2655
f 2622 2635 2634
f 2503 2514 2513
f 2655 2816 2824
f 2524 2520 2631
f 2795 2800 2620
f 2800 2632 2620
f 2634 2633 2512
f 2532 2534 2533
f 2520 2524 2643
f 2655 2661 2526
f 2644 2806 2816
f 2622 2634 2513
f 2520 2620 2631
f 2631 2520 2643
f 2643 2524 2642
f 2523 2642 2524
f 2513 2514 2622
f 2677 2676 2670
f 2663 2817 2656
f 2520 2511 2620
f 2631 2643 2630
f 2514 2515 2623
f 2825 2817 2663
f 2630 2619 2519
f 2480 2481 2492
f 2631 2632 2644
f 2513 2502 2503
f 2511 2500 2512
f 2655 2526 2654
f 2514 2504 2515
f 2492 2481 2493
f 2503 2493 2504
f 2503 2492 2493
f 2491 2503 2502
f 2505 2504 2493
f 2662 2669 2668
f 2669 2676 2532
f 2807 2817 2816
f 2499 2384 2382
f 2505 2516 2515
f 2642 2630 2643
f 2630 2520 2631
f 2646 2633 2634
f 2657 2664 2663
f 2656 2657 2663
f 2816 2655 2644
f 2512 2513 2634
f 2669 2662 2824
f 2831 2824 2832
f 2831 2669 2824
f 2514 2503 2504
f 2816 2817 2824
f 2526 2524 2654
f 2795 2801 2800
f 2515 2504 2505
f 2503 2491 2492
f 2806 2801 2807
f 2670 2676 2669
f 2832 2669 2831
f 2669 2832 2670
f 2654 2524 2655
f 2676 2534 2532
f 2801 2806 2800
f 2824 2662 2655
f 2676 2677 2534
f 2832 2825 2670
f 2807 2816 2806
f 2824 2817 2825
f 2631 2620 2632
f 2668 2661 2662
f 2380 2382 2381
f 2510 2519 2509
f 2491 2502 2501
f 2499 2511 2510
f 2383 2382 2384
f 2480 2479 2376
f 2384 2499 2510
f 2383 2508 2498
f 2620 2621 2795
f 2512 2500 2501
f 2500 2490 2501
f 2383 2510 2509
f 2479 2490 2478
f 2511 2621 2620
f 2499 2488 2489
f 2479 2491 2490
f 2489 2478 2490
f 2510 2520 2519
f 2513 2501 2502
f 2490 2500 2489
f 2479 2492 2491
f 2500 2499 2489
f 2795 2633 2801
f 2491 2501 2490
f 2511 2499 2500
f 2633 2795 2621
f 2380 2488 2499
f 2646 2657 2645
f 2621 2511 2512
f 2480 2492 2479
f 2621 2512 2633
f 2645 2656 2807
f 2382 2380 2499
f 2619 2508 2509
f 2801 2633 2807
f 2486 2497 2613
f 2383 2509 2508
f 2519 2619 2509
f 2498 2487 2381
f 2498 2381 2383
f 2382 2383 2381
f 2501 2513 2512
f 2645 2807 2633
f 2520 2630 2519
f 2656 2817 2807
f 2645 2633 2646
f 2510 2383 2384
f 2497 2498 2508
f 2657 2656 2645
f 2486 2498 2497
f 2487 2498 2486
f 1379 1380 1412
f 1575 1663 1621
f 1263 1264 1265
f 1624 1625 1670
f 1577 1622 1666
f 1664 1663 1576
f 1772 1773 1833
f 1836 1888 1835
f 1581 1582 1625
f 1838 1837 1776
f 1328 1329 1360
f 1837 1889 1836
f 1475 1509 1544
f 1888 1944 1887
f 1355 1356 1378
f 1664 1725 1724
f 1332 1361 1331
f 1239 1260 1259
f 1543 1580 1579
f 1839 1776 1777
f 1834 1885 1832
f 1777 1776 1723
f 1580 1623 1578
f 1379 1356 1357
f 1543 1473 1508
f 1776 1837 1775
f 1544 1582 1581
f 1662 1719 1619
f 1945 1888 1889
f 2009 2010 2091
f 1437 1471 1501
f 1834 1833 1773
f 1449 1418 1450
f 1778 1724 1725
f 2091 2189 2188
f 1723 1724 1777
f 1777 1724 1778
f 1442 1441 1414
f 1443 1384 1415
f 1506 1541 1578
f 1414 1443 1442
f 1887 1944 1943
f 1577 1505 1506
f 1440 1383 1441
f 1507 1541 1472
f 1441 1383 1414
f 1447 1446 1416
f 1506 1442 1443
f 1663 1664 1724
f 1836 1775 1837
f 1505 1577 1576
f 1472 1506 1443
f 1385 1386 1415
f 1888 1887 1835
f 1384 1443 1414
f 1541 1506 1472
f 1415 1416 1445
f 1441 1442 1505
f 1385 1415 1384
f 2091 2090 2009
f 1443 1415 1444
f 1387 1386 1361
f 1622 1577 1506
f 1383 1328 1414
f 1576 1504 1505
f 1360 1385 1384
f 1441 1505 1440
f 1506 1505 1442
f 1361 1388 1387
f 1444 1507 1472
f 1505 1504 1440
f 1386 1385 1360
f 1506 1578 1622
f 1445 1444 1415
f 1576 1577 1665
f 1578 1541 1542
f 1446 1444 1445
f 1835 1834 1773
f 1541 1507 1542
f 1835 1887 1834
f 1446 1507 1444
f 1386 1387 1415
f 1472 1443 1444
f 1542 1507 1473
f 1446 1473 1507
f 1328 1360 1384
f 1416 1415 1387
f 1416 1446 1445
f 1446 1447 1473
f 1384 1414 1328
f 1722 1776 1775
f 1576 1665 1664
f 1416 1387 1417
f 1379 1411 1378
f 1447 1416 1417
f 1388 1417 1387
f 1666 1725 1665
f 1775 1774 1721
f 1720 1774 1773
f 1722 1723 1776
f 1503 1439 1413
f 1779 1725 1666
f 1544 1581 1543
f 1543 1542 1473
f 1773 1772 1720
f 1665 1577 1666
f 1723 1722 1663
f 1721 1620 1722
f 1664 1665 1725
f 1543 1508 1544
f 1772 1719 1720
f 1832 1833 1834
f 1771 1772 1833
f 1724 1723 1663
f 1941 1831 1885
f 1621 1722 1620
f 1544 1508 1475
f 1508 1473 1474
f 1885 1831 1832
f 1772 1718 1719
f 1718 1772 1771
f 1663 1722 1621
f 1449 1509 1475
f 1836 1774 1775
f 1620 1662 1573
f 1574 1621 1620
f 2091 2188 2090
f 1475 1508 1474
f 1770 1718 1771
f 1381 1359 1382
f 1447 1474 1473
f 1885 1886 1943
f 1240 1261 1225
f 1886 1887 1943
f 1885 2009 1941
f 1362 1388 1361
f 1838 1889 1837
f 1573 1572 1540
f 1438 1471 1437
f 1620 1573 1574
f 1770 1832 1831
f 1718 1717 1719
f 1721 1774 1720
f 1619 1573 1662
f 1719 1717 1619
f 1581 1625 1624
f 1263 1280 1279
f 1260 1276 1299
f 1280 1302 1278
f 1280 1304 1302
f 1888 1945 1944
f 2090 2008 2009
f 1474 1447 1448
f 1576 1575 1504
f 1578 1579 1580
f 1572 1573 1619
f 1540 1574 1573
f 1440 1503 1413
f 1543 1581 1580
f 1299 1259 1260
f 1888 1836 1889
f 1417 1448 1447
f 1618 1619 1717
f 1502 1503 1574
f 1413 1382 1383
f 1580 1581 1624
f 1770 1771 1832
f 1301 1330 1329
f 1575 1503 1504
f 1502 1574 1540
f 1578 1542 1579
f 2090 2089 2008
f 1418 1449 1448
f 1450 1476 1449
f 1448 1417 1418
f 1449 1475 1448
f 1471 1503 1502
f 1886 1834 1887
f 1440 1504 1503
f 1539 1540 1572
f 1502 1540 1471
f 1580 1624 1623
f 1389 1388 1362
f 1417 1389 1418
f 1471 1439 1503
f 1539 1572 1571
f 1471 1540 1501
f 1381 1380 1358
f 1774 1836 1773
f 1278 1302 1301
f 1419 1450 1418
f 1388 1389 1417
f 1579 1542 1543
f 1418 1389 1419
f 1471 1438 1439
f 1240 1276 1261
f 1575 1574 1503
f 1413 1383 1440
f 1539 1571 1470
f 1501 1539 1470
f 1419 1389 1364
f 1438 1413 1439
f 1501 1470 1437
f 1389 1362 1363
f 1363 1364 1389
f 1419 1364 1390
f 1413 1438 1381
f 1438 1437 1412
f 1381 1382 1413
f 1382 1359 1383
f 1470 1411 1437
f 1621 1574 1575
f 1721 1722 1775
f 1363 1362 1333
f 1334 1364 1363
f 1259 1299 1298
f 1305 1332 1303
f 1438 1412 1381
f 1412 1437 1411
f 1383 1359 1299
f 1362 1361 1333
f 1364 1334 1336
f 2011 2091 2010
f 1840 1839 1777
f 1364 1336 1390
f 1332 1331 1303
f 1363 1333 1334
f 1381 1412 1380
f 1379 1412 1411
f 1358 1359 1381
f 1359 1358 1299
f 1332 1333 1361
f 1334 1333 1307
f 1833 1832 1771
f 1305 1333 1332
f 1335 1334 1307
f 1333 1305 1307
f 1360 1331 1386
f 1380 1357 1358
f 1575 1576 1663
f 1379 1357 1380
f 1356 1379 1378
f 1358 1327 1298
f 1308 1335 1307
f 1307 1305 1306
f 1360 1330 1331
f 1357 1356 1358
f 1327 1358 1356
f 1327 1297 1298
f 1298 1297 1259
f 1304 1305 1303
f 1308 1307 1306
f 1304 1306 1305
f 1301 1331 1330
f 1356 1297 1327
f 1304 1303 1302
f 1306 1281 1308
f 1501 1540 1539
f 1618 1572 1619
f 1281 1306 1304
f 1572 1618 1571
f 1281 1282 1308
f 1281 1304 1280
f 1301 1329 1300
f 1300 1329 1328
f 1260 1239 1225
f 1282 1281 1266
f 1280 1263 1281
f 1301 1300 1278
f 1281 1263 1266
f 1280 1278 1279
f 1263 1265 1266
f 1242 1265 1264
f 1474 1448 1475
f 1840 1777 1778
f 1725 1840 1778
f 1241 1242 1264
f 1262 1241 1264
f 1262 1264 1263
f 1263 1279 1262
f 2186 2089 2187
f 1509 1449 1476
f 1770 1717 1718
f 1582 1545 1584
f 1625 1582 1583
f 1583 1626 1625
f 1303 1331 1302
f 1509 1545 1544
f 1277 1278 1276
f 1276 1300 1328
f 1300 1276 1278
f 1262 1279 1278
f 1328 1383 1299
f 1546 1545 1509
f 1299 1276 1328
f 1836 1835 1773
f 2011 1943 1944
f 1297 1356 1326
f 1583 1582 1584
f 1544 1545 1582
f 1260 1225 1261
f 1776 1839 1838
f 1670 1625 1626
f 1834 1886 1885
f 1386 1331 1361
f 1336 1334 1335
f 1943 1942 1885
f 1942 2010 2009
f 1942 2009 1885
f 1942 2011 2010
f 1942 1943 2011
f 1331 1301 1302
f 1261 1276 1260
f 1620 1721 1662
f 1329 1330 1360
f 1298 1299 1358
f 1720 1719 1662
f 1721 1720 1662
f 407 460 406
f 408 407 341
f 471 472 519
f 417 471 476
f 472 471 467
f 406 460 459
f 466 467 471
f 276 221 222
f 409 345 346
f 340 407 344
f 278 342 346
f 462 410 411
f 405 346 342
f 341 277 461
f 277 341 340
f 131 98 177
f 343 275 276
f 279 343 342
f 278 225 279
f 466 471 470
f 343 405 342
f 340 343 276
f 470 417 466
f 413 466 417
f 221 220 180
f 275 280 343
f 462 411 463
f 406 411 405
f 346 405 410
f 407 461 460
f 411 406 463
f 409 410 462
f 342 278 279
f 340 276 277
f 225 220 275
f 405 411 410
f 409 346 410
f 275 221 276
f 277 276 222
f 277 511 461
f 408 341 461
f 284 285 345
f 221 219 222
f 343 406 405
f 413 414 466
f 180 177 221
f 222 219 277
f 409 466 414
f 462 467 409
f 225 275 279
f 467 466 409
f 351 345 413
f 278 346 345
f 345 285 278
f 406 459 463
f 463 459 464
f 413 345 409
f 413 409 414
f 131 177 134
f 341 407 340
f 406 344 407
f 406 343 344
f 220 221 275
f 344 343 340
f 224 225 278
f 279 275 343
f 219 221 177
f 180 134 177
f 417 476 421
f 460 464 459
f 471 417 470
f 421 416 417
f 408 461 407
f 2014 1945 2015
f 5292 5293 5611
f 1945 1946 2015
f 1945 2014 2013
f 2093 2011 2012
f 6213 6540 6211
f 2013 2012 1945
f 5608 5607 5289
f 6211 5915 5916
f 4668 4397 4669
f 4975 4974 4672
f 4973 4670 4671
f 5611 5918 5610
f 4395 4394 4154
f 3547 3549 3726
f 3194 3023 3195
f 2012 2011 1945
f 6540 6213 6541
f 3724 3545 3546
f 2093 2091 2011
f 1944 1945 2011
f 3941 4158 4157
f 4671 4974 4973
f 3030 2879 3031
f 2538 2537 2388
f 4396 3939 4156
f 2091 2093 2092
f 3553 3379 3380
f 5917 5918 6214
f 3197 3025 3198
f 2190 2093 2191
f 2093 2094 2191
f 2282 2188 2283
f 3197 3372 3196
f 2283 2390 2389
f 3024 2873 3025
f 2387 2281 2282
f 2191 2286 2190
f 2094 2093 2092
f 5916 5607 5608
f 6539 6209 6210
f 3936 4153 4152
f 5606 5604 5603
f 2879 3032 3031
f 2097 2013 2015
f 3936 3723 3937
f 3551 3552 3729
f 2285 2284 2190
f 3379 3203 3204
f 3378 3553 3552
f 3379 3553 3378
f 6209 5912 5913
f 5914 6209 5913
f 6209 5914 6210
f 2876 2716 2717
f 6539 6210 6540
f 3730 3553 3731
f 3552 3730 3729
f 3547 3724 3546
f 6209 6539 6538
f 2713 2539 2714
f 4665 4664 4394
f 2879 2717 2718
f 1889 1947 1946
f 3553 3730 3552
f 6211 6210 5914
f 3725 3724 3547
f 6540 6210 6211
f 2875 3026 2874
f 3030 3029 2878
f 3377 3550 3376
f 2012 2094 2093
f 5292 4972 4973
f 6540 6900 6539
f 3201 3029 3202
f 2190 2189 2091
f 3938 4155 3937
f 3553 3554 3732
f 6538 6539 6900
f 4667 4971 4970
f 2391 2284 2392
f 3378 3201 3202
f 4969 4667 4970
f 2093 2190 2091
f 3732 3730 3731
f 4970 4971 5289
f 4667 4396 4668
f 2874 3026 3025
f 2285 2392 2284
f 3552 3551 3377
f 2392 2542 2391
f 4970 5287 4969
f 3031 3203 3202
f 3032 3204 3203
f 4392 4394 4393
f 5287 4970 5288
f 3203 3031 3032
f 3027 3026 2875
f 3201 3377 3376
f 2877 3028 2876
f 4668 4971 4667
f 2189 2188 2284
f 2283 2189 2284
f 5289 5288 4970
f 3378 3202 3203
f 4152 4153 4154
f 3025 2873 2874
f 2284 2390 2283
f 2541 2542 2716
f 5915 6211 5914
f 2392 2285 2286
f 2717 2542 2718
f 2393 2542 2392
f 2188 2089 2090
f 3031 3202 3030
f 2390 2541 2389
f 2717 2716 2542
f 3379 3204 3380
f 2386 2280 2387
f 5917 5608 5609
f 2388 2282 2538
f 3029 3028 2877
f 2282 2283 2389
f 2187 2089 2188
f 6899 6538 6900
f 2716 2715 2541
f 3028 3029 3201
f 3200 3375 3027
f 3550 3727 3374
f 2540 2282 2389
f 2541 2715 2540
f 3030 3202 3029
f 2717 2879 2878
f 4395 4667 4666
f 4396 4395 4155
f 3732 3731 3553
f 2188 2282 2187
f 2538 2282 2540
f 3940 3941 4157
f 5917 5916 5608
f 2540 2539 2538
f 3942 3941 3728
f 2719 2718 2543
f 3550 3377 3551
f 1889 1946 1945
f 3723 3544 3545
f 4395 4396 4667
f 4400 4671 4399
f 3373 3372 3198
f 2282 2280 2187
f 3030 2878 2879
f 3375 3376 3550
f 2189 2190 2284
f 3722 3723 3935
f 3551 3729 3550
f 2718 2719 2879
f 2282 2281 2280
f 2186 2187 2280
f 2096 2013 2097
f 3727 3550 3728
f 3550 3374 3375
f 3201 3378 3377
f 2386 2387 2537
f 3028 3200 3027
f 2280 2281 2387
f 4154 3937 4155
f 3029 2877 2878
f 4974 4671 4672
f 3941 3942 4158
f 2389 2541 2540
f 3941 3727 3728
f 3374 3199 3375
f 3027 2876 3028
f 3548 3549 3547
f 3375 3199 3027
f 2719 2880 2879
f 2537 2536 2386
f 5604 5915 5603
f 2878 2877 2717
f 2717 2877 2876
f 4666 4665 4394
f 3372 3549 3548
f 3940 3727 3941
f 3374 3727 3373
f 3373 3199 3374
f 3027 2875 2876
f 2714 2873 2872
f 2391 2390 2284
f 2715 2875 2874
f 2875 2715 2716
f 2393 2543 2718
f 2718 2542 2393
f 3027 3199 3026
f 5291 5292 5611
f 2099 2097 2016
f 3939 4155 3938
f 4972 5292 5291
f 2879 2880 3032
f 2876 2875 2716
f 3199 3025 3026
f 4399 4671 4670
f 5291 5611 5610
f 3021 3022 3194
f 3549 3940 3939
f 3729 3728 3550
f 3377 3378 3552
f 3373 3549 3372
f 3197 3024 3025
f 3372 3197 3198
f 3372 3548 3371
f 3372 3371 3196
f 3024 3197 3196
f 2388 2537 2387
f 4670 4669 4399
f 3371 3370 3196
f 2873 3023 2872
f 3196 3370 3195
f 3370 3547 3546
f 3196 3195 3023
f 2539 2713 2538
f 3725 3938 3724
f 5603 5915 5914
f 3023 2873 3024
f 3028 3201 3200
f 3201 3376 3200
f 3727 3549 3373
f 3198 3199 3373
f 2713 2714 2872
f 3370 3369 3195
f 3369 3370 3546
f 2872 3023 3022
f 3376 3375 3200
f 3023 3194 3022
f 3547 3371 3548
f 5602 5603 5913
f 3546 3545 3369
f 3549 3727 3940
f 2871 2872 3022
f 3368 3369 3545
f 3724 3723 3545
f 3724 3938 3937
f 4669 4670 4973
f 5289 4972 5291
f 3194 3193 3021
f 3545 3544 3368
f 4669 4973 4972
f 3203 3379 3378
f 2712 2872 2871
f 4155 4395 4154
f 2713 2872 2712
f 2286 2393 2392
f 3024 3196 3023
f 3199 3198 3025
f 3021 2871 3022
f 3371 3547 3370
f 2538 2713 2712
f 3368 3193 3369
f 3724 3937 3723
f 3723 3722 3544
f 3369 3193 3194
f 2538 2712 2537
f 2712 2871 2711
f 2870 2871 3021
f 2190 2286 2285
f 2541 2390 2391
f 3936 3935 3723
f 4154 3936 3937
f 2711 2871 2870
f 2387 2282 2388
f 3936 4154 4153
f 2537 2712 2711
f 3935 3936 4152
f 2536 2537 2711
f 4394 4152 4154
f 4394 4392 4152
f 4393 4394 4664
f 2097 2099 2098
f 2391 2542 2541
f 4968 4969 4967
f 5287 4967 4969
f 5606 5602 5605
f 5287 5605 5286
f 5288 5606 5287
f 5605 5287 5606
f 5603 5602 5606
f 5606 5288 5607
f 2096 2097 2098
f 5606 5607 5604
f 5607 5916 5604
f 5916 5915 5604
f 5913 5603 5914
f 3726 3725 3547
f 3725 3726 3939
f 3726 3549 3939
f 3939 3938 3725
f 3195 3369 3194
f 3939 4396 4155
f 2015 2016 2097
f 4395 4666 4394
f 7290 6899 6900
f 4972 4971 4668
f 4972 4668 4669
f 5610 5290 5291
f 4400 4399 4158
f 2540 2715 2539
f 5290 5609 5289
f 2873 2714 2874
f 4399 4157 4158
f 2012 2013 2096
f 2096 2192 2095
f 4398 4397 4156
f 4156 3939 3940
f 2096 2095 2094
f 2192 2096 2098
f 4398 4156 3940
f 2095 2192 2191
f 4396 4397 4668
f 4396 4156 4397
f 2094 2095 2191
f 2191 2192 2287
f 2287 2286 2191
f 2287 2393 2286
f 2715 2714 2539
f 2874 2714 2715
f 5610 5609 5290
f 4398 4399 4669
f 2015 2013 2014
f 2012 2096 2094
f 4397 4398 4669
f 4399 3940 4157
f 2188 2189 2283
f 3940 4399 4398
f 4972 5289 4971
f 5289 5609 5608
f 5607 5288 5289
f 5917 5610 5918
f 5610 5917 5609
f 1946 2016 2015
f 1947 2016 1946
f 5611 5293 5612
f 6212 5916 5917
f 5918 6215 6214
f 6212 6214 6213
f 5290 5289 5291
f 5917 6214 6212
f 6213 6214 6541
f 6211 6212 6213
f 5916 6212 6211
f 6208 5912 6209
f 6894 7287 7286
f 5283 5284 5599
f 4393 4663 4392
f 4663 4393 4664
f 4664 4665 4967
f 4663 4664 4966
f 4966 4664 4967
f 5284 4966 4967
f 5599 5284 5600
f 5601 5286 5602
f 5600 5285 5601
f 5602 5913 5601
f 6207 5911 6208
f 5599 5600 5911
f 4666 4967 4665
f 5911 5910 5599
f 5913 5912 5601
f 7286 7287 7693
f 9519 9518 9351
f 7287 7288 7694
f 6208 6535 6207
f 6537 6208 6209
f 7694 7289 8077
f 6896 6895 6537
f 6536 6535 6208
f 6209 6538 6537
f 7288 6899 7289
f 9350 9351 9518
f 7290 7695 7289
f 9148 9520 9351
f 6536 6537 6895
f 5605 5602 5286
f 7287 6894 6895
f 6895 6896 7287
f 6896 7288 7287
f 6895 6535 6536
f 6894 6535 6895
f 6898 7288 6896
f 7694 7288 7289
f 6538 6899 6898
f 8517 8884 9148
f 7693 8077 8516
f 9699 9521 9352
f 9519 9351 9520
f 8883 9350 9146
f 7290 7289 6899
f 6537 6538 6898
f 9352 9522 9699
f 6898 6899 7288
f 7694 8077 7693
f 9520 9352 9521
f 8517 8077 7695
f 6537 6898 6896
f 8516 8076 7693
f 9148 8884 9352
f 8517 9148 9147
f 9147 8077 8517
f 9351 9147 9148
f 5285 4967 5286
f 9351 9350 9147
f 9147 8883 8077
f 9352 9520 9148
f 7289 7695 8077
f 4666 4667 4969
f 8516 8077 8883
f 5912 5600 5601
f 5910 5911 6207
f 5600 5284 5285
f 5912 5911 5600
f 4967 5285 5284
f 5285 5286 5601
f 9147 9350 8883
f 6537 6536 6208
f 5287 5286 4967
f 4967 4666 4969
f 6208 5911 5912
f 7694 7693 7287
f 7793 7787 8198
f 7793 7798 7799
f 7789 8199 8195
f 7787 8194 7788
f 8198 7787 8193
f 7782 7786 8187
f 7782 8187 8182
f 7778 7782 8182
f 8188 7787 8193
f 7786 7787 8187
f 7787 7786 8192
f 8192 8193 7787
f 7782 7379 7786
f 7787 7793 7788
f 7798 7797 7384
f 7788 7793 7794
f 7797 8197 7792
f 8197 7797 7793
f 7000 7389 7385
f 8193 8197 8198
f 7381 7792 7379
f 7792 7786 7379
f 8197 7786 7792
f 6997 7385 7384
f 7384 7383 7381
f 6997 7384 7383
f 6993 7381 7379
f 7000 7385 6997
f 7379 6989 6993
f 6636 6999 6996
f 7383 7384 7797
f 7381 6993 6996
f 6999 7000 6997
f 6997 6996 6999
f 6996 7383 7381
f 6997 7383 6996
f 6636 7000 6999
f 7379 7782 7375
f 6637 7000 6636
f 8197 8192 7786
f 8197 8193 8192
f 7385 7798 7384
f 6993 6989 6988
f 7797 7798 7793
f 7797 7792 7383
f 7792 7381 7383
f 6993 6992 6630
f 7787 8188 8187
f 6632 6996 6993
f 6632 6993 6630
f 8194 8193 7788
f 7793 8198 8197
f 7795 7789 7794
f 8199 7789 7795
f 7793 7799 7794
f 7787 7788 8193
f 7798 7385 7799
f 10913 10987 10986
f 10981 10982 11061
f 11209 11245 11244
f 10911 10853 10929
f 10912 10985 10984
f 11125 11126 11116
f 10909 10982 10981
f 11061 10982 10984
f 10931 10913 10930
f 11300 11301 11299
f 11209 11169 11210
f 10986 10987 11063
f 11207 11209 11208
f 11206 11166 11207
f 11050 11113 11049
f 10986 10985 10913
f 10987 10988 11065
f 10910 10911 10983
f 11299 11298 11300
f 10909 10910 10982
f 11167 11207 11166
f 10984 11062 11061
f 10984 10983 10985
f 10911 10912 10984
f 11177 11176 11126
f 11111 11110 11048
f 10912 10913 10985
f 11243 11241 11242
f 11063 11065 11127
f 10988 10989 10990
f 11116 11115 11125
f 10774 10854 10853
f 11111 11112 11110
f 11169 11209 11168
f 11062 10984 10985
f 11164 11166 11206
f 11127 11126 11063
f 10987 11064 11063
f 10912 10930 10913
f 11065 10988 10990
f 11244 11243 11242
f 11274 11299 11273
f 10853 10854 10929
f 10986 10987 10985
f 10910 10928 10853
f 11177 11126 11127
f 11273 11272 11240
f 11061 11125 11051
f 11273 11241 11274
f 11065 11064 10987
f 11061 11062 11125
f 11275 11274 11243
f 11065 10990 11066
f 11126 11176 11116
f 11302 11301 11300
f 11166 11165 11167
f 11299 11274 11300
f 10987 10913 10914
f 11302 11274 11275
f 10929 10854 10855
f 11061 11060 10981
f 11049 11060 11050
f 11299 11273 11298
f 10929 10855 10930
f 11205 11241 11240
f 11241 11243 11274
f 11207 11168 11209
f 11049 11111 11048
f 10853 10911 10910
f 11241 11205 11206
f 11241 11206 11207
f 10982 10910 10983
f 11273 11240 11241
f 11125 11115 11051
f 11126 11125 11062
f 11245 11209 11210
f 11300 11274 11302
f 10855 10931 10930
f 10983 10984 10982
f 10854 10774 10775
f 11168 11176 11169
f 11242 11208 11244
f 11112 11111 11113
f 11112 11165 11164
f 11049 11113 11111
f 11164 11206 11205
f 11208 11209 11244
f 11064 11065 11063
f 11165 11112 11113
f 11244 11275 11243
f 11164 11165 11166
f 11300 11290 11289
f 11300 11289 11298
f 11263 11289 11290
f 11272 11298 11263
f 11210 11169 11217
f 11168 11167 11115
f 11126 11062 11063
f 11263 11262 11289
f 11272 11260 11271
f 11262 11263 11261
f 11263 11262 11272
f 11263 11298 11289
f 11261 11260 11262
f 11261 11229 11260
f 11262 11260 11272
f 11113 11114 11165
f 11113 11050 11114
f 11167 11165 11115
f 10929 10930 10911
f 11298 11272 11273
f 10852 10928 10910
f 11177 11169 11176
f 11208 11242 11207
f 11114 11115 11165
f 10985 11063 11062
f 11063 10985 10986
f 10853 10928 10852
f 11116 11168 11115
f 10912 10911 10930
f 11061 11114 11050
f 10984 10983 10911
f 10913 10931 10914
f 11051 11115 11114
f 11114 11061 11051
f 11242 11241 11207
f 11168 11116 11176
f 11167 11168 11207
f 11061 11050 11060
f 232 240 294
f 286 294 353
f 412 352 415
f 227 185 233
f 415 347 412
f 412 415 469
f 353 348 286
f 226 232 286
f 248 294 240
f 232 294 286
f 352 348 353
f 281 226 286
f 352 412 347
f 232 233 240
f 227 232 226
f 227 226 185
f 347 348 352
f 248 241 249
f 241 240 233
f 185 190 233
f 241 248 240
f 305 294 248
f 233 232 227
f 347 141 185
f 347 281 286
f 281 347 185
f 281 185 226
f 4217 4461 4214
f 4467 4742 4741
f 5372 5371 5046
f 5374 5372 5046
f 4735 4730 4734
f 4735 4736 4731
f 4461 4457 4214
f 4729 4726 4461
f 4735 4467 4736
f 4456 4457 4725
f 5046 4731 4732
f 4461 4734 4730
f 4726 4722 4725
f 4725 4730 4726
f 5042 4727 4731
f 4722 4726 4723
f 5361 5366 5362
f 5367 5366 5041
f 4466 4467 4735
f 5046 5045 4731
f 4727 4730 4731
f 5366 5367 5362
f 4742 4467 4468
f 4732 5048 5046
f 4742 4737 4741
f 5366 5038 5041
f 4734 4463 4735
f 4734 4461 4463
f 4730 4725 4729
f 4723 5038 5037
f 5042 4726 4727
f 4732 4737 4738
f 5046 5048 5374
f 4729 4725 4726
f 4228 4467 4466
f 5046 5371 5045
f 5361 5038 5366
f 4465 4227 4466
f 4726 5038 4723
f 4730 4727 4726
f 4466 4463 4227
f 5367 5042 5371
f 4732 4736 4737
f 4726 5042 5041
f 5045 5371 5042
f 4735 4463 4466
f 4725 4457 4726
f 5037 5361 5357
f 5038 4726 5041
f 5037 5038 5361
f 4467 4741 4736
f 4226 4227 4465
f 4736 4732 4731
f 5048 4732 4738
f 5367 5041 5042
f 4466 4227 4228
f 4463 4221 4227
f 5045 5042 4731
f 4731 4730 4735
f 4741 4737 4736
f 4730 4729 4460
f 4726 4457 4461
f 4460 4461 4730
f 4461 4460 4729
f 4461 4217 4218
f 11084 11083 11017
f 11017 11083 10944
f 10794 10944 10943
f 10795 10717 10718
f 10795 10718 10796
f 10944 10795 10870
f 11083 11188 11187
f 11188 11226 11225
f 11189 11226 11188
f 10870 10945 10944
f 11016 11083 11142
f 10944 11083 11016
f 11016 11142 10943
f 10944 11016 10943
f 10719 10796 10718
f 11017 10944 10945
f 11187 11142 11083
f 10717 10795 10563
f 10794 10795 10944
f 10563 10795 10794
f 11187 11188 11225
f 10795 10796 10870
f 4488 4762 4486
f 4040 4257 4036
f 3839 3654 3840
f 3663 3852 3851
f 3845 3851 3846
f 4053 3856 4055
f 5068 5070 5402
f 4047 4262 4046
f 4035 3838 3839
f 3856 3671 3670
f 4261 4046 4262
f 3658 3851 3845
f 4041 4261 4257
f 4239 4241 4238
f 3834 3838 3833
f 4040 3845 4041
f 5068 5402 5067
f 3845 3844 3840
f 4256 4488 4253
f 3852 4048 4047
f 4047 4052 4265
f 4241 4479 4477
f 3659 3662 3658
f 3662 3851 3658
f 3852 3663 3856
f 3675 3856 3670
f 4257 4256 4253
f 4499 4265 4502
f 5070 5406 5402
f 4499 4774 4498
f 3856 4053 4048
f 4052 4047 4053
f 4762 4485 4486
f 3856 3675 3859
f 4048 3852 3856
f 4052 4053 4265
f 4481 4241 4245
f 4479 4481 4753
f 4246 4245 4242
f 4483 4245 4248
f 4242 4245 4241
f 4239 4022 4026
f 3825 3830 4029
f 4029 4026 3825
f 4248 4246 4249
f 4029 4246 4026
f 5068 5067 4762
f 4246 4242 4026
f 4481 4245 4483
f 4026 4242 4241
f 4246 4029 4249
f 4493 4262 4499
f 4048 4053 4047
f 4248 4245 4246
f 4026 4241 4239
f 4481 4479 4241
f 3663 3664 3856
f 4041 3846 4046
f 4277 4059 4063
f 4059 4277 4272
f 4277 4271 4272
f 4272 4268 4059
f 4268 4272 4271
f 4055 4059 4268
f 3830 3833 3829
f 3651 3834 3830
f 3859 3862 4056
f 3833 3830 3834
f 4756 4481 4483
f 3833 4032 4029
f 4485 4762 4483
f 3839 3834 3651
f 3858 3859 4055
f 4248 4249 4483
f 4249 4029 4032
f 4762 4759 4483
f 4502 4268 4503
f 3851 4047 3846
f 4503 4506 4502
f 4035 4032 3833
f 4059 3871 4063
f 4511 4506 4271
f 4268 4502 4267
f 4262 4493 4492
f 4483 4252 4485
f 4252 4483 4248
f 4249 4032 4035
f 4485 4252 4253
f 4055 4268 4265
f 4053 4055 4265
f 4036 4257 4253
f 4253 4488 4486
f 4249 4253 4248
f 4249 4035 4253
f 4265 4268 4267
f 3829 3833 4029
f 4035 4036 4253
f 5067 4761 4762
f 3856 3858 4055
f 3839 4036 4035
f 4759 4761 4758
f 4055 3859 4056
f 4756 4483 4759
f 3653 3654 3839
f 4271 4277 4511
f 3829 4029 3830
f 4762 4761 4759
f 4261 4262 4492
f 4055 4056 4059
f 4499 4262 4265
f 3839 3840 3844
f 3844 4036 3839
f 3658 3845 3654
f 4248 4253 4252
f 4271 4506 4268
f 3663 3851 3662
f 4488 4256 4257
f 3862 4059 4056
f 3844 4040 4036
f 4261 4489 4257
f 4059 3862 3871
f 4040 3844 3845
f 4267 4502 4265
f 4257 4040 4041
f 3839 3651 3653
f 3671 3856 3664
f 4488 4257 4489
f 4041 4046 4261
f 3846 4041 3845
f 3840 3654 3845
f 3833 3838 4035
f 4502 4778 4499
f 5710 5406 5711
f 3838 3834 3839
f 4498 4492 4493
f 3859 3858 3856
f 4503 4268 4506
f 5406 5710 5405
f 4253 4486 4485
f 4770 4492 4774
f 3851 3852 4047
f 4774 4492 4498
f 4046 3846 4047
f 4262 4047 4265
f 5406 5405 5402
f 4493 4499 4498
f 2658 2818 2826
f 2648 2647 2635
f 2665 2658 2826
f 2808 2648 2809
f 2828 2835 2827
f 2648 2636 2649
f 2818 2809 2819
f 2664 2658 2665
f 2810 2809 2649
f 2658 2808 2818
f 2834 2827 2835
f 2826 2818 2827
f 2636 2648 2635
f 2664 2657 2658
f 2646 2658 2657
f 2827 2833 2826
f 2819 2820 2827
f 2664 2527 2657
f 2827 2834 2833
f 2658 2646 2647
f 2809 2648 2649
f 2648 2808 2647
f 2819 2809 2820
f 2808 2658 2647
f 2809 2810 2820
f 2818 2819 2827
f 2809 2818 2808
f 2827 2820 2828
f 11276 11302 11275
f 11220 11182 11221
f 11341 11339 11340
f 11069 11132 11131
f 11217 11218 11211
f 11319 11320 11301
f 11071 10995 10996
f 11069 11068 10993
f 10940 10994 11015
f 11072 11071 10996
f 11279 11247 11248
f 10995 10994 10940
f 11134 11071 11072
f 11071 10994 10995
f 11068 11014 10993
f 11246 11219 11247
f 11246 11211 11218
f 11130 11131 11180
f 11324 11323 11304
f 11070 11133 11132
f 11303 11302 11276
f 11218 11217 11178
f 11014 11068 10992
f 11304 11323 11303
f 11324 11325 11340
f 11218 11180 11219
f 11133 11182 11181
f 11133 11071 11134
f 11178 11180 11218
f 10993 10994 11070
f 11305 11280 11285
f 11133 11070 11071
f 11220 11180 11181
f 11182 11220 11181
f 11247 11219 11248
f 11179 11130 11180
f 11322 11321 11303
f 11278 11303 11277
f 11070 11069 10993
f 11302 11321 11320
f 11210 11211 11245
f 11133 11181 11132
f 11277 11276 11278
f 11220 11248 11219
f 11221 11254 11220
f 11246 11278 11245
f 11132 11181 11180
f 11220 11254 11285
f 11302 11303 11321
f 11254 11255 11286
f 11321 11322 11320
f 11210 11217 11211
f 11246 11247 11279
f 11131 11132 11180
f 11068 11131 11130
f 11280 11248 11285
f 11286 11311 11285
f 11220 11285 11248
f 11221 11255 11254
f 11305 11324 11304
f 11279 11278 11246
f 11304 11279 11280
f 11306 11305 11285
f 11306 11285 11311
f 11305 11304 11280
f 11339 11340 11321
f 11305 11306 11325
f 11301 11302 11320
f 11279 11248 11280
f 11244 11245 11276
f 11278 11276 11245
f 11324 11305 11325
f 11324 11340 11323
f 11303 11278 11304
f 11275 11244 11276
f 11179 11180 11178
f 11276 11277 11303
f 11322 11303 11323
f 11323 11340 11339
f 11180 11220 11219
f 10994 10993 11015
f 11182 11133 11134
f 11211 11246 11245
f 11322 11323 11339
f 11322 11339 11321
f 11279 11304 11278
f 11338 11322 11339
f 11254 11286 11285
f 11322 11338 11321
f 11340 11338 11339
f 11068 11069 11131
f 11301 11319 11300
f 11320 11300 11301
f 11071 11070 10994
f 11300 11320 11321
f 11218 11219 11246
f 11132 11069 11070
f 11300 11320 11290
f 11320 11321 11340
f 3933 3931 3932
f 4119 4327 4321
f 3932 3934 3933
f 4550 4327 4551
f 3916 3920 4113
f 4124 4129 4334
f 4119 3919 3924
f 4119 4321 4113
f 3924 3919 3920
f 3916 3713 3921
f 4140 3934 4141
f 3916 3921 3920
f 3713 3920 3921
f 3924 4124 4119
f 3716 3543 3542
f 4340 4334 4136
f 3716 3715 3920
f 4136 4140 4345
f 3934 4140 3933
f 4136 4345 4340
f 3916 4113 4114
f 3920 3713 3717
f 4334 4328 4124
f 3920 3919 4119
f 3920 3715 3919
f 3931 4140 4136
f 4550 4321 4327
f 3366 3542 3543
f 3913 3916 4113
f 4345 4140 4141
f 4328 4334 4551
f 4136 4130 3929
f 3542 3715 3716
f 4340 4345 4141
f 4124 4327 4119
f 4113 3920 4119
f 4136 3929 3931
f 3367 3366 3543
f 3929 3932 3931
f 4340 4141 4137
f 4551 4327 4328
f 3933 4140 3931
f 4124 4328 4327
f 4130 4136 4334
f 2017 2018 2019
f 1951 1840 1841
f 1780 1668 1726
f 1670 1669 1624
f 1729 1784 1783
f 1783 1728 1729
f 1668 1578 1623
f 1728 1727 1669
f 1666 1667 1780
f 2294 2199 2295
f 1891 1947 1890
f 1668 1780 1667
f 1783 1844 1782
f 1781 1726 1782
f 1780 1779 1666
f 1949 1947 1948
f 2017 1947 2018
f 1780 1726 1781
f 1779 1780 1842
f 1889 1838 1890
f 1842 1841 1779
f 2017 2015 2016
f 1843 1781 1844
f 1842 1843 1841
f 2023 1953 2024
f 2019 1949 2020
f 1843 1952 1841
f 1956 1965 2040
f 2041 2125 2040
f 2310 2417 2416
f 1578 1667 1622
f 2017 2099 2016
f 2017 2019 2100
f 2102 2019 2020
f 2020 1951 2021
f 2312 2418 2218
f 2417 2310 2311
f 2101 2100 2099
f 1843 1892 1952
f 1952 1951 1841
f 2218 2313 2312
f 1841 1840 1725
f 1966 2041 2040
f 2021 1951 2022
f 1951 1952 2022
f 2098 2099 2194
f 1949 2018 1947
f 2103 2020 2022
f 2194 2099 2100
f 2311 2310 2217
f 2217 2418 2311
f 2125 2217 2124
f 1956 2040 2026
f 2125 2124 2040
f 2195 2193 2194
f 2291 2196 2197
f 2289 2193 2195
f 2194 2196 2195
f 2291 2290 2196
f 2290 2289 2195
f 2290 2195 2196
f 2104 2103 2022
f 1953 1893 1955
f 2107 2105 2024
f 2107 2200 2199
f 2198 2292 2291
f 1728 1669 1670
f 1844 1783 1845
f 2312 2419 2418
f 2294 2403 2291
f 2105 2107 2106
f 2313 2419 2312
f 2022 1952 2023
f 2199 2106 2107
f 2313 2314 2419
f 2100 2102 2101
f 2024 1955 2025
f 2419 2314 2428
f 1623 1669 1727
f 2198 2291 2197
f 1782 1727 1728
f 2415 2310 2416
f 1952 1953 2023
f 2418 2419 2562
f 2100 2019 2102
f 2415 2404 2309
f 2194 2100 2196
f 2291 2292 2294
f 2025 1955 1956
f 2023 2105 2022
f 2417 2418 2562
f 2415 2309 2310
f 2108 2216 2201
f 1890 1838 1839
f 1843 1844 1892
f 1781 1843 1780
f 1624 1669 1623
f 1840 1890 1839
f 2024 1953 1954
f 1844 1781 1782
f 2403 2399 2291
f 2020 2103 2102
f 2295 2403 2294
f 1779 1841 1725
f 2108 2123 2216
f 2295 2404 2403
f 1668 1667 1578
f 1666 1622 1667
f 2018 1949 2019
f 1727 1782 1726
f 1956 1955 1893
f 1892 1953 1952
f 1947 1889 1890
f 2016 1947 2017
f 1727 1668 1623
f 2201 2200 2107
f 1947 1891 1948
f 1842 1780 1843
f 2107 2024 2108
f 2022 2105 2104
f 1845 1893 1892
f 2020 1950 1951
f 1950 1949 1891
f 1950 1891 1840
f 1950 1840 1951
f 2310 2309 2295
f 2020 1949 1950
f 2103 2104 2106
f 2124 2217 2216
f 1728 1670 1729
f 2310 2216 2217
f 1892 1844 1845
f 1728 1783 1782
f 2199 2200 2295
f 2310 2295 2216
f 2123 2124 2216
f 2107 2108 2201
f 2100 2099 2017
f 2294 2292 2199
f 2198 2199 2292
f 1845 1783 1784
f 1893 1894 1956
f 1893 1953 1892
f 2295 2201 2216
f 2108 2124 2123
f 1955 1954 1953
f 1891 1949 1948
f 2418 2217 2218
f 2311 2418 2417
f 2309 2404 2295
f 2040 2124 2108
f 2025 2026 2040
f 1891 1890 1840
f 2025 2108 2024
f 2106 2199 2198
f 2026 2025 1956
f 2108 2025 2040
f 1893 1845 1846
f 2201 2295 2200
f 1726 1668 1727
f 2021 2022 2020
f 1955 2024 1954
f 2196 2103 2197
f 2103 2198 2197
f 2106 2104 2105
f 2106 2198 2103
f 2103 2196 2102
f 1784 1846 1845
f 2105 2023 2024
f 1965 1966 2040
f 1893 1846 1894
f 2100 2102 2196
f 2763 2761 2587
f 2927 2920 2764
f 3252 3247 3087
f 3079 3080 3247
f 2580 2448 2584
f 2322 2430 2429
f 2757 2580 2584
f 2914 2910 2756
f 2323 2430 2322
f 2572 2428 2573
f 2757 2746 2747
f 2763 2918 2761
f 2927 3080 2920
f 2914 2760 2761
f 2573 2580 2747
f 2746 2757 2756
f 2919 2918 2763
f 2915 2761 2918
f 2746 2756 2910
f 2894 3046 3045
f 3076 2920 3080
f 2915 2914 2761
f 2441 2440 2429
f 2573 2428 2429
f 2429 2430 2441
f 2738 2895 2894
f 2746 2902 2739
f 3045 3046 3216
f 2448 2440 2441
f 3076 2919 2920
f 3080 3079 3076
f 3076 2918 2919
f 2761 2757 2584
f 2448 2580 2440
f 2756 2760 2914
f 2738 2737 2562
f 2440 2580 2573
f 2428 2322 2429
f 2584 2587 2761
f 3045 2737 2894
f 2738 2419 2563
f 2760 2757 2761
f 2747 2746 2572
f 2428 2572 2419
f 2746 2739 2563
f 2419 2572 2563
f 2895 3047 2894
f 2927 2764 2773
f 2563 2739 2738
f 3075 2918 3076
f 2747 2572 2573
f 2895 2739 2902
f 2737 2738 2894
f 2573 2429 2440
f 3054 3047 3055
f 2895 3055 3047
f 2580 2757 2747
f 2757 2760 2756
f 2894 3047 3046
f 3080 3087 3247
f 2919 2764 2920
f 2323 2441 2430
f 2738 2739 2895
f 2563 2572 2746
f 2419 2738 2562
f 2902 3055 2895
f 2746 2910 2902
f 1179 1221 1220
f 1179 1134 1166
f 1196 1179 1166
f 1221 1179 1196
f 1257 1275 1238
f 1257 1221 1222
f 1237 1221 1238
f 1221 1257 1238
f 1196 1222 1221
f 1275 1237 1238
f 1286 1275 1257
f 1221 1237 1220
f 1315 1286 1257
f 1222 1223 1257
f 1222 1207 1223
f 1222 1196 1207
f 1223 1224 1258
f 1257 1223 1258
f 1224 1223 1207
f 1286 1344 1275
f 1344 1286 1315
f 4129 3928 4130
f 4129 4130 4334
f 3716 3924 3715
f 3717 3718 3721
f 3721 3718 3922
f 3367 3542 3366
f 3718 3713 3714
f 3367 3543 3542
f 3917 3922 3714
f 3922 3718 3714
f 3716 3920 3924
f 3925 3920 3717
f 3720 3721 3926
f 3717 3720 3925
f 3719 3716 3924
f 3926 3925 3720
f 3717 3920 3716
f 3924 3925 3929
f 3922 3917 3918
f 4129 4124 3924
f 3918 3917 3714
f 3924 3920 3925
f 3929 3925 3926
f 4130 3928 3929
f 3717 3721 3720
f 3923 3922 3918
f 3918 3714 3914
f 3930 3929 3926
f 3926 3721 3922
f 3929 3928 3924
f 3927 3930 3926
f 3713 3718 3717
f 3930 3927 4131
f 3930 3926 4131
f 3932 3930 4131
f 3715 3924 3920
f 3928 4129 3924
f 3932 4131 4137
f 3712 3714 3711
f 3714 3712 3914
f 10975 10897 10976
f 10975 10974 10896
f 10977 10962 11034
f 10527 10443 10528
f 10976 10897 10898
f 10743 10662 10663
f 10767 10742 10766
f 10823 10849 10766
f 10512 10586 10526
f 10444 10528 10443
f 10512 10527 10587
f 10898 10826 10962
f 10444 10443 10340
f 10587 10527 10528
f 10682 10662 10767
f 10339 10338 10247
f 10338 10339 10443
f 10680 10604 10605
f 10681 10605 10606
f 10680 10605 10681
f 10680 10681 10766
f 10767 10766 10681
f 11102 11035 11103
f 10587 10664 10586
f 10682 10767 10681
f 11057 10975 11058
f 10587 10528 10513
f 10823 10896 10848
f 10849 10823 10848
f 11102 11101 11034
f 10742 10767 10662
f 10897 10824 10898
f 10978 10964 10901
f 10899 10898 10825
f 10962 10826 10814
f 10743 10742 10662
f 10823 10766 10742
f 10663 10586 10745
f 10585 10608 10586
f 11034 11101 11033
f 10663 10744 10743
f 10848 10766 10849
f 10825 10824 10743
f 10744 10663 10745
f 10977 10898 10962
f 10680 10766 10765
f 10666 10747 10665
f 11033 10976 10977
f 10747 10745 10664
f 10742 10824 10743
f 10825 10826 10899
f 10897 10975 10896
f 10663 10662 10683
f 10823 10897 10896
f 10585 10662 10663
f 10683 10607 10663
f 10765 10766 10847
f 11058 10975 10976
f 10341 10444 10340
f 10963 11034 10962
f 11035 11036 11103
f 11034 11035 11102
f 10975 11057 10974
f 10528 10444 10445
f 11034 10963 11035
f 10587 10588 10664
f 10898 10824 10825
f 10145 10339 10247
f 10824 10823 10742
f 10814 10745 10746
f 10963 10962 10814
f 10587 10586 10512
f 10897 10823 10824
f 10743 10744 10825
f 10745 10814 10826
f 10664 10665 10747
f 10826 10898 10899
f 10443 10339 10340
f 11036 11035 10963
f 10826 10745 10744
f 10681 10606 10682
f 10747 10746 10745
f 10765 10847 10764
f 10826 10825 10744
f 10607 10683 10682
f 10847 10766 10848
f 10527 10512 10526
f 10662 10682 10683
f 10589 10513 10445
f 10666 10665 10589
f 10445 10513 10528
f 11058 10976 11033
f 11033 10977 11034
f 10588 10589 10665
f 10664 10745 10586
f 10977 10976 10898
f 10248 10249 10340
f 10588 10513 10589
f 10587 10513 10588
f 10607 10585 10663
f 10682 10606 10607
f 10444 10341 10445
f 10585 10586 10663
f 10665 10664 10588
f 10526 10338 10443
f 10608 10526 10586
f 10927 10896 10926
f 10846 10764 10847
f 10846 10762 10763
f 10974 10895 10896
f 10900 11036 10963
f 10963 10827 10900
f 10746 10827 10814
f 10814 10827 10963
f 10828 10827 10747
f 10747 10827 10746
f 10765 10678 10679
f 10678 10765 10764
f 10679 10680 10765
f 10764 10763 10678
f 10678 10601 10437
f 10763 10601 10678
f 10680 10679 10603
f 10679 10602 10603
f 10437 10602 10678
f 10437 10603 10602
f 10678 10602 10679
f 10847 10925 10846
f 10764 10846 10763
f 10604 10680 10603
f 10926 10925 10847
f 10926 10896 10895
f 10763 10762 10601
f 10600 10436 10601
f 10762 10600 10601
f 10436 10600 10435
f 10926 10974 11009
f 10600 10762 10677
f 10600 10677 10435
f 10848 10896 10927
f 10895 10974 10926
f 10848 10926 10847
f 10827 10901 10900
f 10747 10666 10748
f 10748 10828 10747
f 10829 10828 10748
f 10827 10828 10829
f 10848 10927 10926
f 10829 10901 10827
f 10900 10901 10964
f 2507 2495 2496
f 2649 2650 2811
f 2516 2506 2517
f 2636 2624 2515
f 2505 2494 2506
f 2614 2626 2507
f 2494 2495 2506
f 2495 2507 2506
f 2614 2507 2496
f 2517 2506 2518
f 2637 2636 2521
f 2518 2507 2626
f 2625 2517 2626
f 2518 2626 2517
f 2624 2635 2623
f 2811 2820 2810
f 2615 2626 2614
f 2635 2624 2636
f 2649 2636 2637
f 2649 2637 2638
f 2515 2624 2623
f 2496 2609 2614
f 2638 2650 2649
f 2505 2506 2516
f 2638 2521 2522
f 2521 2636 2515
f 2638 2639 2650
f 2521 2516 2522
f 2517 2522 2516
f 2615 2627 2626
f 2507 2518 2506
f 2522 2517 2625
f 2820 2811 2821
f 2515 2516 2521
f 2639 2522 2625
f 2810 2649 2811
f 2522 2639 2638
f 2638 2637 2521
f 2625 2626 2639
f 2627 2639 2626
f 1137 1128 1148
f 1148 1128 1160
f 1137 1119 1128
f 1118 1119 1137
f 1137 1148 1118
f 1293 1252 1319
f 1080 1117 1102
f 1117 1080 1135
f 1102 1157 1127
f 1147 1117 1135
f 1117 1146 1102
f 1146 1174 1157
f 1157 1102 1146
f 1147 1135 1158
f 1158 1174 1147
f 1147 1174 1146
f 1146 1117 1147
f 1496 1497 1608
f 1497 1496 1405
f 1567 1498 1568
f 1373 1496 1467
f 1568 1498 1538
f 1404 1373 1467
f 1103 1118 1136
f 1158 1136 1159
f 1136 1158 1135
f 1103 1135 1080
f 1136 1135 1103
f 1148 1159 1136
f 1118 1148 1136
f 1537 1433 1567
f 1567 1433 1498
f 1498 1499 1538
f 1214 1174 1188
f 1496 1373 1405
f 1497 1433 1537
f 1293 1319 1433
f 1406 1498 1433
f 1232 1293 1292
f 1292 1231 1232
f 1188 1231 1214
f 1214 1230 1174
f 1406 1433 1319
f 1231 1292 1291
f 1498 1406 1499
f 1373 1291 1405
f 1230 1214 1291
f 1405 1433 1497
f 1188 1174 1158
f 1231 1291 1214
f 1291 1292 1405
f 1433 1405 1292
f 1373 1230 1291
f 1292 1293 1433
f 1188 1189 1231
f 1293 1232 1252
f 1189 1190 1231
f 1190 1232 1231
f 1201 1232 1190
f 1160 1190 1148
f 1159 1148 1189
f 1252 1232 1215
f 1215 1232 1201
f 1148 1190 1189
f 1189 1188 1159
f 1159 1188 1158
f 292 304 303
f 70 71 75
f 99 75 100
f 238 230 239
f 74 99 73
f 284 278 285
f 291 302 290
f 292 293 350
f 101 97 131
f 303 291 292
f 224 220 225
f 182 140 183
f 99 74 75
f 228 237 236
f 345 351 350
f 187 236 237
f 237 195 187
f 413 350 351
f 351 358 350
f 416 351 413
f 72 73 82
f 413 417 416
f 351 416 358
f 311 378 377
f 71 70 48
f 533 487 488
f 349 357 304
f 183 230 182
f 366 312 301
f 70 75 74
f 47 74 73
f 73 72 51
f 283 292 282
f 290 282 291
f 51 47 73
f 181 182 188
f 290 238 239
f 299 246 247
f 230 238 229
f 236 247 246
f 50 35 51
f 48 70 47
f 289 238 290
f 239 282 290
f 292 283 293
f 302 289 290
f 311 310 300
f 224 231 223
f 187 228 236
f 138 100 99
f 35 30 51
f 195 237 236
f 101 132 139
f 189 229 188
f 231 282 230
f 47 70 74
f 377 310 311
f 98 131 97
f 181 188 187
f 283 284 293
f 231 283 282
f 311 379 378
f 47 51 48
f 379 311 366
f 311 300 301
f 30 48 51
f 366 311 312
f 284 231 224
f 224 278 284
f 282 239 230
f 300 289 301
f 302 366 301
f 228 188 229
f 229 189 230
f 184 223 183
f 292 291 282
f 51 72 50
f 188 228 187
f 181 138 188
f 220 224 179
f 224 184 179
f 183 179 184
f 188 229 181
f 284 283 231
f 137 181 187
f 301 289 302
f 178 132 179
f 178 183 140
f 133 179 132
f 139 182 181
f 182 139 140
f 133 134 180
f 350 284 345
f 140 139 132
f 139 181 138
f 133 132 101
f 188 182 189
f 247 237 236
f 487 497 496
f 366 302 367
f 292 349 304
f 487 496 431
f 303 368 302
f 356 368 303
f 431 432 487
f 357 303 304
f 229 237 228
f 179 180 220
f 416 357 358
f 420 487 432
f 368 432 431
f 432 368 369
f 487 420 488
f 369 368 356
f 421 488 420
f 369 420 432
f 488 421 475
f 476 475 421
f 357 416 369
f 421 369 416
f 368 367 302
f 247 236 300
f 356 303 357
f 350 293 284
f 71 100 75
f 183 178 179
f 131 133 101
f 139 100 101
f 133 131 134
f 139 138 100
f 138 181 137
f 349 292 350
f 230 183 223
f 132 178 140
f 71 98 97
f 101 71 97
f 100 71 101
f 357 349 358
f 369 421 420
f 356 357 369
f 300 299 247
f 238 289 237
f 288 236 237
f 189 182 230
f 289 288 237
f 300 236 288
f 288 289 300
f 237 229 238
f 291 303 302
f 312 311 301
f 133 180 179
f 350 358 349
f 224 223 184
f 231 230 223
f 299 300 310
f 9059 9302 9303
f 9303 9304 9305
f 9305 9304 9063
f 9062 9063 9304
f 9063 9303 9305
f 9066 9063 9062
f 8287 7848 7851
f 7851 8294 8287
f 8287 8704 8279
f 8696 8695 9058
f 8709 8704 8287
f 9304 9302 9062
f 9059 8696 9058
f 9058 8695 8700
f 8704 8709 9066
f 9066 9061 8704
f 8704 9061 8699
f 8699 9058 8700
f 9058 8699 9061
f 9058 9302 9059
f 9061 9062 9058
f 8704 8699 8279
f 9058 9062 9302
f 9303 9302 9304
f 8710 9069 8716
f 9061 9066 9062
f 8716 8304 8295
f 9069 9068 8716
f 8716 9068 8715
f 9068 9069 9066
f 9069 8710 9066
f 8710 8716 8295
f 9066 8710 9067
f 9067 8710 8711
f 8710 8295 8711
f 9066 8709 9065
f 8716 8715 8304
f 8287 8294 8709
f 9066 9065 9068
f 8295 8304 8296
f 7857 7858 8297
f 8281 8273 8697
f 8705 9067 8711
f 8281 8697 8702
f 7857 8297 8296
f 9067 9063 9066
f 9060 8702 8701
f 8711 8295 8296
f 9064 9060 9063
f 8706 9064 8705
f 9303 9060 9059
f 9063 9060 9303
f 8701 9059 9060
f 8696 9059 8701
f 9063 9067 8705
f 8702 8696 8701
f 8304 7857 8296
f 9064 8706 9060
f 8705 9064 9063
f 7856 7857 8304
f 8702 9060 8706
f 286 347 348
f 2660 2823 2659
f 2836 2837 2841
f 2659 2830 2823
f 2653 2641 2642
f 2659 2666 2830
f 2666 2659 2660
f 2667 2673 2666
f 2666 2660 2667
f 2829 2822 2830
f 2815 2805 2641
f 2971 2814 2822
f 2829 2830 2836
f 2974 2971 2822
f 2823 2652 2659
f 2653 2652 2815
f 3141 3134 2971
f 2974 3140 3141
f 2982 2836 2840
f 2829 2836 2982
f 2971 2974 3141
f 3140 3134 3141
f 2829 2982 2978
f 3140 3141 2978
f 2982 3150 3146
f 2829 2974 2822
f 2974 2829 2978
f 3140 2978 3146
f 3146 2978 2982
f 2978 3141 2974
f 2836 2830 2837
f 2830 2822 2823
f 2652 2823 2815
f 3130 2971 3134
f 2641 2652 2815
f 2673 2830 2666
f 2823 2822 2815
f 2805 2814 2804
f 2815 2822 2814
f 2805 2815 2814
f 2653 2660 2652
f 2642 2525 2653
f 2804 2641 2805
f 2525 2642 2523
f 2830 2673 2837
f 2804 2814 2966
f 2971 3130 2966
f 2629 2630 2641
f 2642 2641 2630
f 2652 2660 2659
f 2652 2641 2653
f 3134 2971 3135
f 3146 3150 3317
f 3311 3146 3317
f 3146 3311 3140
f 2814 2971 2966
f 6201 5906 6206
f 6519 6194 6525
f 6194 6200 6525
f 6532 6887 6531
f 6531 6525 6200
f 6531 6200 6201
f 6206 6532 6201
f 5907 6532 6206
f 6531 6887 6525
f 6532 5907 5894
f 5906 6201 6200
f 6201 6532 6531
f 4832 5152 5156
f 5152 4832 4829
f 5144 5149 5148
f 4829 5148 5152
f 4815 4816 4819
f 5460 5149 5145
f 4829 4825 4826
f 5144 5145 5149
f 3930 3932 3929
f 5458 5460 5145
f 4552 4335 4329
f 4137 4335 4340
f 4335 4336 4329
f 4558 4552 4551
f 4552 4558 4335
f 5153 5157 5152
f 5143 4826 4823
f 4826 5143 4829
f 4822 4819 4823
f 4836 4831 4832
f 5156 4840 4836
f 4840 5156 5161
f 4834 4835 4839
f 4838 4839 4843
f 5149 5460 5150
f 5153 5152 5149
f 4832 4831 4828
f 4839 4836 4840
f 4831 4836 4835
f 4832 5156 4836
f 5148 4829 5143
f 4829 4828 4825
f 4832 4828 4829
f 4839 4835 4836
f 4839 4838 4834
f 5145 5144 5140
f 5153 5149 5150
f 4825 4822 4826
f 4822 4825 4821
f 5143 5138 5144
f 5140 5144 5139
f 4822 4823 4826
f 5143 4823 5138
f 5148 5149 5152
f 4141 3932 4137
f 4818 4821 4562
f 4816 5129 5128
f 4822 4821 4818
f 5133 5138 4823
f 4552 4809 4812
f 4812 4816 4815
f 4815 4551 4812
f 4551 4552 4812
f 4815 4557 4551
f 4819 4822 4818
f 4131 3927 4125
f 4131 4125 4132
f 5133 5134 5138
f 5133 4823 4819
f 5134 5133 4819
f 5128 5134 4819
f 5134 5128 5129
f 5455 5458 5145
f 4125 4336 4132
f 4330 4120 4322
f 4336 4125 4330
f 4540 4546 4322
f 4330 4125 4120
f 4322 4316 4540
f 5455 5145 5140
f 4340 4335 4334
f 3926 3922 3923
f 4131 4335 4137
f 4819 4816 5128
f 5138 5139 5144
f 4819 4818 4815
f 4132 4335 4131
f 4335 4132 4336
f 4557 4815 4818
f 4818 4562 4557
f 4329 4330 4552
f 4335 4558 4334
f 4330 4329 4336
f 3926 3923 3927
f 4330 4322 4546
f 5144 5148 5143
f 5134 5139 5138
f 4330 4546 4552
f 4546 4545 4552
f 4809 4552 4545
f 4558 4551 4334
f 3934 3932 4141
f 4551 4557 4550
f 5156 5152 5157
f 3520 3525 3519
f 3517 3508 3509
f 3672 3510 3665
f 3351 3352 3512
f 3512 3511 3351
f 3351 3511 3350
f 3666 3665 3510
f 3519 3525 3673
f 3673 3511 3518
f 3673 3666 3511
f 3510 3350 3511
f 3673 3518 3519
f 3517 3510 3672
f 3511 3666 3510
f 3349 3510 3509
f 3519 3511 3512
f 3350 3184 3351
f 3673 3672 3665
f 3510 3349 3350
f 3512 3520 3519
f 3666 3673 3665
f 3511 3519 3518
f 3509 3348 3349
f 3348 3509 3508
f 3510 3517 3509
f 3516 3508 3517
f 3678 3673 3525
f 3678 3525 3679
f 3526 3530 3525
f 3525 3685 3679
f 3686 3530 3526
f 3684 3683 3678
f 3679 3684 3678
f 3672 3676 3517
f 3684 3679 3685
f 3524 3516 3517
f 4070 3879 3872
f 3871 3862 3872
f 3872 3862 3863
f 3864 3873 3872
f 3686 3865 3685
f 3864 4064 3873
f 3524 3517 3676
f 3677 3683 3864
f 3676 3863 3682
f 3873 3880 4064
f 3672 3673 3678
f 3865 3866 3685
f 4064 3880 4070
f 4278 4282 4072
f 4066 3867 4067
f 4278 4066 4067
f 4072 4066 4278
f 3867 3876 4067
f 3692 3691 3684
f 3525 3530 3685
f 3866 4066 3875
f 3692 3875 3691
f 4066 4065 3875
f 3524 3523 3516
f 4070 3873 4064
f 3863 3864 3872
f 3863 3677 3864
f 3873 4070 3872
f 3677 3676 3672
f 3672 3678 3677
f 3863 3676 3677
f 3881 3874 3691
f 3691 3875 3874
f 3875 3882 3874
f 4065 3882 3875
f 4066 4071 4065
f 4065 4071 3882
f 4071 4066 4072
f 3888 3882 4078
f 3881 3874 3882
f 3888 3887 3882
f 3882 4071 4078
f 3684 3685 3692
f 4078 4072 4079
f 3887 3881 3882
f 3684 3864 3683
f 3691 3874 3864
f 3873 3864 3874
f 3685 3875 3865
f 4078 4071 4072
f 3691 3864 3684
f 3873 3874 3880
f 3874 3881 3880
f 3678 3683 3677
f 3530 3686 3685
f 3866 3875 3685
f 3865 3686 3866
f 3692 3685 3875
f 3871 3872 4063
f 3524 3675 3523
f 3862 3682 3863
f 3675 3671 3516
f 3516 3671 3664
f 3675 3524 3676
f 3664 3508 3516
f 3670 3671 3675
f 3523 3675 3516
f 3862 3859 3675
f 3676 3682 3675
f 3675 3682 3862
f 7042 7041 7044
f 6343 6039 6345
f 7030 7034 7035
f 6042 6041 6039
f 6041 6345 6039
f 6673 6345 6347
f 6667 6341 6343
f 6345 6669 6343
f 6667 6343 6669
f 6039 6343 6038
f 6669 6345 6673
f 7038 7034 6670
f 7428 7425 7039
f 6676 6681 6677
f 7428 7042 7041
f 6676 6677 6674
f 7038 7039 7035
f 7038 6674 6677
f 7428 7039 7042
f 7042 7038 7041
f 7041 6677 6681
f 7851 7852 8304
f 7856 8304 7852
f 7851 7848 7847
f 7852 7851 7856
f 7850 7851 7847
f 8304 8294 7851
f 6667 7030 7031
f 9068 9065 8709
f 7044 7045 7042
f 7044 7048 7437
f 7044 7432 7433
f 7045 7044 7433
f 6681 7044 7041
f 7432 7044 7437
f 7433 7042 7045
f 8709 8715 9068
f 8303 8304 8715
f 8714 9068 8715
f 7042 7433 7428
f 8709 8294 8715
f 8294 8304 8303
f 8715 8294 8303
f 6674 6669 6673
f 6347 6676 6673
f 7039 7038 7042
f 6674 7038 6670
f 6669 6674 6670
f 7036 7039 7421
f 7030 6667 6670
f 7036 7421 7422
f 6670 6667 6669
f 7031 7035 7036
f 7422 7032 7036
f 7036 7032 7031
f 7028 7032 7414
f 6670 7034 7030
f 7038 6677 7041
f 7030 7035 7031
f 7039 7036 7035
f 6674 6673 6676
f 7034 7038 7035
f 7432 7850 7847
f 7850 7432 7437
f 3462 3293 3292
f 3628 3622 3462
f 3469 3628 3462
f 3462 3457 3293
f 3457 3462 3622
f 3616 3621 3799
f 3455 3451 3272
f 3456 3273 3283
f 3301 3469 3292
f 3283 3127 3292
f 3272 3273 3283
f 3451 3273 3272
f 3301 3468 3469
f 3455 3616 3454
f 3469 3462 3292
f 3616 3450 3454
f 3455 3454 3450
f 4006 3804 4009
f 3629 3635 3470
f 3469 3635 3628
f 3293 3294 3302
f 3463 3629 3470
f 3635 3469 3470
f 3456 3283 3457
f 3800 3621 3622
f 3628 3801 3622
f 3805 3801 3628
f 3292 3293 3283
f 3801 3805 3804
f 3127 3293 3292
f 3456 3455 3283
f 3283 3455 3272
f 3302 3301 3293
f 4006 3799 3800
f 3799 4006 4005
f 3451 3455 3450
f 3804 4006 3800
f 3801 3800 3622
f 3621 3456 3622
f 3283 3293 3457
f 3799 3621 3800
f 3621 3616 3455
f 3292 3293 3301
f 3622 3456 3457
f 3455 3456 3621
f 3480 3311 3317
f 3296 3304 3303
f 3140 3311 3304
f 2963 2966 3124
f 2798 2804 2966
f 3140 3297 3134
f 3288 3278 3279
f 3287 3286 3277
f 3278 3277 3123
f 3114 3278 3123
f 3279 3268 3269
f 3278 3114 3115
f 3268 3115 3114
f 3104 3115 3114
f 3278 3268 3279
f 3287 3296 3286
f 3278 3288 3287
f 3277 3278 3287
f 3268 3278 3115
f 3476 3475 3472
f 3636 3631 3471
f 3472 3471 3296
f 3310 3476 3303
f 3297 3287 3288
f 3269 3124 3279
f 3475 3636 3471
f 3124 3130 3279
f 2798 2966 2963
f 2966 3130 3124
f 3279 3130 3288
f 3636 3475 3640
f 3304 3311 3303
f 3304 3296 3297
f 3471 3472 3475
f 2629 2804 2798
f 3116 3124 3269
f 3296 3287 3297
f 2804 2629 2641
f 3297 3288 3134
f 3310 3303 3311
f 3472 3303 3476
f 3465 3296 3471
f 3295 3286 3296
f 3134 3288 3130
f 3465 3295 3296
f 3471 3631 3465
f 3624 3460 3631
f 3277 3286 3460
f 3296 3303 3472
f 3631 3636 3806
f 3286 3295 3460
f 3460 3295 3465
f 3806 3636 3811
f 3631 3460 3465
f 3310 3316 3476
f 3304 3297 3140
f 3311 3480 3310
f 3352 3353 3356
f 3526 3520 3356
f 3353 3352 3186
f 4068 4067 3876
f 3352 3351 3185
f 3526 3525 3520
f 3513 3512 3352
f 4278 4067 4282
f 3356 3191 3357
f 3526 3531 3686
f 3520 3513 3352
f 3186 3191 3190
f 4282 4067 4073
f 3186 3185 3018
f 3190 3191 3356
f 3353 3186 3190
f 3019 3178 3177
f 3877 4068 3876
f 3867 3687 3876
f 3693 3876 3687
f 3356 3520 3352
f 3513 3520 3512
f 3351 3184 3185
f 3177 3178 3187
f 3186 3176 3187
f 4067 4068 3877
f 3176 3177 3187
f 3352 3185 3186
f 3867 4066 3866
f 3357 3362 3356
f 3686 3687 3866
f 3526 3356 3527
f 3867 3866 3687
f 3531 3532 3686
f 3532 3687 3686
f 3526 3527 3532
f 3532 3531 3526
f 3365 3532 3361
f 3365 3533 3532
f 3356 3361 3527
f 3018 3176 3186
f 3361 3362 3365
f 3361 3532 3527
f 3187 3191 3186
f 3356 3362 3361
f 3356 3353 3190
f 7346 7343 7342
f 7346 6954 7343
f 7320 7726 6929
f 7730 7731 8114
f 8919 8110 8920
f 8130 8580 8579
f 8945 8949 8950
f 6244 5951 5952
f 8589 8594 8590
f 7346 7342 7758
f 6935 7325 7328
f 8586 8138 8134
f 7337 7333 7332
f 6586 6582 6944
f 8946 8585 8582
f 6954 7346 6956
f 8950 8594 8589
f 7750 7754 7339
f 7343 6954 6952
f 8918 8917 8557
f 8134 8583 8586
f 8139 8135 8138
f 7754 8139 8138
f 6259 6585 6590
f 8139 7754 7750
f 7343 7339 7342
f 4698 5002 5001
f 6951 6954 6593
f 4698 4699 5002
f 6952 7340 7343
f 6593 6589 6951
f 8942 8945 8946
f 7750 8135 8139
f 6948 6951 6590
f 6954 6951 6952
f 6590 6951 6589
f 8941 8945 8942
f 6951 6589 6952
f 7351 7763 7766
f 6952 7339 7340
f 6578 6256 6252
f 8582 8583 8579
f 7346 7758 7345
f 6929 6250 6243
f 6243 5951 6244
f 8942 8946 8582
f 7731 7328 7325
f 8135 7750 8134
f 7750 7749 8134
f 7744 7749 7750
f 8583 8134 8130
f 6948 6590 6585
f 8153 8147 8595
f 8942 8582 8579
f 7339 7744 7750
f 8134 7749 8130
f 6582 6260 6255
f 8153 7763 8148
f 7743 8130 7744
f 7336 7744 7339
f 7337 7332 7745
f 6952 6951 7339
f 5952 5640 5641
f 6244 5952 5953
f 8131 8130 7743
f 6947 7339 6951
f 7744 8131 7743
f 8594 8595 8590
f 6948 7336 6947
f 6947 6951 6948
f 6935 7328 6940
f 8580 8130 8576
f 8125 7744 7739
f 7336 6948 7337
f 7336 7337 7744
f 7761 8148 7763
f 8126 7739 8119
f 8125 8576 8130
f 8575 8938 8579
f 8125 7739 8126
f 8938 8575 8933
f 6583 6578 6582
f 6578 6577 6582
f 7727 8111 7726
f 7745 7332 7739
f 8934 8575 8576
f 6948 6949 7337
f 6585 6259 6586
f 7740 7739 7332
f 6259 6260 6586
f 8570 8576 8125
f 6260 6259 5965
f 6256 6583 6255
f 6256 6255 6260
f 6583 6256 6578
f 6256 6260 5966
f 5966 5962 5961
f 5962 6256 5961
f 6256 5962 5956
f 8577 8125 8126
f 5957 5956 5962
f 7337 6944 7333
f 6574 6573 6250
f 6250 6573 6249
f 5962 5645 5957
f 5640 5320 5641
f 5956 5957 6252
f 6944 7337 6949
f 6944 6949 6586
f 5640 5327 5319
f 8111 7727 8112
f 6249 5950 6250
f 5951 5950 5640
f 5319 5320 5640
f 7332 7333 7740
f 6252 5950 6249
f 5951 6250 5950
f 5001 5320 5319
f 5002 5320 5001
f 5645 5639 5957
f 6252 6256 5956
f 5321 5002 4699
f 5318 5000 5001
f 5327 5640 5645
f 5640 5639 5645
f 5001 5319 5318
f 5639 5640 5950
f 5321 5003 5312
f 6260 5965 5966
f 5957 5950 6252
f 5645 5962 5649
f 5957 5639 5950
f 5321 5641 5002
f 6256 5966 5961
f 4699 5003 5321
f 4991 5312 5003
f 7351 7761 7763
f 5641 5321 5312
f 5002 5641 5320
f 8934 8576 8929
f 8570 8125 8577
f 6567 6568 6930
f 8928 8934 8929
f 7320 6930 7321
f 8571 8126 8119
f 6568 6244 6245
f 6945 6944 6582
f 6260 6582 6586
f 7734 7740 7333
f 7345 7761 7349
f 7739 7734 8119
f 8580 8575 8579
f 6945 7333 6944
f 7328 7734 7333
f 8571 8929 8570
f 6586 6949 6948
f 6568 6567 6244
f 7333 6945 7328
f 8571 8564 8929
f 8111 8112 8559
f 8923 9197 8929
f 8564 8571 8119
f 7319 7726 7725
f 7761 8147 8148
f 8929 8564 8923
f 8564 8119 8114
f 6940 6945 6582
f 6582 6255 6583
f 7730 8114 7734
f 7734 7328 7730
f 8582 8586 8583
f 8924 8564 8556
f 8147 8143 8595
f 7725 8110 8109
f 7731 7730 7328
f 8559 8110 8111
f 8924 8923 8564
f 8565 8564 8114
f 8556 8564 8565
f 5312 5633 5946
f 5946 5945 5641
f 5641 5312 5946
f 8143 8590 8595
f 8946 8950 8585
f 8131 8125 8130
f 6940 6577 6578
f 8143 8147 7758
f 8556 8917 8924
f 8556 8565 8557
f 8565 8114 8557
f 7744 8125 8131
f 7758 7761 7345
f 6936 7325 6935
f 6940 6936 6935
f 7319 7731 7325
f 6940 6578 6573
f 6567 6929 6243
f 6573 6578 6249
f 7320 7321 7728
f 8570 8929 8576
f 8108 8109 8557
f 5945 6246 6245
f 8109 7731 7725
f 8918 8557 8919
f 6937 6929 6936
f 6249 6578 6252
f 7726 7319 6936
f 6574 6936 6573
f 7745 7739 7744
f 8108 7731 8109
f 8558 8919 8557
f 7726 6936 6929
f 7351 7349 7761
f 6246 5945 5946
f 6574 6250 6929
f 6243 6250 5951
f 8110 7726 8111
f 6243 6244 6567
f 7349 7346 7345
f 5952 5951 5640
f 5953 5952 5641
f 6936 7319 7325
f 7731 8108 8114
f 7726 8110 7725
f 6929 6567 6930
f 8577 8126 8571
f 8589 8590 8585
f 8110 8919 8109
f 6245 6244 5953
f 7754 7757 7758
f 8586 8582 8585
f 5641 5945 5953
f 7758 7757 8143
f 8135 8134 8138
f 7766 7763 8153
f 8950 8589 8585
f 7343 7340 7339
f 8138 8590 8143
f 6574 6937 6936
f 6929 6930 7320
f 7349 6956 7346
f 8108 8557 8114
f 8586 8590 8138
f 5953 5945 6245
f 7354 7351 7766
f 8556 8557 8917
f 8586 8585 8590
f 7757 8138 8143
f 7757 7754 8138
f 8579 8583 8130
f 8558 8557 8109
f 5318 5327 5326
f 6959 6956 7349
f 7339 7754 7342
f 6937 6574 6929
f 7319 7725 7731
f 7728 7727 7320
f 8945 9220 8949
f 7321 6568 6569
f 8110 8559 8920
f 8109 8919 8558
f 7744 7337 7745
f 7349 7351 7352
f 6577 6940 6582
f 8950 8946 8945
f 6568 7321 6930
f 7740 7734 7739
f 6573 6936 6940
f 8580 8576 8575
f 8571 8570 8577
f 8934 8933 8575
f 7749 7744 8130
f 6585 6586 6948
f 5318 5319 5327
f 5313 5634 5633
f 5313 5314 5634
f 6945 6940 7328
f 4992 5314 5313
f 7339 6947 7336
f 5312 4992 5313
f 7754 7758 7342
f 4991 4992 5312
f 6569 6568 6245
f 7761 7758 8147
f 8147 8153 8148
f 5313 5633 5312
f 7727 7726 7320
f 8119 7734 8114
f 3804 3809 3808
f 3809 3805 3635
f 3810 3809 3635
f 4013 3819 4019
f 4024 4019 3819
f 3809 3810 3814
f 3628 3462 3629
f 4021 4238 4020
f 3819 4013 4020
f 4020 4013 4014
f 4021 4238 4015
f 4016 3814 3810
f 4021 4014 4015
f 4239 4238 4022
f 4019 3819 4020
f 4019 4020 4025
f 4024 4019 4025
f 4020 4024 4025
f 4021 4022 4238
f 4016 4022 4021
f 3815 4022 4016
f 3815 4016 3811
f 3811 4016 3810
f 4016 4015 3814
f 4025 4020 4237
f 4021 4020 4014
f 4020 4238 4237
f 4021 4015 4016
f 3815 3811 3816
f 3814 4015 4014
f 3640 3816 3636
f 3811 3636 3816
f 4014 3813 3814
f 3809 3813 3808
f 3629 3628 3635
f 3805 3809 3804
f 3814 3813 3809
f 3635 3805 3628
f 4238 4241 4477
f 751 723 762
f 935 875 906
f 818 849 783
f 818 746 784
f 850 876 875
f 819 851 850
f 876 906 875
f 853 823 824
f 907 906 877
f 1017 964 1018
f 847 848 905
f 789 751 752
f 965 935 906
f 907 877 851
f 906 876 877
f 851 819 853
f 789 790 823
f 817 848 783
f 680 723 715
f 1018 992 1065
f 744 745 782
f 744 702 708
f 783 782 745
f 750 751 784
f 819 823 853
f 762 763 751
f 715 751 750
f 763 752 751
f 715 723 751
f 818 784 785
f 849 817 783
f 752 790 789
f 822 823 819
f 751 785 784
f 934 992 905
f 817 934 848
f 873 815 846
f 1064 1122 1042
f 873 932 897
f 823 790 824
f 785 751 789
f 874 904 964
f 1087 1108 1018
f 789 822 785
f 784 849 818
f 824 790 791
f 782 847 816
f 964 932 874
f 905 992 933
f 991 1042 897
f 904 933 964
f 1042 1016 1064
f 934 875 935
f 790 752 763
f 876 850 877
f 818 819 849
f 846 815 816
f 789 823 822
f 815 873 897
f 848 782 783
f 815 782 816
f 1018 964 933
f 847 933 904
f 907 908 936
f 816 847 846
f 967 936 908
f 966 965 936
f 967 1021 966
f 965 1020 993
f 935 965 993
f 966 936 967
f 907 936 965
f 906 907 965
f 1021 1020 966
f 1020 965 966
f 851 853 908
f 934 817 849
f 1018 1086 1017
f 933 992 1018
f 934 849 875
f 849 819 850
f 819 785 822
f 785 819 818
f 873 874 932
f 873 846 874
f 904 874 847
f 991 932 1016
f 1064 1107 1122
f 932 991 897
f 846 847 874
f 933 847 905
f 847 782 848
f 1086 1018 1108
f 992 934 1019
f 1064 1086 1107
f 1090 993 1020
f 1016 1042 991
f 744 782 815
f 1086 1064 1017
f 1088 1019 1089
f 934 1043 1019
f 1088 992 1019
f 848 934 905
f 908 907 851
f 1088 1065 992
f 1021 1090 1020
f 1018 1065 1087
f 875 849 850
f 993 1043 934
f 1087 1065 1109
f 1043 1089 1019
f 1109 1065 1088
f 850 851 877
f 993 1090 1043
f 964 1017 932
f 1016 1017 1064
f 932 1017 1016
f 746 750 784
f 993 934 935
f 5664 5663 5655
f 5007 5012 5006
f 4435 4427 4694
f 5645 5649 5337
f 5013 5012 5007
f 6263 5970 6259
f 5655 5964 5664
f 5656 5965 5964
f 5965 6259 5964
f 5970 5964 6259
f 6259 6262 6263
f 5014 5007 5008
f 5344 5022 5345
f 5970 5969 5663
f 5657 5658 5649
f 5337 5327 5645
f 5334 5013 5335
f 5007 5006 4998
f 5965 5656 5657
f 5649 5962 5966
f 5006 4703 4693
f 5657 5966 5965
f 4693 4703 4434
f 4694 4998 5006
f 5007 4998 4999
f 5006 4693 4694
f 4434 4694 4693
f 4694 4434 4435
f 5334 5346 5345
f 4694 4695 4998
f 4435 4189 4428
f 4435 4428 4427
f 4999 4695 4696
f 6262 6259 6590
f 4694 4427 4695
f 5649 5966 5657
f 4695 4427 4428
f 5656 5964 5655
f 4998 4695 4999
f 5668 5674 5667
f 6263 6262 5970
f 6281 6280 5985
f 6287 6280 6281
f 5985 5986 6281
f 6281 6288 6287
f 5668 5973 5976
f 6276 6281 6280
f 5673 5976 5980
f 5979 5679 5980
f 5679 5684 5678
f 5973 5668 5663
f 5337 5649 5336
f 5683 5983 5982
f 5979 5983 5679
f 5964 5970 5664
f 5973 5663 5969
f 6289 6605 6611
f 5986 5982 6280
f 6277 6282 6281
f 5649 5658 5336
f 5013 5014 5335
f 5344 5656 5655
f 6282 6605 6289
f 5982 5983 6277
f 6959 6962 6600
f 6276 5982 6277
f 5346 5335 5336
f 6599 6273 6600
f 6269 5973 6266
f 6269 5976 5973
f 5346 5334 5335
f 5657 5346 5658
f 5673 5674 5976
f 5674 5668 5976
f 6605 6282 6277
f 6277 5983 6273
f 5970 6262 5969
f 6277 6602 6605
f 6269 5980 5976
f 5970 5663 5664
f 6593 6954 6597
f 5983 5683 5684
f 6602 6277 6603
f 5336 5658 5346
f 6269 6273 5980
f 6273 6599 6277
f 5687 5986 5985
f 6266 5969 6262
f 6600 6596 6597
f 6600 6956 6959
f 5334 5022 5013
f 5344 5345 5656
f 5334 5345 5022
f 5345 5346 5656
f 6277 6599 6603
f 5657 5656 5346
f 5013 5007 5014
f 5014 5008 5335
f 4696 5000 4999
f 5318 4999 5000
f 5983 5684 5679
f 6600 6597 6956
f 5008 4999 5325
f 5337 5326 5327
f 5325 4999 5326
f 5008 5007 4999
f 5336 5326 5337
f 5335 5325 5326
f 5335 5008 5325
f 5336 5335 5326
f 5986 6280 6281
f 5326 4999 5318
f 6269 6268 6272
f 6603 6599 6600
f 6273 6269 6272
f 6600 6273 6272
f 6269 6266 6268
f 5980 5983 5979
f 6268 6596 6272
f 6589 6593 6262
f 6280 5982 6276
f 6606 6965 6605
f 6593 6596 6268
f 6590 6589 6262
f 7351 6962 7352
f 6281 6276 6277
f 7349 7352 6959
f 5980 5679 5673
f 7352 6962 6959
f 6606 6605 6602
f 6266 6265 6593
f 6272 6596 6600
f 6273 5983 5980
f 6962 6606 6603
f 6268 6266 6593
f 6593 6266 6262
f 5969 5973 5970
f 6600 6962 6603
f 6597 6596 6593
f 5969 6266 5973
f 6606 6602 6603
f 6956 6597 6954
f 6965 6606 6962
f 5670 5362 5676
f 5368 5680 5363
f 5358 5361 5362
f 5975 5972 5670
f 5669 5353 5358
f 5975 5978 5974
f 5685 5680 5368
f 5975 5971 5972
f 5972 5665 5670
f 5362 5669 5358
f 5675 5362 5676
f 5676 5362 5363
f 5685 5368 5372
f 6275 6271 5981
f 5363 5367 5368
f 5971 5974 6267
f 5372 5368 5371
f 5680 5685 5981
f 5978 5977 5974
f 5685 5372 5688
f 5368 5367 5371
f 5968 5665 5972
f 5975 5670 5978
f 5981 5978 5676
f 5361 5358 5357
f 5676 5680 5981
f 5669 5362 5670
f 6264 5971 6267
f 5968 5971 5967
f 5971 5968 5972
f 5971 6264 5967
f 5357 5352 5029
f 5984 5981 5685
f 5357 5358 5352
f 6270 5977 5978
f 5685 5681 5680
f 5357 5033 5037
f 5968 5660 5665
f 5676 5680 5681
f 5978 6271 6270
f 6271 5978 5981
f 5974 5971 5975
f 5974 5977 6267
f 5367 5363 5362
f 5680 5676 5363
f 5984 5685 5987
f 5676 5978 5670
f 5977 6270 6267
f 5029 5352 5025
f 5352 5347 5025
f 5352 5358 5353
f 5987 5685 5688
f 4957 4961 5258
f 4936 4937 5240
f 4638 4639 4640
f 4958 4963 4660
f 4956 4957 5258
f 4661 4388 4655
f 4945 4944 4939
f 4650 4384 4649
f 5236 5240 5539
f 5539 5543 5542
f 5542 5834 5539
f 4646 4650 4649
f 4643 4641 4932
f 4640 4639 4641
f 4952 4653 4654
f 5554 5248 5254
f 5543 5539 5240
f 4942 4936 4943
f 4661 4959 4958
f 4937 4943 4936
f 6122 5831 6126
f 4650 4655 4385
f 4658 4952 4654
f 4933 4925 4926
f 6128 6129 6132
f 4943 4937 4642
f 4659 4660 4963
f 4638 4924 4639
f 4388 4661 4660
f 5543 5245 5547
f 4938 4939 4944
f 5264 5265 5563
f 6431 6129 6128
f 4642 4640 4643
f 5264 5563 5269
f 4645 4943 4642
f 5240 5236 4936
f 4384 4385 4387
f 5542 5543 5547
f 5245 5240 4942
f 4930 4931 5236
f 4925 4639 4924
f 4387 4385 4388
f 5245 5244 5547
f 4391 4387 4388
f 4945 4949 4646
f 4932 4933 4938
f 4925 4641 4639
f 4660 4391 4388
f 4385 4655 4388
f 4660 4661 4958
f 5554 5549 5248
f 4944 4945 4646
f 4643 4938 4939
f 4389 4655 4388
f 5244 5546 5547
f 5240 4936 4942
f 5248 5549 5546
f 4638 4640 4924
f 4655 4650 4651
f 5248 5546 5249
f 4641 4643 4640
f 4949 4651 4646
f 5244 4942 4948
f 4656 4655 4651
f 4938 4643 4932
f 4944 4642 4938
f 4944 4646 4645
f 5249 5244 4948
f 4959 4661 4655
f 5268 5264 5269
f 4659 4963 4962
f 4648 4647 4948
f 4391 4151 4387
f 4932 4925 4933
f 4649 4645 4646
f 4963 5264 5263
f 4391 4660 4659
f 4948 4942 4648
f 4642 4643 4938
f 5264 4959 5265
f 4958 5264 4963
f 5264 4958 4959
f 4647 4648 4383
f 4385 4384 4650
f 5248 5249 4948
f 4944 4645 4642
f 4647 4653 4948
f 4948 4952 5254
f 4653 4952 4948
f 6426 6429 6756
f 4655 4656 4959
f 5268 5263 5264
f 4651 4650 4646
f 6753 6756 6752
f 5254 5248 4948
f 6122 6125 6426
f 4931 4936 5236
f 7147 6753 6752
f 4931 4924 4640
f 6426 6756 6753
f 5831 6122 5827
f 6756 6755 6752
f 6125 6429 6426
f 6429 6126 6129
f 5232 4931 4930
f 6429 6125 6126
f 6125 6122 6126
f 4930 5236 5232
f 5831 5834 6129
f 5543 5240 5245
f 5831 5537 5539
f 5539 5537 5232
f 5258 4952 4956
f 6431 6429 6129
f 5831 5827 5537
f 4937 4931 4642
f 4931 4937 4936
f 4931 4640 4642
f 4933 4939 4938
f 4952 4658 4956
f 5232 5236 5539
f 6129 6126 5831
f 4659 4962 4662
f 4384 4645 4649
f 4641 4925 4932
f 5831 5539 5834
f 4645 4942 4943
f 5546 5244 5249
f 4644 4648 4942
f 4390 4386 4151
f 4644 4645 4648
f 4384 4150 4383
f 4391 4390 4151
f 4386 4383 4150
f 4645 4383 4648
f 4658 4662 4961
f 4383 4645 4384
f 4391 4659 4658
f 4390 4391 4658
f 4384 4151 4150
f 4942 4645 4644
f 4654 4653 4386
f 4390 4658 4654
f 4662 4658 4659
f 4151 4386 4150
f 4647 4383 4653
f 4384 4387 4151
f 4386 4390 4654
f 4658 4957 4956
f 4961 4957 4658
f 4383 4386 4653
f 5245 4942 5244
f 8675 8676 8672
f 8672 8673 8676
f 8669 8673 8672
f 8668 8659 8669
f 8669 9049 9051
f 9053 8673 9051
f 9053 9050 9052
f 9051 8670 8669
f 8673 8670 9051
f 9050 8672 9052
f 9052 8672 8676
f 9051 9050 9053
f 8676 9053 9052
f 8672 9050 9049
f 8669 8659 9049
f 9049 9050 9051
f 9049 8668 8669
f 8672 9049 8669
f 218 217 215
f 218 265 217
f 266 269 265
f 266 216 262
f 265 218 266
f 175 174 170
f 175 212 174
f 174 212 211
f 266 218 216
f 255 260 256
f 260 259 255
f 256 210 214
f 317 255 259
f 256 214 260
f 215 265 261
f 265 215 217
f 218 215 216
f 216 263 262
f 269 266 270
f 174 173 169
f 255 209 256
f 205 255 252
f 255 205 209
f 205 168 209
f 169 170 174
f 209 173 210
f 168 169 209
f 214 176 215
f 173 214 210
f 216 211 212
f 211 216 215
f 174 215 176
f 173 209 169
f 211 215 174
f 176 214 173
f 173 174 176
f 205 169 168
f 210 256 209
f 319 317 259
f 634 643 644
f 634 682 694
f 643 634 694
f 697 648 694
f 590 589 601
f 601 551 539
f 491 492 539
f 491 551 499
f 362 424 373
f 362 373 361
f 373 423 372
f 650 608 609
f 608 557 609
f 608 650 649
f 649 650 647
f 373 424 423
f 578 541 526
f 716 754 766
f 591 541 578
f 527 526 481
f 591 540 541
f 541 540 526
f 480 481 526
f 481 480 424
f 634 635 682
f 492 491 436
f 766 754 765
f 634 590 635
f 423 436 437
f 480 540 492
f 635 578 625
f 635 590 591
f 603 607 646
f 646 607 649
f 608 649 607
f 492 493 480
f 766 727 716
f 539 540 590
f 493 492 423
f 540 539 492
f 634 644 589
f 436 444 384
f 649 647 646
f 436 435 499
f 493 423 480
f 591 590 540
f 480 423 492
f 683 682 635
f 726 765 727
f 644 601 589
f 682 683 727
f 682 727 726
f 362 425 424
f 764 725 726
f 733 725 764
f 648 609 605
f 492 436 423
f 384 444 388
f 499 502 443
f 733 693 734
f 423 424 480
f 764 726 765
f 436 384 385
f 734 682 726
f 766 765 726
f 372 423 385
f 444 499 443
f 499 551 550
f 694 648 643
f 436 385 423
f 734 694 682
f 555 499 550
f 727 766 726
f 540 480 526
f 647 650 609
f 648 696 647
f 578 526 579
f 625 578 579
f 499 555 502
f 696 695 647
f 491 539 551
f 609 648 647
f 591 578 635
f 499 444 436
f 693 696 694
f 601 550 551
f 491 499 435
f 726 725 733
f 727 683 716
f 625 683 635
f 694 734 693
f 539 590 601
f 696 648 697
f 826 827 856
f 855 826 856
f 696 693 733
f 634 589 590
f 733 734 726
f 648 605 643
f 435 436 491
f 753 764 765
f 854 878 853
f 791 753 792
f 646 647 695
f 854 826 855
f 753 791 764
f 824 791 825
f 824 825 854
f 824 854 853
f 825 827 826
f 825 792 827
f 853 878 908
f 855 878 854
f 791 792 825
f 793 827 792
f 854 825 826
f 754 792 765
f 765 792 753
f 790 763 791
f 763 764 791
f 696 697 694
f 527 481 482
f 793 792 754
f 893 894 922
f 921 922 951
f 1007 1035 1049
f 865 892 891
f 954 923 924
f 953 979 952
f 866 893 892
f 838 843 868
f 923 954 953
f 835 841 842
f 1104 1083 1105
f 929 895 896
f 890 864 891
f 842 808 835
f 872 871 844
f 961 925 929
f 930 901 902
f 808 842 807
f 954 925 955
f 979 985 952
f 891 892 920
f 920 950 958
f 868 867 838
f 998 1029 1028
f 836 809 805
f 955 961 960
f 777 806 810
f 892 921 920
f 864 865 891
f 925 954 924
f 1072 1073 1096
f 1036 1035 1009
f 1049 1072 1071
f 1046 1047 1058
f 1104 1105 1118
f 1119 1118 1105
f 1074 1097 1096
f 871 868 843
f 1050 1049 1036
f 951 922 952
f 1130 1096 1113
f 1008 1029 1007
f 950 951 978
f 974 931 943
f 1058 1083 1082
f 957 958 982
f 929 925 924
f 777 810 776
f 953 952 922
f 949 928 920
f 838 867 837
f 1103 1081 1082
f 1082 1118 1103
f 1093 1105 1070
f 1049 1070 1048
f 865 864 835
f 1071 1093 1070
f 812 838 811
f 813 812 780
f 952 953 980
f 1164 1151 1131
f 870 841 864
f 810 805 809
f 779 780 812
f 1131 1151 1113
f 1118 1082 1104
f 1029 981 1007
f 892 865 866
f 865 835 836
f 890 891 928
f 836 808 809
f 960 954 955
f 953 954 959
f 984 1010 983
f 1113 1114 1131
f 836 805 837
f 920 921 951
f 1081 1103 1080
f 902 871 872
f 959 954 960
f 843 812 813
f 841 807 842
f 958 949 920
f 987 980 959
f 837 867 866
f 836 837 866
f 810 806 805
f 1133 1165 1115
f 843 838 812
f 1049 1050 1072
f 952 980 979
f 902 901 871
f 811 806 777
f 811 779 812
f 896 868 901
f 866 894 893
f 841 835 864
f 959 980 953
f 1099 1133 1098
f 836 866 865
f 806 837 805
f 895 894 867
f 990 989 960
f 1098 1133 1115
f 901 930 896
f 837 806 838
f 950 920 951
f 806 811 838
f 928 891 920
f 1077 1099 1076
f 1049 1048 1007
f 1096 1095 1072
f 1057 1058 1081
f 1082 1081 1058
f 903 930 902
f 930 903 931
f 872 903 902
f 922 921 893
f 835 808 836
f 1164 1131 1132
f 894 895 923
f 978 951 985
f 894 923 922
f 950 984 983
f 953 922 923
f 779 811 778
f 951 952 985
f 895 868 896
f 955 925 961
f 921 892 893
f 950 983 958
f 843 813 844
f 959 960 989
f 930 929 896
f 779 778 743
f 870 864 890
f 778 811 777
f 868 895 867
f 871 843 844
f 923 895 924
f 980 986 979
f 1011 1037 1010
f 978 985 984
f 1076 1098 1063
f 986 985 979
f 1040 1014 1041
f 986 1012 1011
f 1074 1061 1038
f 950 978 984
f 979 986 952
f 1011 1012 1039
f 1076 1040 1077
f 1010 985 1011
f 1061 1039 1062
f 988 959 989
f 1063 1075 1062
f 705 742 741
f 740 777 776
f 741 777 740
f 807 821 786
f 775 788 749
f 775 808 787
f 776 810 775
f 704 713 712
f 787 808 807
f 809 775 810
f 821 802 786
f 749 776 775
f 705 741 704
f 741 749 704
f 809 808 775
f 713 704 749
f 749 741 740
f 749 740 776
f 713 749 712
f 748 712 749
f 748 749 788
f 788 775 787
f 748 788 787
f 712 748 711
f 787 747 748
f 711 666 712
f 787 786 747
f 742 777 741
f 987 1013 1012
f 802 747 786
f 786 787 807
f 1038 1039 1061
f 778 777 742
f 705 662 706
f 706 742 705
f 986 980 987
f 1039 1038 1011
f 986 987 1012
f 1061 1074 1097
f 1011 1038 1037
f 1063 1039 1040
f 988 1013 987
f 1013 1039 1012
f 1040 1039 1013
f 1014 1013 988
f 959 988 987
f 1074 1061 1073
f 662 654 706
f 655 706 654
f 1119 1105 1093
f 1073 1038 1074
f 982 958 983
f 981 1029 999
f 1083 1047 1070
f 1071 1094 1093
f 1113 1096 1097
f 1112 1095 1096
f 1112 1096 1130
f 1008 981 982
f 1036 1049 1035
f 1111 1119 1094
f 1072 1095 1094
f 1009 1008 982
f 1094 1095 1111
f 1070 1049 1071
f 1073 1051 1038
f 1037 1073 1072
f 1037 1051 1073
f 1050 1037 1072
f 1051 1037 1038
f 1095 1112 1111
f 1073 1074 1096
f 1047 1083 1058
f 1119 1093 1094
f 1008 1035 1007
f 1105 1083 1070
f 1007 981 1008
f 1072 1094 1071
f 1070 1047 1048
f 1037 1036 1010
f 1037 1050 1036
f 957 982 981
f 660 618 661
f 611 612 655
f 705 704 662
f 1130 1131 1150
f 928 949 958
f 926 942 898
f 852 879 863
f 900 890 928
f 928 957 927
f 912 911 889
f 971 942 956
f 926 957 956
f 998 972 999
f 972 971 956
f 956 942 926
f 888 889 911
f 927 900 928
f 899 927 926
f 898 899 926
f 839 870 869
f 956 981 972
f 926 927 957
f 879 912 889
f 997 970 971
f 821 839 820
f 927 899 900
f 900 870 890
f 869 899 898
f 941 911 912
f 941 971 970
f 879 852 913
f 807 840 821
f 919 888 911
f 981 956 957
f 912 942 971
f 971 941 912
f 942 913 898
f 900 899 869
f 879 913 912
f 972 998 971
f 807 841 840
f 880 839 869
f 821 840 839
f 870 839 840
f 880 898 913
f 999 972 981
f 880 852 839
f 942 912 913
f 958 957 928
f 852 880 913
f 869 870 900
f 898 880 869
f 998 997 971
f 889 863 879
f 852 820 839
f 841 870 840
f 983 1009 982
f 974 973 962
f 1032 1000 1001
f 1001 1002 1034
f 1054 1055 1059
f 973 961 962
f 962 930 963
f 973 1002 1001
f 1060 1085 1084
f 974 962 963
f 656 699 655
f 961 973 1001
f 1055 1031 1032
f 1084 1059 1060
f 961 1001 990
f 1034 1032 1001
f 1000 1032 1031
f 1059 1079 1054
f 960 961 990
f 990 1001 1000
f 1031 1015 1000
f 930 974 963
f 929 930 962
f 1014 1040 1013
f 974 930 931
f 973 974 1002
f 989 990 1000
f 1060 1055 1032
f 1000 1015 989
f 1032 1034 1060
f 814 780 781
f 1054 1053 1030
f 845 844 814
f 929 962 961
f 813 814 844
f 1059 1055 1060
f 780 814 813
f 1031 1055 1054
f 1054 1030 1031
f 1031 1030 1015
f 844 845 872
f 701 739 700
f 1059 1084 1079
f 1053 1054 1078
f 657 652 700
f 1052 1053 1077
f 1078 1077 1053
f 612 656 655
f 700 656 657
f 704 661 662
f 617 618 660
f 656 652 657
f 655 699 707
f 652 656 612
f 704 660 661
f 660 704 712
f 666 660 712
f 988 989 1015
f 1014 1053 1041
f 1014 988 1015
f 656 700 699
f 739 738 700
f 779 738 780
f 814 781 774
f 737 707 699
f 1075 1097 1074
f 743 778 742
f 707 737 742
f 1006 1034 1002
f 780 739 781
f 1039 1063 1062
f 707 742 706
f 984 985 1010
f 1052 1040 1041
f 1053 1014 1030
f 1052 1041 1053
f 1063 1040 1076
f 1011 985 986
f 700 738 699
f 1040 1052 1077
f 1014 1015 1030
f 738 779 737
f 737 699 738
f 780 738 739
f 1074 1061 1062
f 1062 1075 1074
f 706 655 707
f 1075 1063 1098
f 742 737 743
f 739 774 781
f 998 999 1029
f 1098 1114 1075
f 1098 1076 1099
f 743 737 779
f 1114 1097 1075
f 1115 1114 1098
f 1035 1008 1009
f 1028 1048 1047
f 1046 1028 1047
f 1082 1083 1104
f 1114 1115 1132
f 1097 1114 1113
f 1115 1165 1132
f 1029 1048 1028
f 1036 1009 1010
f 1131 1114 1132
f 1165 1164 1132
f 1029 1007 1048
f 1131 1151 1163
f 1164 1163 1151
f 1131 1163 1150
f 1131 1130 1113
f 1009 983 1010
f 866 867 894
f 901 868 871
f 895 929 924
f 10711 10792 10791
f 10933 10856 10858
f 10711 10790 10710
f 10635 10553 10712
f 10636 10713 10712
f 10634 10635 10711
f 10711 10710 10634
f 10931 10856 10933
f 10779 10793 10862
f 10987 11010 10988
f 10860 10861 10937
f 10858 10790 10859
f 10776 10854 10775
f 11068 11130 11067
f 10935 11012 11011
f 10862 10938 10937
f 10775 10694 10776
f 10696 10780 10713
f 10991 10992 11067
f 10712 10711 10635
f 10862 10793 10780
f 11011 11010 10934
f 10712 10792 10711
f 10780 10696 10781
f 10793 10712 10713
f 11129 11128 11130
f 10790 10789 10708
f 11177 11217 11169
f 10940 10939 10864
f 10864 10865 10940
f 11178 11177 11127
f 10791 10790 10711
f 10790 10858 10789
f 11067 10990 10991
f 10936 10860 10937
f 11011 10989 10988
f 10931 10932 10914
f 11012 10989 11011
f 10712 10793 10792
f 10856 10776 10777
f 10931 10933 10932
f 10934 11010 10933
f 10855 10776 10856
f 10935 10934 10859
f 10780 10793 10713
f 11129 11179 11178
f 10859 10860 10936
f 10792 10793 10779
f 10781 10864 10863
f 10693 10694 10774
f 10792 10779 10791
f 10859 10790 10791
f 10634 10551 10552
f 10933 10987 10914
f 10775 10774 10694
f 10992 10991 11013
f 10781 10863 10780
f 10990 11012 11013
f 10777 10776 10695
f 10990 11067 11066
f 11065 11128 11129
f 11012 10936 11013
f 11012 10935 10936
f 10777 10857 10856
f 11010 10987 10933
f 10864 10781 10865
f 10780 10863 10862
f 10939 10863 10864
f 10776 10694 10705
f 10861 10791 10779
f 10859 10791 10860
f 10939 11014 10938
f 11179 11129 11130
f 10710 10633 10634
f 11014 11013 10937
f 10856 10931 10855
f 10634 10633 10551
f 10854 10776 10855
f 11067 11130 11128
f 10636 10712 10553
f 10990 10989 11012
f 10634 10552 10635
f 10858 10778 10789
f 10553 10635 10552
f 10779 10862 10861
f 10860 10791 10861
f 11129 11178 11127
f 10934 10936 10935
f 11177 11178 11217
f 11128 11065 11067
f 11065 11129 11127
f 10935 11011 10934
f 10858 10934 10933
f 11013 10936 10937
f 10937 10938 11014
f 10778 10777 10707
f 10863 10939 10938
f 11015 10939 10940
f 11013 11014 10992
f 10935 10859 10936
f 11067 10992 11068
f 10858 10859 10934
f 10778 10707 10788
f 10938 10862 10863
f 10861 10862 10937
f 10914 10932 10933
f 10993 11014 10939
f 10778 10857 10777
f 10988 11010 11011
f 10858 10856 10857
f 10990 11013 10991
f 10776 10705 10695
f 10993 10939 11015
f 10790 10708 10709
f 11067 11065 11066
f 10778 10858 10857
f 10789 10778 10788
f 3620 3797 3803
f 3633 3626 3627
f 3627 3634 3633
f 3627 3803 3634
f 3638 3633 3634
f 3466 3474 3467
f 3634 3639 3638
f 3282 3281 3271
f 3620 3627 3619
f 3791 3798 3797
f 3448 3282 3271
f 3619 3796 3620
f 3797 3614 3791
f 3638 3474 3637
f 3626 3632 3625
f 3803 3627 3620
f 3614 3797 3613
f 3118 3107 3262
f 3639 3634 3807
f 3448 3449 3613
f 3445 3444 3441
f 3440 3262 3258
f 3619 3618 3612
f 3797 3620 3613
f 3262 3448 3271
f 3461 3625 3632
f 3601 3604 3600
f 3281 3270 3271
f 3605 3609 3608
f 3108 3107 3262
f 3639 3812 3638
f 3107 3117 2962
f 3637 3466 3632
f 3797 3796 3620
f 3605 3604 3601
f 3281 3282 3453
f 3270 3281 3117
f 3634 3803 3807
f 3625 3461 3618
f 3633 3638 3632
f 3444 3262 3440
f 3474 3466 3637
f 3466 3461 3632
f 3618 3626 3625
f 3626 3618 3619
f 3641 3638 3812
f 3627 3626 3619
f 3444 3449 3448
f 3608 3449 3444
f 3117 3118 3270
f 3453 3618 3461
f 3612 3613 3620
f 3604 3441 3600
f 3608 3444 3445
f 3444 3448 3262
f 3453 3448 3618
f 3609 3613 3608
f 3637 3632 3638
f 3604 3605 3608
f 3453 3282 3448
f 3461 3291 3281
f 3107 3118 3117
f 3626 3633 3632
f 3281 3126 3117
f 3796 3612 3620
f 3453 3461 3281
f 3608 3613 3449
f 3270 3118 3271
f 3609 3614 3613
f 3641 3817 3644
f 3271 3118 3262
f 3613 3612 3448
f 3448 3612 3618
f 3608 3441 3604
f 3619 3612 3796
f 3445 3441 3608
f 3444 3440 3441
f 4679 4680 4985
f 4680 4679 4410
f 3960 3748 3749
f 3758 3970 3757
f 4176 4187 3959
f 3227 3063 3228
f 3415 3409 3410
f 3749 3961 3960
f 3401 3576 3575
f 3757 3577 3758
f 3581 3761 3768
f 4181 4425 4180
f 4432 4187 4176
f 4187 3971 3959
f 3758 3577 3970
f 4686 4687 4991
f 4419 4176 4177
f 3063 3227 3226
f 3403 3577 3757
f 4430 4431 4697
f 3969 4187 4186
f 3968 3763 3756
f 4425 4166 4408
f 4166 4425 4181
f 3410 3416 3415
f 3576 3402 3757
f 3969 4186 3756
f 5000 4697 5001
f 4421 4179 4422
f 4700 4420 4686
f 4689 4423 4690
f 4187 3970 3971
f 4432 4700 4699
f 4698 4697 4431
f 3961 4177 3960
f 4686 4991 5003
f 4698 5001 4697
f 4180 4423 4179
f 4180 4424 4423
f 3750 3962 3749
f 3236 3057 3224
f 3224 3057 3058
f 4689 4691 4995
f 5003 4700 4686
f 4180 4179 3963
f 3422 3423 3589
f 3756 3575 3576
f 3582 3575 3755
f 4689 4687 4688
f 3755 3763 3582
f 4429 4184 4185
f 4678 4679 4984
f 4422 4179 4423
f 3970 3577 3959
f 3750 3963 3962
f 4167 4409 4408
f 4983 4995 4678
f 3750 3572 3573
f 3572 3571 3395
f 5314 4994 5315
f 4177 4421 4420
f 3962 3961 3749
f 3779 3588 3773
f 3960 3959 3748
f 4186 4431 4430
f 3396 3573 3572
f 3231 3219 3395
f 3965 4181 3964
f 3236 3410 3409
f 4430 4429 4185
f 4420 4419 4177
f 3963 3752 3751
f 4430 4696 4429
f 4993 4689 4994
f 4429 4695 4428
f 4179 3962 3963
f 4699 4700 5003
f 3058 3410 3224
f 4431 4432 4699
f 4423 4424 4690
f 4695 4429 4696
f 3410 3582 3581
f 4993 5314 4992
f 3596 3430 3421
f 3774 3773 3589
f 4419 4700 4432
f 4167 4410 4409
f 4993 4994 5314
f 3395 3396 3572
f 3581 3585 3416
f 4983 4678 4984
f 3964 4180 3963
f 4687 4992 4991
f 4186 4430 4185
f 4425 4690 4424
f 4679 4678 4409
f 4691 4678 4995
f 3774 3589 3590
f 3755 3575 3756
f 3225 3576 3401
f 3756 3757 3969
f 3576 3757 3756
f 3422 3415 3416
f 3416 3423 3422
f 3963 3573 3752
f 4432 4431 4187
f 3585 3581 3768
f 3573 3963 3750
f 4687 4689 4993
f 3585 3423 3416
f 3063 3062 2908
f 4425 4691 4690
f 4178 4177 3961
f 4408 4166 4167
f 3950 4181 3965
f 3423 3585 3590
f 3421 3422 3588
f 4425 4678 4691
f 3228 3404 3227
f 3577 3403 3404
f 4419 4432 4176
f 4419 4420 4700
f 4422 4688 4421
f 4178 4179 4421
f 4688 4423 4689
f 3411 3410 3575
f 4179 4178 3962
f 4425 4409 4678
f 3578 3577 3405
f 4177 4178 4421
f 3236 3224 3410
f 3410 3581 3416
f 3779 3597 3588
f 3965 3751 3752
f 4984 4679 4985
f 4688 4687 4421
f 3401 3410 3225
f 3756 3763 3755
f 3757 3970 3969
f 3959 3960 4177
f 3589 3773 3588
f 4421 4687 4420
f 4687 4993 4992
f 3582 3410 3411
f 3581 3582 3763
f 3964 4181 4180
f 3762 3761 3581
f 4995 4983 4994
f 4186 3968 3756
f 3402 3226 3227
f 4178 3961 3962
f 3060 3226 3225
f 3226 3402 3225
f 3748 3571 3749
f 3227 3404 3403
f 3575 3410 3401
f 4424 4180 4425
f 3950 4166 4181
f 4422 4423 4688
f 4696 4430 4697
f 3751 3965 3964
f 3404 3405 3577
f 3588 3597 3596
f 4185 3968 4186
f 3970 4187 3969
f 3572 3750 3571
f 3588 3422 3589
f 3420 3245 3421
f 4431 4699 4698
f 3403 3402 3227
f 5000 4696 4697
f 4184 3968 4185
f 4689 4690 4691
f 4994 4689 4995
f 3571 3750 3749
f 4177 4176 3959
f 3421 3588 3596
f 3581 3763 3762
f 4409 4425 4408
f 4184 4429 4428
f 4687 4686 4420
f 3970 3959 3971
f 3963 3751 3964
f 4187 4431 4186
f 3421 3430 3420
f 3245 3246 3421
f 3757 3402 3403
f 3225 3402 3576
f 3062 3063 3226
f 3411 3575 3582
f 3590 3589 3423
f 4410 4679 4409
f 1538 1499 1551
f 2122 2215 2214
f 2122 2121 2039
f 2213 2121 2214
f 2308 2307 2215
f 2305 2213 2306
f 1426 1483 1425
f 2121 2122 2214
f 2214 2306 2213
f 2039 2121 2038
f 1427 1484 1426
f 2214 2215 2307
f 2213 2305 2212
f 1407 1434 1374
f 1485 1461 1400
f 2732 2558 2733
f 1400 1461 1427
f 2120 2213 2212
f 2119 2120 2212
f 1315 1369 1400
f 1400 1369 1485
f 1462 1485 1369
f 1462 1369 1377
f 2038 1904 2039
f 1485 1555 1590
f 2119 2037 2120
f 2559 2733 2558
f 1520 1461 1485
f 1461 1484 1427
f 1436 1425 1460
f 1426 1484 1483
f 1961 1677 1734
f 1555 1678 1590
f 1462 1486 1555
f 1736 1555 1486
f 1792 1961 1791
f 1678 1736 1792
f 1735 1678 1792
f 1553 1554 1633
f 1483 1518 1553
f 1400 1427 1344
f 1482 1459 1460
f 1407 1408 1468
f 1791 1735 1792
f 1517 1553 1552
f 1734 1735 1791
f 1553 1482 1483
f 1461 1520 1519
f 1344 1315 1400
f 1500 1516 1551
f 1408 1409 1436
f 2733 2890 2732
f 1459 1517 1500
f 1678 1735 1634
f 2307 2308 2414
f 1590 1634 1554
f 1468 1408 1435
f 1409 1398 1436
f 2413 2558 2412
f 1590 1520 1485
f 1552 1516 1517
f 1500 1499 1468
f 1486 1487 1736
f 2120 2121 2213
f 1486 1377 1410
f 1590 1678 1634
f 1483 1460 1425
f 1469 1459 1500
f 1460 1459 1436
f 1633 1677 1552
f 1484 1461 1519
f 1436 1398 1425
f 1407 1374 1408
f 2039 1904 1851
f 1486 1462 1377
f 1591 1793 1736
f 2038 2037 1964
f 1851 1793 1591
f 1736 1902 1962
f 2037 2119 2036
f 2120 2037 2038
f 1964 1904 2038
f 1736 1903 1902
f 1903 1793 1904
f 1736 1961 1792
f 1964 1963 1903
f 1736 1487 1591
f 1902 1903 1963
f 1555 1736 1678
f 1736 1793 1903
f 1791 1961 1734
f 2037 1963 1964
f 1462 1555 1485
f 1961 1736 1962
f 2038 2121 2120
f 1793 1851 1904
f 1963 2035 1902
f 1903 1904 1964
f 1963 2037 2036
f 2035 1963 2036
f 2307 2306 2214
f 1434 1407 1468
f 1518 1484 1519
f 1551 1516 1552
f 1554 1520 1590
f 1519 1520 1554
f 1482 1553 1517
f 1516 1500 1517
f 1499 1434 1468
f 1518 1483 1484
f 1469 1500 1468
f 2307 2412 2306
f 2413 2414 2559
f 1519 1554 1518
f 1469 1435 1408
f 2308 2559 2414
f 1551 1552 1677
f 2307 2413 2412
f 1551 1499 1500
f 2413 2559 2558
f 1459 1469 1436
f 1735 1734 1633
f 1469 1408 1436
f 1518 1554 1553
f 1482 1460 1483
f 1434 1406 1374
f 1517 1459 1482
f 1633 1554 1634
f 1734 1677 1633
f 1435 1469 1468
f 1406 1434 1499
f 1350 1406 1319
f 1374 1406 1350
f 2413 2307 2414
f 1552 1553 1633
f 1634 1735 1633
f 1369 1315 1324
f 1324 1257 1258
f 1369 1354 1377
f 1257 1324 1315
f 1325 1324 1258
f 1324 1325 1354
f 1354 1369 1324
f 1377 1354 1325
f 6547 6220 6221
f 5300 5301 5618
f 5929 5618 5930
f 5629 5310 5311
f 5619 5618 5301
f 4683 4989 5310
f 6231 6555 6547
f 6219 5928 6229
f 5943 5941 5942
f 5942 5941 5629
f 5942 5631 5943
f 4406 4677 4676
f 4407 4677 4406
f 6232 6233 6556
f 5931 5932 6233
f 5939 5309 5628
f 3954 4407 4165
f 6231 5929 5930
f 5311 5630 5629
f 4172 4415 4414
f 5631 5630 5637
f 5931 5930 5619
f 6221 6220 6229
f 5316 5317 5310
f 5631 5942 5630
f 6238 6559 6558
f 5941 6240 5940
f 6240 5943 6241
f 6545 6219 6220
f 5929 6230 5928
f 6238 6558 6234
f 6920 6558 6559
f 6231 6232 6556
f 5309 5939 5620
f 5630 5942 5629
f 4407 4406 4164
f 6240 5941 5943
f 6216 6217 6218
f 6218 6217 5920
f 5919 5920 6217
f 4981 5301 4980
f 4685 4990 4684
f 5918 5920 5919
f 4683 4684 4989
f 5300 5617 5299
f 6221 6229 6230
f 5620 5302 5309
f 6232 6231 5930
f 5930 5931 6232
f 5921 5920 5613
f 5920 6219 6218
f 6547 6230 6231
f 5614 5921 5613
f 5931 6233 6232
f 4675 4676 4981
f 5301 5300 4980
f 6239 6238 5940
f 6219 5920 5921
f 4407 3954 4414
f 6219 5922 5928
f 5931 5619 5932
f 6545 6220 6546
f 5619 5938 5932
f 6233 5932 6234
f 4973 4974 4975
f 5619 5620 5938
f 5292 5294 5293
f 5302 5620 5619
f 4406 4676 4675
f 5294 5613 5612
f 5613 5920 5612
f 6241 6566 6561
f 5299 4977 4979
f 5294 4973 4975
f 4416 4683 4415
f 4415 4172 4416
f 5617 5929 5928
f 5929 6231 6230
f 6234 6558 6233
f 5922 5921 5928
f 5619 5301 5302
f 6238 6234 5939
f 5617 5300 5618
f 6217 5918 5919
f 4990 4989 4684
f 5616 5617 5928
f 6238 5939 5940
f 4676 4677 4981
f 6215 6217 6216
f 5317 5311 5310
f 5618 5929 5617
f 5612 5918 5611
f 5938 5939 5932
f 4164 4165 4407
f 5302 5301 4981
f 4677 5302 4981
f 5302 4982 5309
f 5309 5310 5628
f 5628 5629 5941
f 6230 6547 6221
f 6240 6241 6561
f 5294 5614 5613
f 5928 6230 6229
f 6561 6239 6240
f 5620 5939 5938
f 5921 5614 5922
f 6558 6557 6233
f 6238 6239 6559
f 6240 6239 5940
f 5930 5618 5619
f 5310 5309 4982
f 4414 4415 4407
f 4684 4416 4685
f 5939 5941 5940
f 3954 4172 4414
f 4975 4976 5294
f 4683 4677 4415
f 4973 5294 5292
f 4684 4683 4416
f 5302 4677 4982
f 5299 4980 5300
f 6229 6220 6219
f 5939 6234 5932
f 5617 5614 5299
f 5918 5612 5920
f 5922 5614 5928
f 5614 5295 5299
f 5294 5612 5293
f 5295 5614 5294
f 4976 4977 5299
f 5614 5616 5928
f 5921 5922 6219
f 6220 6547 6546
f 5616 5614 5617
f 5295 5294 4976
f 4976 5299 5295
f 5629 5628 5310
f 4979 4980 5299
f 5941 5939 5628
f 4683 5310 4982
f 5918 6217 6215
f 4407 4415 4677
f 6233 6557 6556
f 4677 4683 4982
f 6878 7279 6877
f 6877 6869 6870
f 6878 6877 6870
f 6868 6869 6876
f 5592 5279 5591
f 5890 6190 6191
f 6870 6869 6860
f 5585 5589 5890
f 5894 5903 5904
f 5280 5279 5276
f 6861 6870 6860
f 6884 7279 6878
f 6863 6872 7268
f 5894 6198 6190
f 6879 6871 6872
f 6515 6514 6879
f 5592 5275 5279
f 5276 5275 5273
f 6890 6521 6529
f 5589 5592 5895
f 5280 5281 5279
f 5275 5276 5279
f 5585 5887 5884
f 7256 7264 7263
f 6863 7268 6864
f 5273 5275 5585
f 6864 7268 7263
f 5894 5592 5591
f 6522 6529 6521
f 7263 7264 6864
f 6515 6184 6191
f 6878 6870 6871
f 6522 6515 6190
f 5585 5275 5589
f 6509 6184 6515
f 6871 6879 6878
f 5890 5589 5895
f 7267 7263 7268
f 6877 6876 6869
f 6863 6864 6872
f 6184 6180 6185
f 6185 6191 6184
f 5894 6190 5890
f 6509 6864 6504
f 6509 6181 6180
f 5895 5894 5890
f 6872 6864 6509
f 6185 6180 5887
f 6884 6521 6890
f 7255 6848 7254
f 6180 6184 6509
f 7263 7262 7255
f 7255 6854 6848
f 6870 6861 6862
f 7255 7256 7263
f 6871 6862 7267
f 6861 6854 7262
f 6860 6854 6861
f 7255 7262 6854
f 7262 7263 7267
f 7262 7267 6861
f 6862 6871 6870
f 6862 6861 7267
f 6872 6515 6879
f 6884 6878 6879
f 6860 6853 6854
f 7254 6854 7261
f 7261 6854 6853
f 6860 6859 6853
f 5884 5887 6181
f 6180 6181 5887
f 6853 6859 7261
f 7254 6848 6854
f 6522 6884 6879
f 5894 5895 5592
f 7253 7254 7261
f 7260 7253 7261
f 7245 7254 7253
f 7244 7253 7260
f 5592 5589 5275
f 7268 6871 7267
f 6522 6521 6884
f 6879 6514 6522
f 6515 6872 6509
f 7261 6859 7260
f 6872 6871 7268
f 6197 6529 6198
f 5887 5890 6185
f 5890 6191 6185
f 6529 6190 6198
f 6190 6529 6522
f 5887 5585 5890
f 6514 6515 6522
f 6515 6191 6190
f 6985 6625 6983
f 6622 6625 6302
f 5988 5989 6287
f 6289 6616 6288
f 5690 5686 5985
f 6619 6292 6613
f 6611 6616 6289
f 6299 6623 6622
f 6622 6302 6299
f 6287 6286 5988
f 6285 6286 6608
f 6288 6610 6609
f 6610 6288 6616
f 6287 6288 6609
f 6965 6611 6605
f 6282 6289 6288
f 6287 6609 6286
f 6281 6282 6288
f 6286 6285 6292
f 6609 6610 6615
f 6280 5989 5985
f 5989 6280 6287
f 6610 6616 6615
f 6975 6974 6979
f 6975 6979 6980
f 6969 7357 6968
f 6962 7351 6965
f 6979 6978 6974
f 6619 6623 6299
f 6981 6975 6980
f 6622 6623 6625
f 7351 7354 7355
f 6964 6965 7355
f 6611 6964 6969
f 8598 8599 8595
f 8153 8595 8599
f 7355 7354 6964
f 6293 5988 6286
f 6977 6973 6978
f 7358 6964 7354
f 6969 6964 7358
f 6975 6969 6974
f 7357 6969 7358
f 6293 6286 6292
f 8159 8602 8158
f 7765 7354 7766
f 6968 6974 6969
f 5992 6293 6292
f 7765 8159 8158
f 7354 7765 7769
f 6974 6968 7357
f 7769 8158 7768
f 7361 6979 6974
f 7769 7768 8165
f 7357 7361 7362
f 6979 7361 7365
f 7771 7769 7768
f 8602 8159 8599
f 6292 5991 5992
f 6285 6613 6292
f 5994 6296 5996
f 7361 7774 7365
f 7357 7769 7771
f 6974 7362 7361
f 7765 7766 8159
f 6974 6978 6973
f 5694 5994 5996
f 7357 7362 6974
f 5989 5988 5689
f 7358 7354 7357
f 6611 6965 6964
f 7768 8158 8165
f 5690 5985 5989
f 7774 7368 7365
f 6296 6299 5996
f 8159 7766 8153
f 6615 6608 6286
f 7365 6977 6978
f 6972 6973 6977
f 7365 7367 6983
f 6983 7367 7372
f 5690 5989 5689
f 6613 6285 6608
f 6980 6620 6981
f 5994 5991 6296
f 5687 5985 5686
f 6617 6611 6616
f 8602 8599 8598
f 5988 5992 5692
f 5689 5988 5692
f 5992 5988 6293
f 6623 6983 6625
f 6608 6615 6614
f 6292 6619 6296
f 7771 7774 7361
f 5991 5994 5992
f 6619 6977 6623
f 5992 5994 5694
f 6613 6614 6972
f 6619 6613 6977
f 6973 6614 6615
f 7372 6985 6983
f 7367 7368 7776
f 6616 6611 6969
f 8594 8598 8595
f 7771 7361 7357
f 7765 8158 7769
f 6969 6975 6616
f 6614 6613 6608
f 7357 7354 7769
f 6973 6615 6974
f 6620 6979 6616
f 6983 6977 7365
f 6980 6616 6975
f 6620 6616 6980
f 6980 6979 6620
f 6619 6299 6296
f 6615 6616 6979
f 6615 6979 6974
f 7368 7367 7365
f 6292 6296 5991
f 6979 7365 6978
f 6972 6977 6613
f 6286 6609 6615
f 8153 8599 8159
f 6965 7351 7355
f 6623 6977 6983
f 5992 5694 5692
f 6972 6614 6973
f 2345 2335 2336
f 2766 2590 2591
f 2774 2928 2936
f 2773 2774 2781
f 2773 2781 2935
f 2935 3093 3086
f 3086 3094 3087
f 2588 2765 2764
f 3093 3094 3086
f 2765 2589 2766
f 2335 2345 2344
f 2452 2451 2444
f 2766 2921 2775
f 2450 2344 2345
f 2345 2336 2450
f 2452 2346 2352
f 2774 2773 2765
f 2767 2591 2768
f 2451 2450 2443
f 2592 2768 2591
f 2765 2775 2774
f 2588 2456 2589
f 2585 2592 2591
f 2930 2929 2921
f 2432 2442 2431
f 2591 2458 2450
f 3082 2930 2923
f 2325 2431 2442
f 2767 2921 2766
f 2922 2930 2921
f 2931 2777 2776
f 2921 2767 2922
f 2444 2337 2452
f 2589 2590 2766
f 2346 2452 2337
f 2928 2774 2929
f 2767 2768 2923
f 2458 2590 2457
f 2351 2344 2450
f 2929 2775 2921
f 2458 2591 2590
f 2593 2592 2459
f 2590 2589 2457
f 2767 2766 2591
f 2353 2352 2346
f 2450 2451 2591
f 2335 2325 2336
f 2766 2775 2765
f 2928 2929 2937
f 2781 2774 2936
f 2336 2443 2450
f 2765 2588 2589
f 2585 2591 2451
f 2585 2451 2452
f 2927 2773 2935
f 2254 2353 2346
f 2935 3086 3087
f 2254 2346 2249
f 2592 2585 2452
f 2460 2452 2352
f 2352 2353 2460
f 2459 2460 2593
f 2764 2919 2763
f 2765 2773 2764
f 2768 2592 2593
f 2460 2459 2452
f 2593 2769 2768
f 2922 2767 2923
f 2450 2458 2457
f 2452 2459 2592
f 2937 2936 2928
f 2927 2935 3080
f 2450 2457 2351
f 2460 2353 2593
f 3083 3082 2923
f 2937 2943 2936
f 2764 2763 2588
f 2776 2769 2593
f 2769 2931 2923
f 2346 2337 2249
f 2774 2775 2929
f 2930 2922 2923
f 2931 2769 2776
f 2781 2936 2943
f 2336 2325 2442
f 2432 2443 2442
f 2432 2444 2443
f 2444 2432 2433
f 2444 2451 2443
f 2433 2432 2327
f 2432 2326 2327
f 2337 2444 2327
f 2443 2336 2442
f 2769 2923 2768
f 2431 2326 2432
f 2923 2931 3083
f 2254 2249 2250
f 3087 3080 2935
f 2457 2589 2456
f 2433 2327 2444
f 2337 2240 2249
f 8550 8549 8104
f 9535 9536 9720
f 8550 8897 8914
f 7723 7722 7315
f 8092 8531 8091
f 8529 8528 8089
f 6923 6932 6924
f 7728 7720 8104
f 7706 7723 7315
f 8091 8530 8090
f 9170 9534 9169
f 8089 7706 7707
f 7706 7316 7299
f 9539 9538 9365
f 8089 7723 7706
f 7316 6925 7299
f 4985 5306 5305
f 9361 9173 9362
f 7728 7321 7322
f 8090 7707 8091
f 10238 10334 10333
f 6569 6570 6932
f 8899 9168 8898
f 8090 8529 8089
f 8531 8530 8091
f 8532 9173 8531
f 10241 10139 10242
f 7315 6924 6925
f 9722 9539 9723
f 8092 8532 8531
f 9537 9364 9365
f 8913 8548 8549
f 4984 5305 5304
f 7313 7314 7721
f 7707 7708 8091
f 8902 9363 9362
f 9173 9361 9172
f 9172 9535 9361
f 9173 8532 8902
f 6245 6570 6569
f 8090 8089 7707
f 9174 9365 9364
f 6564 6926 6925
f 9363 9536 9362
f 8528 8899 8898
f 9940 10138 10240
f 8092 8533 8532
f 10348 10256 10349
f 9721 9536 9537
f 9941 9942 10242
f 10241 10437 10336
f 9166 9377 9376
f 7707 7300 7708
f 5307 4986 4987
f 10335 10239 10240
f 10239 10238 10137
f 9536 9364 9537
f 9722 9948 9721
f 9173 9172 8901
f 8092 7709 8533
f 9533 9943 9717
f 9941 10138 9940
f 6224 5923 6552
f 6553 6552 6226
f 5924 5925 6227
f 8537 7712 8538
f 6915 6227 6554
f 6915 7305 7713
f 6228 6554 6227
f 5935 5923 6223
f 6551 6223 6224
f 7303 6914 7304
f 7303 6913 6914
f 7713 7712 6915
f 6227 6226 5924
f 6222 6237 5934
f 7712 7713 8538
f 6913 6552 6914
f 5934 6223 6222
f 6222 6550 6565
f 6911 6564 6912
f 7301 7302 7709
f 7301 6912 7302
f 5925 5627 5296
f 7300 6912 7301
f 5937 5923 5936
f 6552 5923 6225
f 6237 6222 6236
f 10238 10135 10136
f 10237 10238 10333
f 8537 8891 8536
f 5297 5615 5926
f 8535 8536 9155
f 10333 10258 10237
f 9174 8534 8535
f 10258 10333 10257
f 10238 10239 10334
f 9157 8537 8538
f 10438 10437 10243
f 5933 6237 6236
f 10242 10437 10241
f 4994 4983 5303
f 6246 6571 6570
f 4994 5303 5315
f 6911 6912 7300
f 6247 6562 6571
f 9190 8920 9183
f 9155 8536 8891
f 6235 6236 6563
f 5936 5624 5625
f 6913 6551 6224
f 6227 5926 6228
f 8094 8535 8534
f 5621 5933 6236
f 6925 6563 6564
f 6551 6222 6223
f 8093 7302 7710
f 6247 6571 6246
f 6914 6552 6553
f 10250 10249 10147
f 6550 6912 6564
f 5935 5623 5936
f 6913 6224 6552
f 6564 6565 6550
f 7711 6913 7303
f 9365 9155 9156
f 6565 6564 6236
f 5627 5925 5924
f 6916 7305 6915
f 9723 9366 9540
f 7710 7711 8094
f 9174 8535 9175
f 8534 8093 7710
f 8096 7304 7712
f 6931 6932 6923
f 6550 6913 7302
f 9155 9365 9175
f 8094 7711 8095
f 7710 8094 8534
f 8891 8537 9156
f 6553 7304 6914
f 6563 6925 6924
f 6225 5923 5937
f 7302 6913 7710
f 6915 7712 7304
f 6564 6911 6926
f 9155 9175 8535
f 5936 5623 5624
f 8096 7303 7304
f 9156 9157 9366
f 8096 8536 8095
f 6550 6222 6551
f 6553 6915 7304
f 5937 5924 6225
f 8533 8093 8534
f 6226 6225 5924
f 8095 7711 7303
f 5923 5935 5936
f 5926 5925 5296
f 9363 8902 9174
f 8096 8537 8536
f 6553 6226 6227
f 5925 5926 6227
f 5623 5304 5624
f 5934 5621 5622
f 5622 5935 5934
f 6915 6553 6227
f 6551 6913 6550
f 9157 9156 8537
f 5633 6246 5946
f 5927 6228 5926
f 8891 9156 9155
f 6565 6236 6222
f 6916 6554 6228
f 7710 6913 7711
f 7302 8093 7709
f 5934 5933 5621
f 6552 6225 6226
f 5934 6237 5933
f 5623 5935 5622
f 6223 5923 6224
f 6554 6916 6915
f 5627 5937 5626
f 8536 8535 8095
f 9175 9365 9174
f 6916 6228 5927
f 9940 9939 9715
f 9156 9366 9539
f 9366 9723 9539
f 9157 9540 9366
f 8094 8095 8535
f 5627 5924 5937
f 7302 6912 6550
f 9365 9156 9539
f 5304 5623 5622
f 6563 6236 6564
f 7303 8096 8095
f 5934 5935 6223
f 8096 7712 8537
f 9721 9719 9720
f 6247 5948 6235
f 5635 5933 5948
f 9939 10137 10136
f 6235 5948 6236
f 6562 6570 6571
f 5621 5314 5303
f 6247 6246 5633
f 5314 5315 5303
f 5633 5948 5947
f 5933 6236 5948
f 10337 10246 10245
f 5947 5948 6247
f 5314 5621 5635
f 6247 6235 6562
f 5633 5947 6247
f 5622 5621 5303
f 5304 5622 5303
f 6563 6562 6235
f 5634 5314 5635
f 5948 5634 5635
f 9557 9545 9743
f 9730 9547 9731
f 4983 5304 5303
f 5948 5633 5634
f 9547 9546 9374
f 9374 9375 9547
f 5635 5621 5933
f 9558 9389 9546
f 9730 9956 9955
f 9545 9729 9743
f 9548 9731 9547
f 8104 8105 8550
f 9938 9939 10136
f 9558 9545 9557
f 9388 9558 9557
f 9956 9730 9731
f 9730 9546 9547
f 9729 9545 9730
f 9732 9731 9548
f 5308 5296 5627
f 10257 10152 10258
f 9190 9183 9387
f 9557 9743 9556
f 9387 9557 9556
f 9378 9377 9167
f 10135 9956 9937
f 9955 9743 9729
f 9730 9545 9546
f 9938 9937 9956
f 9545 9558 9546
f 10135 10258 10152
f 9732 9715 9731
f 9557 9387 9388
f 10152 9956 10135
f 9937 9938 10136
f 10335 10240 10336
f 9743 9742 9556
f 9715 9938 9731
f 9389 9374 9546
f 10135 9937 10136
f 9388 9389 9558
f 9731 9938 9956
f 5297 4978 5615
f 9939 9938 9715
f 9955 9729 9730
f 10152 9955 9956
f 9939 10240 10137
f 10437 10438 10603
f 10242 10140 10243
f 10141 10244 10243
f 10141 10243 10140
f 10240 10138 10336
f 7721 7322 7313
f 8088 7723 8089
f 7314 7313 6923
f 7722 8106 8105
f 6931 7313 7322
f 9170 8899 8900
f 10242 10139 9941
f 9379 9172 9361
f 10437 10242 10243
f 10604 10603 10438
f 9533 9548 9377
f 10601 10336 10437
f 10140 9943 10141
f 8526 8527 8898
f 9364 9363 9174
f 9361 9362 9535
f 10435 10334 10239
f 9719 9360 9361
f 8548 8912 8559
f 6246 6570 6245
f 10243 10244 10438
f 10136 10137 10238
f 5296 5308 4988
f 9719 9535 9720
f 9169 9549 9378
f 8548 8913 8912
f 8092 8091 7708
f 10240 9939 9940
f 7721 7720 7322
f 7722 8105 7721
f 8897 8526 8898
f 9378 9533 9377
f 6925 7300 7299
f 6931 7322 7321
f 10138 10139 10241
f 8112 8104 8548
f 9167 8898 9168
f 9716 9717 9941
f 7708 7300 7301
f 7721 7314 7722
f 8533 8902 8532
f 9548 9376 9377
f 5625 5306 5626
f 5308 4987 4682
f 7315 7314 6924
f 9379 9361 9360
f 9534 9943 9549
f 9536 9721 9720
f 8530 8900 8529
f 8530 8529 8090
f 10335 10435 10239
f 8527 8551 8088
f 9169 9534 9549
f 8913 8897 9166
f 7721 8104 7720
f 6932 6570 6924
f 4985 4680 4986
f 4682 4412 4988
f 4682 4988 5308
f 5298 5615 4978
f 4681 4682 4987
f 10135 10238 10237
f 5306 5307 5626
f 8534 8902 8533
f 9377 9166 9167
f 8530 8531 8901
f 8897 9167 9166
f 10140 9942 9943
f 9732 9548 9715
f 9168 9169 9378
f 9185 8913 9166
f 9942 9941 9717
f 9539 9722 9538
f 10601 10436 10336
f 10435 10335 10436
f 10436 10335 10336
f 10256 10255 10151
f 10152 10164 9955
f 10257 10333 10350
f 10257 10256 10151
f 10349 10256 10257
f 6925 6926 7300
f 7708 7301 7709
f 8531 9173 8901
f 9716 9548 9533
f 10151 10164 10152
f 7708 7709 8092
f 10257 10151 10152
f 7299 7300 7707
f 8526 8897 8550
f 10151 10255 10163
f 10164 9967 9955
f 9967 9742 9743
f 9536 9535 9362
f 10151 10163 10164
f 9955 9967 9743
f 9967 10164 10163
f 10350 10349 10257
f 9944 9946 10143
f 10244 10143 10245
f 9943 10142 10141
f 10141 10142 10143
f 9945 10142 9943
f 10141 10143 10244
f 5625 5626 5937
f 9943 9944 9945
f 10143 9945 9944
f 10245 10143 9946
f 10240 10239 10137
f 9388 9387 9183
f 4412 4413 4988
f 10143 10245 10246
f 10245 10144 10246
f 10142 9945 10143
f 10143 10246 10144
f 9185 9184 8913
f 9365 9538 9537
f 10145 10247 10144
f 9947 9719 10145
f 4413 4978 4988
f 9171 9172 9379
f 10245 10440 10244
f 9950 10249 10147
f 9948 9722 10146
f 9535 9719 9361
f 9534 9170 9360
f 8106 8551 8105
f 10245 9946 10144
f 10144 10245 10143
f 10241 10336 10138
f 9533 9717 9716
f 8901 9171 8530
f 8528 8527 8089
f 9715 9716 9940
f 8105 8551 8550
f 10145 10144 9947
f 9533 9549 9943
f 9183 9389 9388
f 5626 5307 5627
f 9718 9534 9360
f 9168 9378 9167
f 8106 7722 7723
f 9170 9171 9360
f 7727 7728 8104
f 9375 9165 9376
f 9169 9168 8899
f 8106 7723 8088
f 8897 8898 9167
f 4984 5304 4983
f 9376 9548 9547
f 8559 8112 8548
f 5307 5308 5627
f 9379 9360 9171
f 9949 10147 10146
f 8900 8530 9171
f 5305 5306 5624
f 10524 10605 10523
f 9172 9171 8901
f 10438 10522 10604
f 9722 9949 10146
f 10523 10522 10439
f 10439 10244 10440
f 4985 5307 5306
f 10248 10339 10145
f 10146 10249 9948
f 10147 10249 10146
f 10522 10523 10604
f 10438 10244 10439
f 10525 10607 10606
f 5936 5625 5937
f 9171 9170 8900
f 9718 10144 9946
f 5927 5615 5298
f 10246 10144 10247
f 9946 9944 9534
f 5624 5304 5305
f 5305 4984 4985
f 5625 5624 5306
f 10145 9719 9948
f 10237 10258 10135
f 8912 9184 9183
f 9721 9537 9722
f 6911 7300 6926
f 9183 9184 9389
f 9173 8902 9362
f 10526 10607 10525
f 9722 9950 9949
f 10525 10524 10441
f 4987 4986 4681
f 9718 9719 9947
f 7315 7316 7706
f 8898 8527 8528
f 8912 9183 8559
f 6563 6924 6562
f 8900 8528 8529
f 10525 10606 10524
f 10248 10145 10249
f 9943 9534 9944
f 8533 7709 8093
f 8088 8551 8106
f 10337 10440 10245
f 7721 8105 8104
f 10249 10145 9948
f 10147 9949 9950
f 10524 10523 10440
f 10605 10604 10523
f 8550 8551 8526
f 5926 5615 5927
f 9719 9718 9360
f 9718 9947 10144
f 4987 5308 5307
f 10340 10339 10248
f 4988 5297 5296
f 10605 10524 10606
f 9547 9375 9376
f 10138 9941 10139
f 6570 6562 6924
f 8913 8550 8914
f 10438 10439 10522
f 7315 7722 7314
f 10440 10337 10441
f 8549 8550 8913
f 10440 10523 10439
f 4680 4681 4986
f 10440 10441 10524
f 9534 9718 9946
f 9169 8899 9170
f 9549 9533 9378
f 9185 9375 9184
f 4985 4986 5307
f 9719 9721 9948
f 8104 8112 7727
f 9375 9185 9165
f 8528 8900 8899
f 9538 9722 9537
f 7316 7315 6925
f 8913 9184 8912
f 8527 8526 8551
f 9165 9185 9166
f 9717 9943 9942
f 8902 8534 9174
f 9363 9364 9536
f 6932 6931 6569
f 6569 6931 7321
f 9375 9374 9184
f 9165 9166 9376
f 8104 8549 8548
f 9374 9389 9184
f 9183 8920 8559
f 4171 4978 4413
f 9548 9716 9715
f 7313 6931 6923
f 6923 6924 7314
f 9941 9940 9716
f 7728 7322 7720
f 5296 5297 5926
f 5298 4978 4171
f 9722 9723 9950
f 4988 4978 5297
f 8527 8088 8089
f 8914 8897 8913
f 10140 10242 9942
f 7707 7706 7299
f 10908 10835 10837
f 10889 10890 10891
f 10819 10890 10889
f 10661 10738 10737
f 10741 10740 10668
f 11047 10972 10979
f 10968 10967 10893
f 11044 11043 10968
f 10891 10820 10893
f 10891 10819 10820
f 10830 10821 10822
f 10812 10885 10811
f 11044 11045 11043
f 10968 10969 11044
f 11046 11109 11045
f 10660 10661 10737
f 10739 10667 10740
f 10972 10970 10905
f 10750 10741 10749
f 10753 10755 10834
f 10884 10885 10958
f 10893 10820 10821
f 10812 10813 10885
f 10816 10817 10887
f 10773 10852 10772
f 10590 10667 10661
f 10850 10851 10838
f 11240 11203 11204
f 11204 11203 11163
f 11161 11163 11203
f 11109 11161 11160
f 11109 11042 11043
f 11162 11161 11109
f 11161 11162 11163
f 10883 10884 10958
f 10909 10907 10908
f 10810 10883 10809
f 10813 10812 10736
f 10756 10769 10836
f 10903 10832 10833
f 11164 11163 11162
f 10907 10979 10905
f 11044 10969 10971
f 10903 10833 10904
f 11044 11046 11045
f 10813 10887 10886
f 10740 10818 10739
f 10819 10740 10741
f 10830 10893 10821
f 11163 11164 11205
f 10818 10740 10819
f 10810 10884 10883
f 10835 10908 10906
f 10750 10751 10830
f 10755 10835 10834
f 10756 10836 10835
f 11046 11048 11110
f 11049 10980 11060
f 10970 10969 10894
f 10738 10667 10739
f 10979 10980 11047
f 10902 10893 10830
f 10882 10809 10883
f 10980 10979 10907
f 10835 10755 10754
f 10812 10815 10736
f 11110 11112 11162
f 11029 11030 11028
f 10692 10773 10772
f 10904 10834 10905
f 11205 11240 11204
f 10850 10838 10837
f 10838 10910 10909
f 10894 10902 10903
f 10834 10835 10906
f 10970 10971 10969
f 11041 10967 10968
f 10894 10904 10970
f 10830 10903 10902
f 10904 10894 10903
f 10838 10852 10910
f 11046 10971 10972
f 10965 10888 10889
f 10822 10820 10750
f 10736 10816 10813
f 10817 10889 10888
f 10822 10831 10830
f 10832 10830 10831
f 11049 11047 10980
f 10888 10965 10961
f 10904 10833 10834
f 10970 10904 10905
f 10830 10832 10903
f 10668 10740 10667
f 10889 10891 10966
f 10852 10773 10853
f 10960 11031 10959
f 10769 10770 10836
f 10736 10737 10816
f 10832 10831 10752
f 10966 11040 10965
f 10739 10817 10738
f 10894 10969 10893
f 10958 10957 10883
f 10816 10737 10738
f 10966 10967 11041
f 10972 10905 10979
f 10892 10893 10967
f 10960 10888 10961
f 10980 10981 11060
f 10981 10907 10909
f 10819 10889 10818
f 10772 10851 10771
f 10752 10753 10832
f 10887 10817 10888
f 10957 10956 10883
f 10819 10741 10820
f 11047 11048 11046
f 10836 10770 10771
f 10853 10773 10774
f 11109 11043 11045
f 10838 10851 10852
f 10908 10837 10909
f 10754 10756 10835
f 10852 10851 10772
f 10956 10958 10957
f 11030 10958 10959
f 10752 10831 10751
f 10751 10831 10830
f 10822 10821 10820
f 11046 11044 10971
f 11040 11032 10965
f 10960 10958 10959
f 10817 10818 10889
f 10832 10753 10833
f 10753 10834 10833
f 10957 10958 11029
f 10959 10886 10960
f 10893 10892 10891
f 11028 10957 11029
f 10888 10960 10887
f 11042 10968 11043
f 10893 10902 10894
f 10667 10738 10661
f 10887 10813 10816
f 11047 11049 11048
f 10815 10812 10811
f 10737 10736 10660
f 10958 11030 11029
f 10837 10836 10850
f 11031 11030 10959
f 10837 10838 10909
f 11031 10965 11032
f 10965 11031 10960
f 10972 10971 10970
f 10905 10906 10907
f 11097 11031 11032
f 10981 10980 10907
f 10837 10835 10836
f 10959 10958 10885
f 10774 10773 10692
f 10965 10960 10961
f 11110 11162 11109
f 10959 10885 10886
f 10960 10886 10887
f 10813 10886 10885
f 11042 11032 11040
f 10969 10968 10893
f 10834 10906 10905
f 10972 11047 11046
f 11042 11041 10968
f 10890 10819 10891
f 10771 10851 10850
f 10907 10906 10908
f 11041 11042 11040
f 10692 10693 10774
f 10966 10965 10889
f 10741 10750 10820
f 10739 10818 10817
f 10966 11041 11040
f 10668 10749 10741
f 10850 10836 10771
f 10967 10966 10892
f 10811 10885 10884
f 10817 10816 10738
f 10661 10660 10590
f 10830 10822 10750
f 11163 11205 11204
f 10966 10891 10892
f 10755 10753 10754
f 11162 11112 11164
f 11109 11046 11110
f 1085 1120 1084
f 1116 1100 1078
f 1099 1100 1116
f 1078 1054 1079
f 1100 1077 1078
f 1077 1100 1099
f 1152 1153 1167
f 1153 1152 1138
f 1121 1139 1138
f 1120 1138 1152
f 1139 1153 1138
f 1138 1120 1121
f 1101 1084 1120
f 1101 1078 1079
f 1134 1101 1120
f 1084 1101 1079
f 1078 1101 1116
f 1152 1134 1120
f 1166 1134 1152
f 1116 1133 1099
f 1167 1166 1152
f 1116 1101 1134
f 1121 1120 1106
f 1106 1085 1060
f 1120 1085 1106
f 1153 1139 1121
f 1153 1121 1168
f 1166 1167 1180
f 1166 1180 1196
f 1198 1197 1168
f 1180 1167 1168
f 1197 1180 1168
f 1197 1196 1180
f 1207 1196 1197
f 1207 1197 1198
f 1167 1153 1168
f 10768 10769 10756
f 10461 10360 10361
f 10753 10673 10754
f 10684 10685 10673
f 10630 10631 10708
f 10547 10546 10466
f 10614 10539 10615
f 10612 10671 10611
f 10461 10361 10462
f 10754 10768 10756
f 10591 10592 10667
f 10462 10361 10463
f 10690 10689 10617
f 10460 10461 10542
f 10542 10543 10624
f 10356 10457 10456
f 10615 10539 10616
f 10457 10539 10535
f 10546 10547 10628
f 10669 10667 10592
f 10530 10593 10592
f 10710 10790 10633
f 10671 10752 10751
f 10629 10706 10705
f 10769 10689 10770
f 10671 10672 10752
f 10530 10610 10609
f 10690 10691 10771
f 10533 10450 10451
f 10464 10465 10545
f 10449 10531 10530
f 10671 10594 10595
f 10751 10750 10670
f 10629 10547 10548
f 10451 10534 10533
f 10613 10612 10533
f 10532 10612 10611
f 10706 10630 10707
f 10614 10615 10687
f 10670 10671 10751
f 10530 10531 10610
f 10672 10673 10753
f 10533 10534 10613
f 10458 10459 10539
f 10672 10753 10752
f 10534 10451 10456
f 10673 10685 10686
f 10543 10625 10624
f 10540 10622 10616
f 10706 10629 10630
f 10465 10466 10545
f 10609 10594 10593
f 10534 10457 10535
f 10624 10692 10691
f 10616 10617 10688
f 10670 10668 10669
f 10461 10462 10543
f 10631 10630 10549
f 10768 10687 10769
f 10623 10542 10624
f 10541 10690 10617
f 10617 10689 10688
f 10616 10688 10615
f 10707 10777 10706
f 10670 10750 10749
f 10772 10691 10692
f 10358 10359 10460
f 10789 10788 10708
f 10613 10614 10685
f 10754 10686 10768
f 10695 10705 10706
f 10460 10459 10358
f 10708 10632 10709
f 10460 10541 10540
f 10593 10670 10669
f 10543 10542 10461
f 10541 10617 10622
f 10693 10625 10626
f 10632 10708 10631
f 10626 10544 10627
f 10460 10540 10459
f 10709 10632 10633
f 10772 10771 10691
f 10595 10611 10671
f 10614 10687 10686
f 10535 10613 10534
f 10613 10685 10684
f 10668 10670 10749
f 10461 10359 10360
f 10540 10539 10459
f 10669 10592 10593
f 10539 10457 10458
f 10610 10594 10609
f 10541 10623 10690
f 10686 10754 10673
f 10461 10460 10359
f 10533 10532 10450
f 10684 10612 10613
f 10595 10594 10611
f 10539 10540 10616
f 10777 10695 10706
f 10544 10545 10627
f 10463 10544 10625
f 10788 10707 10708
f 10690 10624 10691
f 10673 10672 10684
f 10694 10693 10626
f 10611 10531 10532
f 10629 10628 10547
f 10687 10768 10686
f 10463 10361 10362
f 10533 10612 10532
f 10624 10625 10692
f 10363 10465 10464
f 10668 10667 10669
f 10459 10458 10357
f 10770 10689 10771
f 10689 10690 10771
f 10546 10627 10545
f 10667 10590 10591
f 10541 10542 10623
f 10690 10623 10624
f 10630 10629 10548
f 10627 10628 10705
f 10685 10614 10686
f 10670 10593 10594
f 10629 10705 10628
f 10694 10626 10627
f 10708 10707 10630
f 10593 10530 10609
f 10450 10532 10449
f 10463 10464 10544
f 10670 10594 10671
f 10544 10464 10545
f 10466 10546 10545
f 10689 10769 10688
f 10356 10357 10458
f 10544 10626 10625
f 10693 10692 10625
f 10627 10705 10694
f 10687 10615 10688
f 10546 10628 10627
f 10671 10612 10672
f 10458 10457 10356
f 10549 10630 10548
f 10633 10790 10709
f 10534 10456 10457
f 10769 10687 10688
f 10541 10460 10542
f 10616 10622 10617
f 10622 10540 10541
f 10535 10614 10613
f 10684 10672 10612
f 10539 10614 10535
f 10543 10462 10463
f 10532 10531 10449
f 10610 10531 10611
f 10611 10594 10610
f 10543 10463 10625
f 10459 10357 10358
f 7552 7553 7548
f 7547 7552 7548
f 7552 7557 7553
f 7553 7557 7558
f 7557 7956 7558
f 7961 7956 7557
f 8421 7961 7967
f 6434 6431 6132
f 6433 6132 6131
f 6434 6132 6433
f 6762 6758 6433
f 6434 6433 6431
f 7151 7147 6755
f 7154 6762 7157
f 6431 6756 6429
f 7150 7147 7146
f 6758 6759 6431
f 7151 7154 7150
f 7147 6752 6755
f 7551 7150 7153
f 7555 7154 7153
f 7146 7151 7150
f 7546 7147 7551
f 7147 7150 7551
f 7556 7562 7961
f 7153 7150 7154
f 7153 7556 7551
f 7151 7146 7147
f 7960 7966 7967
f 7151 6755 6759
f 6759 7154 7151
f 7547 7148 7546
f 7148 7147 7546
f 6131 6132 6136
f 7551 7547 7546
f 7556 7153 7154
f 7551 7552 7547
f 6759 6755 6756
f 7154 6759 6758
f 7961 7557 7556
f 7551 7556 7552
f 7555 7556 7154
f 7562 7556 7555
f 7960 7961 7562
f 7557 7552 7556
f 7562 7555 7561
f 7965 7561 7560
f 7960 7562 7561
f 6759 6756 6431
f 6758 6762 7154
f 7153 7154 7157
f 6128 6132 6431
f 7153 7157 7561
f 7960 7561 7965
f 6431 6433 6758
f 7555 7153 7561
f 7965 7966 7960
f 7566 7565 7964
f 7157 6762 6761
f 7967 7961 7960
f 7965 7560 7964
f 7566 7964 7560
f 7970 7964 7568
f 7964 7970 7965
f 7565 7568 7964
f 970 996 969
f 1057 1026 1027
f 940 977 948
f 996 1005 969
f 1027 998 1028
f 969 941 970
f 940 919 911
f 1046 1027 1028
f 969 1005 977
f 919 940 948
f 1027 1046 1058
f 1080 1033 1057
f 1033 1080 1102
f 1056 1033 1102
f 1005 996 1026
f 947 1004 946
f 976 1004 947
f 947 917 976
f 948 917 918
f 917 948 976
f 948 977 976
f 919 948 918
f 1027 996 997
f 911 941 940
f 941 969 940
f 1080 1057 1081
f 998 1027 997
f 996 1027 1026
f 1033 976 1005
f 977 1005 976
f 1026 1033 1005
f 1027 1058 1057
f 976 1033 1004
f 1057 1033 1026
f 1004 1033 1056
f 996 970 997
f 977 940 969
f 7756 8136 7752
f 6957 6958 6961
f 6274 6598 6270
f 6957 6961 6960
f 6958 6957 6598
f 6595 6267 6598
f 6955 6957 6958
f 6598 6594 6595
f 6955 6594 6957
f 7344 6955 6957
f 6595 6592 6267
f 6955 6953 6594
f 6592 6264 6267
f 6594 6953 6591
f 6591 6953 6587
f 7350 6957 6960
f 7344 6957 7347
f 8144 8141 7760
f 7760 7348 7762
f 7350 7348 7347
f 7752 7755 7751
f 7350 6961 6963
f 7747 7752 7746
f 7335 6946 6950
f 8136 8141 8137
f 7350 6960 6961
f 6584 6950 6946
f 7752 8136 8132
f 6961 6601 6963
f 7746 7751 7752
f 7756 8141 8136
f 7762 7348 7350
f 7752 7753 8136
f 8150 7762 8149
f 7347 6957 7350
f 7760 7347 7348
f 6587 6950 6584
f 7760 7762 8150
f 6950 7338 7335
f 8144 7760 8150
f 7759 7760 8141
f 7755 7756 7751
f 6594 6591 6592
f 6598 6267 6270
f 6598 6274 6601
f 7751 7756 7752
f 6591 6587 6588
f 7756 8140 8141
f 6594 6598 6957
f 7752 7341 7344
f 7338 7752 7747
f 7755 7752 7344
f 6955 7344 7341
f 7756 7755 7344
f 6950 7341 7338
f 7338 7341 7752
f 7341 6950 6953
f 6953 6955 7341
f 6958 6601 6961
f 6271 6275 6270
f 6594 6592 6595
f 6275 6274 6270
f 8140 7759 8141
f 6587 6953 6950
f 7759 7347 7760
f 6958 6598 6601
f 7347 7759 7344
f 7759 8140 7756
f 7344 7759 7756
f 7327 6941 7329
f 6927 6566 6928
f 8113 7724 7729
f 6927 6561 6566
f 8113 7729 8115
f 8113 8115 8566
f 6938 6934 6572
f 7735 8121 8120
f 5944 6241 5943
f 7719 8107 8103
f 8561 8113 8560
f 7326 6934 6938
f 7732 7729 7323
f 5949 5954 6248
f 7323 6933 6934
f 6934 7326 7323
f 6572 6576 6575
f 7318 7324 7323
f 5944 6248 6242
f 6248 5954 6251
f 7324 7327 7323
f 7724 8107 7719
f 7323 7326 7327
f 7735 7733 7736
f 7317 7323 7324
f 7317 7323 7729
f 7317 7324 7318
f 8103 7718 7719
f 7732 7326 7327
f 6560 6561 6922
f 6559 6239 6560
f 8566 8115 8116
f 8561 8553 8552
f 6922 6921 6560
f 6572 6575 6938
f 8121 7735 7736
f 6242 6241 5944
f 7323 7317 7318
f 7733 8115 7732
f 8115 7729 7732
f 6575 6576 6251
f 8107 8113 8552
f 6248 5944 5949
f 8566 8117 8567
f 6927 6933 7317
f 7327 7733 7732
f 8107 7724 8113
f 6927 6928 6934
f 6941 7327 6938
f 6927 6928 6922
f 8552 8553 8107
f 6560 6920 6559
f 8117 8116 8120
f 7323 7317 6933
f 8120 8116 7735
f 8116 8115 7733
f 6927 6934 6933
f 7317 7724 7719
f 6576 6248 6251
f 6576 6572 6248
f 6239 6561 6560
f 6572 6241 6242
f 8116 8117 8566
f 8560 8552 8113
f 7326 7732 7323
f 6920 6560 6921
f 6242 6241 6566
f 6572 6566 6241
f 6242 6248 6572
f 8567 8561 8566
f 7326 6938 7327
f 7327 7736 7733
f 7329 7736 7327
f 6561 6927 6922
f 6572 6928 6566
f 7317 7729 7724
f 8560 8561 8552
f 6928 6572 6934
f 8113 8566 8561
f 8120 8121 8117
f 8116 7733 7735
f 9009 8627 9010
f 8178 8179 8173
f 8623 8618 8619
f 8189 8194 8623
f 8994 8615 9000
f 7788 7794 8195
f 8608 8607 8168
f 8999 8618 9004
f 9000 9005 9261
f 8174 8168 8173
f 8615 8619 9000
f 8195 7794 7789
f 9000 8619 8999
f 8999 9005 9000
f 9005 9266 9261
f 8615 8174 8179
f 9005 8999 9004
f 8194 8188 8193
f 8622 9004 8623
f 9271 9272 9010
f 9009 9010 9005
f 8627 9014 9010
f 8630 9014 8627
f 8607 8608 8610
f 8611 8615 8610
f 8199 8630 8195
f 8627 8195 8630
f 8619 8615 8179
f 9004 8618 8623
f 8174 8611 8610
f 8174 8608 8168
f 8627 9009 8626
f 8195 8627 8626
f 8194 8195 8626
f 8174 8615 8611
f 9005 9004 8623
f 8623 8626 9009
f 8619 8618 8999
f 8623 8194 8626
f 9009 9005 8623
f 9005 9010 9006
f 9006 9010 9267
f 9267 9010 9272
f 9005 9006 9266
f 9006 9267 9266
f 8173 8179 8174
f 8189 8188 8194
f 8608 8174 8610
f 7788 8195 8194
f 9009 9271 9010
f 3048 3065 2897
f 3397 3219 3220
f 2909 2908 2896
f 2897 3065 2909
f 3221 3398 3397
f 3222 3052 3053
f 3230 3229 3064
f 3040 3039 2887
f 3229 3228 3064
f 3051 3052 3221
f 2908 2755 2896
f 3048 2897 3049
f 3579 3578 3406
f 3065 3230 3064
f 3220 3051 3221
f 2901 2728 2887
f 3579 3577 3578
f 3050 3049 2898
f 3066 3231 3065
f 2896 2742 2743
f 3210 3039 3040
f 3050 3219 3049
f 3039 3053 3052
f 3221 3397 3220
f 3396 3219 3397
f 3571 3748 3579
f 3053 3039 3210
f 2744 2570 2571
f 2742 2568 2569
f 3571 3579 3406
f 2887 2729 3040
f 3065 3064 2909
f 2909 3063 2908
f 2743 2569 2570
f 2901 2900 2745
f 3405 3230 3406
f 2570 2744 2743
f 3571 3406 3395
f 3049 2897 2898
f 3052 3222 3221
f 2728 2901 2745
f 3066 3049 3231
f 3406 3231 3395
f 3397 3398 3573
f 3219 3231 3049
f 3051 3050 2899
f 3210 3222 3053
f 2898 2743 2744
f 3052 2887 3039
f 3050 2898 2899
f 3065 3049 3066
f 2742 2741 2568
f 3052 3051 2901
f 2571 2745 2744
f 2727 2728 2745
f 3405 3406 3578
f 3051 3220 3050
f 3397 3573 3396
f 3219 3396 3395
f 3230 3231 3406
f 3577 3748 3959
f 2901 3051 2900
f 3063 2909 3064
f 3579 3748 3577
f 3228 3063 3064
f 2897 2909 2896
f 2755 2742 2896
f 2898 2897 2743
f 2728 2729 2887
f 3048 3049 3065
f 2745 2899 2898
f 3065 3231 3230
f 2898 2744 2745
f 3398 3221 3222
f 3220 3219 3050
f 3051 2899 2900
f 3229 3230 3404
f 3228 3229 3404
f 2743 2897 2896
f 3405 3404 3230
f 2887 3052 2901
f 2743 2742 2569
f 2900 2899 2745
f 2892 2893 3044
f 3205 3381 3204
f 2543 2394 2396
f 2398 2397 2290
f 3383 3206 3207
f 2881 3033 2880
f 2287 2288 2394
f 2735 2736 2561
f 2193 2192 2194
f 2725 2884 2722
f 2722 2545 2723
f 3557 3383 3558
f 2723 2550 2725
f 2290 2397 2289
f 2722 2721 2544
f 2545 2550 2723
f 2891 3038 2886
f 2393 2394 2543
f 3383 3557 3382
f 2721 2882 2881
f 2882 2721 2883
f 3207 3036 3037
f 2882 3034 2881
f 2725 2885 2884
f 2287 2192 2288
f 2193 2288 2192
f 2735 2736 2892
f 2893 2562 2737
f 3381 3382 3556
f 2289 2288 2193
f 3205 3033 3034
f 2288 2289 2395
f 3381 3383 3382
f 2881 2719 2720
f 3034 3035 3206
f 2720 2544 2721
f 2416 2561 2560
f 3382 3557 3556
f 2883 2721 2722
f 2735 2892 2891
f 2561 2736 2560
f 2723 2725 2722
f 3213 3043 3044
f 2562 2561 2417
f 2403 2550 2399
f 2734 2891 2726
f 2726 2886 2885
f 3213 3390 3566
f 2893 2561 2562
f 2560 2735 2726
f 2886 3037 2885
f 2551 2560 2726
f 2398 2544 2396
f 2719 2543 2720
f 3207 3206 3036
f 2883 2722 2884
f 2396 2720 2543
f 2721 2881 2720
f 3206 3381 3205
f 3035 3034 2882
f 2545 2722 2544
f 3035 3037 3036
f 2544 2720 2396
f 2725 2551 2726
f 2885 2883 2884
f 3033 3032 2880
f 2394 2288 2395
f 3205 3204 3033
f 2396 2395 2397
f 3391 3390 3044
f 2544 2398 2545
f 2398 2399 2545
f 3033 3204 3032
f 2194 2192 2098
f 2399 2546 2545
f 2880 2719 2881
f 3208 3037 3038
f 2404 2415 2560
f 2726 2735 2734
f 3383 3381 3206
f 3566 3384 3213
f 3044 2893 3214
f 2883 3037 3035
f 3034 3033 2881
f 3390 3213 3044
f 2291 2399 2398
f 3043 2892 3044
f 3035 2882 2883
f 2398 2396 2397
f 2551 2404 2560
f 2735 2891 2734
f 3215 3214 2893
f 3034 3206 3205
f 2403 2404 2551
f 3037 2886 3038
f 3045 3216 3215
f 2551 2550 2403
f 2399 2550 2546
f 2417 2561 2416
f 3208 3209 3384
f 3213 3384 3209
f 3208 3038 3209
f 2891 3043 3038
f 3043 3213 3038
f 3213 3209 3038
f 3045 2893 2737
f 2726 2891 2886
f 2736 2735 2560
f 3208 3207 3037
f 2545 2546 2550
f 3384 3558 3383
f 3037 2883 2885
f 2395 2396 2394
f 3214 3391 3044
f 2290 2291 2398
f 2289 2397 2395
f 3208 3383 3207
f 2560 2415 2416
f 2892 3043 2891
f 3204 3381 3380
f 2893 2736 2561
f 2550 2551 2725
f 2736 2893 2892
f 2394 2393 2287
f 3036 3206 3035
f 2726 2885 2725
f 3384 3383 3208
f 3045 3215 2893
f 7156 7566 7560
f 7167 6770 7168
f 5547 5838 5834
f 6139 5841 5847
f 6132 5841 6136
f 5837 5547 5546
f 6139 6136 5841
f 5841 6132 5837
f 5842 5837 5549
f 6447 6775 6773
f 5842 5549 5841
f 5837 5842 5841
f 7580 7584 7581
f 6443 6770 6769
f 5838 5547 5837
f 7568 7571 7570
f 7966 7965 7972
f 7568 7570 7971
f 7575 7576 7573
f 8425 7972 7976
f 7573 7572 7575
f 7965 7970 7971
f 7972 7965 7971
f 7163 6767 7164
f 7560 7561 7156
f 7577 7573 7576
f 6135 6136 6139
f 7157 7156 7561
f 7581 7576 7580
f 7970 7568 7971
f 7167 7571 7568
f 7975 7972 7572
f 6769 6770 7167
f 7966 8425 8421
f 7571 7971 7570
f 7571 7167 7572
f 7159 7568 7566
f 6764 7163 7159
f 6764 6767 7163
f 7565 7566 7568
f 7175 7588 7173
f 7163 7164 7167
f 6436 6767 6764
f 7167 7164 6767
f 7173 7588 7584
f 6767 6769 7167
f 5542 5547 5834
f 6770 6446 6773
f 7159 7163 7568
f 5838 5837 6132
f 6446 6770 6443
f 6446 6447 6773
f 7157 6761 6764
f 7173 7170 6775
f 6436 6433 6437
f 7170 6773 6775
f 7966 8421 7967
f 6764 7160 7157
f 6439 6769 6767
f 7160 6764 7159
f 7575 7572 7168
f 7971 7571 7572
f 7971 7572 7972
f 7972 8425 7966
f 7976 7977 8425
f 6439 6767 6440
f 7168 7580 7576
f 7972 7975 7976
f 8425 8426 8421
f 6769 6439 6440
f 7576 7575 7168
f 7572 7976 7975
f 7977 7573 7577
f 6436 6764 6761
f 6433 6131 6136
f 6436 6437 6136
f 6433 6136 6437
f 6433 6436 6761
f 7573 7976 7572
f 5834 5838 6129
f 7168 7572 7167
f 6436 6139 6440
f 7160 7159 7156
f 7977 7976 7573
f 6761 6762 6433
f 7157 7160 7156
f 6767 6436 6440
f 7580 7168 7170
f 6143 6443 6142
f 5837 5546 5549
f 7170 7173 7580
f 6773 7170 7168
f 7584 7580 7173
f 7168 6770 6773
f 7159 7566 7156
f 6129 5838 6132
f 6440 6443 6769
f 7167 7568 7163
f 6139 6443 6440
f 6436 6135 6139
f 6436 6136 6135
f 6443 6139 6142
f 7360 7770 7767
f 7360 7364 7770
f 7770 7359 7360
f 7360 7359 7363
f 6967 6970 6971
f 8619 8189 8623
f 6970 7360 6971
f 8167 8161 8160
f 8172 8173 8166
f 7764 8160 8154
f 7350 7353 7764
f 7360 7356 6967
f 8183 8178 8177
f 6967 6966 6970
f 8160 8166 8167
f 8184 8619 8179
f 8179 8178 8184
f 7764 8149 7762
f 8188 8184 8183
f 7767 8160 7764
f 8182 8187 8188
f 8177 8178 8173
f 8160 7770 8166
f 7356 7360 7767
f 8183 8184 8619
f 8177 8182 8183
f 6967 7356 7353
f 8160 7767 7770
f 6971 7364 7360
f 6971 7360 6967
f 7770 8172 8166
f 8189 8619 8184
f 8182 8188 8183
f 7764 8154 8149
f 7762 7350 7764
f 8166 8173 8167
f 8184 8178 8183
f 7364 6971 6976
f 8188 8189 8184
f 7767 7764 7353
f 8172 7770 7772
f 7353 7356 7767
f 3274 3128 3120
f 3274 3284 3128
f 3252 3255 3251
f 3128 3127 3120
f 3293 3128 3285
f 3274 3264 3265
f 3133 3128 3293
f 3263 3273 3272
f 3128 3284 3285
f 3129 3128 3285
f 3119 3127 3283
f 3242 3075 3076
f 3274 3275 3284
f 3273 3263 3264
f 3255 3252 3256
f 3274 3111 3120
f 3265 3264 3110
f 3293 3285 3294
f 3119 3274 3120
f 3110 3101 3102
f 3128 3293 3127
f 3111 3274 3110
f 3252 3087 3094
f 3426 3247 3252
f 3274 3265 3110
f 3075 3073 2915
f 3252 3094 3256
f 3109 3110 3264
f 3075 3242 3241
f 3102 3260 3093
f 3274 3119 3273
f 3264 3263 3109
f 3102 3101 3259
f 3264 3274 3273
f 3120 3127 3119
f 3259 3256 3260
f 3283 3273 3119
f 3102 3259 3260
f 3101 3110 3109
f 3101 3109 3263
f 3259 3255 3256
f 3101 3263 3259
f 2915 2918 3075
f 3079 3247 3242
f 3094 3093 3256
f 3076 3079 3242
f 3260 3256 3093
f 3073 3075 3241
f 3285 3284 3275
f 4714 4446 4709
f 4183 4428 4189
f 5672 5671 5666
f 3973 3974 4190
f 5012 5021 5020
f 5666 5355 5356
f 4200 4195 4199
f 5019 5343 5342
f 5020 5019 4710
f 4444 4199 4439
f 5344 5021 5022
f 4707 5012 4706
f 4203 4446 4449
f 5655 5343 5344
f 4720 4724 4451
f 5022 5012 5013
f 5031 5354 5030
f 5684 5683 5678
f 5344 5343 5021
f 5034 5039 5040
f 5021 5343 5020
f 3985 4204 3984
f 3774 3982 3981
f 5662 5653 5663
f 4183 3968 4184
f 5364 5360 5365
f 3763 3968 3974
f 3767 3761 3977
f 5655 5663 5654
f 5672 5673 5679
f 3585 3767 3774
f 5354 5355 5034
f 5654 5653 5343
f 4707 4439 4703
f 5359 5034 5355
f 5667 5673 5666
f 5342 5343 5653
f 5360 5678 5365
f 5030 5034 5035
f 5354 5030 5355
f 5355 5360 5359
f 5678 5672 5679
f 5663 5653 5654
f 5342 5653 5351
f 5667 5674 5673
f 5661 5667 5666
f 5012 5022 5021
f 3761 3762 3973
f 5351 5350 5342
f 5351 5653 5662
f 4434 4189 4435
f 4194 4195 4439
f 5343 5019 5020
f 5350 5662 5661
f 3772 3980 3985
f 4703 4439 4434
f 4190 3974 4183
f 5006 5012 4707
f 3981 3773 3774
f 5662 5668 5667
f 5678 5360 5671
f 4446 4713 4449
f 5672 5678 5671
f 3973 3762 3974
f 3968 4183 3974
f 4189 4439 4195
f 4706 5012 5020
f 4703 5006 4707
f 5026 5018 5350
f 4199 4195 4439
f 5661 5662 5667
f 5360 5355 5671
f 5035 5031 5030
f 4198 4199 4444
f 3981 4199 4198
f 5026 5350 5349
f 3982 3774 3767
f 5678 5683 5682
f 5661 5666 5350
f 3977 3973 4195
f 4444 4439 4710
f 3982 4200 4199
f 5040 4724 4720
f 5019 5350 5018
f 4207 3988 3984
f 4189 4195 3973
f 5040 4720 5035
f 4455 4451 4724
f 5035 4720 4717
f 5031 5035 4717
f 3981 3982 4199
f 5034 5364 5039
f 4184 4428 4183
f 5349 5030 5026
f 4710 4439 4707
f 5678 5677 5365
f 5350 5351 5662
f 5035 5034 5040
f 4706 5020 4710
f 5668 5662 5663
f 4446 4203 4204
f 4710 4709 4443
f 4443 4444 4710
f 3981 4198 3985
f 3761 3767 3768
f 3977 4200 3982
f 3590 3585 3774
f 3585 3768 3767
f 5018 4714 4709
f 3985 3980 3981
f 3772 3773 3981
f 5364 5359 5360
f 4443 4198 4444
f 5359 5364 5034
f 5355 5030 5349
f 5034 5030 5354
f 4442 4198 4443
f 3982 3767 3977
f 5026 5030 5031
f 3980 3772 3981
f 4442 4443 4709
f 4447 4198 4442
f 4447 4204 4198
f 5350 5019 5342
f 3977 4195 4200
f 4709 4710 5019
f 4442 4709 4446
f 5356 5355 5349
f 5356 5349 5350
f 5018 4709 5019
f 4204 4447 4446
f 4189 3973 4190
f 3977 3761 3973
f 4190 4183 4189
f 4717 4720 4451
f 4706 4710 4707
f 4714 5018 5027
f 4207 4204 4203
f 4204 4207 3984
f 5666 5673 5672
f 5026 5027 5018
f 4446 4447 4442
f 5677 5678 5682
f 5350 5666 5356
f 4449 4207 4203
f 5026 4714 5027
f 4713 4446 4714
f 4714 5026 4713
f 4717 4713 5026
f 4207 4449 4451
f 5031 4717 5026
f 4713 4717 4449
f 4209 4207 4451
f 4717 4451 4449
f 5343 5655 5654
f 4439 4189 4434
f 5666 5671 5355
f 3974 3762 3763
f 4198 4204 3985
f 327 390 323
f 390 322 323
f 434 433 382
f 249 205 252
f 305 371 360
f 371 305 313
f 382 381 370
f 387 317 319
f 316 383 382
f 370 371 382
f 316 313 254
f 251 252 313
f 317 383 316
f 422 370 381
f 317 387 383
f 433 381 382
f 316 254 255
f 249 252 251
f 249 251 248
f 313 382 371
f 382 313 316
f 255 317 316
f 433 422 381
f 313 305 248
f 255 254 252
f 370 422 371
f 313 248 251
f 252 254 313
f 1794 1852 1847
f 1737 1738 1795
f 2226 2227 2322
f 1895 1847 1852
f 1679 1680 1737
f 1679 1737 1731
f 1867 1918 1917
f 1546 1585 1545
f 1729 1671 1730
f 1895 1894 1847
f 1731 1672 1679
f 1810 1738 1739
f 1866 1810 1811
f 1680 1738 1737
f 1730 1671 1672
f 1847 1785 1794
f 1786 1794 1785
f 1635 1680 1636
f 2226 2322 2314
f 1967 1916 1973
f 1916 1865 1866
f 1906 1905 1895
f 1811 1810 1796
f 1976 2136 2135
f 1967 1973 2042
f 1905 1965 1956
f 2132 2048 2133
f 1966 1906 1967
f 2041 2042 2125
f 1865 1810 1866
f 1737 1786 1731
f 1905 1894 1895
f 2125 2126 2218
f 2226 2314 2219
f 2132 2219 2126
f 2428 2314 2322
f 1918 1976 2049
f 1916 1967 1907
f 1786 1737 1794
f 1975 1916 1917
f 1917 1916 1866
f 1867 1917 1866
f 1866 1811 1867
f 1918 1975 1917
f 1627 1672 1671
f 2042 1974 2048
f 1739 1740 1797
f 1626 1584 1627
f 2042 2132 2126
f 1854 1853 1794
f 1739 1811 1796
f 1853 1907 1852
f 1916 1974 1973
f 1965 1905 1906
f 1974 2042 1973
f 2135 2227 2134
f 1916 1908 1865
f 2049 1976 2135
f 1671 1670 1626
f 1976 1918 1919
f 1847 1894 1846
f 1974 1916 1975
f 1786 1785 1730
f 1794 1853 1852
f 2134 2049 2135
f 1975 2048 1974
f 1738 1680 1739
f 1853 1854 1908
f 2048 1975 2049
f 1672 1629 1680
f 1738 1810 1795
f 2217 2125 2218
f 2049 2134 2048
f 1794 1795 1854
f 2134 2227 2226
f 2218 2219 2313
f 1629 1672 1628
f 2136 1976 2050
f 1796 1810 1739
f 2134 2133 2048
f 2134 2226 2133
f 1629 1628 1586
f 1975 1918 2049
f 2219 2132 2133
f 1966 1965 1906
f 1680 1679 1672
f 1585 1628 1627
f 1967 2041 1966
f 1906 1895 1852
f 1908 1907 1853
f 1680 1681 1739
f 1785 1784 1730
f 1585 1586 1628
f 1867 1811 1797
f 1865 1854 1795
f 1919 1918 1867
f 1681 1680 1635
f 1628 1672 1627
f 1737 1795 1794
f 1627 1584 1585
f 1730 1784 1729
f 2219 2133 2226
f 1784 1785 1846
f 2126 2125 2042
f 2132 2042 2048
f 1786 1730 1731
f 2229 2135 2136
f 1585 1584 1545
f 1635 1636 1681
f 1907 1908 1916
f 1730 1672 1731
f 1905 1956 1894
f 1671 1729 1670
f 1583 1584 1626
f 1907 1967 1906
f 1671 1626 1627
f 1797 1811 1739
f 1967 2042 2041
f 1854 1865 1908
f 2314 2313 2219
f 1846 1785 1847
f 1810 1865 1795
f 1907 1906 1852
f 2219 2218 2126
f 10103 9889 9880
f 7387 7802 7801
f 9880 9653 9648
f 9868 9869 9859
f 9001 8995 9260
f 10098 9868 10092
f 10101 10103 9880
f 8989 9260 8995
f 9256 9260 8989
f 8989 8995 8996
f 9880 9889 9653
f 9880 9648 9647
f 9868 9859 10092
f 9641 9880 9647
f 8996 8995 9001
f 9648 9641 9647
f 10084 10092 9859
f 9880 9641 9869
f 9016 9284 9015
f 9277 9270 9276
f 9641 9648 9642
f 9467 9270 9265
f 9642 9467 9465
f 8196 8201 7796
f 8628 8631 8201
f 9638 9465 9463
f 8196 7796 7790
f 9011 9277 9284
f 8624 9008 8628
f 8631 9016 8635
f 9012 9016 8628
f 8629 8628 8196
f 8625 8629 8196
f 8631 8205 8201
f 9467 9642 9648
f 9016 8631 8628
f 8204 7801 7802
f 7796 8201 7802
f 9465 9467 9265
f 9016 9012 9011
f 9463 9459 9638
f 8205 8631 8635
f 9260 9465 9265
f 9642 9465 9638
f 9459 9256 9252
f 7801 7806 7387
f 8628 8629 8625
f 7801 8204 7806
f 8625 8624 8628
f 9277 9011 9270
f 9008 9002 9001
f 9003 9002 8620
f 7802 8201 8205
f 8620 8624 8625
f 9008 9001 9007
f 9008 9007 9012
f 9011 9007 9270
f 9460 9260 9256
f 9284 9016 9011
f 9270 9467 9276
f 9260 9265 9001
f 8624 8620 9008
f 8204 7802 8205
f 8201 8196 8628
f 9012 8628 9008
f 9459 9463 9460
f 9460 9256 9459
f 9007 9001 9270
f 8996 9001 9002
f 9265 9270 9001
f 9463 9465 9260
f 9002 9008 8620
f 9011 9012 9007
f 9260 9460 9463
f 8204 8205 8635
f 7025 7024 7027
f 6657 6658 6655
f 7016 7020 7015
f 7831 7832 8251
f 7824 7827 8233
f 7403 7020 7407
f 7825 7820 7819
f 7401 7819 7815
f 6662 7024 6661
f 7023 6661 6660
f 7028 7410 7025
f 6657 6335 6337
f 8235 8234 8243
f 7410 7408 7407
f 7025 7027 7028
f 7827 7828 8242
f 7020 7410 7407
f 7404 7407 7819
f 6664 6662 6661
f 6665 7027 6662
f 7831 8251 8243
f 6662 6664 6665
f 7015 7404 7016
f 7027 7031 7028
f 6665 7031 7027
f 6665 6667 7031
f 8217 7816 7820
f 6658 7020 6655
f 8243 7828 7831
f 6657 7020 6658
f 7407 7404 7403
f 7828 8243 8242
f 7824 7410 7827
f 8233 7827 8242
f 6658 7024 7020
f 8218 8225 8226
f 8217 7820 8225
f 8225 7820 8226
f 7821 8235 8226
f 8235 7821 7825
f 7825 7821 7820
f 6664 6667 6665
f 6661 6657 7019
f 7023 7019 6657
f 7023 6657 6661
f 7020 7016 6655
f 7019 7023 6661
f 6657 6337 6661
f 7028 7031 7032
f 8234 8233 8243
f 7404 7015 7403
f 6654 6657 6655
f 7024 7025 7020
f 7819 7407 7823
f 7408 7410 7823
f 7408 7823 7407
f 7825 7824 8234
f 7819 7816 7815
f 7819 8233 7824
f 6661 7024 6658
f 7410 7020 7025
f 6658 6657 6661
f 7410 7413 7414
f 7413 7028 7414
f 7828 7410 7414
f 7028 7413 7410
f 7414 7831 7828
f 7410 7828 7827
f 6335 6657 6332
f 7824 7825 7819
f 8234 8235 7825
f 7816 7819 7820
f 7401 7404 7819
f 7024 6662 7027
f 8234 7824 8233
f 7819 7823 8233
f 8242 8243 8233
f 7410 7824 7823
f 7823 7824 8233
f 7820 7821 8226
f 7020 7403 7015
f 6657 6654 6332
f 8657 8214 8658
f 9898 9901 9672
f 9047 9048 9042
f 8657 9043 9042
f 7818 8214 8224
f 9296 9028 9029
f 10103 9898 9899
f 8667 8232 8223
f 9899 9889 10103
f 8232 7817 8223
f 8656 9047 8655
f 9041 9031 9030
f 9042 9041 9047
f 9671 9672 9901
f 8655 8665 8666
f 10106 9898 10103
f 9300 9483 9482
f 9043 8657 8646
f 8224 8214 8223
f 7817 7822 7818
f 8666 8230 8231
f 8657 9048 9047
f 9043 8646 9032
f 9289 9296 9297
f 9898 10105 9897
f 9289 9297 9480
f 8657 9048 8667
f 8666 8667 8657
f 8666 8231 8667
f 9487 9671 9481
f 9480 9297 9481
f 8657 8658 8646
f 9299 9031 9042
f 8231 8240 8671
f 9672 9483 9673
f 9481 9298 9487
f 9298 9481 9297
f 9482 9483 9672
f 8240 8674 8671
f 9047 9041 8656
f 9029 9297 9296
f 9298 9297 9029
f 8232 7822 7817
f 9487 9299 9300
f 9029 9028 9039
f 9040 8656 9041
f 9040 9041 9030
f 9039 9028 9038
f 9042 9048 8657
f 9482 9672 9487
f 8671 8232 8667
f 9298 9031 9487
f 9298 9029 9030
f 9030 9029 9040
f 8656 8666 8657
f 8667 8223 8657
f 9672 9899 9898
f 9039 9040 9029
f 8657 9047 8656
f 9031 9299 9487
f 8231 8671 8667
f 7406 7818 7822
f 9040 9039 8645
f 8655 8656 8645
f 7817 8224 8223
f 8666 8656 8655
f 8658 8214 8646
f 7818 8224 7817
f 8657 8223 8214
f 10105 9898 10106
f 8674 8232 8671
f 9671 9901 9897
f 9672 9671 9487
f 8646 8640 9032
f 8645 8654 8655
f 9897 9901 9898
f 8645 9039 8654
f 9041 9042 9031
f 9672 9673 9899
f 9042 9043 9299
f 9482 9487 9300
f 8645 8656 9040
f 9030 9031 9298
f 5901 5908 5902
f 5902 5901 6204
f 5898 5907 5906
f 5907 5597 5906
f 5907 5598 5597
f 5894 5907 5909
f 5907 5900 5908
f 5909 5902 5894
f 5902 5909 5908
f 5900 5907 5899
f 5906 5907 6206
f 5903 5894 5902
f 5908 6202 5901
f 5907 5898 5899
f 5909 5907 5908
f 6202 5908 5900
f 5901 5902 5909
f 5908 5901 5909
f 6202 6203 5901
f 6204 5903 5902
f 6204 6205 5903
f 6205 5894 5903
f 5894 6205 6197
f 6198 5894 6197
f 3309 3301 3302
f 3470 3469 3302
f 3294 3463 3470
f 3302 3294 3470
f 3469 3308 3302
f 3309 3302 3308
f 3308 3468 3301
f 3469 3468 3308
f 3301 3309 3308
f 2237 2220 2331
f 2330 2331 2437
f 2221 2129 2222
f 2331 2220 2315
f 2316 2421 2420
f 2129 2130 2222
f 2315 2420 2438
f 2742 2740 2741
f 2128 2146 2145
f 2438 2331 2332
f 2128 2145 2127
f 3056 3058 3057
f 2044 2128 2043
f 2331 2330 2236
f 2577 2576 2437
f 2044 2045 2129
f 2565 2564 2421
f 2220 2237 2146
f 2577 2438 2578
f 2236 2145 2146
f 2315 2332 2331
f 2564 2420 2421
f 2129 2045 2130
f 2755 2740 2742
f 2220 2221 2315
f 2420 2439 2438
f 2316 2222 2317
f 2331 2438 2437
f 2221 2220 2129
f 2146 2128 2220
f 2317 2421 2316
f 2128 2129 2220
f 2578 2439 2420
f 2315 2438 2332
f 3058 3056 2903
f 2565 2421 2566
f 3058 3059 3410
f 2566 2740 2753
f 2753 2754 2907
f 2567 2740 2566
f 2222 2316 2221
f 2145 2236 2235
f 3059 3225 3410
f 2751 2904 2750
f 2904 2751 2905
f 2044 2129 2128
f 2908 2907 2755
f 2753 2579 2566
f 2755 2907 2754
f 2579 2565 2566
f 2906 2753 2907
f 2740 2754 2753
f 2904 2905 3059
f 2752 2751 2578
f 2578 2579 2752
f 3060 2905 3061
f 2236 2330 2235
f 2438 2439 2578
f 3060 3225 3059
f 3059 2905 3060
f 2754 2740 2755
f 2906 2905 2752
f 2564 2579 2578
f 2907 3062 3061
f 2237 2331 2236
f 3061 3226 3060
f 2564 2565 2579
f 2420 2564 2578
f 2906 3061 2905
f 2750 2904 2903
f 2753 2752 2579
f 2751 2752 2905
f 3061 2906 2907
f 3058 2903 3059
f 2753 2906 2752
f 2315 2221 2316
f 3061 3062 3226
f 2567 2741 2740
f 2904 3059 2903
f 2577 2437 2438
f 2420 2315 2316
f 2567 2568 2741
f 2237 2236 2146
f 2908 3062 2907
f 2421 2422 2566
f 2567 2566 2422
f 5340 5333 5339
f 5650 5648 5340
f 5631 5638 5632
f 5647 5646 5331
f 5353 5660 5348
f 5650 5341 5651
f 5644 5949 5643
f 5648 5647 5333
f 5638 5631 5637
f 5636 5324 5642
f 5317 5636 5630
f 5638 5944 5632
f 5324 5317 5323
f 5647 5339 5333
f 5638 5637 5643
f 5670 5665 5669
f 5944 5631 5632
f 5322 5317 5316
f 5647 5955 5646
f 5317 5324 5636
f 5331 5646 5330
f 5322 5323 5317
f 5949 5644 5954
f 5659 5348 5660
f 5958 5647 5648
f 5647 5331 5332
f 5959 5958 5648
f 5955 6251 5954
f 5630 5636 5637
f 5332 5339 5647
f 5643 5636 5642
f 5650 5651 5648
f 6251 6253 6580
f 5348 5340 5347
f 6253 5955 5958
f 6251 6580 6576
f 5660 5353 5665
f 6253 5958 5959
f 5352 5353 5348
f 5630 5311 5317
f 6253 6251 5955
f 5643 5637 5636
f 5638 5949 5944
f 5955 5954 5644
f 5955 5647 5958
f 5944 5943 5631
f 5348 5347 5352
f 5955 5644 5646
f 5323 5324 5642
f 5341 5340 5348
f 5643 5646 5644
f 5650 5340 5341
f 5646 5643 5330
f 5665 5353 5669
f 5330 5643 5642
f 5333 5340 5648
f 5643 5949 5638
f 7869 8324 7873
f 7423 7419 7841
f 7849 7846 8286
f 8299 8290 8289
f 7849 8293 7854
f 8703 8291 8708
f 7873 7876 7467
f 8277 8703 8285
f 7843 8286 7846
f 8698 8276 8703
f 8306 8311 8312
f 8289 8298 8299
f 7841 8271 8278
f 8703 8277 8698
f 8277 8285 8278
f 8305 8306 8299
f 7430 7427 7843
f 7854 8309 7860
f 7430 7843 7846
f 8726 8724 8725
f 8321 8724 8726
f 7858 7861 7859
f 8719 8718 8717
f 8317 8321 7869
f 8725 8724 8723
f 7861 7857 7448
f 7860 7863 7443
f 8309 8302 8301
f 7448 7864 7861
f 8305 8299 8298
f 8291 8703 8284
f 8726 8327 8324
f 8694 8277 8270
f 6666 6340 6338
f 8307 8717 8300
f 7862 8311 8305
f 8724 8722 8723
f 6342 6672 6344
f 6344 6671 6675
f 6034 6340 6342
f 7029 6666 6663
f 7430 7846 7849
f 6353 6350 6684
f 7037 6671 6672
f 8270 8278 8271
f 6340 6666 6668
f 7043 7427 7430
f 6678 7043 6682
f 7040 7427 7043
f 7040 6678 6675
f 8324 8321 8726
f 6675 6679 6346
f 8324 7876 7873
f 7430 7849 7434
f 7043 6678 7040
f 7449 7061 7055
f 8293 7849 8292
f 8324 8327 7876
f 7434 7435 7431
f 7862 8310 8311
f 7862 7859 7861
f 8299 8300 8291
f 7043 7431 7435
f 6668 6672 6342
f 7866 7863 7869
f 8708 8285 8703
f 7859 7862 8305
f 6682 6679 6678
f 7865 7862 7861
f 8723 8722 8721
f 6353 6684 6687
f 8317 8722 8724
f 7419 7839 7841
f 7876 7880 7467
f 7420 7419 7424
f 8720 8721 8722
f 7033 6666 7029
f 8324 7869 8321
f 8720 8722 8317
f 8313 8720 8317
f 7435 7046 7043
f 8308 8720 8313
f 8718 8720 8308
f 8724 8321 8317
f 7033 7420 7424
f 8286 8292 7849
f 7859 8305 8298
f 7420 7033 7416
f 7423 7427 7424
f 7416 7033 7029
f 8317 7869 7863
f 8278 7843 7841
f 8309 7854 8302
f 8276 8284 8703
f 6052 6350 6353
f 8312 8719 8717
f 8293 8301 8302
f 6034 6031 6340
f 8307 8312 8717
f 7459 7869 7873
f 8284 8290 8291
f 6663 6666 6338
f 7037 6672 7033
f 8720 8718 8719
f 7423 7841 7843
f 8292 8286 8285
f 7854 7860 7443
f 7430 7431 7043
f 7419 7420 7839
f 6668 6342 6340
f 7424 7040 7037
f 7858 8298 7853
f 7459 7873 7462
f 7863 7860 8313
f 7873 7467 7462
f 7860 8308 8313
f 8313 8317 7863
f 8302 7854 8293
f 7449 7866 7455
f 8298 7858 7859
f 7423 7843 7427
f 6678 6679 6675
f 8694 8698 8277
f 8718 8308 8301
f 6684 6350 6682
f 8718 8301 8713
f 7450 7443 7449
f 8717 8718 8712
f 8311 8306 8305
f 8307 8306 8312
f 8717 8712 8300
f 7040 6671 7037
f 7865 7861 7864
f 8309 8301 8308
f 6668 7033 6672
f 6675 6671 7040
f 7033 6668 6666
f 8721 8720 8719
f 7857 7442 7448
f 8712 8718 8713
f 6338 6031 6336
f 6338 6340 6031
f 8725 8723 8323
f 6682 7043 7046
f 8277 8278 8270
f 7430 7434 7431
f 7427 7040 7424
f 7443 7051 7438
f 7866 7869 7459
f 7459 7065 7455
f 6679 6350 6348
f 7061 7455 7065
f 7438 7051 7049
f 7857 7861 7858
f 7051 6686 7049
f 6353 6356 6052
f 7046 7435 7049
f 8309 8308 7860
f 8307 8299 8306
f 7463 7459 7462
f 7055 7450 7449
f 7463 7072 7068
f 7051 7055 6686
f 7455 7061 7449
f 7072 7463 7462
f 8707 8300 8712
f 6356 6055 6052
f 7449 7443 7863
f 8713 8708 8712
f 7443 7450 7051
f 6336 6031 6028
f 6682 6350 6679
f 7065 7463 7068
f 7055 7061 6689
f 8292 8713 8301
f 7072 7462 7467
f 6057 6054 6358
f 7459 7455 7866
f 7055 7051 7450
f 6693 6689 7061
f 6358 6356 6690
f 6353 6687 6356
f 8299 8291 8290
f 6679 6348 6346
f 8299 8307 8300
f 6356 6054 6055
f 6687 6684 6686
f 8286 8278 8285
f 6055 6054 6057
f 7072 7467 7075
f 7065 6693 7061
f 7880 7470 7467
f 7424 7037 7033
f 8708 8707 8712
f 7470 7075 7467
f 8291 8300 8707
f 6358 6054 6356
f 7419 7423 7424
f 6682 7046 6684
f 7068 6699 6696
f 8292 8301 8293
f 8708 8713 8292
f 7438 7435 7434
f 7065 7068 6696
f 6672 6671 6344
f 6057 6358 6059
f 6686 7055 6689
f 8291 8707 8708
f 7046 7049 6684
f 6675 6346 6344
f 7854 7438 7849
f 7438 7434 7849
f 7438 7049 7435
f 6356 6686 6690
f 8286 7843 8278
f 7866 7449 7863
f 8708 8292 8285
f 7459 7463 7065
f 7854 7443 7438
f 6338 6336 6663
f 6684 7049 6686
f 6686 6689 6690
f 6686 6356 6687
f 3752 3560 3736
f 3385 3386 3562
f 4167 3951 3738
f 3739 3952 3740
f 3736 3950 3965
f 3738 3387 3563
f 3737 3951 3950
f 3952 3738 3739
f 3389 3563 3388
f 3952 3739 4168
f 3387 3738 3562
f 4170 3741 3953
f 3739 3738 3563
f 3041 2889 2890
f 3222 3210 3386
f 3737 3738 3951
f 4167 4168 4410
f 3562 3738 3737
f 4411 4680 4410
f 4412 4169 4170
f 3210 3211 3386
f 2890 3042 3041
f 3740 3389 3564
f 3387 3212 3389
f 3042 3212 3041
f 3041 3210 3040
f 4166 3950 3951
f 2889 3041 3040
f 3952 4168 4167
f 4168 3739 4169
f 4167 4166 3951
f 4169 4411 4410
f 4412 4682 4411
f 3563 3387 3388
f 4410 4168 4169
f 3737 3736 3561
f 4169 3739 3740
f 4412 4170 4413
f 3561 3562 3737
f 3736 3965 3752
f 3740 4170 4169
f 3385 3398 3222
f 3398 3385 3560
f 3953 4413 4170
f 3211 3387 3386
f 3211 3041 3212
f 3212 3387 3211
f 3740 3564 3739
f 4170 3740 3741
f 4681 4411 4682
f 3740 3564 3741
f 3736 3737 3950
f 3562 3561 3385
f 3563 3389 3739
f 3752 3573 3398
f 4167 3738 3952
f 4412 4411 4169
f 4413 3953 4171
f 4680 4411 4681
f 3386 3387 3562
f 3740 3739 3389
f 3041 3211 3210
f 3387 3389 3388
f 3752 3398 3560
f 3385 3222 3386
f 3042 2890 2733
f 3560 3385 3561
f 3736 3560 3561
f 624 623 576
f 577 624 576
f 624 633 632
f 623 624 632
f 709 710 746
f 623 619 576
f 623 667 619
f 680 668 679
f 744 709 745
f 663 709 703
f 710 709 664
f 616 663 659
f 663 664 709
f 658 659 663
f 619 566 571
f 746 745 709
f 577 633 624
f 714 746 710
f 576 619 571
f 632 679 667
f 663 703 658
f 702 703 708
f 632 633 679
f 714 750 746
f 664 619 667
f 619 616 566
f 709 745 783
f 619 664 663
f 708 709 744
f 667 714 664
f 784 745 746
f 658 616 659
f 633 680 679
f 703 709 708
f 745 817 783
f 667 679 668
f 744 658 703
f 658 744 616
f 744 703 702
f 818 783 745
f 715 667 668
f 715 750 714
f 616 619 663
f 632 667 623
f 745 784 818
f 664 714 710
f 668 680 715
f 714 667 715
f 3153 3318 3324
f 3324 3319 3325
f 3318 3148 3312
f 2992 3152 3157
f 3318 3319 3324
f 2992 2991 2986
f 3318 3153 3148
f 3153 3147 3148
f 3157 3153 3158
f 2998 3004 2997
f 2992 3157 2993
f 2992 2997 2991
f 2985 2986 2991
f 2998 3005 3004
f 3324 3158 3153
f 2984 2985 2990
f 2985 2991 2990
f 2997 2990 2991
f 2987 3152 2992
f 3153 3152 3147
f 3161 2992 3157
f 3157 3152 3153
f 3313 3319 3318
f 2990 2997 2996
f 2998 2992 3161
f 3318 3312 3313
f 2998 2997 2992
f 7473 7476 7477
f 6374 6069 6378
f 7851 7855 7856
f 7878 7882 7883
f 8340 8344 8341
f 7062 6695 7063
f 7070 6698 6701
f 6064 6066 6368
f 7066 6698 7070
f 7456 7460 7457
f 8328 8332 8329
f 7086 7081 7085
f 5459 5147 5151
f 7870 7461 7871
f 4830 5151 5147
f 7441 7851 7440
f 7442 7855 7441
f 7883 8332 7879
f 5767 5459 5461
f 8329 8332 8333
f 7895 7891 7890
f 8350 8347 8346
f 5459 5146 5147
f 7448 7453 7454
f 7890 7886 7477
f 7875 7872 7871
f 7086 7082 7081
f 7074 7464 7071
f 7899 7895 7894
f 5767 5463 5769
f 7464 7468 7465
f 7875 8325 7872
f 7064 7452 7060
f 6373 6370 6374
f 5763 5459 5767
f 5769 6069 6066
f 6364 6367 6701
f 7087 7482 7479
f 7442 7441 7447
f 7894 7889 7480
f 7451 7452 7446
f 7883 7879 7878
f 7870 7458 7461
f 7878 7877 7882
f 7872 8325 8322
f 7071 7070 7074
f 7440 7445 7446
f 7871 7872 7868
f 6695 6697 6698
f 7073 7069 6703
f 6691 6695 6694
f 7895 8343 7891
f 7060 7452 7451
f 7477 7480 7889
f 6703 6701 6370
f 7460 7458 7457
f 6060 6365 6362
f 8315 8312 8311
f 7059 7063 7060
f 7865 8314 8310
f 8336 8332 7886
f 6364 6695 6362
f 5769 5766 5767
f 7440 7851 7437
f 7442 7447 7448
f 7074 7070 7073
f 7469 7878 7874
f 7867 7458 7871
f 6362 6365 6364
f 8739 8350 8740
f 8318 7868 7872
f 6365 6060 6062
f 7865 7868 8318
f 7868 7867 7871
f 5767 5766 5763
f 7480 7483 7484
f 7458 7867 7864
f 6365 6062 6064
f 6370 6373 6705
f 6373 6374 6378
f 6705 6706 7077
f 8322 8318 7872
f 7451 7059 7060
f 8742 8740 8350
f 6370 6367 6368
f 7475 7471 7079
f 8343 7895 8346
f 6698 6697 6701
f 6069 6071 6378
f 7453 7447 7452
f 7864 7448 7454
f 7484 7894 7480
f 8328 7875 7879
f 5771 6069 5769
f 7070 7071 7067
f 7874 7878 7875
f 7471 7468 7079
f 6365 6064 6364
f 7479 7477 7476
f 7857 7856 7442
f 6364 6701 6697
f 8337 8336 8340
f 7452 7447 7446
f 7475 7087 7479
f 5459 5764 5763
f 8319 8318 8322
f 7864 7454 7458
f 6064 6367 6364
f 7058 7062 7063
f 7457 7458 7454
f 7453 7457 7454
f 7891 7886 7890
f 7865 7867 7868
f 7867 7865 7864
f 8347 8350 8739
f 7477 7479 7480
f 7850 7437 7851
f 4827 4830 5147
f 7865 8318 8319
f 7085 7081 6706
f 7865 8319 8315
f 7865 8315 8314
f 8314 8315 8311
f 7477 7889 7890
f 8344 8346 8347
f 8340 8341 8337
f 7865 8310 7862
f 8343 8346 8344
f 8337 8332 8336
f 7879 8332 8328
f 7469 7473 7881
f 4577 4830 4827
f 7476 7471 7475
f 7472 7468 7471
f 7899 8346 7895
f 7874 7871 7466
f 8723 8320 8323
f 7460 7465 7461
f 7877 7878 7469
f 5763 5766 6066
f 8332 7883 7886
f 7064 7063 7067
f 8322 8323 8320
f 7871 7458 7870
f 7883 7882 7886
f 7441 7446 7447
f 5463 5461 5151
f 7894 7895 7889
f 7482 7087 7086
f 7064 7067 7456
f 7078 6703 7077
f 5146 5459 5457
f 8328 8329 7875
f 7469 7874 7466
f 7479 7476 7475
f 7460 7461 7458
f 7079 7083 7475
f 7475 7083 7087
f 7889 7895 7890
f 7452 7064 7453
f 7881 7886 7882
f 7446 7441 7440
f 5761 5457 5459
f 6371 6069 6374
f 7882 7877 7881
f 6370 6368 6066
f 6066 6371 6370
f 7077 7081 7078
f 8333 8332 8337
f 5459 5763 5760
f 8320 8316 8315
f 7083 7082 7086
f 7073 7078 7074
f 6698 7063 6695
f 7453 7448 7447
f 6064 6062 5763
f 7081 7077 6706
f 7081 7082 7078
f 8322 8320 8319
f 7445 7451 7446
f 7063 7059 7058
f 7082 7083 7078
f 7472 7476 7473
f 4574 4578 4577
f 8314 8311 8310
f 7083 7086 7087
f 7881 7877 7469
f 6064 5763 6066
f 6378 6377 6373
f 8340 7891 8343
f 7077 6703 6705
f 8344 8340 8343
f 8316 8723 8721
f 7456 7457 7064
f 7461 7466 7871
f 7083 7079 7078
f 8329 8325 7875
f 5461 5459 5151
f 8316 8320 8723
f 8739 8344 8347
f 7483 7479 7482
f 6691 6692 6695
f 6370 6701 6367
f 7067 7066 7070
f 7066 7063 6698
f 7067 7465 7460
f 5761 5459 5760
f 7472 7471 7476
f 6695 7062 6694
f 7457 7453 7064
f 6703 7069 6701
f 7483 7480 7479
f 6377 6706 6373
f 7886 8340 8336
f 7875 7878 7879
f 7465 7468 7469
f 7875 7871 7874
f 6062 5760 5763
f 6368 6367 6064
f 7071 7464 7465
f 7063 7064 7060
f 7069 7073 7070
f 7067 7460 7456
f 7473 7886 7881
f 5767 5461 5463
f 7465 7466 7461
f 6703 6370 6705
f 6069 6371 6066
f 7078 7073 6703
f 7855 7851 7441
f 7464 7074 7468
f 6069 5771 6071
f 6364 6697 6695
f 8319 8320 8315
f 8340 7886 7891
f 7067 7071 7465
f 8721 8719 8316
f 7063 7066 7067
f 7469 7468 7473
f 8312 8315 8316
f 7078 7079 7074
f 8316 8719 8312
f 5769 6066 5766
f 6371 6374 6370
f 7070 6701 7069
f 7440 7437 7439
f 7074 7079 7468
f 6373 6706 6705
f 7468 7472 7473
f 7466 7465 7469
f 7477 7886 7473
f 7855 7442 7856
f 8204 8635 8634
f 9889 9654 9653
f 9663 9899 9673
f 9663 9673 9664
f 9664 9654 9663
f 7406 7014 7402
f 5721 6018 6022
f 9470 9467 9654
f 8210 8209 7805
f 7010 7007 7396
f 9484 9664 9673
f 7808 7809 7805
f 8647 8646 8212
f 9484 9300 9301
f 9654 9889 9663
f 9301 9290 9484
f 7402 7818 7406
f 8634 9022 8642
f 9033 9301 9300
f 9654 9467 9648
f 9032 8640 9033
f 6656 7017 7018
f 7010 7014 6648
f 9022 9291 9290
f 9276 9470 9283
f 7806 8204 8210
f 9300 9043 9032
f 5725 5721 6022
f 9473 9283 9470
f 6653 7014 6656
f 6025 5727 5724
f 6330 6653 6656
f 8212 7813 7808
f 6333 6656 7018
f 7393 7805 7396
f 7812 7813 8212
f 6649 6648 6327
f 7805 7393 7806
f 6643 7008 7007
f 7398 7808 7813
f 9473 9484 9283
f 6330 6331 6648
f 8212 8646 8214
f 7813 7812 7402
f 7818 7402 7812
f 8214 7812 8212
f 9300 9484 9483
f 8640 8646 8647
f 8634 8642 8210
f 6330 6334 6021
f 7402 7398 7813
f 6021 6025 6022
f 9283 9284 9277
f 9483 9484 9673
f 9299 9043 9300
f 9653 9654 9648
f 9283 9484 9290
f 6331 6330 6022
f 9033 8641 8642
f 7017 6656 7014
f 8641 9033 8640
f 6025 6021 6334
f 9664 9473 9470
f 6327 6643 6649
f 6333 6334 6330
f 8210 7805 7806
f 6649 7010 6648
f 7014 7406 7017
f 9899 9663 9889
f 7812 8214 7818
f 6649 7007 7010
f 6331 6022 6327
f 6643 7007 6649
f 9022 8634 8635
f 9291 9284 9290
f 9033 9300 9032
f 8209 8212 7808
f 8210 8642 8641
f 9664 9484 9473
f 8635 9016 9022
f 8209 7808 7805
f 6656 6333 6330
f 6648 7014 6653
f 7402 7014 7398
f 7396 7805 7809
f 6653 6330 6648
f 6648 6331 6327
f 7398 7014 7010
f 6022 6025 5724
f 9301 9022 9290
f 6018 6643 6327
f 9022 9016 9015
f 7393 7396 7008
f 9654 9664 9470
f 9283 9277 9276
f 8647 8212 8641
f 7808 7398 7396
f 9015 9291 9022
f 8641 8640 8647
f 8634 8210 8204
f 8641 8212 8209
f 7396 7007 7008
f 5725 6022 5724
f 9291 9015 9284
f 9283 9290 9284
f 8210 8641 8209
f 8642 9301 9033
f 8642 9022 9301
f 9470 9276 9467
f 7398 7010 7396
f 6327 6022 6018
f 7809 7808 7396
f 6021 6022 6330
f 2581 2586 2454
f 2772 2586 2762
f 2329 2234 2235
f 2762 2586 2581
f 3069 2912 3070
f 2143 2328 2142
f 2436 2576 2575
f 2329 2235 2330
f 2911 2758 2759
f 2582 2447 2434
f 3234 3071 3235
f 2454 2586 2453
f 2903 2749 2750
f 3056 2748 2903
f 2446 2341 2328
f 2446 2445 2341
f 2916 2762 2758
f 2913 2748 3056
f 2596 2772 2771
f 2751 2750 2578
f 2341 2246 2328
f 2328 2447 2446
f 2748 2749 2903
f 2582 2434 2583
f 2583 2759 2582
f 2341 2445 2340
f 3069 3074 2917
f 2245 2340 2339
f 2581 2454 2445
f 2341 2340 2246
f 2245 2246 2340
f 2913 2575 2748
f 3236 3071 3057
f 2913 3070 2912
f 2582 2581 2758
f 2762 2582 2758
f 3069 3070 3234
f 2234 2328 2143
f 2749 2748 2576
f 2234 2143 2235
f 2911 2916 2758
f 2574 2435 2575
f 2447 2582 2446
f 3056 3070 2913
f 2772 2596 2586
f 2913 2759 2574
f 2912 2917 2911
f 2574 2759 2583
f 2453 2445 2454
f 2758 2582 2759
f 2750 2577 2578
f 3057 3071 3056
f 3071 3234 3070
f 2328 2246 2142
f 2328 2329 2434
f 2916 2911 2917
f 2330 2435 2329
f 2582 2581 2446
f 2574 2434 2435
f 2916 2772 2762
f 3236 3235 3071
f 2577 2750 2576
f 2917 2912 3069
f 2750 2749 2576
f 2329 2435 2434
f 2447 2328 2434
f 2234 2329 2328
f 2436 2437 2576
f 2574 2583 2434
f 2913 2912 2759
f 2330 2436 2435
f 2574 2575 2913
f 2575 2576 2748
f 3056 3071 3070
f 2446 2581 2445
f 2435 2436 2575
f 2912 2911 2759
f 2436 2330 2437
f 2582 2762 2581
f 6886 7284 6891
f 5273 5585 5586
f 6891 7285 6893
f 9144 8880 8514
f 8513 8878 8879
f 8513 8879 8514
f 5274 5276 5273
f 7692 8075 7285
f 6530 5282 5896
f 8881 9145 8515
f 8876 8877 8878
f 7284 6886 7280
f 7691 8514 7692
f 5588 5888 5889
f 5281 5277 5282
f 5278 5593 5282
f 5278 5282 5277
f 7285 7284 7692
f 7283 7284 7280
f 9347 9142 9141
f 5590 5588 5891
f 5888 5588 5587
f 7692 7284 7691
f 5280 5276 5281
f 5590 5896 5593
f 8879 9142 9143
f 6530 5896 6199
f 8515 8075 8881
f 7691 7283 7688
f 8074 8878 8513
f 9141 8877 9140
f 5587 5588 5590
f 7285 5282 6530
f 9142 8879 8878
f 5278 5590 5593
f 5282 5593 5594
f 5885 5587 5584
f 6186 5888 5886
f 7283 7280 7688
f 5888 5587 5886
f 5886 5587 5885
f 6192 5891 5889
f 6893 7285 6530
f 6524 6192 6523
f 5885 5584 5583
f 5587 5583 5584
f 7691 7688 8074
f 5586 5583 5273
f 5278 5587 5590
f 5594 5593 5896
f 8877 9141 8878
f 5273 5583 5587
f 6193 6524 6199
f 5891 6192 6193
f 5884 5885 5583
f 5274 5278 5277
f 6199 6524 6530
f 8514 7691 8513
f 8882 8515 9145
f 9349 7285 8881
f 9144 8514 8879
f 6192 6524 6193
f 5884 5583 5585
f 8514 8881 8075
f 7691 7284 7283
f 8515 7285 8075
f 9144 8879 9143
f 6893 6530 6891
f 9347 9143 9142
f 6199 5896 5891
f 6891 6530 6524
f 5277 5276 5274
f 5587 5274 5273
f 5891 6193 6199
f 8878 8512 8876
f 5586 5585 5583
f 5588 5889 5891
f 7285 8515 8881
f 7280 6886 6885
f 5896 5282 5594
f 8882 8881 8515
f 6891 7284 7285
f 5587 5278 5274
f 5891 5896 5590
f 8514 8880 8881
f 6891 6524 6886
f 9141 9140 9139
f 6524 6523 6886
f 8513 7691 8074
f 8075 7692 8514
f 8878 8074 8512
f 8878 9141 9142
f 5276 5277 5281
f 10942 10868 10916
f 10997 10942 10915
f 10869 10787 10839
f 10869 10786 10787
f 11073 10996 10997
f 11076 10999 11000
f 11135 11074 11136
f 11074 11135 11073
f 10941 10942 10997
f 10869 10916 10786
f 10999 11076 11075
f 10786 10868 10785
f 10941 10996 10995
f 11073 11072 10996
f 10701 10786 10785
f 11137 11074 11075
f 10915 10998 10997
f 10702 10787 10701
f 10787 10786 10701
f 10701 10716 10641
f 10940 10941 10995
f 11135 11134 11072
f 10716 10701 10700
f 10785 10700 10701
f 10703 10757 10787
f 11073 10997 11074
f 10916 10915 10942
f 10868 10786 10916
f 10785 10715 10700
f 10787 10702 10703
f 10916 10869 10917
f 10704 10621 10596
f 10715 10716 10700
f 11137 11136 11074
f 10998 10999 11075
f 10618 10701 10641
f 10839 10917 10869
f 10641 10716 10558
f 10618 10641 10558
f 9992 10192 9991
f 10291 10304 10192
f 10180 10291 10192
f 9980 9979 9992
f 10757 10839 10787
f 10998 11074 10997
f 10996 10941 10997
f 9991 10191 10205
f 10999 10998 10915
f 11073 11135 11072
f 10621 10620 10538
f 10940 10865 10941
f 10714 10713 10636
f 10597 10675 10760
f 10621 10519 10596
f 10917 11000 10916
f 10841 10758 10759
f 10551 10469 10552
f 11074 10998 11075
f 10782 10697 10698
f 10372 10474 10371
f 10919 10840 10841
f 10476 10452 10536
f 11182 11134 11135
f 10999 10915 10916
f 10204 10205 10191
f 10291 10180 10168
f 10696 10697 10782
f 10999 10916 11000
f 10366 10387 10367
f 10713 10714 10696
f 10784 10785 10868
f 10782 10781 10696
f 10558 10559 10618
f 10551 10482 10469
f 10455 10434 10433
f 10180 10192 9979
f 10367 10368 10470
f 10918 10917 10839
f 10558 10475 10476
f 10704 10620 10621
f 10699 10784 10698
f 10758 10757 10703
f 10471 10472 10554
f 10368 10471 10470
f 10279 10367 10387
f 9991 10205 10010
f 10452 10476 10477
f 10702 10701 10619
f 10366 10469 10482
f 10334 10435 10521
f 10674 10760 10759
f 10918 10839 10840
f 10009 10010 10205
f 10191 10304 10303
f 10599 10598 10521
f 10476 10475 10373
f 10639 10555 10556
f 10784 10867 10783
f 10598 10675 10597
f 10781 10782 10865
f 10942 10867 10868
f 10760 10674 10597
f 10841 10840 10757
f 10280 10368 10367
f 10367 10469 10366
f 10475 10474 10372
f 10942 10941 10866
f 10866 10783 10867
f 10304 10290 10406
f 10280 10281 10368
f 10637 10555 10638
f 10192 9992 9979
f 10917 10918 11001
f 10191 10192 10304
f 10757 10758 10841
f 10782 10698 10783
f 10536 10619 10618
f 10919 10918 10840
f 10840 10839 10757
f 10453 10452 10348
f 10452 10537 10536
f 10476 10559 10558
f 10638 10555 10639
f 10919 10841 10920
f 10433 10434 10520
f 10368 10281 10282
f 10619 10703 10702
f 10452 10453 10537
f 10278 10291 10168
f 10619 10620 10703
f 10520 10434 10521
f 10597 10520 10598
f 10620 10537 10538
f 10676 10675 10599
f 10433 10519 10455
f 10677 10676 10599
f 10784 10783 10698
f 10842 10841 10759
f 10677 10599 10435
f 10759 10704 10674
f 10537 10453 10538
f 10477 10348 10452
f 10620 10704 10703
f 10350 10333 10434
f 10618 10559 10536
f 10350 10434 10455
f 10454 10453 10348
f 10521 10435 10599
f 10291 10386 10385
f 10637 10714 10636
f 10349 10350 10455
f 10784 10715 10785
f 10704 10758 10703
f 10471 10368 10369
f 10699 10639 10640
f 10454 10538 10453
f 10697 10696 10714
f 10638 10698 10697
f 10454 10455 10538
f 10538 10519 10621
f 10698 10638 10639
f 10455 10454 10349
f 10469 10367 10553
f 10455 10519 10538
f 10290 10395 10406
f 10554 10472 10555
f 10620 10619 10537
f 10640 10715 10699
f 10596 10674 10704
f 10674 10596 10597
f 10520 10519 10433
f 10597 10519 10520
f 10434 10333 10521
f 10387 10366 10482
f 10598 10599 10675
f 10520 10521 10598
f 10469 10553 10552
f 11001 11076 11000
f 10759 10758 10704
f 10279 10280 10367
f 10333 10334 10521
f 10471 10369 10472
f 10637 10697 10714
f 11001 11000 10917
f 10536 10559 10476
f 10349 10454 10348
f 10291 10290 10304
f 10009 10205 10204
f 10481 10385 10482
f 10168 10279 10278
f 10640 10639 10556
f 10474 10370 10371
f 10290 10291 10385
f 10192 10191 9991
f 10475 10557 10474
f 10168 10169 10279
f 10279 10387 10278
f 10268 10371 10370
f 10473 10370 10474
f 10759 10760 10842
f 10556 10473 10474
f 10866 10867 10942
f 10597 10596 10519
f 10169 10168 10180
f 10470 10554 10636
f 10303 10204 10191
f 10619 10701 10618
f 10716 10715 10640
f 10783 10866 10782
f 10782 10866 10865
f 10474 10557 10556
f 10557 10475 10558
f 10387 10279 10169
f 10554 10470 10471
f 10470 10553 10367
f 10278 10387 10386
f 10482 10386 10387
f 10268 10369 10282
f 10369 10268 10370
f 10370 10473 10472
f 10866 10941 10865
f 10556 10555 10473
f 10169 10170 10279
f 10386 10482 10385
f 10395 10290 10385
f 10553 10470 10636
f 10278 10386 10291
f 10537 10619 10536
f 10784 10868 10867
f 10842 10920 10841
f 10557 10640 10556
f 10558 10640 10557
f 10282 10369 10368
f 10472 10369 10370
f 10473 10555 10472
f 10279 10170 10280
f 10716 10640 10558
f 10697 10637 10638
f 10554 10555 10637
f 10699 10698 10639
f 10699 10715 10784
f 10636 10554 10637
f 6581 6943 6942
f 6254 6581 6253
f 5960 5963 6258
f 6943 7330 6942
f 6946 6943 6584
f 5963 5967 6261
f 6253 6581 6580
f 6942 6580 6581
f 6588 6264 6592
f 6584 6257 6258
f 5651 5652 5963
f 6592 6591 6588
f 7331 6946 7335
f 7331 6943 6946
f 6576 6580 6579
f 6941 6938 6939
f 6254 5960 6257
f 5959 5648 5651
f 7329 6941 7330
f 6264 6588 6261
f 6584 6943 6581
f 5659 5660 5651
f 5651 5341 5348
f 5960 6258 6257
f 5659 5651 5348
f 6576 6579 6941
f 6264 6261 5967
f 6576 6938 6575
f 6941 6580 6942
f 5960 5959 5963
f 6576 6939 6938
f 6942 7330 6941
f 6579 6580 6941
f 6939 6576 6941
f 5960 6254 5959
f 6581 6254 6257
f 7330 6943 7331
f 5959 6254 6253
f 5660 5963 5652
f 5968 5963 5660
f 5967 5963 5968
f 5963 5959 5651
f 5651 5660 5652
f 6258 5963 6261
f 6257 6584 6581
f 6588 6584 6261
f 6258 6261 6584
f 6588 6587 6584
f 3896 4080 3889
f 3700 3889 3697
f 4079 4286 4285
f 3895 3896 3889
f 4080 4074 3890
f 3890 3889 4080
f 3884 3890 4074
f 3895 4086 4087
f 3537 3693 3535
f 3535 3693 3687
f 4087 4290 4088
f 3890 3884 3883
f 3889 3700 3895
f 3883 3889 3890
f 3695 3883 3876
f 3895 3894 4086
f 3883 3884 4074
f 4080 4073 4074
f 4290 4285 4286
f 3693 3695 3876
f 4078 4087 4086
f 3883 3697 3889
f 3687 3532 3535
f 3883 3695 3697
f 3876 3883 3877
f 3537 3695 3693
f 4088 4080 3896
f 3700 3699 3895
f 3883 4067 3877
f 4074 4073 3883
f 3896 3895 4088
f 4282 4073 4286
f 3532 3536 3535
f 4072 4286 4079
f 3533 3536 3532
f 4087 4088 3895
f 4067 3883 4073
f 4088 4291 4286
f 4286 4080 4088
f 4073 4080 4286
f 4286 4072 4282
f 4087 4078 4290
f 4078 4079 4290
f 4286 4291 4290
f 4290 4291 4088
f 4285 4290 4079
f 8520 8083 8521
f 6901 6900 6540
f 7291 7697 7696
f 9358 9527 9357
f 8889 8890 9153
f 9358 9528 9527
f 8517 7695 8078
f 6897 7696 7290
f 8892 8893 9158
f 7698 6903 7292
f 8081 7701 8083
f 7290 7696 7695
f 7293 7701 7700
f 8520 8519 8082
f 9523 9353 9354
f 6904 7293 7292
f 8082 8080 8083
f 7291 6902 6903
f 8889 8888 8887
f 9158 9154 9153
f 8084 8522 8521
f 7701 7294 7702
f 8519 8889 8887
f 8519 8518 8079
f 8518 8519 8886
f 9357 9526 9356
f 6904 7292 6903
f 8888 8886 8887
f 8080 8079 7699
f 6897 6901 6902
f 8084 8521 8083
f 7696 7697 8078
f 7699 8079 7698
f 7698 7697 7291
f 7698 7292 7699
f 9523 9701 9522
f 9151 9152 9354
f 6543 6544 6904
f 8889 9153 9152
f 8078 8884 8517
f 9152 9151 8889
f 8081 8083 8080
f 9354 9356 9355
f 8884 9149 9352
f 7291 6897 6902
f 8889 8521 8890
f 7293 7699 7292
f 8888 9151 9150
f 9355 9525 9524
f 7696 8078 7695
f 9150 9353 9149
f 9158 9358 9154
f 6543 6542 6215
f 8079 8078 7697
f 6904 6905 7293
f 8888 8889 9151
f 8081 7699 7700
f 9703 9524 9525
f 9352 9149 9353
f 9352 9523 9522
f 9701 9523 9524
f 7294 7701 7293
f 8084 8523 8522
f 8521 8889 8520
f 7290 6900 6897
f 8884 8079 8518
f 6543 6903 6542
f 9354 9353 9150
f 9357 9527 9526
f 6903 6543 6904
f 8519 8079 8080
f 7293 6905 7294
f 9524 9523 9354
f 6541 6215 6542
f 6546 6544 6545
f 8889 8519 8520
f 9352 9353 9523
f 9525 9526 9704
f 9153 8890 8892
f 6544 6905 6904
f 9152 9153 9357
f 6219 6545 6543
f 6903 7698 7291
f 9354 9152 9356
f 8521 8522 8890
f 8887 8886 8519
f 6216 6543 6215
f 6218 6543 6216
f 9526 9527 9528
f 6543 6545 6544
f 8520 8082 8083
f 9154 9357 9153
f 6546 6905 6544
f 8885 8518 8886
f 8893 8890 8523
f 8885 8886 9149
f 8518 8885 8884
f 8892 8890 8893
f 7699 8081 8080
f 6900 6901 6897
f 6903 6902 6542
f 7293 7700 7699
f 9358 9357 9154
f 9525 9355 9526
f 8082 8519 8080
f 9526 9355 9356
f 6541 6542 6902
f 7696 6897 7291
f 8892 9158 9153
f 9703 9525 9704
f 7702 8083 7701
f 9149 8884 8885
f 8890 8522 8523
f 9150 9151 9354
f 6215 6541 6214
f 8084 8083 7702
f 9150 8886 8888
f 9354 9355 9524
f 8884 8078 8079
f 9150 9149 8886
f 7698 8079 7697
f 6218 6219 6543
f 6540 6541 6901
f 9356 9152 9357
f 6902 6901 6541
f 7701 8081 7700
f 2987 2980 2981
f 2987 2986 2980
f 3143 3142 3137
f 3131 3298 3137
f 2812 2813 2968
f 2986 2985 2980
f 3142 3136 3137
f 2976 2977 2980
f 2812 2651 2639
f 2981 2980 2977
f 2976 2821 2972
f 2969 3131 2968
f 3142 3148 3147
f 2987 2992 2986
f 2987 2981 3152
f 2627 2802 2640
f 2651 2812 2650
f 2972 2967 2973
f 2976 2975 2828
f 2979 2975 2980
f 2803 2968 2802
f 2968 3131 3136
f 2820 2821 2828
f 2976 2828 2821
f 2969 2803 2964
f 3137 3136 3131
f 3148 3142 3312
f 2970 2964 2965
f 2650 2639 2651
f 2802 2968 2813
f 2802 2640 2803
f 2972 2811 2967
f 3142 2973 3136
f 2811 2812 2967
f 3289 3298 3131
f 2981 3147 3152
f 2980 2975 2976
f 2972 2977 2976
f 2828 2979 2835
f 2796 2803 2802
f 2970 2969 2964
f 2973 2968 3136
f 2640 2639 2627
f 2979 2828 2975
f 2813 2812 2639
f 2985 2979 2980
f 2802 2813 2639
f 2972 2821 2811
f 2802 2639 2640
f 2802 2627 2796
f 2964 2803 2965
f 2981 2977 3147
f 2650 2812 2811
f 2968 2973 2967
f 2972 2973 2977
f 2812 2968 2967
f 3142 2977 2973
f 2968 2803 2969
f 3142 3147 2977
f 5101 5103 4799
f 6028 5730 5727
f 4797 5100 5101
f 3923 4120 4125
f 5100 4797 4796
f 4796 4525 4522
f 4528 4799 4802
f 4529 4799 4528
f 4531 4535 4308
f 4531 4308 4301
f 4308 4307 4301
f 4532 4531 4301
f 4525 4528 4296
f 4296 4293 4525
f 4300 4301 4307
f 5101 4799 4797
f 4296 4301 4295
f 3923 4125 3927
f 4315 4307 4316
f 4525 4796 4797
f 4095 4295 4102
f 4528 4797 4799
f 4102 4295 4301
f 4540 4316 4308
f 4316 4307 4308
f 4322 4120 4115
f 4115 4315 4316
f 4109 4301 4300
f 4102 4301 4109
f 4115 4109 4307
f 4300 4307 4109
f 3914 3911 4102
f 3923 3918 4120
f 4109 4115 3914
f 3914 4102 4109
f 4315 4115 4307
f 4316 4322 4115
f 5423 5728 5730
f 4295 4293 4296
f 5730 5732 5423
f 4799 4796 4797
f 4525 4797 4528
f 5423 5426 5091
f 5733 5426 5732
f 4532 4296 4528
f 3918 4115 4120
f 6025 6028 5727
f 5730 5728 5727
f 6031 5732 5730
f 5730 6028 6031
f 5423 5732 5426
f 5429 5426 5733
f 5093 5094 5096
f 5096 4796 4794
f 3918 3914 4115
f 5096 4794 4792
f 5091 5426 5094
f 3711 3914 3712
f 4522 4794 4796
f 5093 4789 5090
f 5097 5094 5429
f 5093 4792 4789
f 4528 4802 4532
f 4296 4532 4301
f 5096 4792 5093
f 5090 5091 5094
f 5094 5093 5090
f 5097 5429 5432
f 5100 4796 5096
f 5094 5426 5429
f 5101 5100 5097
f 5097 5100 5096
f 5097 5096 5094
f 5097 5432 5101
f 5261 5256 5559
f 5560 5852 5858
f 5259 4960 5260
f 6144 6145 6140
f 5852 5849 5853
f 5858 5852 6444
f 4954 5255 4960
f 6141 6138 6137
f 4955 5255 4954
f 5256 5255 4955
f 5253 5257 5256
f 4960 5259 4959
f 5846 5845 6138
f 6157 6458 6161
f 6140 6442 6445
f 6155 6151 6454
f 5850 6140 5849
f 6157 6154 6458
f 5255 5252 5256
f 6442 6438 6768
f 6138 6141 5846
f 5570 5860 5569
f 4657 4954 4656
f 6140 6445 6144
f 6151 6155 6154
f 5850 5556 5849
f 6151 6154 6150
f 4959 4954 4960
f 5570 5569 5563
f 5867 5866 5861
f 4657 4953 4954
f 5874 5867 6153
f 5850 5846 6141
f 4651 4950 4652
f 4955 4954 4951
f 5575 5569 5860
f 5252 5253 5256
f 4953 4652 4950
f 4951 4954 4953
f 5564 5563 5265
f 5255 5251 5252
f 5251 4955 4951
f 4953 4656 4652
f 6154 6157 6153
f 5849 5852 5555
f 4651 4652 4656
f 5552 5551 5843
f 5551 5552 5253
f 5845 5844 6137
f 5257 5253 5555
f 5265 5259 5564
f 5555 5556 5849
f 5866 5867 5874
f 5257 5555 5560
f 5559 5560 5857
f 5555 5552 5556
f 5257 5560 5559
f 5253 5552 5555
f 5555 5852 5560
f 5265 4959 5259
f 5253 5550 5551
f 5843 5844 5552
f 5560 5858 5857
f 4950 4951 4953
f 5860 5866 5575
f 5866 5860 5861
f 5570 5563 5564
f 5846 5850 5845
f 6141 6140 5850
f 5868 6154 6153
f 4953 4657 4656
f 5849 5845 5850
f 6153 5867 5868
f 5260 5256 5261
f 5840 6137 5844
f 4656 4954 4959
f 5260 5261 5559
f 5860 5856 5861
f 5860 5570 5856
f 6148 5862 5857
f 5862 5861 5857
f 6133 6137 5840
f 5553 5552 5845
f 6137 6438 6442
f 5861 5862 5868
f 5256 5260 5255
f 6150 5868 5862
f 5260 5559 5259
f 6151 6150 5862
f 6133 6134 6137
f 5255 5260 4960
f 6148 5857 5858
f 5251 5255 4955
f 5862 6148 6151
f 5256 5257 5559
f 5856 5570 5565
f 5550 5253 5252
f 6153 6157 5874
f 5553 5845 5849
f 6137 6442 6140
f 5556 5552 5553
f 6137 6138 5845
f 5845 5552 5844
f 5556 5553 5849
f 6140 6141 6137
f 5868 5867 5861
f 6148 5858 6444
f 6154 5868 6150
f 6458 6461 6161
f 6145 5849 6140
f 6444 5852 6144
f 5853 6145 5852
f 6154 6155 6454
f 5857 5861 5856
f 6145 5853 5849
f 6145 6144 5852
f 5565 5570 5564
f 5856 5565 5857
f 5565 5559 5857
f 5564 5259 5565
f 5259 5559 5565
f 1348 1371 1430
f 1602 1533 1565
f 1647 1695 1604
f 1714 1765 1764
f 1566 1431 1534
f 1691 1692 1715
f 1766 1693 1716
f 1826 1767 1768
f 1716 1695 1768
f 1693 1644 1645
f 1767 1716 1768
f 1431 1533 1430
f 1566 1565 1431
f 1692 1693 1765
f 1643 1601 1602
f 1877 1825 1826
f 1824 1764 1765
f 1602 1644 1643
f 1533 1431 1565
f 1372 1403 1349
f 1767 1826 1766
f 1645 1566 1646
f 1714 1691 1715
f 1766 1825 1765
f 1765 1825 1824
f 1825 1766 1826
f 1535 1534 1432
f 1766 1765 1693
f 1604 1534 1605
f 1646 1694 1693
f 1534 1431 1432
f 1931 1825 1877
f 1494 1532 1466
f 1767 1766 1716
f 1432 1495 1535
f 1695 1646 1604
f 1713 1714 1764
f 1532 1494 1533
f 1645 1565 1603
f 1603 1565 1566
f 1604 1605 1647
f 1601 1643 1642
f 1716 1693 1694
f 1601 1642 1600
f 1693 1692 1644
f 1765 1715 1692
f 1466 1430 1494
f 1691 1644 1692
f 1465 1402 1466
f 1824 1825 1931
f 1715 1765 1714
f 1565 1645 1644
f 1565 1644 1602
f 1691 1642 1643
f 1533 1601 1532
f 1691 1643 1644
f 1494 1430 1533
f 1566 1534 1646
f 1602 1601 1533
f 1531 1601 1600
f 1695 1694 1646
f 1601 1531 1532
f 1566 1645 1603
f 1695 1716 1694
f 1714 1713 1691
f 1466 1531 1465
f 1187 1290 1251
f 1645 1646 1693
f 1430 1466 1348
f 1187 1170 1090
f 1155 1089 1123
f 1371 1251 1431
f 1348 1229 1251
f 1123 1090 1170
f 1531 1466 1532
f 1186 1123 1170
f 1317 1402 1370
f 1402 1348 1466
f 1317 1348 1402
f 1123 1186 1155
f 1251 1170 1187
f 1431 1290 1432
f 1371 1431 1430
f 1043 1090 1123
f 1403 1432 1349
f 1432 1290 1349
f 1432 1403 1404
f 1043 1123 1089
f 1251 1290 1431
f 1404 1495 1432
f 1534 1604 1646
f 1186 1170 1251
f 1251 1371 1348
f 1229 1186 1251
f 1229 1348 1317
f 1155 1186 1229
f 1606 1647 1605
f 1536 1606 1535
f 1495 1404 1467
f 1495 1467 1536
f 1606 1605 1535
f 1495 1536 1535
f 1605 1534 1535
f 1372 1404 1403
f 502 447 443
f 456 453 455
f 394 397 395
f 398 397 395
f 401 397 456
f 450 502 506
f 502 450 447
f 395 325 391
f 506 505 450
f 606 601 605
f 508 452 450
f 450 505 508
f 450 452 453
f 397 394 453
f 454 508 507
f 455 508 454
f 452 508 453
f 605 609 555
f 557 558 555
f 443 448 444
f 555 554 605
f 453 394 450
f 644 643 601
f 401 455 403
f 448 450 391
f 606 605 555
f 502 555 501
f 502 501 505
f 401 337 333
f 606 550 601
f 509 452 508
f 508 455 509
f 605 601 643
f 505 506 502
f 395 391 450
f 451 454 507
f 509 455 452
f 455 453 452
f 505 555 558
f 448 443 447
f 394 395 450
f 501 555 505
f 326 391 325
f 447 450 448
f 397 453 456
f 397 401 333
f 401 456 455
f 555 550 606
f 609 557 555
f 2937 2938 3088
f 2938 2937 2929
f 2930 3082 3088
f 2950 3113 2958
f 2930 3082 3081
f 2944 3096 3095
f 2944 2951 2943
f 3088 2938 2930
f 2937 3088 2944
f 3096 3088 3089
f 2944 2943 2937
f 2943 2950 2786
f 2956 2949 2957
f 2938 2929 2930
f 2781 2943 2786
f 2935 2781 2942
f 3120 3121 3275
f 3631 3630 3624
f 3458 3459 3464
f 3459 3623 3464
f 2942 2943 2786
f 3088 3096 2944
f 3110 3102 3103
f 3111 2956 3112
f 3103 3102 3093
f 3452 3460 3459
f 3463 3458 3464
f 3452 3617 3459
f 3459 3285 3452
f 3275 3121 3112
f 3630 3802 3623
f 2942 3087 2935
f 3623 3806 3630
f 3623 3630 3629
f 3629 3630 3635
f 3811 3635 3630
f 3810 3635 3811
f 3122 3113 3123
f 3460 3624 3459
f 3113 3114 3123
f 3463 3285 3458
f 3120 3275 3274
f 3459 3624 3623
f 3285 3463 3294
f 3617 3459 3623
f 3094 3103 3093
f 3277 3460 3276
f 3623 3624 3630
f 3267 3276 3275
f 3452 3276 3460
f 3459 3458 3285
f 3111 3112 3120
f 3452 3275 3276
f 3806 3811 3630
f 3093 2935 3094
f 2949 2956 3111
f 2957 3113 3112
f 3114 3113 3104
f 3095 2951 2944
f 2950 2943 2951
f 3103 2942 2949
f 3275 3112 3266
f 3104 3095 3096
f 3103 3111 3110
f 3087 2942 3094
f 3112 3121 3120
f 3267 3266 3113
f 3802 3806 3623
f 3802 3630 3806
f 2786 2942 2781
f 3266 3267 3275
f 3285 3275 3452
f 3266 3112 3113
f 3123 3277 3276
f 2951 3104 3113
f 3276 3122 3123
f 3113 3122 3276
f 3113 3276 3267
f 3806 3630 3631
f 3111 3103 2949
f 3629 3464 3623
f 2949 2942 2786
f 2957 3112 2956
f 3629 3463 3464
f 2950 2949 2786
f 2951 3113 2950
f 2958 3113 2957
f 2950 2958 2957
f 3103 3094 2942
f 2949 2950 2957
f 3094 2935 3087
f 3104 2951 3095
f 10328 10509 10426
f 10157 9962 9963
f 10423 10422 10323
f 10130 9934 10131
f 10342 10251 10252
f 10517 10591 10590
f 10122 9925 9926
f 10529 10448 10530
f 9705 9526 9528
f 10508 10425 10426
f 10351 10344 10260
f 10157 10156 9961
f 10127 10128 10228
f 10252 10251 10149
f 10432 10518 10517
f 10325 10324 10231
f 9706 9708 9929
f 10655 10580 10656
f 10810 10809 10808
f 10518 10529 10530
f 10511 10514 10430
f 10128 10229 10228
f 10262 10157 10158
f 10342 10252 10343
f 10124 10123 9926
f 10124 9926 9928
f 10235 10236 10331
f 10327 10326 10325
f 10810 10732 10733
f 10427 10428 10581
f 10658 10735 10734
f 9927 9928 9926
f 9931 9930 9929
f 9714 9951 9935
f 10253 10260 10254
f 10327 10325 10230
f 10733 10732 10655
f 10235 10330 10329
f 10505 10421 10422
f 10656 10657 10734
f 10231 10230 10325
f 10731 10732 10808
f 10233 10131 10132
f 10656 10734 10733
f 10582 10657 10581
f 10592 10591 10517
f 9951 9726 9952
f 10517 10431 10432
f 10429 10514 10510
f 9935 9936 10133
f 9528 9529 9708
f 9705 9706 9929
f 10134 10148 10251
f 9707 9705 9528
f 10343 10432 10342
f 10508 10578 10507
f 10432 10431 10342
f 9739 9963 9962
f 10429 10331 10430
f 10228 10324 10323
f 10425 10325 10326
f 10733 10655 10656
f 10508 10579 10578
f 10431 10517 10516
f 10226 10225 10125
f 10129 10231 10229
f 9528 9708 9707
f 10656 10580 10581
f 10423 10324 10424
f 10154 10253 10252
f 9958 10153 9954
f 9951 9714 9726
f 9554 9744 9739
f 10506 10507 10578
f 10231 10131 10232
f 10516 10515 10430
f 10232 10230 10231
f 9953 9958 9954
f 10580 10655 10579
f 10323 10422 10322
f 10510 10582 10581
f 10660 10736 10659
f 10423 10506 10422
f 9727 9952 9726
f 9935 10132 9934
f 10431 10430 10332
f 10235 10329 10234
f 10126 10127 10227
f 10659 10583 10515
f 9930 10128 10127
f 10236 10251 10331
f 10584 10660 10659
f 10581 10580 10509
f 9952 10148 9951
f 10510 10514 10582
f 10131 10231 10130
f 10150 10154 10252
f 9935 10133 10132
f 10252 10149 10150
f 10254 10343 10253
f 10127 9929 9930
f 10148 10134 9951
f 9752 9745 9751
f 10658 10582 10583
f 10227 10127 10228
f 10654 10576 10578
f 10425 10324 10325
f 10429 10330 10331
f 10344 10447 10343
f 10502 10421 10504
f 10507 10506 10423
f 10320 10226 10321
f 9961 9960 9738
f 9962 10157 9961
f 10659 10736 10735
f 10251 10236 10235
f 10530 10448 10449
f 10331 10332 10430
f 10510 10428 10429
f 10735 10736 10815
f 10448 10529 10447
f 10530 10592 10518
f 10511 10430 10515
f 10125 10126 10226
f 9744 9554 9560
f 10655 10731 10654
f 9704 9927 9926
f 10235 10134 10251
f 10811 10884 10810
f 9931 10128 9930
f 10329 10330 10428
f 9704 9928 9927
f 10234 10133 10235
f 10231 10324 10229
f 10447 10518 10432
f 10515 10590 10584
f 10327 10230 10232
f 10733 10811 10810
f 9703 9702 9524
f 10582 10658 10657
f 10517 10518 10592
f 10515 10584 10659
f 9934 10132 10131
f 10734 10735 10811
f 10131 10233 10232
f 10351 10352 10346
f 9706 9705 9707
f 10449 10351 10346
f 10426 10425 10326
f 10733 10734 10811
f 9963 10158 10157
f 10329 10427 10328
f 10576 10506 10578
f 9926 10123 10122
f 10431 10516 10430
f 10425 10507 10424
f 9926 9703 9704
f 10156 10261 10155
f 10133 9936 10134
f 10329 10233 10234
f 10261 10157 10262
f 10351 10449 10345
f 10421 10505 10504
f 10150 10149 9953
f 10232 10233 10328
f 10447 10344 10345
f 10577 10506 10576
f 9928 10126 10125
f 10658 10659 10735
f 10654 10578 10579
f 10149 10148 9953
f 10226 10227 10321
f 10425 10424 10324
f 10579 10655 10654
f 9928 10125 10124
f 10507 10423 10424
f 9702 9703 9925
f 10731 10655 10732
f 9708 9706 9707
f 10508 10580 10579
f 10659 10658 10583
f 10449 10448 10345
f 9968 9963 9745
f 10154 10153 9958
f 9935 9934 9712
f 9959 10155 10154
f 10154 10150 10153
f 10225 10123 10124
f 10509 10508 10426
f 10134 9936 9951
f 10432 10343 10446
f 9933 9934 10130
f 10581 10509 10427
f 10260 10155 10261
f 10228 10323 10322
f 10259 10155 10260
f 10321 10421 10320
f 10346 10450 10449
f 10254 10260 10344
f 10505 10422 10506
f 10506 10577 10503
f 9952 9727 9728
f 10582 10514 10511
f 10261 10351 10260
f 10351 10261 10352
f 10324 10423 10323
f 9701 9524 9702
f 10330 10235 10331
f 10155 9959 9960
f 10447 10446 10343
f 10148 9952 9953
f 9708 9931 9929
f 9739 9962 9961
f 10516 10517 10590
f 10153 10150 9954
f 9961 10155 9960
f 10431 10332 10342
f 10233 10133 10234
f 10149 10251 10148
f 10810 10808 10732
f 10331 10251 10342
f 10421 10322 10422
f 10518 10447 10529
f 10124 10125 10225
f 10155 9961 10156
f 10261 10156 10157
f 10224 10122 10123
f 10132 10133 10233
f 10510 10581 10428
f 9744 9751 9745
f 10262 10352 10261
f 10345 10448 10447
f 9958 9959 10154
f 10126 9928 9929
f 10343 10254 10344
f 10734 10657 10658
f 10226 10126 10227
f 10322 10321 10227
f 10322 10421 10321
f 10253 10154 10259
f 10150 9953 9954
f 10352 10262 10353
f 10351 10345 10344
f 10353 10450 10346
f 10505 10506 10503
f 10228 10322 10227
f 9553 9739 9738
f 10353 10346 10352
f 9728 9953 9952
f 10508 10509 10580
f 10327 10426 10326
f 10253 10343 10252
f 9925 9703 9926
f 10260 10253 10259
f 10656 10581 10657
f 10428 10330 10429
f 9704 9705 9928
f 10815 10811 10735
f 10429 10430 10514
f 10427 10329 10428
f 10432 10446 10447
f 9928 9705 9929
f 10426 10327 10328
f 10130 10231 10129
f 10331 10342 10332
f 10133 10134 10235
f 9526 9705 9704
f 10233 10329 10328
f 9929 10127 10126
f 10155 10259 10154
f 10511 10515 10583
f 10516 10590 10515
f 10328 10327 10232
f 9963 9739 9744
f 10583 10582 10511
f 10584 10590 10660
f 9936 9935 9951
f 9554 9739 9553
f 10328 10427 10509
f 10320 10225 10226
f 9958 9953 9957
f 10507 10425 10508
f 10225 10224 10123
f 10504 10505 10503
f 9738 9739 9961
f 10324 10228 10229
f 9963 9744 9745
f 7107 6719 6717
f 6715 7102 6717
f 7106 7107 6717
f 7106 6717 7102
f 6717 6719 6397
f 6717 6392 6715
f 6372 6704 6376
f 6704 6375 6376
f 6067 6372 6376
f 6702 6369 6700
f 6693 6696 6361
f 6363 6700 6366
f 6369 6372 6065
f 6366 6700 6369
f 6704 6702 7072
f 8738 8736 8737
f 6372 6369 6704
f 6713 7102 6715
f 6388 6713 6715
f 6700 6699 6702
f 6061 6361 6363
f 6690 6689 6693
f 6696 6699 6700
f 6065 6063 6366
f 6361 6696 6363
f 6696 6700 6363
f 6358 6361 6059
f 7888 7885 7887
f 6690 6693 6361
f 8331 7876 8327
f 8348 7904 7900
f 6065 6366 6369
f 6070 6067 6376
f 8335 7884 8331
f 8339 7887 8335
f 6711 7093 7098
f 7092 6709 7088
f 7093 6711 6709
f 6711 6713 6385
f 8331 8327 8730
f 6704 6707 6375
f 6707 6709 6379
f 6385 6382 6709
f 6707 6379 6375
f 6392 6388 6715
f 7887 8339 8342
f 6382 6072 6379
f 8338 8341 8735
f 8733 8731 8334
f 6072 6382 6074
f 6713 7098 7102
f 8345 8342 8736
f 8326 8727 8725
f 8725 8727 8726
f 8730 8732 8335
f 8727 8729 8728
f 8329 8326 8325
f 8342 8339 8734
f 8729 8732 8730
f 8734 8736 8342
f 8732 8733 8734
f 8738 8345 8736
f 8345 8738 8348
f 8741 8348 8738
f 8740 8738 8737
f 8738 8740 8741
f 6713 6388 6385
f 7098 7093 7092
f 6379 6709 6382
f 7098 6713 6711
f 7088 6709 6707
f 6379 6376 6375
f 6376 6379 6072
f 6076 6382 6385
f 6376 6072 6070
f 8732 8729 8731
f 8729 8727 8330
f 6711 6385 6709
f 6358 6690 6361
f 8736 8734 8733
f 8737 8736 8735
f 8326 8329 8330
f 8736 8733 8735
f 8333 8337 8338
f 7880 7876 8331
f 6363 6366 6063
f 8337 8341 8338
f 8729 8330 8731
f 8335 7885 7884
f 8334 8338 8733
f 6709 7092 7093
f 6074 6382 6076
f 8732 8731 8733
f 7904 8348 8351
f 8735 8344 8737
f 8338 8334 8333
f 8739 8737 8344
f 8737 8739 8740
f 8326 8323 8322
f 7901 8348 7900
f 8730 8335 8331
f 8730 8327 8728
f 8327 8726 8728
f 8348 8741 8351
f 8334 8330 8333
f 8334 8731 8330
f 7075 7076 7072
f 6693 7065 6696
f 7880 7885 7470
f 7488 7485 7897
f 7884 7885 7880
f 8741 8740 8742
f 7076 7075 7470
f 8335 8732 8734
f 8338 8735 8733
f 8333 8330 8329
f 7893 7892 7896
f 8726 8727 8728
f 8725 8323 8326
f 8742 8743 8741
f 7072 6702 7068
f 8743 8351 8741
f 7488 7097 7092
f 7887 7885 8335
f 8735 8341 8344
f 7080 7470 7474
f 8342 7888 7887
f 8734 8339 8335
f 7080 7076 7470
f 7880 8331 7884
f 6065 6372 6067
f 6699 7068 6702
f 6702 6704 6369
f 6707 6704 7076
f 7072 7076 6704
f 8330 8727 8326
f 8345 8348 7896
f 7097 7488 7101
f 8729 8730 8728
f 7893 7897 7481
f 8326 8322 8325
f 7097 7101 7102
f 7893 7896 7897
f 7488 7092 7485
f 6061 6059 6361
f 7478 7474 7885
f 7491 7101 7488
f 7897 7901 7488
f 7097 7102 7098
f 7488 7900 7491
f 7478 7084 7474
f 6707 7080 7084
f 7885 7888 7478
f 7491 7904 7494
f 7888 8342 7892
f 7084 7478 7088
f 7892 7893 7888
f 7481 7478 7888
f 7892 8342 8345
f 7481 7088 7478
f 7092 7097 7098
f 7893 7481 7888
f 7474 7470 7885
f 7892 8345 7896
f 7088 7481 7092
f 7897 7896 7901
f 7474 7084 7080
f 7901 7900 7488
f 7896 7485 7897
f 7485 7092 7481
f 7900 7904 7491
f 7106 7491 7494
f 7106 7102 7101
f 7076 7080 6707
f 7485 7481 7897
f 7896 8348 7901
f 7106 7101 7491
f 7084 7088 6707
f 4068 4060 4278
f 4780 4779 4504
f 4283 4074 4279
f 4269 4270 4276
f 4509 4508 4276
f 4784 5091 4789
f 4789 4509 4784
f 4794 4518 4792
f 4270 4510 4276
f 4785 4510 4504
f 4512 4278 4279
f 4779 4785 4504
f 4509 4276 4510
f 4510 4504 4509
f 4500 4501 4505
f 4505 4780 4504
f 4784 4510 4785
f 4505 4775 4780
f 4508 4275 4276
f 4500 4505 4504
f 5087 4786 5088
f 4274 4275 4508
f 4514 4509 4789
f 4525 4524 4521
f 4516 4283 4282
f 4518 4517 4513
f 4779 4780 4786
f 4509 4514 4508
f 4514 4789 4792
f 5091 4785 5087
f 4283 4516 4287
f 4273 4278 4060
f 4517 4520 4516
f 4785 5091 4784
f 4786 5087 4785
f 4274 4512 4278
f 4278 4273 4274
f 4074 4068 4279
f 4513 4507 4508
f 4283 4279 4278
f 5084 5088 4786
f 4283 4278 4282
f 5728 5420 5416
f 4516 4278 4512
f 4516 4282 4278
f 4275 4274 4060
f 4520 4287 4516
f 5085 5084 4780
f 4507 4274 4508
f 4513 4516 4512
f 4520 4521 4524
f 5728 5423 5420
f 5725 5724 5416
f 5728 5416 5724
f 5724 5727 5728
f 4518 4522 4521
f 4521 4522 4525
f 5088 5420 5087
f 5423 5087 5420
f 4513 4512 4507
f 4780 4781 5085
f 4794 4522 4518
f 5091 5087 5423
f 5084 4786 4780
f 4514 4518 4513
f 4266 4500 4504
f 4273 4060 4274
f 4779 4786 4785
f 4518 4514 4792
f 4510 4270 4504
f 4274 4507 4512
f 5090 4789 5091
f 5416 5420 5088
f 4510 4784 4509
f 4517 4521 4520
f 4508 4514 4513
f 4513 4517 4516
f 4279 4068 4278
f 4775 4505 4501
f 5088 5084 5416
f 4270 4054 4266
f 4521 4517 4518
f 4270 4266 4504
f 4922 4921 4916
f 4927 4922 4928
f 4927 4921 4922
f 4915 4921 4637
f 4919 4925 4924
f 4910 5222 5223
f 4920 4914 4637
f 4910 4916 4915
f 4927 4637 4921
f 4926 4637 4927
f 4926 4920 4637
f 4935 4934 4927
f 5219 5215 5220
f 4914 4915 4637
f 4949 4945 4950
f 4919 4920 4926
f 4926 4925 4919
f 4941 4940 4935
f 4945 4946 4950
f 4933 4926 4927
f 4934 4940 4939
f 4916 4910 5223
f 4927 4928 4935
f 4946 4940 4941
f 4940 4946 4939
f 4934 4939 4933
f 4945 4939 4946
f 5226 4916 5223
f 4934 4933 4927
f 4916 4921 4915
f 5220 5223 5219
f 4940 4934 4935
f 5237 4935 4928
f 5234 4928 4929
f 5230 4928 4922
f 5226 5224 5227
f 5238 5237 5234
f 5230 4922 4923
f 4916 5230 4922
f 5230 4916 5226
f 5230 5234 4928
f 5234 5237 4928
f 5223 5224 5226
f 5237 4941 4935
f 7990 7987 7989
f 7595 7591 7599
f 7990 7991 7987
f 8770 8773 9070
f 9074 8781 8780
f 8436 8435 8438
f 7577 7979 7977
f 8435 8436 8431
f 8438 8439 8796
f 7980 8438 8434
f 8796 8439 8799
f 7986 8441 7983
f 7987 7986 7989
f 9073 9071 8776
f 8784 8421 8426
f 8796 8797 9086
f 7991 8442 7987
f 8405 8402 8401
f 8442 8441 7987
f 9078 9079 9074
f 7581 7582 7576
f 8793 8794 9086
f 8429 8427 8426
f 8796 8799 8797
f 8774 8414 8413
f 8781 8775 8774
f 7953 7548 7553
f 8767 8406 8769
f 8781 9074 9075
f 9087 9083 9086
f 7577 7982 7979
f 7982 7983 7979
f 7946 7950 7947
f 8412 7957 8417
f 9086 8794 8796
f 8427 8429 8430
f 8779 8780 8418
f 8799 8439 8442
f 9082 8790 8793
f 8409 8406 8405
f 8405 8401 7947
f 7949 7946 7548
f 8423 8422 8784
f 7991 7994 8442
f 7586 7591 7989
f 8406 8402 8405
f 8793 8796 8794
f 8423 8416 8422
f 7952 7956 7957
f 8417 7962 8416
f 7950 7949 7953
f 9083 9079 9082
f 7983 8438 7980
f 9082 9079 9078
f 7993 7996 7994
f 7548 7953 7949
f 8789 8793 8790
f 7599 7591 7590
f 8430 8789 8427
f 8423 8778 8417
f 8785 8789 9078
f 7950 7954 8409
f 8435 8434 8438
f 8430 8793 8789
f 8423 8417 8416
f 8409 8405 7950
f 7950 7946 7949
f 9073 8776 8775
f 7589 7585 7584
f 7983 7980 7979
f 8413 7954 8412
f 8412 8418 8780
f 7590 7586 7585
f 8785 9078 8786
f 8789 8788 8427
f 9074 8786 9078
f 8786 8780 8785
f 8785 8784 8788
f 8780 8781 8774
f 9074 8780 8786
f 8788 8426 8427
f 8421 8422 7961
f 8772 8769 8406
f 8426 8788 8784
f 8780 8779 8785
f 8779 8784 8785
f 8778 8784 8779
f 8769 8772 8773
f 7584 7585 7581
f 9075 9072 8781
f 8417 8778 8779
f 8772 8410 8771
f 8774 8412 8780
f 9072 8775 8781
f 8771 8414 8774
f 7591 7586 7590
f 8779 8418 8417
f 8772 8774 8775
f 8434 8429 7979
f 9086 9082 8793
f 8413 8414 8409
f 8431 8434 8435
f 8434 8430 8429
f 8772 8771 8774
f 9082 8789 8790
f 8409 7954 8413
f 8772 9071 8773
f 8776 9071 8772
f 8409 8771 8410
f 8409 8414 8771
f 9082 9086 9083
f 7585 7982 7582
f 7989 7591 7595
f 8784 8778 8423
f 8409 8410 8406
f 8789 9082 9078
f 8770 8769 8773
f 8772 8406 8410
f 8767 8402 8406
f 8775 9072 9073
f 8789 8785 8788
f 8772 8775 8776
f 7982 7585 7586
f 7588 7175 7176
f 8413 8412 8774
f 7584 7588 7589
f 7950 8405 7947
f 7991 7990 7994
f 8441 8438 7983
f 8438 8796 8436
f 7589 7594 7590
f 7979 7980 8434
f 8434 8431 8430
f 8784 8422 8421
f 7952 7953 7553
f 7954 7950 7953
f 7954 7953 7957
f 8412 7954 7957
f 7962 7956 7961
f 8416 7961 8422
f 7558 7952 7553
f 7952 7957 7953
f 7558 7956 7952
f 7990 7989 7595
f 7589 7588 7176
f 8429 8426 7977
f 8431 8796 8793
f 7997 7994 7996
f 7982 7577 7582
f 8430 8431 8793
f 8431 8436 8796
f 7582 7577 7576
f 7982 7586 7986
f 8442 8439 8441
f 7595 7993 7990
f 7990 7993 7994
f 8438 8441 8439
f 8418 8412 8417
f 8441 7986 7987
f 7983 7982 7986
f 7585 7589 7590
f 7586 7989 7986
f 7977 7979 8429
f 7957 7956 8417
f 8426 8425 7977
f 7962 7961 8416
f 7582 7581 7585
f 7962 8417 7956
f 5384 5694 5696
f 5388 5387 5392
f 5682 5370 5677
f 5694 5384 5383
f 5690 5689 5686
f 5996 5998 5696
f 5692 5380 5377
f 4003 3803 3797
f 4012 3812 3807
f 5380 5379 5383
f 5365 5370 5369
f 5053 4739 5050
f 6306 6000 5998
f 4733 4728 5043
f 6000 6002 5703
f 4230 4012 4010
f 5060 5387 5388
f 4220 4219 4462
f 4017 4012 4235
f 4455 4458 4459
f 5039 5364 5369
f 4230 4232 4012
f 5982 5986 5683
f 4007 4010 3807
f 5047 5373 5050
f 5702 5395 5391
f 6002 6004 5703
f 5689 5692 5375
f 5379 5380 5377
f 5383 5387 5384
f 4472 4744 4746
f 5689 5373 5686
f 5380 5694 5383
f 4219 4220 4225
f 3803 4007 3807
f 4724 5040 5044
f 4012 4017 3812
f 4469 4464 4740
f 4219 4215 4462
f 5060 4748 5058
f 4746 5058 4748
f 4004 3999 4215
f 4232 4235 4012
f 5047 5043 5373
f 5050 4740 4733
f 5395 5702 5703
f 3812 3818 3641
f 4472 4475 4232
f 5380 5692 5694
f 5369 5682 5686
f 5040 5039 5043
f 4462 4215 4458
f 4733 4740 4462
f 3999 4004 4003
f 4224 4003 4219
f 5703 5705 5706
f 3812 4017 3818
f 5380 5056 5053
f 4007 4224 4230
f 5682 5369 5370
f 4003 4224 4007
f 4458 4454 4728
f 5375 5050 5373
f 4459 4216 4212
f 4225 4464 4224
f 4007 3803 4003
f 3797 3791 4003
f 4469 4740 4744
f 4740 5053 4744
f 5062 5392 5064
f 6002 6000 6310
f 4235 4232 4475
f 4746 5056 5058
f 3999 4003 3791
f 5683 5687 5682
f 5375 5692 5377
f 5682 5687 5686
f 4216 3999 4212
f 5388 5387 5698
f 5380 5384 5056
f 5373 5689 5375
f 5391 5388 5700
f 5686 5373 5369
f 4462 4458 4728
f 5392 5387 5391
f 4464 4220 4462
f 4464 4469 4224
f 6306 6310 6000
f 5364 5365 5369
f 5998 6000 5698
f 5700 5698 6000
f 4458 4215 4216
f 5700 6000 5703
f 4219 4004 4215
f 4230 4010 4007
f 5683 5986 5687
f 5053 5056 4746
f 5700 5703 5702
f 5700 5388 5698
f 5044 5040 5043
f 5395 5705 5399
f 4740 5050 4739
f 4219 4003 4004
f 5391 5700 5702
f 5383 5696 5387
f 5387 5388 5391
f 6305 6306 6302
f 6306 5998 6302
f 5053 5050 5375
f 5677 5370 5365
f 5395 5399 5400
f 5056 5384 5058
f 5373 5043 5369
f 6302 5996 6299
f 5705 5395 5703
f 5044 4728 4724
f 5053 5375 5377
f 6627 6305 6625
f 4469 4472 4230
f 4746 4744 5053
f 4224 4469 4230
f 5696 5998 5698
f 5698 5387 5696
f 5703 6004 5705
f 5396 5400 5064
f 5387 5060 5384
f 6625 6305 6302
f 4739 5053 4740
f 5369 5043 5039
f 5395 5396 5392
f 5380 5383 5384
f 3807 3812 3639
f 4220 4464 4225
f 4458 4216 4459
f 5380 5053 5377
f 3641 3818 3817
f 5396 5064 5392
f 5043 5047 4733
f 5392 5062 5060
f 4454 4455 4724
f 4010 4012 3807
f 4469 4744 4472
f 5060 5388 5392
f 4212 4455 4459
f 4462 4728 4733
f 3999 4216 4215
f 5392 5391 5395
f 4458 4455 4454
f 5383 5384 5696
f 5058 5384 5060
f 5050 4733 5047
f 4464 4462 4740
f 4232 4230 4472
f 5400 5396 5395
f 6305 6627 6306
f 4454 4724 4728
f 5043 4728 5044
f 4219 4225 4224
f 5694 5996 5696
f 6302 5998 5996
f 4086 3888 4078
f 4114 4314 4306
f 4108 4113 4107
f 4113 4314 4114
f 4107 4113 4306
f 4114 4306 4113
f 4113 4108 3913
f 3893 3902 3901
f 4320 4326 4325
f 3913 4108 4107
f 4314 4113 4321
f 3888 3893 3887
f 4314 4305 4306
f 4100 4093 4094
f 4321 4539 4313
f 3903 3902 3895
f 4539 4312 4313
f 3893 3894 3902
f 4305 4313 4312
f 4313 4305 4314
f 4821 4825 4567
f 4821 4567 4562
f 4567 4561 4562
f 4567 4825 4572
f 3909 4101 3903
f 4299 4094 4101
f 3903 4101 4094
f 4304 4305 4312
f 4093 3902 4094
f 4304 4299 4305
f 4305 4101 4107
f 3903 4094 3902
f 4299 4298 4100
f 4299 4304 4298
f 4313 4314 4321
f 4321 4550 4544
f 4094 4299 4100
f 4299 4101 4305
f 4101 3909 4107
f 4107 3909 3913
f 3888 4086 3894
f 3894 3893 3888
f 4311 4312 4319
f 4320 4319 4312
f 4312 4543 4320
f 4326 4320 4543
f 4325 4319 4320
f 4333 4555 4339
f 3710 3711 3714
f 4148 4149 4358
f 4589 4584 4585
f 4570 4571 4576
f 4348 4349 4352
f 4146 4149 4357
f 4356 4360 4359
f 4575 4570 4576
f 4582 4578 4354
f 4582 4354 4357
f 3707 3710 3709
f 3706 3707 3709
f 4357 4149 4148
f 3709 3713 3916
f 4339 4344 4338
f 3913 3709 3916
f 4146 4357 4354
f 3709 3913 3706
f 3710 3713 3709
f 4577 4581 4830
f 4539 4538 4312
f 4539 4321 4544
f 4539 4543 4538
f 4543 4539 4544
f 4358 4147 4355
f 4354 4144 4146
f 4538 4543 4312
f 4358 4355 4356
f 4555 4556 4561
f 4146 4144 4147
f 4355 4146 4147
f 4550 4543 4544
f 4583 4589 4363
f 4549 4326 4543
f 4543 4550 4549
f 4562 4561 4556
f 4556 4326 4549
f 4556 4549 4550
f 4556 4550 4557
f 4146 4147 4149
f 3707 3708 3711
f 4590 4838 4593
f 4562 4556 4557
f 4359 4358 4356
f 4556 4555 4333
f 4556 4333 4326
f 4590 4589 4585
f 4333 4325 4326
f 3909 3703 3706
f 4579 4580 4584
f 3713 3710 3714
f 3703 3909 3903
f 4589 4583 4584
f 4339 4566 4344
f 3706 3703 3707
f 3703 3704 3707
f 4565 4570 4344
f 3708 3707 3705
f 4575 4352 4349
f 3710 3707 3711
f 4581 4577 4578
f 4582 4581 4578
f 3705 3707 3704
f 4561 4566 4339
f 4561 4567 4566
f 4344 4566 4565
f 4343 4338 4344
f 4344 4348 4343
f 4571 4570 4565
f 4567 4572 4566
f 4570 4349 4344
f 4572 4576 4571
f 4349 4570 4575
f 4572 4828 4576
f 4575 4353 4352
f 4352 4356 4355
f 4352 4353 4356
f 4575 4580 4579
f 4580 4576 4828
f 4353 4575 4579
f 3895 3703 3903
f 4831 4580 4828
f 3704 3703 3699
f 3704 3699 3700
f 4584 4580 4585
f 4356 4579 4584
f 4831 4835 4580
f 4584 4360 4356
f 4580 4835 4585
f 4107 4306 4305
f 4572 4571 4566
f 4585 4835 4834
f 4583 4360 4584
f 4583 4359 4360
f 4363 4359 4583
f 4589 4588 4363
f 4359 4362 4358
f 4593 4838 4843
f 4828 4572 4825
f 4356 4353 4579
f 3895 3902 3894
f 4144 4354 4350
f 4561 4339 4555
f 3703 3895 3699
f 3706 3913 3909
f 4565 4566 4571
f 4580 4575 4576
f 4348 4344 4349
f 4362 4359 4363
f 4149 4147 4358
f 4590 4585 4834
f 4834 4838 4590
f 4463 4461 4221
f 4024 4236 4019
f 4481 4756 4753
f 4231 4013 4233
f 4233 4470 4231
f 3615 3795 3794
f 4005 4222 4218
f 4018 4024 4019
f 4001 4002 4217
f 4217 4221 4461
f 4750 4479 4753
f 4218 4002 4005
f 3794 4002 4001
f 4236 4025 4237
f 4002 3795 4005
f 4229 4468 4228
f 4228 4227 4221
f 4752 4753 4755
f 4237 4476 4473
f 4477 4476 4238
f 4229 4009 4231
f 4477 4473 4476
f 3794 3795 4002
f 4750 4752 4749
f 4223 4222 4005
f 4476 4237 4238
f 4473 4234 4237
f 3808 4011 4009
f 4234 4013 4237
f 4013 4231 4011
f 4467 4228 4468
f 4470 4233 4473
f 3795 3799 4005
f 4468 4231 4470
f 4471 4473 4745
f 4759 4755 4756
f 4228 4221 4222
f 4747 4474 4477
f 4753 4756 4755
f 4222 4221 4217
f 4473 4471 4470
f 4006 4009 4223
f 3804 3800 3801
f 4761 5067 5065
f 4233 4234 4473
f 4223 4228 4222
f 4013 4011 3808
f 4229 4223 4009
f 4014 4013 3813
f 4753 4752 4750
f 4473 4477 4474
f 4019 4237 4013
f 4218 4222 4217
f 4761 5065 4758
f 3795 3615 3616
f 4229 4231 4468
f 4223 4229 4228
f 4759 4758 4755
f 3799 3795 3616
f 4024 4025 4236
f 3813 4013 3808
f 4750 4477 4479
f 4013 4234 4233
f 3804 3808 4009
f 4236 4237 4019
f 4231 4009 4011
f 4217 4002 4218
f 4005 4006 4223
f 5418 5419 5421
f 5092 5422 5089
f 5428 5734 5731
f 4782 4783 4788
f 4790 4787 4788
f 6339 6667 6664
f 5736 5738 6039
f 5431 5738 5736
f 5431 5430 5428
f 6027 6026 6024
f 5428 5430 5734
f 5424 5731 5729
f 6339 6341 6667
f 5421 5726 5418
f 6026 6337 6335
f 5736 6033 5734
f 5736 6039 6036
f 6036 6038 6343
f 5736 6036 6033
f 5734 5427 5428
f 6332 6023 6026
f 6039 6038 6036
f 6343 6341 6036
f 6035 6036 6341
f 6033 5731 5734
f 6030 6337 6026
f 6029 6030 6033
f 6339 6032 6035
f 6337 6029 6339
f 6029 6033 6032
f 6035 6032 6036
f 6339 6661 6337
f 6664 6661 6339
f 6030 6027 5731
f 6026 6027 6030
f 6027 5729 5731
f 5729 6027 6024
f 6033 6036 6032
f 6029 6337 6030
f 6023 6024 6026
f 6032 6339 6029
f 5095 5425 5092
f 5430 5431 5736
f 6339 6035 6341
f 4788 4787 4782
f 6026 6027 6335
f 5089 5086 4782
f 6332 6026 6335
f 5428 5425 5095
f 5424 5425 5731
f 5428 5731 5425
f 5729 5421 5424
f 5731 6033 6030
f 5422 5424 5421
f 5430 5736 5734
f 5424 5422 5425
f 5425 5422 5092
f 4787 5092 5089
f 4787 4790 5092
f 4788 4791 4790
f 5422 5421 5419
f 5419 5089 5422
f 5726 5729 6024
f 5729 5726 5421
f 5089 5419 5086
f 5089 4782 4787
f 4057 4270 4269
f 3647 3643 3644
f 3868 4068 3877
f 3877 3694 3868
f 3688 3868 3694
f 3149 3319 3313
f 3688 3694 3533
f 3533 3689 3688
f 3534 3689 3533
f 3314 3149 3315
f 3534 3363 3528
f 3529 3690 3534
f 3660 3656 3505
f 3325 3332 3331
f 4062 4276 4275
f 3191 3358 3357
f 3681 3680 3529
f 3336 3493 3498
f 3643 3646 3481
f 3835 3836 3841
f 4491 4487 4763
f 4500 4266 4501
f 3868 4060 4068
f 3823 3824 3828
f 3869 3689 3690
f 4501 4263 4494
f 4061 3868 3869
f 3188 3354 3192
f 4061 4062 4275
f 3661 3505 3506
f 4776 5081 5080
f 3325 3326 3332
f 4776 4780 4775
f 4751 4478 4475
f 4757 4482 4480
f 3656 3655 3498
f 4768 4491 4763
f 4058 4054 4270
f 3320 3314 3321
f 3319 3320 3325
f 3364 3529 3528
f 3314 3154 3149
f 4475 4472 4748
f 3827 3822 3823
f 3344 3355 3343
f 4061 3869 3870
f 3171 3179 3011
f 3690 3680 3860
f 3187 3188 3191
f 3154 3314 3320
f 3849 4043 3848
f 3836 3842 3841
f 3849 3841 3842
f 3850 4045 4044
f 4044 4045 4039
f 4045 3850 4038
f 4044 4039 4260
f 4038 4039 4045
f 4038 3850 3843
f 4260 4255 4254
f 4039 4255 4260
f 4260 4254 4487
f 3843 3842 4033
f 3843 4033 4034
f 4254 4255 4487
f 4034 4033 3836
f 3843 4034 4038
f 4034 3836 3837
f 4255 4038 4254
f 4037 4254 4038
f 4034 3837 3832
f 4250 4254 4251
f 4484 4251 4250
f 4037 4038 4034
f 4027 4023 4240
f 4030 4031 4034
f 3330 3493 3336
f 3359 3192 3354
f 4031 4027 4028
f 3354 3188 3189
f 4062 4057 4269
f 3850 4043 3849
f 3647 3831 3650
f 4243 4240 4480
f 4251 4034 4031
f 4251 4247 4482
f 4247 4031 4244
f 3652 3835 3657
f 4255 4254 4251
f 3848 3841 3849
f 3522 3681 3529
f 4482 4484 4251
f 4244 4028 4243
f 4027 4243 4028
f 3495 3657 3500
f 4251 4484 4487
f 4247 4243 4482
f 4487 4491 4260
f 3500 3499 3494
f 3850 3849 3843
f 4254 4037 4251
f 4030 4027 4031
f 4243 4247 4244
f 4034 4251 4037
f 4034 3832 4030
f 4240 4023 4235
f 4030 3832 4027
f 4240 4478 4480
f 4028 4244 4031
f 4027 4240 4243
f 4235 4475 4240
f 4028 3824 4023
f 3344 3515 3514
f 4480 4754 4757
f 4247 4251 4031
f 4023 4027 4028
f 4475 4478 4240
f 3656 3498 3499
f 4243 4480 4482
f 4255 4039 4038
f 4023 4017 4235
f 3857 4054 3861
f 3843 3849 3842
f 4251 4487 4255
f 3178 3011 3179
f 3325 3331 3330
f 5404 5408 5073
f 3870 3690 3860
f 4501 4771 4775
f 3355 3522 3359
f 3680 3681 3860
f 5417 5084 5085
f 4497 4496 4264
f 4044 4259 4043
f 3655 3656 3660
f 4772 5081 4776
f 3362 3357 3363
f 5069 5400 5399
f 5072 5408 5077
f 3680 3690 3529
f 5066 5069 4760
f 3327 3321 3485
f 3364 3521 3529
f 4050 4495 4263
f 4260 4259 4044
f 4776 4771 4772
f 3832 3831 3828
f 4276 4062 4269
f 4497 4490 4767
f 3178 3343 3188
f 5416 5084 5417
f 3495 3494 3337
f 4260 4491 4259
f 4754 4478 4751
f 3326 3321 3327
f 3012 3166 3171
f 5072 5073 5408
f 3533 3365 3362
f 4484 4757 4760
f 5413 5085 5080
f 3327 3485 3489
f 3345 3515 3344
f 4057 4062 3860
f 4270 4057 4058
f 3522 3674 3681
f 3332 3337 3493
f 4060 3868 4061
f 3822 3827 3647
f 3529 3534 3528
f 3359 3521 3364
f 3655 3505 3504
f 3646 3649 3489
f 3853 3857 3667
f 3489 3649 3495
f 3485 3481 3646
f 3005 3166 3012
f 4490 4497 4258
f 5411 5077 5408
f 5416 5417 5721
f 3188 3358 3191
f 3305 3298 3306
f 3504 3669 3515
f 3515 3668 3514
f 3860 3681 3861
f 3847 3855 3669
f 3515 3503 3504
f 3485 3646 3489
f 3171 3011 3012
f 3853 4266 4054
f 4773 4497 4767
f 3346 3345 3340
f 4757 5062 5064
f 3354 3355 3359
f 3828 4028 4027
f 4490 4258 4259
f 4060 4061 4275
f 3836 3650 3831
f 3835 3841 3657
f 3180 3171 3172
f 4757 4754 5062
f 3171 3180 3179
f 4027 3832 3828
f 4771 4776 4775
f 4772 5076 5081
f 3681 3674 3861
f 3649 3650 3652
f 3860 3861 4057
f 3359 3522 3521
f 3655 3660 3505
f 3836 3652 3650
f 3364 3528 3363
f 3689 3868 3688
f 3485 3646 3647
f 3306 3314 3305
f 4264 4042 4258
f 4043 3850 4044
f 3493 3337 3494
f 4043 4259 4258
f 4490 4768 4767
f 3360 3522 3359
f 3857 3853 4054
f 4023 3818 4017
f 5709 5403 5399
f 3667 3522 3514
f 3493 3330 3331
f 3331 3332 3493
f 4773 5077 4772
f 3354 3343 3355
f 5404 5403 5408
f 3689 3869 3868
f 3667 3857 3674
f 3643 3481 3644
f 5721 5725 5416
f 3505 3661 3660
f 2998 3162 3005
f 3162 3166 3005
f 4263 4501 4266
f 5721 5410 5717
f 4043 4042 3848
f 5069 5404 5073
f 3179 3344 3343
f 3337 3333 3495
f 5399 5403 5404
f 3344 3514 3355
f 4480 4478 4754
f 3358 3188 3192
f 4049 3853 3854
f 3344 3179 3180
f 3667 3514 3668
f 5080 5085 4781
f 4049 4263 4266
f 3533 3363 3534
f 4495 4494 4263
f 3306 3298 3299
f 3166 3162 3167
f 3817 3822 3644
f 4767 5073 5072
f 4772 4771 4496
f 4776 4781 4780
f 4051 3848 4042
f 4258 4497 4264
f 3305 3142 3143
f 3669 3660 3847
f 3172 3344 3180
f 3345 3344 3340
f 3172 3171 3166
f 3861 4054 4058
f 3346 3503 3345
f 3172 3339 3344
f 3340 3344 3339
f 3857 3861 3860
f 3861 3674 3857
f 3346 3504 3503
f 3167 3172 3166
f 3870 3860 4062
f 3162 2998 3161
f 3504 3346 3340
f 3855 3854 3669
f 3854 3668 3669
f 3327 3332 3326
f 3498 3504 3340
f 3522 3355 3514
f 4051 3855 3847
f 3305 3143 3137
f 3339 3172 3340
f 5077 4767 5072
f 4050 4264 4495
f 3359 3358 3192
f 3363 3357 3358
f 3848 3661 3841
f 3364 3358 3359
f 3163 3162 3157
f 3340 3341 3498
f 3504 3505 3669
f 3340 3172 3167
f 3500 3657 3661
f 3179 3343 3178
f 4490 4491 4768
f 3499 3506 3505
f 4760 4763 4484
f 3167 3336 3340
f 3168 3167 3162
f 4771 4494 4495
f 3848 4051 3847
f 4491 4490 4259
f 4264 4050 4051
f 4772 5077 5076
f 3313 3312 3305
f 3481 3482 3644
f 3661 3657 3841
f 3363 3358 3364
f 4495 4264 4496
f 3855 4051 4050
f 3137 3298 3305
f 3690 3870 3869
f 5080 4781 4776
f 3817 3818 3823
f 4760 5069 4763
f 4773 4767 5077
f 3154 3320 3319
f 5413 5721 5417
f 3854 3853 3668
f 3660 3669 3505
f 3499 3500 3506
f 3853 3667 3668
f 5413 5417 5085
f 3854 3855 4050
f 5410 5721 5413
f 5064 5066 4760
f 3336 3167 3168
f 3162 3330 3168
f 4263 4049 4050
f 4049 4266 3853
f 3163 3330 3162
f 5064 4760 4757
f 5410 5411 5717
f 3669 3668 3515
f 4497 4773 4772
f 3149 3154 3319
f 4058 4057 3861
f 3314 3149 3313
f 5076 5411 5410
f 4757 4484 4482
f 3500 3661 3506
f 3314 3313 3305
f 3823 3818 4023
f 5410 5413 5080
f 4062 4061 3870
f 5066 5064 5400
f 3649 3646 3647
f 3828 3827 3647
f 4496 4497 4772
f 4496 4771 4495
f 4051 4042 4264
f 4258 4042 4043
f 3320 3321 3326
f 3333 3332 3327
f 3168 3330 3336
f 5069 5073 4767
f 3499 3505 3656
f 5076 5410 5080
f 4023 3824 3823
f 3330 3163 3158
f 4748 5060 4751
f 3832 3837 3836
f 3529 3521 3522
f 3327 3489 3333
f 3694 3536 3533
f 4751 5060 4754
f 4748 4472 4746
f 5404 5400 5399
f 3649 3647 3650
f 4763 4767 4768
f 5077 5411 5076
f 3828 3831 3827
f 3824 4028 3828
f 3337 3332 3333
f 3333 3489 3495
f 3143 3298 3305
f 3823 3828 3827
f 3646 3643 3647
f 5076 5080 5081
f 3649 3652 3495
f 3498 3655 3504
f 3822 3647 3644
f 3158 3324 3330
f 3522 3667 3674
f 3836 4033 3842
f 4763 4487 4484
f 3836 3835 3652
f 3493 3494 3499
f 3494 3495 3500
f 4763 5069 4767
f 4751 4475 4748
f 3836 3831 3832
f 3822 3817 3823
f 3481 3485 3321
f 3336 3498 3340
f 3162 3161 3157
f 3499 3498 3493
f 3854 4050 4049
f 5069 5400 5404
f 3652 3657 3495
f 3515 3345 3503
f 3847 3661 3848
f 3660 3661 3847
f 3149 3306 3144
f 3324 3325 3330
f 3157 3158 3163
f 3647 3827 3831
f 3363 3533 3362
f 5411 5408 5714
f 3149 3314 3306
f 3312 3142 3305
f 3188 3343 3354
f 4754 5060 5062
f 5400 5069 5066
f 3326 3325 3320
f 4494 4771 4501
f 3188 3187 3178
f 3689 3534 3690
f 2953 2952 2945
f 2963 3124 2960
f 3269 3261 3106
f 2960 2953 2793
f 2629 2798 2618
f 2618 2798 2794
f 2959 3116 2952
f 2952 2953 2790
f 3106 3261 3105
f 3106 3116 3269
f 2629 2619 2630
f 2619 2629 2618
f 2613 2607 2608
f 2798 2629 2799
f 2612 2607 2613
f 2790 2617 2793
f 2959 2960 3116
f 2618 2793 2617
f 2618 2508 2619
f 2952 3098 2945
f 2945 2946 2953
f 3089 3088 3082
f 2939 2945 3098
f 2612 2618 2617
f 2607 2612 2787
f 3106 3105 3097
f 2960 3124 3116
f 3097 3257 3098
f 2618 2508 2629
f 2952 2953 2960
f 3098 3257 3089
f 2952 2960 2959
f 2617 2790 2612
f 2939 3098 3090
f 2945 2787 2946
f 3116 3106 2952
f 2794 2793 2618
f 3090 3089 3082
f 2946 2787 2953
f 3089 3090 3098
f 2963 2793 2798
f 2497 2618 2613
f 3105 3104 3097
f 3097 3096 3089
f 3082 3083 3090
f 2953 2790 2793
f 3269 3268 3261
f 3097 3089 3257
f 3096 3097 3104
f 2952 3106 3098
f 3105 3097 3261
f 3097 3098 3106
f 3104 3105 3115
f 3268 3115 3105
f 3261 3268 3105
f 2794 2798 2793
f 2497 2508 2618
f 2953 2787 2790
f 2931 2939 3090
f 2960 2793 2963
f 2931 3090 3083
f 2612 2790 2787
f 2613 2618 2612
f 5438 5441 5115
f 6065 5765 5762
f 6068 5768 5765
f 6047 5741 6044
f 5446 5750 5753
f 5460 5762 5765
f 5453 5450 5452
f 5452 5456 5455
f 5456 5458 5455
f 5750 6055 6057
f 5449 5453 5452
f 6052 6055 5748
f 5449 5753 5756
f 5759 5762 5458
f 5765 6067 6068
f 6061 5759 5756
f 5756 5759 5455
f 5456 5455 5759
f 5743 5438 5436
f 5449 5756 5452
f 5456 5452 5453
f 6046 6348 6049
f 5443 5748 5750
f 5106 4799 5103
f 5455 5456 5453
f 5759 5458 5456
f 5743 5741 6047
f 5753 6057 5756
f 5750 5447 5443
f 5449 5452 5450
f 5756 5455 5453
f 5762 6061 6063
f 6057 5753 5750
f 5759 6061 5762
f 5768 6068 6067
f 6063 6061 6363
f 5748 5440 5745
f 6061 5756 6059
f 5460 5765 5768
f 5743 6047 5745
f 5453 5449 5450
f 5441 5443 5444
f 5750 5748 6055
f 5446 5447 5750
f 5446 5449 5447
f 5438 5115 5111
f 5450 5447 5449
f 6065 6067 5765
f 6040 6344 6043
f 5443 5748 5444
f 6067 5770 5768
f 5745 6047 6050
f 5447 5444 5443
f 6049 6050 6046
f 6067 6070 5770
f 5446 5447 5450
f 6050 6052 5748
f 5444 5447 5125
f 6346 6348 6047
f 5449 5446 5753
f 6049 6350 6052
f 5762 5460 5458
f 5748 5745 6050
f 5125 5447 5446
f 6050 6047 6046
f 6052 6050 6049
f 5440 5748 5443
f 5440 5443 5441
f 5444 5115 5441
f 6348 6046 6047
f 6049 6348 6350
f 5756 5453 5452
f 5745 5440 5438
f 5440 5441 5438
f 5115 5114 5110
f 5745 5438 5743
f 6059 5756 6057
f 6346 6043 6344
f 5124 5123 5119
f 6043 6346 6047
f 5741 5743 5436
f 6043 6047 6044
f 6043 6044 6040
f 5118 4810 5113
f 6044 5741 5739
f 6044 5739 6040
f 5739 5436 5434
f 5739 5737 6037
f 5434 5432 5739
f 5438 5111 5436
f 5130 5123 5124
f 6040 6037 6342
f 5735 5733 5732
f 6037 6034 6342
f 5436 5111 5106
f 4802 5109 4804
f 6065 5762 6063
f 6034 6037 5737
f 6031 6034 5732
f 5444 5120 5119
f 5465 5153 5462
f 5134 5129 5130
f 5773 5776 5471
f 4813 4812 5123
f 5732 6034 5735
f 5735 5429 5733
f 5123 5130 5129
f 5735 6034 5737
f 5737 5432 5429
f 5735 5737 5429
f 6344 6040 6342
f 5739 5432 5737
f 6040 5739 6037
f 5739 5741 5436
f 5776 6072 6074
f 6070 6072 5770
f 6072 5773 5770
f 5161 5157 5162
f 5468 5773 5471
f 5468 5465 5773
f 5465 5770 5773
f 4532 4535 4531
f 5462 5770 5465
f 5464 5465 5467
f 5163 5158 5467
f 5768 5462 5460
f 5162 5157 5163
f 5467 5162 5163
f 5465 5468 5467
f 4799 5106 4802
f 5157 5153 5158
f 5153 5465 5158
f 5157 5158 5163
f 5158 5464 5467
f 6072 5776 5773
f 5157 5161 5156
f 4810 4806 4807
f 5150 5460 5462
f 5770 5462 5768
f 5462 5153 5150
f 5158 5465 5464
f 4802 5105 5110
f 5105 5111 5110
f 5110 5109 4802
f 4804 4801 4802
f 5113 5109 5110
f 5114 5113 5110
f 5113 4804 5109
f 4804 5113 4807
f 5115 5444 5119
f 5115 5119 5114
f 5105 4802 5106
f 5114 5119 5118
f 5125 5446 5124
f 5123 4810 5118
f 5123 4812 4810
f 5120 5444 5125
f 5124 5119 5120
f 4810 4812 4809
f 5125 5124 5120
f 4816 4813 5123
f 5129 4816 5123
f 5124 5446 5130
f 5111 5115 5110
f 5450 5130 5446
f 5135 5134 5130
f 5130 5449 5135
f 5140 5139 5135
f 5135 5449 5452
f 4812 4813 4816
f 5111 5105 5106
f 5135 5139 5134
f 5455 5135 5452
f 5455 5140 5135
f 4810 4807 5113
f 5434 5103 5101
f 5101 5432 5434
f 5103 5434 5106
f 4535 4532 4802
f 4802 4804 4535
f 4809 4545 4546
f 4308 4535 4540
f 4806 4546 4540
f 4806 4810 4809
f 4546 4806 4809
f 4540 4535 4804
f 4804 4807 4540
f 4540 4807 4806
f 5114 5118 5113
f 5118 5119 5123
f 5449 5130 5450
f 5106 5434 5436
f 10383 10483 10478
f 10478 10484 10479
f 10365 10382 10383
f 10632 10550 10633
f 10306 10201 10202
f 10551 10633 10550
f 10393 10382 10381
f 10485 10489 10405
f 10382 10364 10363
f 10562 10485 10560
f 10484 10560 10479
f 10631 10561 10632
f 10403 10402 10302
f 10362 10363 10463
f 10363 10381 10382
f 10392 10381 10380
f 10481 10486 10385
f 10392 10393 10381
f 10489 10485 10484
f 10466 10465 10364
f 10363 10464 10463
f 10550 10561 10481
f 10384 10467 10365
f 10380 10381 10362
f 10208 10203 10307
f 10020 10021 10009
f 10363 10364 10465
f 10466 10364 10365
f 10485 10486 10480
f 10383 10382 10393
f 10466 10365 10467
f 10406 10395 10405
f 10305 10200 10201
f 10484 10483 10488
f 10393 10402 10394
f 10487 10403 10404
f 10383 10384 10365
f 10393 10394 10383
f 10395 10485 10405
f 10485 10395 10486
f 10302 10306 10403
f 10467 10478 10479
f 10560 10631 10549
f 10560 10484 10562
f 10560 10480 10561
f 10401 10393 10392
f 10307 10306 10202
f 10203 10204 10307
f 10561 10550 10632
f 10561 10631 10560
f 10384 10383 10478
f 10478 10483 10484
f 10548 10479 10560
f 10488 10483 10487
f 10300 10200 10305
f 10395 10385 10486
f 10481 10561 10480
f 10361 10360 10378
f 10384 10478 10467
f 10484 10485 10562
f 10362 10361 10379
f 10489 10488 10405
f 10467 10468 10548
f 10306 10305 10201
f 10307 10204 10308
f 10405 10303 10304
f 10405 10488 10404
f 10301 10402 10300
f 10361 10378 10379
f 10487 10404 10488
f 10301 10300 10305
f 10203 10020 10204
f 10547 10467 10548
f 10480 10560 10479
f 10404 10306 10307
f 10485 10480 10560
f 10303 10405 10308
f 10466 10467 10547
f 10402 10401 10300
f 10364 10382 10365
f 10468 10479 10548
f 10301 10305 10302
f 10467 10479 10468
f 10203 10307 10202
f 10394 10483 10383
f 10204 10303 10308
f 10550 10482 10551
f 10560 10549 10548
f 10207 10208 10203
f 10204 10020 10009
f 10202 10207 10203
f 10402 10403 10487
f 10306 10404 10403
f 10484 10488 10489
f 10394 10487 10483
f 10405 10407 10308
f 10304 10406 10405
f 10482 10550 10481
f 10402 10301 10302
f 10486 10481 10480
f 10402 10393 10401
f 10381 10363 10362
f 10379 10380 10362
f 10306 10302 10305
f 10405 10404 10407
f 10394 10402 10487
f 10308 10407 10307
f 10407 10404 10307
f 1871 1816 1872
f 1926 1940 1925
f 2588 2587 2456
f 2449 2584 2448
f 1981 1980 1924
f 1925 1871 1926
f 1870 1924 1923
f 2231 2051 2138
f 1980 1979 1922
f 2326 2231 2232
f 2232 2231 2138
f 2136 2050 2051
f 2051 2231 2137
f 2051 2050 1978
f 1872 1816 1756
f 2137 2136 2051
f 1981 1924 1925
f 2051 1978 1979
f 2350 2455 2342
f 2333 2228 2238
f 2587 2449 2455
f 2227 2135 2228
f 2322 2228 2323
f 1924 1980 1923
f 1980 1922 1923
f 2228 2333 2323
f 2229 2228 2135
f 2342 2449 2448
f 1926 1927 1940
f 2254 2250 2159
f 2254 2159 2170
f 1981 1925 1982
f 2136 2137 2229
f 2449 2448 2441
f 2228 2322 2227
f 1979 1980 2138
f 2238 2228 2239
f 2333 2441 2323
f 1870 1925 1924
f 1870 1871 1925
f 2343 2342 2247
f 1872 1926 1871
f 1925 1940 1982
f 2333 2342 2449
f 2138 2051 1979
f 2254 2171 2255
f 2170 2171 2254
f 2241 2250 2249
f 2238 2342 2333
f 2449 2441 2333
f 2350 2456 2455
f 2587 2584 2449
f 2172 2171 2082
f 2083 2082 2006
f 2231 2230 2137
f 2171 2160 2082
f 2160 2076 2082
f 1996 2065 2054
f 2006 2082 2005
f 2160 2171 2170
f 2342 2343 2350
f 2170 2159 2160
f 2076 2065 2002
f 2003 2065 1997
f 2065 2053 2054
f 2159 2147 2160
f 2005 2082 2076
f 2076 2002 2005
f 2241 2240 2337
f 2238 2247 2342
f 2160 2147 2148
f 2587 2588 2763
f 2082 2083 2172
f 2065 2160 2148
f 2239 2228 2229
f 2351 2456 2350
f 2335 2343 2334
f 2334 2229 2335
f 2229 2324 2335
f 2248 2238 2239
f 2083 2006 2084
f 2147 2159 2250
f 2238 2248 2247
f 2335 2344 2343
f 2239 2229 2334
f 2343 2344 2351
f 2343 2247 2248
f 2457 2456 2351
f 2239 2334 2343
f 2065 2076 2160
f 2335 2324 2325
f 2239 2343 2248
f 2350 2343 2351
f 2006 2005 2002
f 2054 2053 1981
f 2147 2053 2148
f 2140 2053 2147
f 2140 2147 2241
f 2003 2006 2002
f 2148 2053 2065
f 2232 2327 2326
f 2241 2147 2250
f 2002 2065 2003
f 2053 2140 2052
f 2240 2241 2249
f 2587 2455 2456
f 1996 1997 2065
f 2233 2140 2241
f 2324 2230 2325
f 2052 1980 2053
f 2139 2052 2140
f 2233 2232 2140
f 2140 2232 2139
f 1981 2053 1980
f 1980 2052 2138
f 2138 2052 2139
f 2054 1981 1982
f 2241 2337 2232
f 2233 2241 2232
f 2138 2139 2232
f 1982 1996 2054
f 2337 2327 2232
f 2455 2449 2342
f 2325 2230 2231
f 1997 1996 1982
f 2326 2325 2231
f 2326 2431 2325
f 2230 2229 2137
f 2229 2230 2324
f 2006 2007 2084
f 1940 1997 1982
f 1998 2003 1997
f 1998 2004 2003
f 8959 8969 8960
f 8960 9228 8959
f 8961 9228 8960
f 6016 5718 5713
f 6324 6016 6321
f 9229 9230 9219
f 9220 9219 9230
f 8971 8961 8970
f 8961 8960 8970
f 9237 9230 9229
f 7781 7780 7373
f 7378 7372 7780
f 7372 7373 7780
f 9219 9441 9229
f 8961 9229 9228
f 9237 9229 8961
f 8961 8971 8962
f 9440 9229 9441
f 8961 8962 9230
f 8961 9230 9237
f 6012 6321 6016
f 7777 7781 7373
f 5714 6012 5713
f 6324 6015 6016
f 5714 5408 5709
f 6007 6012 5714
f 5718 5717 5411
f 5714 5709 6008
f 5411 5713 5718
f 5713 5411 5714
f 6012 6316 6321
f 6016 5713 6012
f 7367 7776 7777
f 6007 6316 6012
f 5717 5718 6016
f 6015 5717 6016
f 5709 5408 5403
f 6987 6991 6627
f 7781 7777 7780
f 6629 6995 6631
f 6324 6643 6018
f 5705 5709 5399
f 7791 8196 7790
f 6313 6317 6004
f 8594 8950 8955
f 6310 6313 6004
f 6316 6008 6317
f 8598 8601 8602
f 7776 8176 8181
f 7783 8185 8191
f 8176 8175 8181
f 8617 8616 8180
f 6310 6306 6309
f 6634 6316 6635
f 6634 6998 6640
f 6640 7004 6639
f 6313 6635 6317
f 7004 6998 7394
f 8170 8609 8176
f 6643 6644 7004
f 6629 6994 6995
f 6317 6008 6004
f 8954 8955 9230
f 7783 7377 7784
f 6313 6629 6631
f 7779 7780 8186
f 8614 8175 8176
f 6015 5721 5717
f 6309 6313 6310
f 6634 6635 6998
f 6998 6635 6995
f 8180 8185 8186
f 7785 7780 7784
f 6635 6316 6317
f 8601 8158 8602
f 8609 8170 8605
f 6310 6004 6002
f 7367 7777 7373
f 6313 6631 6635
f 6629 6313 6309
f 6631 6995 6635
f 7388 7802 7387
f 6629 6309 6627
f 6995 6994 6998
f 7377 7378 7784
f 6316 6634 6321
f 6994 6629 6990
f 8186 8185 7779
f 6640 6321 6634
f 7771 7768 8171
f 6990 6629 6991
f 6640 6639 6321
f 6625 6987 6627
f 6991 7380 6990
f 7382 7388 6998
f 6998 7004 6640
f 7376 7380 6991
f 6991 6987 7376
f 7388 7382 7802
f 7802 7382 7796
f 7796 7791 7790
f 8949 8955 8950
f 6324 6639 6644
f 7388 7387 6998
f 6990 7382 6994
f 6644 6639 7004
f 7791 7380 7783
f 7373 7372 7367
f 7004 7394 7008
f 7806 7394 7387
f 7783 7380 7376
f 7380 7791 7382
f 7783 8196 7791
f 7004 7008 6643
f 7393 7394 7806
f 7377 7783 7376
f 8185 8180 8616
f 8190 8196 7783
f 8190 7783 8191
f 6324 6018 6015
f 8190 8191 8625
f 9230 8949 9220
f 8962 8955 8954
f 8181 8617 8180
f 7783 7784 8185
f 7378 7785 7784
f 8625 8185 8620
f 7784 7779 8185
f 8962 8972 8598
f 7780 7779 7784
f 8955 8949 9230
f 6995 7382 6994
f 8185 8621 8620
f 6004 6008 5709
f 6309 6306 6627
f 8175 8617 8181
f 5709 5705 6004
f 8625 8191 8185
f 8185 8616 8621
f 8962 8971 8972
f 8613 8617 8175
f 8625 8196 8190
f 8972 8601 8598
f 8614 8613 8175
f 8614 8176 8609
f 8176 7776 7773
f 8962 8963 8955
f 8613 8614 8987
f 7008 7394 7393
f 7774 8176 7773
f 8987 8614 8609
f 8993 8613 8987
f 8176 7774 7771
f 7785 7378 7780
f 7776 7774 7773
f 7774 7776 7368
f 8170 8176 7771
f 8605 8170 8164
f 8171 8170 7771
f 8971 8980 8601
f 8986 8987 8979
f 8164 8165 8605
f 8980 8987 8609
f 7768 8165 8171
f 8979 8980 8971
f 5721 6015 6018
f 8609 8605 8980
f 8979 8971 8970
f 6994 7382 6998
f 8987 8986 8993
f 8987 8980 8979
f 8165 8601 8606
f 8606 8980 8605
f 8165 8606 8605
f 8606 8601 8980
f 8158 8601 8165
f 8181 8186 7776
f 8972 8971 8601
f 7380 7382 6990
f 8164 8170 8171
f 7387 7394 6998
f 6987 7377 7376
f 8963 8962 8598
f 8955 8963 8598
f 7377 6985 7371
f 6324 6644 6643
f 8598 8594 8955
f 8962 8954 9230
f 7776 8186 7780
f 6627 6991 6629
f 8186 8181 8180
f 8165 8164 8171
f 7791 7796 7382
f 6008 6316 6007
f 6985 7372 7371
f 7371 7372 7377
f 6008 6007 5714
f 7378 7377 7372
f 6321 6639 6324
f 7780 7777 7776
f 7377 6987 6985
f 8970 8960 8969
f 6625 6985 6987
f 1204 1255 1218
f 1119 1111 1129
f 1129 1111 1112
f 1408 1374 1352
f 1398 1409 1376
f 1375 1352 1409
f 1352 1376 1409
f 1368 1398 1376
f 1322 1353 1376
f 1376 1352 1322
f 1343 1368 1376
f 1352 1321 1295
f 1203 1176 1192
f 1193 1192 1177
f 1177 1163 1164
f 1399 1427 1426
f 1294 1351 1320
f 1195 1204 1194
f 1179 1116 1134
f 1194 1204 1218
f 1195 1194 1165
f 1165 1194 1178
f 1116 1179 1133
f 1218 1204 1195
f 1237 1219 1220
f 1133 1179 1195
f 1179 1205 1195
f 1218 1205 1236
f 1133 1195 1165
f 1179 1219 1205
f 1219 1179 1206
f 1205 1219 1236
f 1206 1179 1220
f 1205 1218 1195
f 1235 1204 1218
f 1178 1194 1204
f 1206 1220 1219
f 1426 1425 1399
f 1161 1149 1175
f 1128 1149 1160
f 1129 1149 1128
f 1128 1119 1129
f 1175 1149 1162
f 1175 1162 1192
f 1162 1149 1129
f 1192 1191 1175
f 1175 1191 1201
f 1192 1176 1177
f 1129 1130 1150
f 1202 1192 1176
f 1129 1150 1162
f 1191 1192 1202
f 1163 1177 1176
f 1192 1162 1163
f 1176 1203 1202
f 1149 1161 1160
f 1161 1175 1160
f 1150 1163 1162
f 1130 1129 1112
f 1176 1192 1163
f 1368 1399 1425
f 1320 1351 1374
f 1319 1320 1350
f 1350 1320 1374
f 1351 1321 1352
f 1294 1321 1351
f 1252 1253 1319
f 1399 1344 1427
f 1322 1352 1295
f 1253 1272 1319
f 1275 1344 1314
f 1274 1256 1295
f 1216 1202 1203
f 1236 1219 1237
f 1202 1201 1191
f 1322 1296 1323
f 1217 1254 1234
f 1255 1274 1294
f 1399 1343 1344
f 1275 1296 1256
f 1236 1256 1274
f 1323 1314 1313
f 1215 1201 1202
f 1313 1322 1323
f 1253 1233 1234
f 1296 1295 1256
f 1237 1275 1256
f 1233 1215 1202
f 1204 1235 1217
f 1343 1313 1314
f 1296 1275 1314
f 1273 1294 1319
f 1254 1235 1273
f 1235 1254 1217
f 1296 1322 1295
f 1296 1314 1323
f 1273 1272 1254
f 1314 1344 1343
f 1217 1234 1216
f 1234 1254 1253
f 1190 1160 1175
f 1353 1313 1343
f 1273 1255 1294
f 1255 1273 1235
f 1319 1272 1273
f 1255 1218 1236
f 1254 1272 1253
f 1190 1175 1201
f 1236 1274 1255
f 1295 1321 1274
f 1256 1236 1237
f 1234 1233 1216
f 1203 1204 1217
f 1218 1255 1235
f 1233 1202 1216
f 1253 1252 1233
f 1215 1233 1252
f 1353 1322 1313
f 1321 1294 1274
f 1320 1319 1294
f 1343 1376 1353
f 1374 1351 1352
f 1409 1408 1375
f 1375 1408 1352
f 1425 1398 1368
f 1203 1217 1216
f 1203 1192 1217
f 1192 1193 1203
f 1177 1203 1193
f 1177 1204 1203
f 1178 1177 1164
f 1164 1165 1178
f 1178 1204 1177
f 1343 1399 1368
f 1480 1481 1488
f 1481 1456 1489
f 1490 1489 1458
f 1429 1347 1370
f 1184 1200 1211
f 1228 1211 1200
f 1228 1200 1250
f 1249 1211 1228
f 1200 1185 1250
f 1289 1228 1250
f 1289 1249 1228
f 1289 1250 1347
f 1347 1346 1289
f 1184 1143 1200
f 1142 1143 1184
f 1184 1183 1142
f 1227 1183 1184
f 1185 1155 1229
f 1317 1347 1250
f 1155 1185 1154
f 1423 1424 1456
f 1480 1479 1454
f 1456 1424 1457
f 1458 1489 1457
f 1317 1370 1347
f 1250 1185 1229
f 1088 1154 1143
f 1155 1154 1088
f 1143 1109 1088
f 1250 1229 1317
f 1089 1155 1088
f 1489 1456 1457
f 1249 1227 1184
f 1287 1227 1288
f 1288 1227 1249
f 1248 1287 1312
f 1288 1249 1316
f 1287 1248 1227
f 1184 1211 1249
f 1249 1289 1316
f 1481 1455 1456
f 1455 1481 1480
f 1452 1392 1453
f 1393 1454 1392
f 1479 1480 1488
f 1423 1395 1424
f 1455 1423 1456
f 1422 1454 1393
f 1562 1564 1596
f 1488 1515 1479
f 1454 1422 1455
f 1564 1597 1596
f 1524 1515 1488
f 1524 1526 1525
f 1561 1560 1526
f 1490 1527 1525
f 1597 1598 1660
f 1596 1597 1617
f 1660 1617 1597
f 1525 1527 1526
f 1185 1200 1154
f 1154 1200 1143
f 1339 1311 1340
f 1560 1559 1524
f 1524 1525 1560
f 1562 1570 1561
f 1341 1395 1340
f 1560 1525 1526
f 1109 1143 1142
f 1311 1341 1340
f 1526 1562 1561
f 1489 1524 1488
f 1515 1524 1523
f 1394 1340 1395
f 1490 1463 1491
f 1490 1524 1489
f 1527 1490 1491
f 1525 1524 1490
f 1340 1394 1339
f 1453 1454 1479
f 1492 1527 1491
f 1528 1492 1529
f 1464 1492 1463
f 1464 1493 1529
f 1428 1401 1346
f 1529 1492 1464
f 1401 1464 1463
f 1562 1563 1564
f 1491 1463 1492
f 1526 1528 1562
f 1401 1428 1464
f 1564 1563 1528
f 1493 1428 1429
f 1528 1527 1529
f 1528 1526 1527
f 1464 1428 1493
f 1347 1428 1346
f 1564 1528 1529
f 1563 1562 1528
f 1527 1492 1528
f 1428 1347 1429
f 1422 1393 1394
f 1345 1401 1342
f 1458 1396 1397
f 1287 1342 1312
f 1342 1288 1345
f 1285 1312 1341
f 1341 1311 1285
f 1424 1395 1396
f 1339 1394 1393
f 1346 1316 1289
f 1342 1397 1367
f 1288 1316 1345
f 1367 1341 1312
f 1401 1345 1316
f 1401 1397 1342
f 1367 1312 1342
f 1341 1367 1396
f 1422 1394 1423
f 1341 1396 1395
f 1396 1367 1397
f 1316 1346 1401
f 1287 1288 1342
f 1423 1394 1395
f 1458 1397 1463
f 1396 1458 1424
f 1453 1392 1454
f 1463 1490 1458
f 1455 1422 1423
f 1463 1397 1401
f 1488 1481 1489
f 1480 1454 1455
f 1457 1424 1458
f 399 335 336
f 396 454 451
f 402 454 399
f 454 457 458
f 332 336 335
f 458 403 455
f 272 269 270
f 403 402 399
f 336 400 399
f 272 271 269
f 338 339 403
f 269 271 328
f 268 269 328
f 336 403 400
f 328 269 329
f 329 269 268
f 332 335 331
f 399 400 403
f 399 396 335
f 328 271 332
f 337 401 339
f 403 339 404
f 401 403 404
f 403 336 338
f 328 329 268
f 404 339 401
f 331 327 328
f 270 333 272
f 332 331 396
f 396 331 335
f 332 331 328
f 399 454 396
f 457 454 402
f 403 458 457
f 458 455 454
f 331 396 327
f 402 403 457
f 2858 2866 2708
f 2708 2701 2702
f 3001 2857 3008
f 3007 3008 3014
f 3007 3014 2856
f 2696 2852 2851
f 2850 2859 2858
f 2862 3009 2861
f 3018 3185 3017
f 2850 2695 2702
f 3001 3000 2848
f 2848 3007 2856
f 2861 3017 2869
f 2861 3009 3018
f 3177 3176 3019
f 3020 3019 3011
f 2852 2696 2697
f 2691 2692 2697
f 3007 2848 3000
f 3017 3184 3016
f 2695 2849 2694
f 2695 2851 2850
f 2682 2683 2690
f 2689 2695 2694
f 3000 3001 3007
f 2683 2533 2535
f 2688 2689 2694
f 2851 2695 2696
f 2682 2689 2688
f 2698 2705 2852
f 2688 2694 2687
f 2688 2681 2682
f 2710 2705 2869
f 2687 2694 2849
f 2674 2675 2682
f 2705 2710 2704
f 2695 2689 2696
f 3019 3009 3010
f 3018 3009 3019
f 2697 2692 2698
f 2868 3017 3016
f 2861 3018 3017
f 3010 3011 3019
f 3016 3184 2867
f 2704 2852 2705
f 2868 3016 2867
f 2674 2682 2681
f 2680 2688 2687
f 2698 2852 2697
f 3185 3184 3017
f 3019 3176 3018
f 2869 2705 2861
f 3178 3019 3020
f 2841 2680 2687
f 2856 2855 2848
f 2681 2680 2673
f 3020 3011 3178
f 2859 2850 2851
f 2680 2841 2837
f 3014 2863 2864
f 3502 3507 3662
f 3508 3663 3507
f 2850 2858 2702
f 2837 2673 2680
f 3007 3001 3008
f 2674 2681 2673
f 3013 2855 2863
f 3174 3013 3014
f 3502 3662 3659
f 3181 3342 3174
f 3015 2865 2866
f 2865 2707 2708
f 2687 2844 2841
f 3008 2865 3014
f 2702 2858 2708
f 2856 3014 2864
f 3014 3181 3174
f 2856 2863 2855
f 2682 2690 2689
f 2690 2696 2689
f 2680 2681 2688
f 2667 2674 2673
f 3013 2863 3014
f 3013 3006 2855
f 3663 3508 3664
f 2861 2705 2853
f 2705 2698 2853
f 3347 3508 3507
f 3347 3342 3181
f 3015 3014 2865
f 2851 2852 2860
f 3342 3347 3507
f 3008 2857 2865
f 2709 2704 2710
f 3174 3342 3173
f 3342 3507 3502
f 2864 2863 2856
f 2867 2859 2703
f 2703 2709 2867
f 3663 3662 3507
f 2709 2710 2868
f 2859 2851 2860
f 3348 3181 3182
f 2707 2865 2701
f 2865 2708 2866
f 2701 2865 2857
f 2701 2708 2707
f 3175 3015 2866
f 3349 3175 3350
f 3350 3175 3183
f 2866 2867 3175
f 2867 3184 3175
f 3175 3184 3183
f 3350 3183 3184
f 3349 3348 3182
f 2852 2704 2860
f 2701 2857 2702
f 2857 2849 2702
f 2857 3001 2849
f 2709 2703 2704
f 2849 2695 2702
f 2867 2866 2858
f 3001 2848 2849
f 3181 3014 3182
f 2860 2704 2703
f 2858 2859 2867
f 3181 3348 3347
f 2859 2860 2703
f 3348 3508 3347
f 3015 3182 3014
f 3349 3182 3175
f 2868 2867 2709
f 3182 3015 3175
f 2868 2869 3017
f 2710 2869 2868
f 10020 10208 10031
f 10209 10212 10210
f 10208 10020 10203
f 10208 10210 10031
f 10209 10210 10208
f 10031 10210 10212
f 8967 8968 8958
f 8996 8997 8990
f 9228 9229 9440
f 9592 9430 9422
f 9592 9595 9596
f 9224 9225 9215
f 9211 9215 9216
f 9438 9445 9224
f 8953 8957 8958
f 9247 8975 9242
f 8968 8969 8958
f 8982 8983 8975
f 9224 9215 9438
f 8959 8958 8969
f 8957 8967 8958
f 9242 8957 9235
f 9226 9217 9216
f 8967 8976 8977
f 8983 8989 8990
f 9235 8957 9236
f 8957 9225 9236
f 9439 9440 9432
f 9217 9227 9228
f 9227 9217 9226
f 9212 9211 9216
f 9430 9592 9596
f 9228 9440 9217
f 9586 9585 9592
f 9252 8989 8982
f 8989 9252 9256
f 9217 9440 9218
f 9226 8953 9227
f 9431 9217 9439
f 9228 9227 8959
f 8977 8969 8968
f 8983 8991 8984
f 8978 8977 8984
f 8970 8978 8979
f 9242 8967 8957
f 9431 9212 9217
f 9242 8966 8967
f 8966 9242 8975
f 8967 8966 8976
f 8978 8969 8977
f 9235 9224 9445
f 9432 9431 9439
f 9227 8953 8959
f 8957 8953 9226
f 8976 8966 8975
f 9422 9430 9423
f 9235 9236 9224
f 8977 8968 8967
f 9439 9218 9440
f 8976 8983 8977
f 9207 9212 9208
f 9212 9431 9424
f 9224 9236 9225
f 8975 8983 8976
f 9225 9226 9215
f 9438 9215 9211
f 9596 9595 9599
f 9437 9445 9438
f 9430 9438 9211
f 9212 9424 9208
f 8989 8983 8982
f 9437 9438 9600
f 9212 9207 9211
f 9211 9207 9423
f 9216 9217 9212
f 8978 8970 8969
f 8990 8997 8991
f 8983 8984 8977
f 9252 8982 8975
f 8991 8983 8990
f 9439 9217 9218
f 8985 8978 8984
f 9413 9422 9423
f 9596 9438 9430
f 9438 9596 9600
f 9592 9422 9586
f 9600 9596 9599
f 8953 8958 8959
f 8997 8992 8991
f 8997 8996 9002
f 9226 9225 8957
f 8996 8990 8989
f 9414 9413 9423
f 8985 8984 8991
f 9215 9226 9216
f 8997 9002 9003
f 9211 9423 9430
f 8985 8991 8992
f 8993 8985 8992
f 8986 8985 8993
f 9586 9422 9413
f 8979 8978 8985
f 8979 8985 8986
f 9591 9595 9592
f 9585 9591 9592
f 9638 9637 9642
f 9633 9851 9859
f 9851 10078 10085
f 10078 9851 9843
f 9633 9859 9638
f 10085 10078 10077
f 10084 9859 9851
f 10084 10085 10077
f 9859 9869 9637
f 10085 10084 9851
f 9638 9859 9637
f 8998 8612 8992
f 10209 10030 10040
f 8612 8616 8617
f 8621 8998 9003
f 10049 10048 10056
f 8612 8613 8992
f 10041 10050 10051
f 8616 8612 8998
f 10061 10064 10065
f 8621 9003 8620
f 8997 9003 8998
f 8998 8621 8616
f 8612 8617 8613
f 10071 9833 9824
f 10050 10211 10213
f 10049 10040 10039
f 10076 10071 10070
f 9833 9825 9824
f 9824 10066 10071
f 10039 10048 10049
f 9802 10056 10055
f 8997 8998 8992
f 9824 9825 9815
f 8993 8992 8613
f 10040 10211 10209
f 10048 10039 10038
f 10071 10077 9834
f 10057 10061 10058
f 10056 10048 10047
f 10040 10049 10050
f 10056 10057 10049
f 10211 10040 10050
f 10211 10041 10212
f 10056 10047 10055
f 10061 9813 9812
f 10049 10057 10050
f 10212 10209 10211
f 9803 9814 9804
f 10064 9812 9823
f 10058 10050 10057
f 9802 10061 10057
f 10050 10041 10211
f 9812 10061 9802
f 10058 10051 10050
f 9793 10051 10058
f 10030 10039 10040
f 9814 9803 10058
f 9793 10058 9804
f 9814 10058 10061
f 9453 9247 9242
f 9789 9794 9599
f 9812 10064 10061
f 9804 10058 9803
f 9805 9804 9604
f 9789 9784 9788
f 10041 9788 9783
f 9779 9768 9778
f 9616 9621 9622
f 9448 9445 9447
f 9815 9610 9609
f 9843 9834 10078
f 9453 9450 9452
f 9805 9793 9804
f 9450 9610 9616
f 9610 9450 9447
f 9633 9638 9634
f 9235 9445 9448
f 8975 9247 9252
f 9789 9793 9794
f 9448 9450 9242
f 9789 9595 9784
f 9637 9641 9642
f 9638 9459 9634
f 9825 9615 9616
f 9869 9641 9637
f 9851 9627 9843
f 9453 9452 9247
f 9456 9459 9252
f 9459 9628 9634
f 9456 9252 9247
f 10065 9814 10061
f 9778 10021 9783
f 9628 9459 9456
f 9814 9815 9804
f 10065 10066 9814
f 10066 10065 10071
f 10066 9824 9814
f 10066 10065 9824
f 10070 10071 10065
f 9814 9824 9815
f 9247 9452 9456
f 9456 9622 9628
f 9851 9634 9627
f 9450 9448 9447
f 10041 9793 9788
f 9456 9452 9622
f 9634 9851 9633
f 10076 10077 10071
f 9452 9450 9622
f 9628 9622 9627
f 9453 9242 9450
f 9834 9627 9622
f 9628 9627 9634
f 9622 9621 9834
f 10041 10031 10212
f 9615 9621 9616
f 9627 9834 9843
f 9448 9242 9235
f 9615 9834 9621
f 10051 9793 10041
f 9615 9825 9834
f 9834 9833 10071
f 10056 9802 10057
f 9604 9610 9447
f 10078 9834 10077
f 9789 9599 9595
f 9804 9815 9609
f 9604 9447 9445
f 9825 9833 9834
f 9609 9616 9610
f 9825 9616 9609
f 9437 9604 9445
f 9815 9825 9609
f 9599 9604 9437
f 9610 9604 9609
f 9437 9600 9599
f 9768 10021 9778
f 9604 9804 9609
f 9793 9805 9794
f 9604 9599 9805
f 9805 9599 9794
f 9793 9789 9788
f 9784 9595 9591
f 9783 9788 9784
f 9591 9585 9784
f 9585 9778 9784
f 10020 10031 9783
f 9783 9784 9778
f 9778 9585 9586
f 10020 9783 10021
f 9586 9779 9778
f 9413 9414 9586
f 9622 9450 9616
f 9783 10031 10041
f 3984 3989 3777
f 4451 4212 4209
f 3992 4212 3995
f 3777 3985 3984
f 2770 2601 2595
f 3778 3985 3777
f 3772 3779 3773
f 2471 2485 2470
f 3992 3988 4209
f 2932 2785 2779
f 3594 3602 3601
f 3596 3777 3595
f 2599 2473 2600
f 3595 3429 3430
f 3992 4209 4212
f 3996 3788 3995
f 3988 3781 3989
f 2462 2357 2358
f 4209 3988 4207
f 3772 3778 3779
f 3784 3992 3995
f 3985 3778 3772
f 2770 2771 2780
f 2941 2785 2932
f 2791 2611 2788
f 2933 2932 2779
f 3777 3596 3778
f 3254 3249 3427
f 2940 2789 2784
f 2770 2595 2596
f 3441 3436 3600
f 3249 3248 3085
f 3593 3600 3436
f 2472 2473 2598
f 2924 2780 2771
f 2348 2358 2357
f 2474 2600 2473
f 2594 2464 2595
f 2778 2784 2599
f 3787 3792 3609
f 2779 2778 2599
f 3436 3435 3254
f 3099 2955 2948
f 2792 2788 2789
f 3099 2941 3091
f 2484 2495 2483
f 2605 2484 2485
f 3788 3787 3609
f 2453 2586 2465
f 3240 3409 3415
f 2358 2463 2462
f 3249 3085 3243
f 2606 2784 2783
f 2796 2792 2797
f 2485 2471 2605
f 2934 2933 2924
f 2948 2941 3099
f 2604 2605 2609
f 2789 2947 2792
f 2954 2792 2947
f 2484 2604 2496
f 2932 2933 3084
f 2596 2464 2465
f 3245 3239 3240
f 3258 3262 3100
f 3600 3593 3601
f 3240 3235 3409
f 3792 3791 3614
f 3427 3593 3436
f 3078 3077 2925
f 2606 2788 2611
f 3234 3235 3239
f 3441 3440 3436
f 3100 3107 3099
f 2779 2785 2778
f 3100 3253 3258
f 2464 2463 2358
f 2474 2594 2600
f 3084 2933 3085
f 3427 3594 3593
f 3244 3419 3243
f 3428 3429 3595
f 4212 4451 4455
f 3107 2962 2955
f 2780 2933 2779
f 3074 3239 3078
f 2462 2473 2472
f 3245 3244 3078
f 2357 2462 2472
f 2469 2470 2484
f 3253 3254 3435
f 3091 2941 3084
f 2606 2611 2605
f 2784 2789 2783
f 2771 2770 2596
f 3781 3595 3777
f 3240 3421 3246
f 3781 3784 3602
f 3784 3605 3601
f 2601 2770 2780
f 3246 3245 3240
f 2496 2495 2484
f 2615 2610 2611
f 3435 3440 3253
f 3253 3100 3092
f 3420 3244 3245
f 2947 2940 2941
f 3788 3792 3787
f 2916 2926 2925
f 2600 2595 2601
f 2792 2954 2797
f 2947 2955 2954
f 3249 3253 3248
f 3235 3240 3239
f 2791 2788 2792
f 3085 2934 2924
f 3253 3440 3258
f 3792 3614 3609
f 2610 2605 2611
f 3421 3415 3422
f 2473 2462 2474
f 3243 3250 3249
f 2595 2600 2594
f 3239 3245 3078
f 2955 2962 2954
f 2600 2779 2599
f 2783 2789 2788
f 2470 2485 2484
f 2598 2471 2472
f 3594 3428 3595
f 2611 2791 2615
f 3609 3784 3788
f 2780 2779 2600
f 2771 2925 2924
f 2785 2784 2778
f 2933 2780 2924
f 3430 3596 3595
f 3100 3099 3092
f 3084 3085 3248
f 2464 2594 2463
f 2609 2496 2604
f 2600 2601 2780
f 2465 2586 2596
f 2941 2940 2784
f 3784 3609 3605
f 2605 2610 2609
f 2599 2598 2473
f 3594 3601 3593
f 2783 2788 2606
f 3595 3781 3602
f 2792 2796 2791
f 3427 3428 3594
f 3430 3429 3420
f 2785 2941 2784
f 3084 3092 3091
f 2474 2462 2463
f 2947 2789 2940
f 3409 3235 3236
f 2604 2484 2605
f 3244 3420 3429
f 3250 3243 3428
f 3428 3243 3419
f 3091 3092 3099
f 2955 3099 3107
f 2606 2598 2784
f 2934 3085 2933
f 2771 2772 2925
f 3243 3085 3077
f 2924 2925 3077
f 3074 3233 3239
f 3234 3239 3233
f 2464 2453 2465
f 2464 2596 2595
f 2339 2340 2445
f 2349 2453 2348
f 2358 2348 2453
f 2349 2348 2339
f 3435 3436 3440
f 2445 2453 2349
f 2244 2245 2339
f 2955 2947 2948
f 3077 3078 3243
f 3253 3249 3254
f 2445 2349 2339
f 3077 3085 2924
f 2947 2941 2948
f 2453 2464 2358
f 2916 2917 2926
f 3253 3084 3248
f 2598 2599 2784
f 3594 3595 3602
f 3999 3791 3792
f 4212 3999 3995
f 3999 3996 3995
f 3996 3999 3792
f 3792 3788 3996
f 3788 3784 3995
f 3784 3781 3992
f 3078 3244 3243
f 2926 3078 2925
f 3250 3427 3249
f 2614 2610 2615
f 3429 3428 3419
f 3781 3777 3989
f 3992 3781 3988
f 3988 3989 3984
f 2917 3074 2926
f 3429 3419 3244
f 2916 2925 2772
f 3427 3250 3428
f 3074 3078 2926
f 3092 3084 3253
f 2605 2598 2606
f 3100 3262 3107
f 2474 2463 2594
f 3436 3254 3427
f 3421 3240 3415
f 3602 3784 3601
f 3074 3069 3233
f 3778 3596 3779
f 3779 3596 3597
f 3233 3069 3234
f 2614 2609 2610
f 2605 2471 2598
f 3084 2941 2932
f 3911 3905 4102
f 3701 3897 3904
f 3911 3910 3905
f 3914 3711 3910
f 3898 4089 3905
f 4292 4095 4089
f 4095 4292 4295
f 3904 3910 3708
f 4295 4292 4293
f 4089 4095 3905
f 3904 3708 3705
f 3897 3905 3904
f 4293 4292 4525
f 3898 3905 3897
f 3701 3705 3704
f 3541 3701 3700
f 3701 3704 3700
f 3711 3708 3910
f 3911 3914 3910
f 3705 3701 3904
f 3702 3905 3898
f 3904 3905 3910
f 4095 4102 3905
f 5385 5382 5059
f 5382 5057 5059
f 5054 5376 5051
f 5405 5708 5401
f 5984 6279 6275
f 5390 5394 5389
f 6601 6604 6963
f 4745 4473 4747
f 6274 6604 6601
f 6607 6967 6963
f 5397 5393 5394
f 5055 5054 5051
f 5990 5691 5993
f 4755 5063 4752
f 5401 5065 5067
f 4752 5063 5061
f 5063 4758 5065
f 5402 5405 5401
f 5999 5699 6001
f 5397 5708 5704
f 5695 5697 5995
f 5378 5693 5376
f 5394 5390 5061
f 5378 5057 5381
f 5708 5397 5401
f 4749 5057 4747
f 5704 5708 5707
f 6963 6604 6607
f 5993 5695 5995
f 6274 6275 6279
f 5695 5385 5697
f 5052 5055 5051
f 5699 5389 5393
f 4745 4470 4471
f 4745 5055 5052
f 5374 5051 5376
f 5393 5701 5699
f 5052 4743 4745
f 5381 5382 5385
f 5693 5691 5376
f 5059 4749 5061
f 5061 5063 5394
f 4468 4470 4742
f 5699 5697 5385
f 4742 4470 4745
f 5052 5048 5049
f 5699 5701 6001
f 5393 5397 5701
f 5699 5999 5697
f 4747 4477 4750
f 7350 6963 7353
f 5394 5393 5389
f 5385 5389 5699
f 6607 6971 6967
f 5402 5401 5067
f 4750 4749 4747
f 5398 5401 5397
f 5065 5398 5397
f 5063 5065 5394
f 5063 4755 4758
f 5691 5688 5376
f 5386 5059 5061
f 4738 4743 5049
f 5999 5997 5697
f 6967 7353 6963
f 5397 5704 5701
f 4742 4745 4743
f 5397 5394 5065
f 5381 5693 5378
f 4743 4738 4737
f 5371 5374 5372
f 4742 4743 4737
f 5695 5693 5381
f 4473 4474 4747
f 5695 5993 5693
f 5372 5374 5688
f 5049 5048 4738
f 5691 5990 5688
f 5981 5984 6275
f 5390 5389 5061
f 5049 4743 5052
f 5398 5065 5401
f 5048 5052 5051
f 5386 5385 5059
f 5061 4749 4752
f 5374 5376 5688
f 5993 5691 5693
f 5057 5378 5055
f 5381 5057 5382
f 5051 5374 5048
f 5054 5055 5378
f 4749 5059 5057
f 6279 5984 6284
f 6612 6607 6290
f 5378 5376 5054
f 4745 4747 5055
f 5697 5997 5995
f 5695 5381 5385
f 5990 5987 5688
f 5386 5389 5385
f 5984 5987 6284
f 5987 5990 6291
f 6604 6274 6278
f 5055 4747 5057
f 5389 5386 5061
f 6294 6612 6290
f 5987 6283 6284
f 6971 6607 6612
f 6283 6291 6290
f 6283 6278 6279
f 6284 6283 6279
f 5993 6291 5990
f 6283 6607 6278
f 6274 6279 6278
f 6607 6283 6290
f 6278 6607 6604
f 6283 5987 6291
f 8466 8014 8461
f 7656 7652 8043
f 9125 8858 9122
f 8485 8853 8488
f 7648 7230 7227
f 7644 7227 7223
f 7648 8031 8035
f 8456 8822 8461
f 8815 9095 8822
f 8035 8485 8481
f 8477 8482 8481
f 7639 8029 8031
f 8846 9115 8848
f 8046 8045 7661
f 8015 8456 8461
f 8029 7639 8024
f 8829 8822 9099
f 9117 8850 9115
f 9105 9112 8846
f 8481 8485 8038
f 9113 9112 9323
f 8461 8822 8829
f 8038 8485 8488
f 8858 9125 8861
f 8477 8031 8029
f 7227 7644 7648
f 8491 8042 8488
f 7639 8031 7644
f 8024 8019 8470
f 9105 8846 8842
f 8466 8461 8829
f 7639 7644 7223
f 9102 8836 8829
f 8014 8466 8019
f 8031 8477 8035
f 8470 8466 8829
f 8856 9119 9122
f 8477 8481 8035
f 9108 9112 9105
f 6811 6809 6812
f 8850 9119 8856
f 8836 8842 8470
f 6815 6812 7215
f 6811 6808 6809
f 8000 8004 7621
f 8005 8009 7622
f 8815 8456 8814
f 8493 8049 8045
f 7622 7621 8005
f 8493 8491 8856
f 8805 8813 8806
f 8858 8493 8856
f 8822 8456 8815
f 9091 9095 8814
f 8450 8449 8455
f 8024 7634 7630
f 8004 8005 7621
f 8004 8000 7999
f 8010 8009 8456
f 7999 8003 8004
f 8004 8003 8448
f 8448 8449 8004
f 8004 8449 8005
f 8829 8836 8470
f 8449 8450 8005
f 8455 8005 8450
f 8010 7624 8009
f 8815 8814 9095
f 8009 8005 8455
f 8448 8806 8449
f 8456 8015 8010
f 8806 8813 8449
f 8455 8456 8009
f 8448 8805 8806
f 7215 7219 6815
f 8449 8813 8455
f 8455 8814 8456
f 8814 8455 8813
f 8805 8812 8813
f 8049 7665 8045
f 8019 8024 7630
f 6820 6815 7219
f 8015 7627 8010
f 7211 7634 7215
f 7223 6820 7219
f 7626 7627 8014
f 7626 8014 7630
f 7630 7634 7211
f 7627 7624 8010
f 7624 7627 7626
f 8014 7627 8015
f 7626 7206 7624
f 7622 7624 7206
f 7622 8009 7624
f 8848 8482 8477
f 7219 7215 7634
f 7208 7626 7630
f 7630 7211 7208
f 7215 6812 7211
f 7206 7626 7208
f 8481 8482 8848
f 8019 7630 8014
f 6809 7211 6812
f 6809 7208 7211
f 7206 7208 6807
f 7208 6809 6807
f 8858 8856 9122
f 8850 8853 8848
f 8038 8039 8035
f 8842 8473 8470
f 8038 8034 8481
f 8045 8043 8042
f 8042 8491 8045
f 8491 8493 8045
f 8493 8494 8049
f 8050 7665 8049
f 9108 9323 9112
f 8488 8042 8038
f 8477 8029 8473
f 8053 8050 8049
f 8494 8053 8049
f 9117 9119 8850
f 7661 8045 7665
f 8493 8858 8861
f 7652 7656 7233
f 8861 8494 8493
f 8038 8035 8034
f 8019 8466 8470
f 8054 8050 8053
f 9115 8850 8848
f 7652 8038 8043
f 7652 7230 7648
f 8050 8054 7665
f 8485 8848 8853
f 8039 7652 8035
f 7661 8043 8046
f 8024 8470 8029
f 8846 8848 8477
f 8853 8491 8488
f 7219 7639 7223
f 7648 7644 8031
f 9115 9112 9113
f 7656 8043 7661
f 7634 7639 7219
f 8038 7652 8039
f 8034 8035 8481
f 8491 8853 8856
f 8481 8848 8485
f 7648 8035 7652
f 8470 8473 8029
f 8045 8046 8043
f 8856 8853 8850
f 8043 8038 8042
f 9102 8829 9099
f 8024 7639 7634
f 8477 8473 8842
f 8846 9112 9115
f 8842 8846 8477
f 8461 8014 8015
f 646 645 603
f 724 681 732
f 603 645 602
f 691 641 642
f 646 695 692
f 724 723 681
f 732 681 692
f 642 645 646
f 692 680 691
f 633 641 680
f 680 692 681
f 695 736 735
f 732 735 733
f 733 735 736
f 732 733 773
f 642 692 691
f 691 680 641
f 641 645 642
f 680 681 723
f 602 645 641
f 642 646 692
f 732 692 735
f 723 763 762
f 641 599 602
f 763 723 724
f 735 692 695
f 763 773 764
f 763 724 773
f 773 724 732
f 696 733 736
f 736 695 696
f 733 764 773
f 9087 9316 9315
f 9307 9311 9308
f 8777 8782 8419
f 9089 9088 8795
f 8782 8776 9076
f 9307 9310 9311
f 9076 9077 8782
f 9309 9306 9079
f 9074 9079 9306
f 9089 8795 8791
f 9306 9075 9074
f 9075 9073 9072
f 8415 8411 8773
f 8776 9073 9076
f 9075 9076 9073
f 8415 8777 8419
f 9307 9076 9075
f 8792 8424 8787
f 7955 8408 8411
f 7152 7149 7550
f 7958 7955 8415
f 7955 8411 8415
f 7554 7152 7550
f 7955 7958 7959
f 7554 7550 7955
f 9090 8797 8799
f 9080 9077 9311
f 7955 7559 7554
f 7959 7559 7955
f 8419 8420 7963
f 8420 8782 8783
f 8419 7963 8415
f 9076 9073 9307
f 7958 7559 7959
f 7559 7958 7963
f 7963 7958 8415
f 8776 8777 8415
f 9077 9307 9308
f 9077 9308 9311
f 8419 8782 8420
f 9307 9077 9076
f 9307 9075 9306
f 9309 9310 9307
f 9086 8797 9087
f 9313 9310 9309
f 9071 9073 8773
f 8787 9081 9080
f 9080 9084 9085
f 9081 8782 9080
f 9311 9314 9080
f 8787 8782 9081
f 9080 8782 9077
f 8783 8782 8787
f 9080 9314 9084
f 9312 9087 9315
f 8787 8424 8783
f 9312 9309 9083
f 9084 9089 8791
f 9312 9313 9309
f 8798 9090 8799
f 8799 8800 8798
f 8783 8424 8420
f 8792 8787 9085
f 9314 9311 9310
f 8792 8791 8795
f 9315 9313 9312
f 9088 8798 8795
f 8791 8792 9084
f 9087 9090 9316
f 9079 9083 9309
f 9088 9313 9316
f 9314 9313 9089
f 9313 9088 9089
f 8792 9085 9084
f 9080 9085 8787
f 9310 9313 9314
f 9087 8797 9090
f 9088 9316 9090
f 9313 9315 9316
f 8408 8773 8411
f 8415 8773 8776
f 9088 9090 8798
f 8776 8773 9073
f 8773 8408 8770
f 8776 8782 8777
f 9307 9306 9309
f 9312 9083 9087
f 9314 9089 9084
f 9492 9490 9493
f 9489 9320 9491
f 9317 9102 9318
f 9317 9095 9099
f 9325 9320 9489
f 9326 9114 9329
f 9323 9324 9489
f 9097 9100 9101
f 9103 9104 9100
f 9317 9320 9102
f 9101 9099 9098
f 9103 8841 9107
f 9092 8821 8820
f 9101 9105 9319
f 9099 9095 9098
f 9093 8813 8821
f 9326 9324 9321
f 8828 9096 9092
f 9107 9111 9321
f 9092 9097 9093
f 8814 8813 9091
f 9324 9326 9490
f 9106 9320 9323
f 9107 9319 9105
f 9094 9093 9097
f 9107 9322 9319
f 9103 9107 9104
f 9102 9105 8836
f 9094 8813 9093
f 8821 9092 9093
f 8842 8836 9105
f 9108 9105 9106
f 9097 9098 9094
f 9100 9104 9101
f 9110 9114 9321
f 9107 9105 9104
f 9320 9318 9319
f 9094 9098 9095
f 9321 9324 9107
f 8821 8812 8811
f 8813 9094 9091
f 9101 9319 9318
f 9110 9111 9107
f 9100 8835 8841
f 9102 9099 9317
f 9106 9105 9102
f 9095 9091 9094
f 8835 8840 8841
f 8828 8835 9096
f 9111 9110 9321
f 8812 8821 8813
f 8834 8828 8827
f 9105 9101 9104
f 9324 9323 9322
f 9107 9324 9322
f 9099 8822 9095
f 9100 8841 9103
f 8835 8834 8840
f 9326 9321 9114
f 9320 9106 9102
f 9320 9322 9323
f 9322 9320 9319
f 9106 9318 9320
f 9491 9324 9490
f 9324 9491 9489
f 9326 9329 9330
f 9098 9097 9101
f 9102 9099 9101
f 9492 9491 9490
f 9323 9489 9488
f 8828 9092 8820
f 9330 9329 9333
f 9329 9332 9333
f 9320 9318 9323
f 9332 9124 9333
f 9331 9493 9490
f 9331 9330 9333
f 9326 9331 9490
f 8827 8828 8820
f 9333 9334 9331
f 9330 9331 9326
f 9092 9096 9097
f 9493 9331 9334
f 8835 8828 8834
f 9110 9107 8841
f 9106 9323 9108
f 9325 9323 9320
f 9318 9102 9101
f 9492 9489 9491
f 9096 9100 9097
f 8835 9100 9096
f 8820 8821 8811
f 9317 9318 9320
f 9489 9320 9323
f 4951 4950 4947
f 4941 4947 4946
f 5250 4951 4947
f 4950 4946 4947
f 4950 4651 4949
f 5840 5844 5839
f 5836 5840 5839
f 5844 5843 5839
f 6133 5840 5836
f 5544 5545 5548
f 5544 5548 5243
f 5241 4941 5237
f 5239 5243 5242
f 5548 5242 5243
f 5252 5548 5550
f 5237 5242 5241
f 4947 5242 5247
f 5241 5242 4941
f 5548 5247 5242
f 4947 5247 5246
f 5242 5237 5238
f 5242 4947 4941
f 4947 5247 5250
f 5247 5548 5251
f 5247 5251 5250
f 5242 5238 5239
f 5250 5251 4951
f 5548 5252 5251
f 5550 5548 5551
f 5839 5551 5548
f 5839 5545 5835
f 5545 5839 5548
f 5843 5551 5839
f 5835 5832 5833
f 5832 5835 5545
f 5544 5243 5540
f 5243 5239 5540
f 5540 5541 5544
f 5541 5540 5832
f 5234 5540 5238
f 5541 5832 5545
f 5538 5540 5234
f 5839 5835 5836
f 5238 5540 5239
f 5836 5835 5833
f 5544 5541 5545
f 261 265 260
f 324 265 269
f 215 261 260
f 260 265 264
f 323 329 328
f 214 215 260
f 327 323 328
f 259 260 319
f 320 323 319
f 264 265 323
f 329 323 324
f 260 264 323
f 323 320 260
f 323 265 324
f 269 329 324
f 320 319 260
f 323 322 319
f 9359 9358 9367
f 8895 8524 8525
f 9358 9359 9528
f 7294 7295 7702
f 6909 6547 6548
f 6905 6546 6907
f 6908 6907 6547
f 7703 8085 7702
f 7297 6906 6909
f 6905 6907 6906
f 8084 7702 8085
f 7296 7297 7703
f 8523 8084 8085
f 7297 7704 7703
f 6546 6547 6907
f 9367 9358 9158
f 6547 6909 6908
f 8086 7703 7704
f 6908 6906 6907
f 8524 8895 8894
f 9359 9529 9528
f 7704 8087 8086
f 8086 8525 8524
f 8085 8086 8523
f 8524 8894 8893
f 6548 6547 6555
f 8087 8525 8086
f 6908 6909 6906
f 9158 9159 9367
f 8523 8086 8524
f 7296 7295 6906
f 8894 9159 8893
f 7295 7294 6905
f 7295 6905 6906
f 7702 7295 7703
f 8893 8523 8524
f 8893 9159 9158
f 7703 8086 8085
f 6906 7297 7296
f 7296 7703 7295
f 9529 9359 9367
f 8894 9160 9159
f 6909 6910 7297
f 7227 7230 6826
f 7233 7656 7236
f 6808 6811 6810
f 6814 6813 6810
f 6810 6811 6814
f 6845 6842 7243
f 6838 6832 7230
f 7233 6842 6838
f 7233 7236 6842
f 7243 6842 7236
f 6812 6814 6811
f 6832 6826 7230
f 7233 6838 7230
f 6815 6814 6812
f 6820 6814 6815
f 6819 6813 6814
f 6825 6818 6819
f 6820 6819 6814
f 6824 6818 6825
f 7227 6826 7223
f 6818 6823 6817
f 6820 6825 6819
f 6820 6826 6825
f 6818 6817 7222
f 6831 6824 6825
f 6824 6830 6823
f 6830 6824 6831
f 6830 6829 6823
f 6826 6820 7223
f 6831 6826 6832
f 6831 6837 6836
f 6836 6830 6831
f 7233 7230 7652
f 6835 6829 6830
f 6832 6838 6837
f 6835 6830 6836
f 6488 6836 6489
f 6489 6837 6490
f 7656 7661 7236
f 6842 6845 6841
f 6490 6492 6489
f 6826 6831 6825
f 6818 6813 6819
f 6490 6841 6493
f 6841 6490 6837
f 6818 6824 6823
f 6489 6836 6837
f 6831 6832 6837
f 6837 6838 6841
f 6842 6841 6838
f 6841 6845 6844
f 7665 7243 7661
f 6844 6493 6841
f 6493 6492 6490
f 7236 7661 7243
f 6475 6792 6470
f 6806 6805 6802
f 7199 7200 7204
f 7203 7207 7625
f 7608 7610 7611
f 7620 7199 7203
f 7620 7616 7196
f 7197 7199 7196
f 7193 7190 7189
f 7613 7611 7610
f 7610 7190 7613
f 6799 6802 7200
f 6794 6796 7192
f 7607 7610 7608
f 7204 7200 6802
f 6475 6470 6471
f 7199 7620 7196
f 6475 6471 6476
f 7186 6792 7189
f 7189 6792 6794
f 6792 6475 6794
f 7186 7189 7190
f 6479 6475 6480
f 6475 6479 6796
f 7192 7196 7193
f 7623 7203 7625
f 7192 7193 7189
f 6797 6796 6479
f 6797 6479 6480
f 6797 7197 6796
f 7197 6797 6799
f 7204 7207 7203
f 7209 7207 7210
f 7613 7614 7611
f 6797 6480 6799
f 7197 7196 6796
f 7196 7192 6796
f 6799 6480 6483
f 7617 7193 7196
f 7200 7197 6799
f 7616 7617 7196
f 6805 7204 6802
f 7200 7199 7197
f 6475 6796 6794
f 7207 6805 6807
f 7192 7189 6794
f 7623 7620 7203
f 7210 7214 7213
f 6808 6807 6809
f 6813 7214 6810
f 7209 7629 7625
f 7207 6808 7210
f 6799 6803 6802
f 7209 7210 7213
f 7199 7204 7203
f 7214 7210 6808
f 7625 7207 7209
f 6810 7214 6808
f 7214 6813 7218
f 7218 7213 7214
f 6807 6808 7207
f 6172 6175 6480
f 7190 7610 7187
f 6475 6476 6480
f 6818 7218 6813
f 7190 7193 7613
f 7617 7613 7193
f 7629 7209 7213
f 7217 7213 7218
f 6807 6805 6806
f 7218 7222 7217
f 7207 7204 6805
f 6480 6476 6172
f 6802 6803 6806
f 6818 7222 7218
f 6169 6476 6471
f 6476 6169 6172
f 6172 6169 6173
f 6799 6483 6484
f 6484 6483 6480
f 6172 6176 6175
f 6484 6480 6176
f 6170 6173 6169
f 6170 6174 6173
f 6473 6469 6474
f 6791 6474 6469
f 6793 6478 6474
f 6793 6795 6478
f 6174 6177 6173
f 6484 6176 6481
f 6481 6177 6477
f 6482 6481 6477
f 6478 6795 6798
f 7195 6798 6795
f 6798 6481 6482
f 6807 6806 7205
f 6484 6481 6485
f 7188 7191 6795
f 6800 6485 6801
f 7195 6795 7191
f 6484 6485 6800
f 6473 6477 6174
f 6474 6478 6473
f 6801 6798 7198
f 6177 6174 6477
f 6798 6482 6478
f 6788 6469 6465
f 6174 6171 6473
f 7622 7206 7202
f 6801 6804 6800
f 6798 6801 6481
f 6177 6176 6173
f 6474 6791 6793
f 7198 7202 6804
f 6803 6800 6804
f 6801 6485 6481
f 6800 6799 6484
f 6478 6477 6473
f 6795 6793 7188
f 6177 6481 6176
f 6806 7201 7205
f 6791 6469 6788
f 7201 6804 7202
f 6800 6803 6799
f 6806 6803 6804
f 6172 6173 6176
f 7205 7206 6807
f 7617 7999 7618
f 6482 6477 6478
f 7997 8444 7994
f 7201 7202 7205
f 6170 6171 6174
f 6784 6788 6461
f 6480 6175 6176
f 7201 6806 6804
f 7601 7606 7602
f 8444 7997 7995
f 6788 6465 6461
f 7206 7205 7202
f 6791 6787 7185
f 7182 6787 6788
f 7606 7182 7602
f 7597 7602 7182
f 7180 7182 6783
f 7185 6787 7182
f 6783 7182 6788
f 7185 7182 7606
f 6784 6783 6788
f 7185 7606 7188
f 7995 7602 7597
f 6787 6791 6788
f 6791 7188 6793
f 7619 7618 7622
f 7198 6798 7195
f 7615 7612 7614
f 7621 7622 7618
f 7621 7618 8000
f 7619 7194 7615
f 7195 7194 7198
f 7611 7612 7609
f 7188 6791 7185
f 7614 7612 7611
f 7609 7608 7611
f 7614 7613 7618
f 7614 7618 7619
f 7999 8000 7618
f 7618 7613 7617
f 7605 7609 7606
f 7622 7198 7619
f 7619 7615 7614
f 7191 7612 7194
f 7612 7615 7194
f 7608 7609 7605
f 7198 7622 7202
f 7194 7619 7198
f 7609 7612 7188
f 7188 7606 7605
f 7612 7191 7188
f 7997 7998 7605
f 7995 7997 7601
f 7195 7191 7194
f 7605 7609 7188
f 7605 7998 7608
f 7180 7597 7182
f 7606 7601 7605
f 7601 7997 7605
f 7602 7995 7601
f 6804 6801 7198
f 3538 3535 3536
f 3535 3538 3537
f 3693 3696 3694
f 3698 3897 3701
f 4074 4081 3890
f 4288 4287 4292
f 3693 3694 3876
f 3890 3897 3698
f 3890 3697 3883
f 4520 4524 4292
f 4524 4525 4292
f 3538 3540 3537
f 3540 3538 3698
f 3541 3539 3540
f 4520 4292 4287
f 4089 3897 4081
f 3541 3700 3539
f 4292 4089 4288
f 4081 4287 4082
f 3694 3877 3876
f 3701 3541 3698
f 3541 3540 3698
f 3695 3697 3698
f 3696 3538 3536
f 3897 3890 4081
f 3695 3696 3883
f 4081 4074 4283
f 4288 4082 4287
f 4089 4082 4288
f 4082 4089 4081
f 3877 4068 4074
f 3898 3897 4089
f 3697 3539 3700
f 3539 3537 3540
f 4081 4283 4287
f 3697 3890 3698
f 4074 3884 3877
f 3877 3884 3883
f 3697 3537 3539
f 3697 3695 3537
f 3696 3698 3538
f 3696 3876 3883
f 3696 3536 3694
f 3696 3693 3876
f 3695 3698 3696
f 8682 8687 8259
f 8681 8686 8682
f 8686 8687 8682
f 8686 8691 8687
f 8227 8226 8235
f 8676 8243 8251
f 8677 9054 9055
f 8245 8244 8678
f 8692 8266 8259
f 9056 9055 9054
f 9054 8680 9056
f 8246 7833 7829
f 9053 8680 9054
f 8239 8238 8247
f 8222 8666 8665
f 8230 8666 8222
f 7838 7837 8260
f 8230 8239 8240
f 8682 8259 8253
f 8235 8677 8244
f 8254 8255 8247
f 8259 8687 8692
f 9056 8680 8685
f 8229 8222 8221
f 8244 8677 8678
f 8676 8251 8680
f 7838 7833 7837
f 8236 8245 8237
f 8664 8655 8654
f 8219 8227 8228
f 9053 8677 8673
f 8697 8273 8266
f 8260 8267 7837
f 8238 8228 8237
f 8687 8691 8692
f 8227 8218 8226
f 8237 8245 8246
f 9055 9056 8686
f 8654 8653 8664
f 8238 8230 8229
f 8697 8691 8696
f 9054 8677 9053
f 8253 8681 8682
f 9056 9057 8686
f 9037 9046 9038
f 8686 8681 9055
f 8220 8663 8662
f 9038 9046 8654
f 9057 9056 8685
f 9055 8681 8677
f 8654 9039 9038
f 8663 8220 8653
f 8654 9046 8653
f 8652 8653 9046
f 8260 7837 8259
f 8691 8697 8692
f 8237 8247 8238
f 8662 8663 8652
f 7829 7834 8247
f 8260 8259 8266
f 8662 8652 8661
f 8676 8677 8243
f 8676 8673 8677
f 8220 8662 8219
f 8220 8221 8664
f 8266 8274 8267
f 8655 8664 8665
f 8266 8267 8260
f 8676 8680 9053
f 8662 8661 8218
f 8228 8220 8219
f 8222 8665 8664
f 8221 8222 8664
f 8227 8219 8218
f 8220 8228 8229
f 8222 8229 8230
f 8236 8228 8227
f 8229 8228 8238
f 8228 8236 8237
f 7833 7838 7834
f 8235 8236 8227
f 8653 8220 8664
f 8662 8218 8219
f 8239 8230 8238
f 8237 8246 8247
f 7829 8247 8246
f 8240 8231 8230
f 8236 8244 8245
f 8239 8247 8248
f 7834 7829 7833
f 7833 8246 8245
f 8236 8235 8244
f 8247 7834 8254
f 8245 8253 7833
f 8240 8239 8249
f 8652 8663 8653
f 8255 8248 8247
f 8239 8248 8249
f 8253 8245 8678
f 8229 8221 8220
f 8274 8266 8273
f 8266 8692 8697
f 8253 7837 7833
f 8681 8678 8677
f 8678 8681 8253
f 8235 8243 8677
f 7837 8253 8259
f 8689 8684 8688
f 7837 8268 8260
f 8289 8288 8298
f 8688 8262 8693
f 8284 8276 8275
f 8263 8270 8264
f 8689 8270 8263
f 8240 8679 8249
f 8262 8255 8261
f 8275 8269 8268
f 8694 8269 8276
f 8269 8694 8693
f 8694 8689 8688
f 8262 8268 8269
f 8256 8689 8263
f 8689 8256 8684
f 7409 7017 7406
f 8274 8268 8267
f 8262 8261 8688
f 8274 8275 8268
f 8262 8269 8693
f 8249 8248 8255
f 8684 8255 8683
f 8254 7834 8261
f 8261 8255 8254
f 7838 8260 8261
f 7838 8261 7834
f 8261 8268 8262
f 8262 8688 8255
f 8269 8275 8276
f 8693 8694 8688
f 8679 8240 8674
f 8694 8276 8698
f 8249 8684 8679
f 6028 6025 6334
f 7853 8298 8297
f 8684 8683 8688
f 6333 6336 6334
f 8684 8249 8255
f 8275 8274 8283
f 6336 6333 6659
f 8249 8241 8240
f 7022 6659 7018
f 8284 8275 8283
f 6028 6334 6336
f 8240 8249 8674
f 7018 7017 7022
f 7830 7415 7411
f 7405 7409 7406
f 8268 8261 8260
f 8249 8679 8256
f 8264 7841 7839
f 8271 7841 8264
f 8232 8241 7826
f 8232 8674 8240
f 8256 8250 8249
f 8270 8271 8264
f 7839 7420 7415
f 7839 7415 7835
f 8264 7839 7835
f 6659 7022 6663
f 8256 8263 8264
f 8232 7826 7822
f 8264 7835 8257
f 7416 7411 7415
f 7022 7017 7021
f 8257 7830 8250
f 8264 8257 8256
f 7822 7405 7406
f 8250 8256 8257
f 6659 7022 7021
f 7830 8241 8250
f 8270 8689 8694
f 7835 7830 8257
f 8283 8289 8290
f 8288 8289 8281
f 7830 7835 7415
f 8250 8241 8249
f 7826 7409 7405
f 7416 7415 7420
f 6659 6333 7018
f 7412 7021 7409
f 7026 6663 7022
f 7830 7411 7826
f 8711 8706 8705
f 7826 7411 7409
f 8289 8283 8282
f 7022 7021 7026
f 7409 7411 7412
f 8688 8683 8255
f 7412 7026 7021
f 7853 8297 7858
f 7830 7826 8241
f 8241 8232 8240
f 8289 8282 8281
f 8273 8281 8274
f 8702 8288 8281
f 8297 8288 8706
f 8274 8281 8282
f 8297 8298 8288
f 8284 8283 8290
f 8274 8282 8283
f 6663 6336 6659
f 8674 8249 8679
f 8256 8679 8684
f 7409 7021 7017
f 7411 7416 7412
f 8296 8297 8711
f 8267 8268 7837
f 7416 7026 7412
f 8702 8706 8288
f 8297 8706 8711
f 7416 7029 7026
f 7405 7822 7826
f 7029 6663 7026
f 10677 10762 10761
f 11194 11216 11195
f 11224 11185 11212
f 11056 11123 11055
f 11194 11215 11216
f 11056 10973 10974
f 11171 11119 11172
f 10845 11007 11006
f 11222 11183 11184
f 11223 11184 11185
f 11257 11223 11250
f 11215 11214 11172
f 11055 11008 11056
f 11152 11123 11099
f 11152 11099 11153
f 11119 11120 11172
f 11185 11224 11223
f 11054 11007 11008
f 11124 11058 11100
f 11117 11118 11171
f 11122 11123 11175
f 11213 11170 11214
f 11173 11121 11174
f 11153 11197 11152
f 11054 11053 11007
f 11121 11120 11054
f 10923 11006 11005
f 11077 11140 11139
f 11056 11057 11123
f 11257 11222 11223
f 11154 11100 11101
f 11082 11081 11005
f 11124 11153 11099
f 11054 11055 11121
f 11140 11077 11078
f 11174 11216 11173
f 11172 11120 11173
f 11185 11184 11138
f 11078 11002 11079
f 11123 11152 11175
f 11222 11257 11256
f 11058 11033 11100
f 11119 11171 11118
f 10973 11056 11009
f 11170 11213 11212
f 11138 11137 11075
f 11002 11003 11079
f 10921 10920 10842
f 11222 11221 11183
f 11078 11079 11141
f 10845 10923 10844
f 10923 10922 10843
f 10923 10845 11006
f 11004 11080 11003
f 11173 11120 11121
f 11186 11212 11185
f 10760 10922 10842
f 11008 11009 11056
f 11009 10974 10973
f 10922 10921 10842
f 11053 11082 11007
f 11184 11137 11138
f 11184 11223 11222
f 11008 11007 10924
f 10922 10760 10843
f 10761 10845 10844
f 10846 10925 10845
f 11140 11141 11186
f 11082 11005 11006
f 11052 11079 11080
f 11198 11154 11101
f 11005 11080 11004
f 11124 11100 11153
f 11033 11101 11100
f 11101 11102 11198
f 11007 11082 11006
f 11223 11224 11250
f 11118 11052 11081
f 11138 11139 11185
f 10843 10760 10675
f 11135 11183 11182
f 11099 11123 11124
f 10974 11057 11056
f 11256 11221 11222
f 11057 11124 11123
f 11251 11250 11224
f 11077 11076 11001
f 11154 11153 11100
f 11058 11124 11057
f 11139 11138 11076
f 11196 11175 11152
f 11174 11151 11216
f 10925 11009 11008
f 11082 11053 11081
f 11141 11117 11170
f 11175 11196 11151
f 10924 11007 10845
f 11077 11002 11078
f 10843 10675 10844
f 10919 11002 10918
f 11005 11081 11080
f 11183 11135 11184
f 11221 11256 11255
f 10922 11005 10921
f 11224 11212 11251
f 11004 10921 11005
f 11081 11119 11118
f 10675 10761 10844
f 10676 10677 10761
f 11004 11003 10921
f 11174 11175 11151
f 11153 11154 11197
f 11002 11001 10918
f 11140 11185 11139
f 11185 11140 11186
f 11076 11077 11139
f 11117 11079 11052
f 10676 10761 10675
f 11009 10925 10926
f 11171 11170 11117
f 11151 11196 11195
f 10762 10846 10845
f 11170 11186 11141
f 11154 11198 11197
f 11002 10919 10920
f 11003 11080 11079
f 11117 11141 11079
f 11141 11140 11078
f 11118 11117 11052
f 10920 10921 11003
f 10924 10845 10925
f 11213 11251 11212
f 11081 11053 11119
f 10762 10845 10761
f 11215 11173 11216
f 11138 11075 11076
f 11137 11184 11136
f 11005 10922 10923
f 11136 11184 11135
f 11151 11195 11216
f 10920 11003 11002
f 10844 10923 10843
f 11121 11055 11122
f 11186 11170 11212
f 10924 10925 11008
f 11053 11054 11120
f 11175 11174 11122
f 11122 11174 11121
f 11053 11120 11119
f 11195 11196 11152
f 11123 11122 11055
f 11221 11182 11183
f 11081 11052 11080
f 11001 11002 11077
f 11054 11008 11055
f 11214 11171 11172
f 11171 11214 11170
f 11172 11173 11215
f 7559 7155 7152
f 7578 7981 7985
f 7985 7981 8437
f 7973 8428 8433
f 6461 6458 6457
f 7578 7172 7169
f 7152 7554 7559
f 6772 7166 7165
f 8432 8795 8437
f 7174 7583 7587
f 7579 6771 7574
f 6774 6771 7169
f 7569 7974 7973
f 7564 7559 7963
f 6454 6151 6451
f 6757 6428 6754
f 7574 7569 7978
f 6784 6781 7178
f 6133 6438 6137
f 6772 7165 7574
f 8443 8799 8444
f 6127 6428 6430
f 6760 7155 7158
f 7155 7564 7158
f 8444 7995 7992
f 7978 7973 8433
f 7598 7592 7597
f 7978 7579 7574
f 7563 7963 7567
f 6445 6441 6772
f 7984 7583 7985
f 6451 6450 6776
f 6772 6768 7166
f 8798 8437 8795
f 7162 6765 6763
f 7988 7984 8443
f 7978 8433 8432
f 8432 8437 7981
f 8443 8440 8800
f 7985 8437 8440
f 7973 7974 8428
f 7981 7579 7978
f 8437 8798 8440
f 7587 7583 7984
f 7564 7155 7559
f 6776 6774 7172
f 7162 7567 7166
f 8440 7984 7985
f 6771 6774 6448
f 7177 7174 7592
f 5836 6127 6130
f 7178 7180 6783
f 6781 6457 6458
f 7995 7592 7992
f 7171 6776 7172
f 6458 6154 6453
f 6441 6445 6442
f 7161 7567 7162
f 7563 7564 7963
f 6130 6432 6435
f 6763 6765 6435
f 7579 7981 7578
f 5833 5832 5829
f 7569 7973 7978
f 7574 7165 7569
f 6448 6451 6148
f 6148 6444 6448
f 8801 8444 8799
f 8433 8792 8795
f 7569 7969 7974
f 7180 7177 7598
f 7567 7569 7166
f 8799 8442 8801
f 6430 6760 6432
f 8440 8798 8800
f 7578 7169 7579
f 8444 8442 7994
f 6776 7174 6779
f 6453 6776 6779
f 8428 8424 8792
f 7178 7174 7177
f 8442 8444 8801
f 6776 7171 7174
f 6441 6768 6772
f 7578 7985 7583
f 7564 7161 7158
f 7578 7583 7172
f 6442 6768 6441
f 7592 7598 7177
f 7598 7597 7180
f 7162 7158 7161
f 8795 8432 8433
f 6784 6461 6457
f 6757 7152 6760
f 6144 6445 6444
f 8443 8444 7992
f 5836 5833 6127
f 6772 6771 6445
f 8440 8443 7984
f 6776 6453 6451
f 7174 6778 6779
f 7564 7563 7567
f 8424 7968 8420
f 7174 7178 6778
f 6771 6444 6445
f 8428 7974 7969
f 6130 6435 6133
f 6766 6438 6765
f 6448 6450 6451
f 7162 6768 6765
f 7166 6768 7162
f 6778 6458 6779
f 6438 6766 6768
f 7969 7968 8424
f 7984 7988 7587
f 6438 6435 6765
f 6774 7169 7172
f 7158 7162 6763
f 6768 6766 6765
f 8428 8792 8433
f 6444 6771 6448
f 6448 6774 6776
f 6778 7178 6781
f 6760 6430 6757
f 6458 6453 6779
f 8443 8800 8799
f 7174 7587 7592
f 7969 7569 7567
f 6760 7152 7155
f 6760 7158 6763
f 7592 7587 7988
f 6454 6451 6453
f 6763 6435 6760
f 7180 7178 7177
f 8420 7968 7963
f 7166 7569 7165
f 7981 7978 8432
f 6760 6435 6432
f 6457 6781 6784
f 6432 6127 6430
f 7171 7172 7583
f 6757 6430 6428
f 7564 7567 7161
f 7567 7963 7968
f 8428 7969 8424
f 6450 6448 6776
f 6154 6454 6453
f 6458 6778 6781
f 7968 7969 7567
f 6148 6451 6151
f 7995 7597 7592
f 7174 7171 7583
f 6127 6432 6130
f 7152 6757 6754
f 7169 6771 7579
f 7988 8443 7992
f 6771 6772 7574
f 6783 6784 7178
f 6133 5836 6130
f 6438 6133 6435
f 7992 7592 7988
f 10229 10128 10129
f 9532 9531 9370
f 7297 7298 7704
f 6549 6556 6910
f 9371 9163 9372
f 8896 8540 8903
f 9160 9368 9159
f 8525 8097 8539
f 8905 9163 8904
f 9932 10130 10128
f 7715 8097 7714
f 7298 6910 6917
f 8098 8541 8540
f 8525 8087 8097
f 9164 9372 9163
f 8087 7704 8097
f 6918 6910 6557
f 9710 9531 9711
f 6919 6920 7309
f 6549 6555 6556
f 7704 7715 7714
f 8545 8908 8544
f 9712 9711 9532
f 9531 9532 9711
f 9529 9530 9708
f 8525 8539 8895
f 7705 7306 7715
f 9161 8895 8896
f 8544 8907 8906
f 6557 6910 6556
f 7307 6918 7308
f 8904 8541 8542
f 9368 9367 9159
f 9933 9932 9710
f 8895 8539 8896
f 8541 8903 8540
f 6557 6558 6918
f 7306 7307 7716
f 6917 7307 7306
f 9931 9708 9709
f 9530 9368 9531
f 7718 8103 8102
f 6919 7308 6918
f 8904 8903 8541
f 8097 8098 8539
f 7705 7715 7704
f 9530 9710 9709
f 6920 6919 6558
f 8896 8903 8904
f 7298 7306 7705
f 8905 9176 9163
f 8906 8907 9176
f 7704 7714 8097
f 10130 10129 10128
f 6918 7307 6917
f 9529 9367 9368
f 8103 8545 8102
f 6927 6928 7317
f 9370 9161 9162
f 9160 8895 9161
f 7298 7297 6910
f 9710 9932 9931
f 9162 9371 9370
f 8896 8904 9162
f 6921 7310 6920
f 6920 7310 7309
f 8101 7308 7717
f 7718 7309 7310
f 7717 8102 8101
f 7717 7308 7309
f 6928 7317 7318
f 6921 7311 7310
f 7719 7311 7317
f 9932 10128 9931
f 6922 7311 6921
f 7318 6922 6928
f 7318 7317 7312
f 8543 8544 8906
f 9931 9709 9710
f 8102 8544 8101
f 6919 6918 6558
f 9160 9161 9369
f 9368 9530 9529
f 7717 7718 8102
f 7719 7718 7311
f 6556 6555 6231
f 7318 7312 7311
f 8904 9163 9162
f 9370 9371 9541
f 9162 9161 8896
f 9541 9724 9712
f 7311 7312 7317
f 7311 6922 7318
f 6555 6549 6548
f 7718 7310 7311
f 9162 9163 9371
f 9369 9531 9368
f 8543 8101 8544
f 7309 7718 7717
f 9161 9370 9369
f 8100 8543 8542
f 9163 9176 9164
f 8101 8543 8100
f 7716 8100 8099
f 8101 8100 7716
f 8099 7715 7716
f 8100 8541 8099
f 7308 8101 7716
f 8099 8541 8098
f 8098 7715 8099
f 9711 9712 9933
f 6917 6910 6918
f 9933 9710 9711
f 9371 9372 9542
f 8907 8544 8908
f 9369 9368 9160
f 9542 9541 9371
f 7307 7308 7716
f 6909 6549 6910
f 9369 9370 9531
f 10130 9932 9933
f 6548 6549 6909
f 9160 8894 8895
f 9712 9532 9541
f 8906 9176 8905
f 8905 8543 8906
f 6917 7306 7298
f 8100 8542 8541
f 9370 9541 9532
f 8542 8543 8905
f 8540 8539 8098
f 8097 7715 8098
f 9530 9709 9708
f 7715 7306 7716
f 8102 8545 8544
f 8542 8905 8904
f 8539 8540 8896
f 6919 7309 7308
f 7298 7705 7704
f 9933 9712 9934
f 9530 9531 9710
f 4453 4452 4210
f 5339 5331 5338
f 4445 4712 4711
f 4721 4718 4722
f 4456 4211 4213
f 4722 4723 5037
f 4715 4712 4716
f 4719 4716 4450
f 4445 4711 4441
f 5036 4722 5037
f 4214 4213 3998
f 5347 5024 5025
f 4456 4453 4211
f 5033 5032 5036
f 4721 5036 4718
f 4213 3993 3997
f 5033 5029 5032
f 4722 4718 4719
f 5338 5016 5339
f 4001 4217 3998
f 4453 4722 4450
f 5332 5331 5339
f 4722 4453 4725
f 4715 4716 4719
f 4213 4214 4456
f 4210 4211 4453
f 3997 3998 4213
f 5017 5023 5024
f 5028 5032 5029
f 5023 5016 4711
f 4214 3998 4217
f 4725 4453 4456
f 4712 4715 4711
f 5017 5339 5016
f 4450 4208 4211
f 4211 4453 4450
f 4719 4718 4715
f 3997 4000 4001
f 4211 4210 4213
f 5023 4711 5028
f 5016 4708 4711
f 4721 4722 5036
f 5029 5033 5357
f 5340 5017 5347
f 5025 5024 5029
f 4210 4211 4208
f 5028 4718 5032
f 4001 3998 3997
f 5028 5024 5023
f 5036 5037 5033
f 4716 4712 4445
f 4716 4448 4450
f 4719 4450 4722
f 4711 4715 5028
f 4441 4711 4708
f 5029 5024 5028
f 5016 5023 5017
f 3993 4213 4210
f 5017 5024 5347
f 5036 5032 4718
f 4716 4445 4448
f 5017 5340 5339
f 4457 4456 4214
f 3993 4210 4211
f 5028 4715 4718
f 9559 9553 9386
f 9180 9179 8909
f 8554 8562 8563
f 9553 9385 9386
f 9737 9553 9738
f 8916 8911 8915
f 9735 9734 9551
f 8910 8911 9181
f 8107 8546 8103
f 9733 9728 9727
f 9542 9725 9541
f 9390 9386 9385
f 8909 8908 8545
f 9164 9380 9372
f 9372 9543 9542
f 9191 9186 8916
f 8546 8107 8553
f 9383 9551 9382
f 8921 8922 8915
f 9178 8907 8908
f 8909 9179 8908
f 8553 8562 8554
f 8561 8562 8553
f 8915 8555 8563
f 8561 8567 8562
f 9178 9177 8907
f 8910 9181 9180
f 9383 9382 9180
f 9383 9180 9384
f 9550 9543 9373
f 9544 9550 9733
f 9725 9726 9714
f 9385 9553 9552
f 8563 8562 8921
f 8554 8546 8553
f 9559 9554 9553
f 8547 8555 8911
f 9735 9736 9958
f 9552 9735 9383
f 8909 8546 8547
f 8547 8911 8910
f 9178 9179 9381
f 9543 9725 9542
f 9714 9935 9713
f 8554 8555 8547
f 9957 9953 9728
f 9713 9724 9725
f 8545 8546 8909
f 9552 9384 9385
f 9180 8909 8910
f 8563 8921 8915
f 9386 9390 9391
f 9372 9373 9543
f 9551 9381 9382
f 8916 9186 9181
f 9552 9553 9737
f 9176 8907 9177
f 9186 9390 9182
f 9541 9725 9724
f 9959 9958 9736
f 9382 9381 9179
f 9552 9737 9736
f 9373 9372 9380
f 9726 9725 9543
f 9737 9738 9960
f 8546 8545 8103
f 9959 9737 9960
f 9186 9182 9181
f 8922 8916 8915
f 9384 9552 9383
f 9735 9552 9736
f 9735 9551 9383
f 9727 9726 9543
f 8546 8554 8547
f 9382 9179 9180
f 9381 9380 9177
f 9391 9559 9386
f 9935 9712 9713
f 8911 8555 8915
f 9181 9385 9384
f 9551 9550 9381
f 8908 9179 9178
f 8925 8921 8562
f 9560 9554 9559
f 9390 9385 9182
f 9385 9181 9182
f 9186 9191 9390
f 9734 9958 9957
f 9737 9959 9736
f 9550 9373 9380
f 9177 9380 9176
f 9550 9551 9734
f 9714 9713 9725
f 9713 9712 9724
f 9728 9733 9734
f 9544 9727 9543
f 9733 9727 9544
f 9164 9176 9380
f 8909 8547 8910
f 9381 9177 9178
f 9543 9550 9544
f 9734 9957 9728
f 9181 8911 8916
f 9191 8916 8922
f 8554 8563 8555
f 9381 9550 9380
f 9958 9734 9735
f 8567 8925 8562
f 9180 9181 9384
f 9550 9734 9733
f 6691 7057 6688
f 7436 7048 7047
f 7047 7050 7436
f 6688 6359 6692
f 6680 6349 6351
f 7451 7445 7059
f 6354 6351 6053
f 6349 6676 6347
f 6688 7052 7053
f 7047 7048 6683
f 7444 7053 7445
f 7052 7058 7053
f 7058 7054 7053
f 7444 7052 7053
f 6681 6683 7048
f 6360 6060 6359
f 6695 6692 6362
f 5742 6048 6045
f 6045 6347 6042
f 7445 7054 7059
f 6685 7050 6683
f 6694 7057 6691
f 6354 6683 6351
f 6053 6351 6352
f 6359 6362 6692
f 6345 6041 6042
f 7048 7436 7437
f 6352 6351 6051
f 6051 6053 6352
f 5740 6045 6042
f 6359 6058 6360
f 7057 7052 6688
f 7439 7436 7050
f 6053 6355 6354
f 6683 7050 7047
f 6042 6039 5738
f 6685 6354 6357
f 6042 6347 6345
f 6359 6060 6362
f 7053 7444 7439
f 6349 6680 6676
f 6354 6355 6357
f 7050 6688 7053
f 6685 6683 6354
f 5740 6042 5738
f 6053 6056 6355
f 7057 7062 7058
f 6683 6681 6680
f 6351 6349 6051
f 6680 6681 6676
f 6357 6688 6685
f 7439 7437 7436
f 6357 6359 6688
f 6357 6056 6058
f 6683 6680 6351
f 7048 7044 6681
f 7054 7058 7059
f 6357 6058 6359
f 7445 7439 7444
f 6045 6048 6349
f 6691 6688 6692
f 7054 7445 7053
f 6347 6045 6349
f 7058 7052 7057
f 6357 6355 6056
f 5742 6045 5740
f 7050 6685 6688
f 6051 6349 6048
f 7439 7050 7053
f 7062 7057 6694
f 7439 7445 7440
f 1706 1657 1658
f 1559 1569 1614
f 1615 1616 1614
f 1616 1615 1570
f 1570 1562 1616
f 1614 1570 1615
f 1522 1515 1523
f 1557 1522 1523
f 1557 1559 1558
f 1657 1614 1658
f 1613 1594 1559
f 1569 1561 1570
f 1557 1558 1594
f 1523 1559 1557
f 1524 1559 1523
f 1978 1977 1921
f 1638 1655 1704
f 1976 1977 2050
f 1921 1977 1920
f 1977 1978 2050
f 1919 1855 1856
f 1798 1867 1797
f 1855 1798 1856
f 1587 1586 1548
f 1919 1867 1855
f 1557 1594 1593
f 1798 1855 1867
f 1707 1755 1706
f 1707 1756 1755
f 1614 1613 1559
f 1739 1681 1682
f 1740 1741 1798
f 1739 1682 1740
f 1976 1919 1920
f 1673 1683 1682
f 1632 1637 1685
f 1636 1680 1629
f 1586 1547 1548
f 1595 1594 1613
f 1594 1558 1559
f 1742 1798 1741
f 1616 1658 1614
f 1976 1920 1977
f 1856 1920 1919
f 1560 1561 1569
f 1614 1569 1570
f 1585 1546 1547
f 1656 1613 1614
f 1556 1592 1588
f 1557 1593 1592
f 1588 1549 1556
f 1593 1588 1592
f 1556 1557 1592
f 1868 1813 1869
f 1756 1816 1755
f 1706 1656 1657
f 1797 1740 1798
f 1559 1560 1569
f 1871 1815 1816
f 1705 1655 1656
f 1814 1753 1815
f 1704 1655 1705
f 1744 1752 1813
f 1637 1632 1593
f 1815 1870 1814
f 1753 1814 1813
f 1815 1753 1754
f 1868 1921 1856
f 1638 1594 1613
f 1752 1753 1813
f 1588 1631 1549
f 1753 1705 1706
f 1813 1801 1744
f 1921 1909 1856
f 1870 1923 1869
f 1547 1510 1548
f 1812 1800 1801
f 1800 1812 1857
f 1630 1549 1631
f 1704 1705 1752
f 1869 1814 1870
f 1754 1753 1706
f 1636 1629 1587
f 1673 1682 1630
f 1857 1799 1800
f 1684 1741 1683
f 1547 1586 1585
f 1978 1921 1922
f 1922 1979 1978
f 1744 1743 1685
f 1657 1656 1614
f 1799 1856 1798
f 1743 1742 1685
f 1752 1705 1753
f 1656 1706 1705
f 1686 1704 1752
f 1673 1630 1631
f 1638 1686 1685
f 1870 1815 1871
f 1636 1630 1682
f 1453 1479 1478
f 1512 1513 1549
f 1596 1616 1562
f 1478 1513 1512
f 1550 1514 1521
f 1512 1452 1478
f 1515 1522 1514
f 1546 1510 1547
f 1513 1550 1549
f 1617 1659 1616
f 1478 1452 1453
f 1660 1708 1659
f 1707 1658 1659
f 1514 1513 1515
f 1548 1510 1511
f 1477 1512 1511
f 1522 1557 1521
f 1549 1630 1587
f 1549 1511 1512
f 1452 1512 1477
f 1521 1557 1556
f 1556 1550 1521
f 1513 1478 1479
f 1549 1548 1511
f 1511 1510 1477
f 1521 1514 1522
f 1550 1556 1549
f 1514 1550 1513
f 1513 1479 1515
f 1587 1630 1636
f 1813 1812 1801
f 1869 1922 1921
f 1638 1704 1686
f 1637 1638 1685
f 1593 1594 1638
f 1755 1816 1815
f 1812 1813 1868
f 1742 1684 1685
f 1656 1655 1638
f 1744 1685 1686
f 1638 1637 1593
f 1659 1658 1616
f 1800 1742 1743
f 1923 1922 1869
f 1707 1659 1757
f 1921 1868 1869
f 1756 1707 1757
f 1813 1814 1869
f 1856 1799 1857
f 1800 1743 1801
f 1757 1659 1708
f 1798 1742 1799
f 1686 1752 1744
f 1706 1755 1754
f 1800 1799 1742
f 1857 1868 1856
f 1920 1909 1921
f 1588 1593 1632
f 1548 1549 1587
f 1812 1868 1857
f 1658 1707 1706
f 1616 1596 1617
f 1684 1674 1685
f 1659 1617 1660
f 1684 1742 1741
f 1754 1755 1815
f 1632 1685 1674
f 1587 1629 1586
f 1613 1656 1638
f 1682 1681 1636
f 1683 1673 1684
f 1682 1683 1741
f 1631 1632 1674
f 1744 1801 1743
f 1631 1674 1684
f 1631 1684 1673
f 1588 1632 1631
f 1741 1740 1682
f 1920 1856 1909
f 5197 4878 4883
f 6743 6744 6747
f 6101 6414 6412
f 5201 5501 5197
f 5217 5221 5528
f 6118 6424 6119
f 5504 5501 5505
f 6427 6426 6118
f 6740 6737 6418
f 4620 4883 4878
f 6422 6750 6747
f 6107 6104 5811
f 6420 6106 6110
f 5513 5509 5209
f 6420 6418 6106
f 4623 4626 4625
f 6097 6101 6412
f 6424 6118 6426
f 5808 5513 5517
f 5217 5528 5523
f 6119 6424 6114
f 5505 5508 5504
f 5523 5817 5814
f 6095 6092 5803
f 6427 6122 6426
f 5528 5817 5523
f 4884 4623 4888
f 6111 6107 5817
f 6418 6104 6107
f 6740 6418 6420
f 6107 6111 6110
f 5814 5817 6107
f 4626 4623 4624
f 6424 6422 6114
f 4887 5209 5205
f 4883 4887 5201
f 5205 5201 4887
f 5803 5501 5504
f 5522 5523 5814
f 5817 6115 6111
f 6089 6087 5799
f 6424 6753 6750
f 4624 4623 4621
f 5803 5504 5806
f 6106 6107 6110
f 6089 5799 6090
f 4887 4884 4888
f 4884 4887 4883
f 6095 5803 5806
f 6106 5814 6107
f 4891 4892 4896
f 5820 5824 6119
f 5522 5814 5811
f 5501 5803 5801
f 6094 6092 6095
f 6104 6102 5808
f 4883 5201 5197
f 6743 6747 6746
f 4625 4892 4888
f 5501 5801 5497
f 5801 5803 6092
f 6420 6110 6114
f 6750 6753 6749
f 5197 5501 5497
f 5799 5497 5801
f 6095 6097 6094
f 5531 5528 5221
f 4627 4629 4892
f 6090 5799 5801
f 5217 5213 4901
f 4888 4623 4625
f 4896 4895 4891
f 5523 5213 5217
f 6410 6094 6097
f 6408 6094 6410
f 4901 4895 4896
f 5501 5201 5505
f 5213 5523 5518
f 5811 5518 5522
f 4901 5213 4895
f 6106 6418 6107
f 5517 5518 5811
f 5817 5528 5527
f 6416 6418 6737
f 5518 5209 5213
f 5808 5811 6104
f 5518 5517 5513
f 5808 5517 5811
f 6422 6747 6420
f 5518 5513 5209
f 6101 6104 6414
f 6104 6416 6414
f 4629 4896 4892
f 6114 6110 6111
f 6092 6094 6408
f 4895 5209 4891
f 6422 6420 6114
f 5522 5518 5523
f 6115 5820 6119
f 5509 5505 5205
f 5205 5505 5201
f 5817 5528 5531
f 6102 6104 6101
f 4891 5209 4892
f 6114 6111 6115
f 5205 5209 5509
f 6101 6098 6102
f 6102 6098 5808
f 7143 6749 6753
f 5509 5513 5508
f 5806 5513 5808
f 4888 4892 4887
f 4884 4620 4623
f 4626 4627 4625
f 5508 5513 5806
f 6115 5817 5820
f 6104 6418 6416
f 5811 5814 6107
f 5808 6098 5806
f 6115 6119 6114
f 6122 6427 6119
f 5508 5505 5509
f 6410 6097 6412
f 5508 5806 5504
f 6420 6744 6740
f 5806 6098 6095
f 5213 5209 4895
f 5817 5531 5820
f 6753 7147 7143
f 6744 6420 6747
f 6422 6424 6750
f 4620 4884 4883
f 6747 6750 6749
f 4625 4627 4892
f 6118 6119 6427
f 6097 6095 6098
f 6092 6089 6090
f 5801 6092 6090
f 5209 4887 4892
f 6753 6424 6426
f 6097 6098 6101
f 4370 4373 4598
f 4370 4594 4367
f 4586 4833 4582
f 4367 4594 4364
f 4591 4586 4587
f 4373 4375 4604
f 5151 4830 4833
f 4581 4833 4830
f 4598 4601 4849
f 4373 4601 4598
f 4594 4591 4364
f 5466 5160 5164
f 4375 4373 4376
f 4376 4373 4374
f 4374 4373 4370
f 4373 4604 4601
f 4582 4357 4587
f 5155 5463 5151
f 4365 4364 4362
f 4841 4591 4845
f 5463 5154 5159
f 4586 4591 4841
f 5159 5160 5466
f 4361 4357 4148
f 4841 4845 5168
f 4362 4148 4358
f 4587 4357 4361
f 4370 4371 4374
f 4371 4370 4368
f 4591 4587 4361
f 4364 4361 4362
f 5160 4833 4837
f 4590 4592 4589
f 4842 4593 4843
f 4589 4592 4588
f 4366 4363 4588
f 4592 4366 4588
f 4581 4582 4833
f 4582 4587 4586
f 4362 4363 4366
f 4847 4842 4843
f 5171 5172 5475
f 4842 4847 4846
f 4596 4593 4846
f 4596 4595 4592
f 4597 4596 4846
f 4595 4369 4365
f 4852 4851 4846
f 4846 4851 4597
f 4850 4597 4851
f 4595 4600 4599
f 4372 4368 4369
f 4372 4371 4368
f 4600 4596 4597
f 4856 4855 4851
f 4599 4371 4372
f 4861 4855 4856
f 4833 4586 4837
f 4861 4860 4855
f 4855 4860 4859
f 4365 4366 4595
f 4367 4364 4368
f 4369 4599 4372
f 5160 4837 4841
f 4594 4845 4591
f 4591 4361 4364
f 4600 4855 4859
f 4365 4369 4368
f 4148 4362 4361
f 5164 5469 5466
f 4368 4370 4367
f 5155 5151 4833
f 4593 4596 4592
f 4855 4600 4851
f 4365 4368 4364
f 4599 4602 4374
f 4374 4371 4599
f 4845 4594 4848
f 4600 4850 4851
f 5475 5479 5785
f 4602 4603 4606
f 5775 5772 5469
f 5472 5775 5469
f 5168 5164 4841
f 4595 4366 4592
f 5785 5781 5475
f 4595 4599 4369
f 4599 4600 4602
f 4850 4600 4597
f 4852 4846 4847
f 4603 4600 4859
f 4841 4837 4586
f 5463 5155 5154
f 5781 5777 5778
f 5160 5159 5154
f 5155 5160 5154
f 5469 5772 5466
f 4841 5164 5160
f 5466 5463 5159
f 4590 4593 4592
f 5472 5164 5168
f 5168 5172 5472
f 5781 5778 5472
f 5172 5475 5472
f 5772 5463 5466
f 4845 4848 5172
f 5475 5176 5479
f 4852 4856 4851
f 4374 4602 4376
f 5164 5472 5469
f 5176 5172 4848
f 4833 5160 5155
f 5778 5775 5472
f 4365 4362 4366
f 4600 4595 4596
f 4848 4853 5176
f 4603 4602 4600
f 4606 4603 4859
f 4846 4593 4842
f 4848 4594 4598
f 4848 4598 4849
f 4594 4370 4598
f 5472 5475 5781
f 4853 4854 4601
f 5172 5176 5475
f 5172 5168 4845
f 4849 4853 4848
f 4853 4849 4601
f 490 489 433
f 525 489 537
f 553 603 604
f 548 552 600
f 600 588 537
f 549 490 498
f 607 603 604
f 525 536 577
f 489 525 478
f 433 434 490
f 537 536 525
f 536 537 587
f 537 588 587
f 479 489 478
f 600 603 602
f 552 603 600
f 641 633 587
f 599 588 600
f 602 599 600
f 538 537 490
f 577 587 633
f 490 537 489
f 422 433 489
f 538 549 537
f 536 587 577
f 587 599 641
f 552 548 549
f 549 548 537
f 548 600 537
f 608 607 604
f 549 538 490
f 552 553 603
f 489 479 422
f 549 553 552
f 587 588 599
f 11287 11281 11307
f 11309 11291 11328
f 11283 11310 11309
f 11249 11281 11256
f 11293 11314 11292
f 11282 11309 11281
f 11328 11327 11308
f 11296 11267 11234
f 11266 11265 11232
f 11232 11265 11231
f 11294 11266 11267
f 11295 11296 11316
f 11231 11265 11264
f 11293 11266 11294
f 11233 11266 11232
f 11215 11232 11214
f 11194 11195 11232
f 11352 11337 11370
f 11253 11232 11231
f 11294 11267 11295
f 11266 11293 11265
f 11253 11231 11252
f 11231 11264 11252
f 11158 11238 11237
f 11038 11105 11037
f 11294 11295 11316
f 11213 11252 11251
f 11253 11214 11232
f 11233 11267 11266
f 11265 11293 11264
f 11102 11155 11199
f 11039 10978 11059
f 11214 11252 11213
f 11360 11352 11370
f 11215 11194 11232
f 11105 11156 11104
f 10978 11039 11038
f 11252 11214 11253
f 11315 11293 11294
f 11267 11233 11234
f 11313 11291 11292
f 11313 11291 11312
f 11200 11199 11156
f 11312 11328 11313
f 11267 11296 11295
f 11037 10978 11038
f 11264 11292 11291
f 11283 11252 11284
f 11264 11284 11252
f 11158 11157 11107
f 11195 11233 11232
f 11155 11104 11156
f 11107 11039 11059
f 11337 11352 11318
f 11237 11157 11158
f 11282 11250 11251
f 11352 11360 11318
f 10978 11037 10964
f 11038 11039 11106
f 11157 11106 11107
f 11104 11036 11105
f 11360 11336 11318
f 11360 11344 11336
f 11106 11157 11200
f 11105 11106 11200
f 11104 11103 11036
f 11328 11291 11313
f 11037 11036 10964
f 11156 11105 11200
f 11106 11105 11038
f 11250 11282 11281
f 11332 11313 11333
f 11328 11312 11327
f 11310 11284 11291
f 11283 11251 11252
f 11316 11336 11329
f 11105 11036 11037
f 11344 11329 11336
f 11103 11104 11155
f 11198 11102 11199
f 11238 11337 11237
f 11343 11341 11330
f 11292 11314 11313
f 11355 11354 11346
f 11106 11039 11107
f 11155 11102 11103
f 11308 11327 11326
f 11306 11311 11326
f 11330 11331 11346
f 11156 11199 11155
f 11281 11257 11250
f 11310 11291 11309
f 11332 11327 11312
f 11199 11269 11235
f 11152 11197 11234
f 11264 11291 11284
f 11327 11332 11342
f 11308 11307 11281
f 11287 11311 11286
f 11326 11325 11306
f 11297 11318 11269
f 11269 11199 11297
f 11200 11236 11199
f 11237 11337 11270
f 11318 11297 11270
f 11199 11236 11297
f 11297 11236 11270
f 11270 11236 11200
f 11270 11337 11318
f 11237 11200 11157
f 11200 11237 11270
f 11343 11340 11341
f 11308 11326 11307
f 11347 11355 11346
f 11269 11268 11235
f 11309 11282 11283
f 11330 11340 11342
f 11341 11342 11330
f 11327 11343 11342
f 11325 11326 11342
f 11251 11283 11282
f 11334 11349 11333
f 11332 11312 11313
f 11293 11292 11264
f 11314 11315 11335
f 11281 11249 11257
f 11296 11268 11269
f 11333 11313 11314
f 11327 11343 11328
f 11257 11249 11256
f 11255 11287 11286
f 11284 11310 11283
f 11340 11342 11341
f 11333 11349 11348
f 11309 11308 11281
f 11235 11234 11197
f 11268 11296 11234
f 11152 11233 11195
f 11199 11235 11198
f 11256 11281 11255
f 11234 11233 11152
f 11235 11197 11198
f 11345 11346 11354
f 11268 11234 11235
f 11328 11308 11309
f 11330 11342 11331
f 11361 11353 11354
f 11355 11356 11367
f 11356 11347 11348
f 11355 11367 11354
f 11345 11354 11353
f 11355 11347 11356
f 11307 11311 11287
f 10900 10964 11036
f 11342 11332 11331
f 11330 11346 11345
f 11364 11363 11357
f 11357 11349 11358
f 11348 11357 11356
f 11362 11357 11363
f 11329 11335 11315
f 11379 11375 11385
f 11379 11374 11375
f 11357 11362 11356
f 11375 11374 11363
f 11369 11374 11373
f 11375 11363 11364
f 11374 11369 11363
f 11350 11358 11349
f 11373 11368 11369
f 11349 11357 11348
f 11358 11364 11357
f 11369 11368 11362
f 11351 11358 11350
f 11368 11356 11362
f 11350 11334 11335
f 11351 11350 11329
f 11356 11368 11367
f 11362 11363 11369
f 11316 11329 11315
f 11349 11334 11350
f 11329 11350 11335
f 11315 11294 11316
f 11375 11364 11365
f 11360 11359 11344
f 11359 11360 11365
f 11364 11358 11359
f 11333 11314 11334
f 11359 11365 11364
f 11370 11375 11365
f 11358 11351 11359
f 11370 11386 11381
f 11329 11344 11351
f 11375 11381 11385
f 11351 11344 11359
f 11375 11370 11381
f 11360 11370 11365
f 11318 11336 11317
f 11269 11318 11317
f 11371 11340 11353
f 11336 11316 11296
f 11296 11317 11336
f 11317 11296 11269
f 11347 11332 11348
f 11347 11346 11331
f 11281 11287 11255
f 11332 11333 11348
f 11326 11327 11342
f 11332 11347 11331
f 11314 11293 11315
f 11353 11340 11345
f 11340 11325 11342
f 11326 11311 11307
f 11342 11340 11343
f 11340 11330 11345
f 11335 11334 11314
f 11330 11342 11343
f 2372 2270 2361
f 2372 2373 2379
f 2787 2945 2939
f 2603 2608 2607
f 2173 2084 2174
f 2274 2259 2260
f 2175 2258 2174
f 2257 2271 2174
f 2365 2274 2366
f 2374 2478 2364
f 2255 2269 2360
f 2359 2354 2255
f 2273 2259 2274
f 2478 2374 2479
f 2176 2258 2175
f 2461 2353 2466
f 2084 2085 2174
f 2362 2361 2271
f 2354 2359 2466
f 2275 2274 2260
f 2603 2467 2475
f 2171 2256 2255
f 2363 2364 2468
f 2258 2271 2174
f 2185 2083 2084
f 2274 2275 2366
f 2255 2354 2254
f 2373 2380 2379
f 2362 2373 2372
f 2007 2004 2084
f 2269 2255 2256
f 2353 2354 2466
f 2782 2777 2597
f 2256 2171 2172
f 2270 2185 2173
f 2269 2270 2360
f 2468 2478 2477
f 2487 2486 2379
f 2184 2172 2185
f 2006 2003 2007
f 2258 2259 2363
f 2373 2476 2488
f 2361 2362 2372
f 2593 2597 2776
f 2361 2372 2467
f 2375 2374 2365
f 2363 2362 2272
f 2466 2602 2597
f 2359 2255 2360
f 2602 2603 2607
f 2467 2359 2360
f 2787 2939 2782
f 2468 2373 2363
f 2361 2467 2360
f 2475 2467 2372
f 2270 2271 2361
f 2258 2176 2259
f 2597 2593 2461
f 2603 2475 2608
f 2376 2479 2375
f 2376 2375 2365
f 2466 2467 2597
f 2782 2597 2602
f 2489 2476 2477
f 2379 2381 2487
f 2270 2173 2271
f 2776 2939 2931
f 2270 2361 2360
f 2374 2364 2365
f 2363 2272 2258
f 2372 2379 2487
f 2467 2602 2466
f 2274 2364 2273
f 2271 2272 2362
f 2613 2608 2486
f 2185 2172 2083
f 2256 2172 2184
f 2468 2364 2478
f 2185 2084 2173
f 2475 2486 2608
f 2270 2269 2184
f 2597 2777 2776
f 2364 2274 2365
f 2466 2597 2461
f 2184 2185 2270
f 2256 2184 2269
f 2259 2364 2363
f 2379 2380 2381
f 2271 2173 2174
f 2776 2782 2939
f 2466 2359 2467
f 2373 2477 2476
f 2364 2259 2273
f 2254 2354 2353
f 2353 2461 2593
f 2602 2607 2782
f 2489 2488 2476
f 2362 2363 2373
f 2375 2479 2374
f 2782 2607 2787
f 2372 2487 2475
f 2365 2366 2376
f 2489 2477 2478
f 2488 2380 2373
f 2603 2602 2467
f 2486 2475 2487
f 2271 2258 2272
f 2776 2777 2782
f 2477 2373 2468
f 3299 3289 3290
f 3466 3473 3300
f 3139 3144 3138
f 3306 3144 3145
f 2797 2965 2803
f 2962 3125 2961
f 2791 2796 2628
f 3132 3125 3280
f 2616 2791 2628
f 3132 3131 2969
f 3478 3638 3641
f 3641 3482 3478
f 3461 3466 3291
f 2965 3125 3132
f 3477 3478 3481
f 3290 3132 3138
f 2970 3132 2969
f 3281 3280 3125
f 3307 3300 3473
f 2616 2627 2615
f 3477 3481 3321
f 2954 2962 2961
f 3132 2970 2965
f 3125 3126 3281
f 3466 3300 3291
f 3138 3132 3291
f 3280 3281 3291
f 3466 3474 3473
f 3290 3289 3132
f 3139 3300 3307
f 3307 3473 3477
f 3139 3138 3300
f 3474 3478 3473
f 3144 3315 3149
f 3482 3641 3644
f 3144 3307 3145
f 3144 3139 3307
f 3145 3315 3144
f 3477 3473 3478
f 3280 3291 3290
f 3290 3291 3132
f 3290 3132 3280
f 3478 3482 3481
f 2961 3125 2965
f 2628 2796 2627
f 3299 3298 3289
f 2628 2627 2616
f 3117 3125 2962
f 3131 3132 3289
f 3138 3299 3290
f 3138 3306 3299
f 3144 3306 3138
f 3474 3638 3478
f 3477 3315 3307
f 3300 3138 3291
f 2803 2796 2797
f 2965 2797 2961
f 2962 2961 3117
f 3125 3117 3126
f 3145 3307 3315
f 2615 2791 2616
f 2954 2961 2797
f 3321 3315 3477
f 3315 3321 3314
f 5483 5487 5788
f 5487 5794 5791
f 5788 5785 5483
f 4377 4607 4375
f 4381 4614 4611
f 4873 4869 4874
f 4379 4377 4380
f 4870 4614 4617
f 4863 4858 4607
f 4611 4379 4381
f 4870 4874 4869
f 4377 4375 4376
f 4611 4863 4607
f 4377 4376 4378
f 4869 4614 4870
f 4607 4858 4604
f 5791 5788 5487
f 4375 4607 4604
f 4611 4614 4866
f 4379 4607 4377
f 4614 4381 4617
f 4607 4379 4611
f 4866 4614 4869
f 4379 4380 4381
f 4606 4859 4864
f 4602 4606 4605
f 4859 4860 4865
f 4861 5184 4865
f 4867 4864 4865
f 4867 4613 4864
f 4867 4865 4868
f 4867 4868 4872
f 4613 4608 4609
f 5797 5799 6087
f 4381 4380 4615
f 4608 4613 4612
f 4604 4858 4601
f 4378 4612 4380
f 5191 5195 5194
f 4377 4378 4380
f 5198 5194 5195
f 4612 4613 4616
f 4615 4380 4612
f 4867 4872 4871
f 4882 4877 5198
f 4616 4618 4615
f 4615 4618 4382
f 4613 4609 4864
f 4880 4875 4881
f 4875 4880 4619
f 4608 4378 4609
f 4618 4619 4622
f 4885 4880 4881
f 4617 4874 4870
f 4881 4877 4882
f 4865 4860 4861
f 4877 4872 5194
f 5791 5794 6083
f 4612 4378 4608
f 4622 4621 4618
f 4864 4610 4606
f 4623 4620 4621
f 4616 4871 4876
f 4617 4382 4620
f 4871 4613 4867
f 4879 4620 4878
f 4617 4381 4615
f 4620 4879 4617
f 4865 5184 4868
f 4873 4879 4878
f 4613 4871 4616
f 4871 4872 4876
f 4617 4879 4874
f 4873 4874 4879
f 5195 5199 5198
f 4609 4378 4376
f 4616 4619 4618
f 5194 5198 4877
f 4376 4602 4605
f 5785 5479 5483
f 4610 4864 4609
f 4618 4621 4620
f 4382 4617 4615
f 4872 5191 5194
f 4885 4622 4880
f 4619 4616 4876
f 4615 4612 4616
f 4605 4610 4609
f 4876 4872 4877
f 5191 4872 4868
f 4619 4880 4622
f 5188 4868 5184
f 4859 4865 4864
f 5483 5479 5176
f 4877 4881 4876
f 4868 5188 5191
f 4606 4610 4605
f 4875 4876 4881
f 4620 4382 4618
f 5487 5490 5794
f 4862 4857 4858
f 4857 5179 5176
f 5490 5797 5794
f 4619 4876 4875
f 4605 4609 4376
f 4858 4863 4862
f 4857 5183 5179
f 4862 4863 4611
f 4862 5187 5183
f 5187 4862 4866
f 5187 4866 4869
f 5187 4869 5190
f 4862 4611 4866
f 5797 6087 5794
f 5190 5494 5187
f 4873 5190 4869
f 5193 5190 4873
f 5497 5494 5190
f 5497 5797 5494
f 4878 5193 4873
f 5799 5797 5497
f 5193 5197 5497
f 5487 5179 5183
f 5490 5187 5494
f 4858 4857 4601
f 5176 5179 5483
f 5187 5487 5183
f 4857 4862 5183
f 4853 4857 5176
f 5193 5497 5190
f 5490 5494 5797
f 5179 5487 5483
f 4878 5197 5193
f 5490 5487 5187
f 4853 4601 4857
f 8142 8587 8137
f 8951 9221 8948
f 8948 9214 8944
f 8144 8142 8141
f 8145 8591 8587
f 8168 8161 8167
f 8154 8150 8149
f 8584 8587 8943
f 8154 8155 8150
f 8951 8952 9222
f 8162 8168 8169
f 8173 8168 8167
f 8944 8943 8947
f 8591 8145 8592
f 8587 8142 8145
f 8584 8137 8587
f 8156 8151 8155
f 8956 8952 8597
f 8943 8587 8947
f 8150 8155 8151
f 8169 8163 8162
f 8137 8133 8132
f 8132 8136 8137
f 8596 8152 8597
f 8951 8596 8597
f 8146 8145 8150
f 9222 9221 8951
f 8157 8163 8600
f 8163 8156 8162
f 8584 8581 8137
f 8156 8157 8151
f 8146 8596 8592
f 8155 8161 8162
f 8581 8943 8939
f 8604 8600 8163
f 8161 8155 8160
f 8155 8154 8160
f 8944 8947 8948
f 8581 8584 8943
f 8944 8940 8943
f 8162 8161 8168
f 8596 8593 8592
f 8597 8593 8596
f 8156 8163 8157
f 8940 8939 8943
f 8151 8596 8146
f 8597 8596 8600
f 8137 8581 8133
f 8592 8593 8597
f 8162 8156 8155
f 8596 8951 8592
f 8952 8951 8597
f 8588 8947 8587
f 8141 8142 8137
f 8591 8588 8587
f 9210 8940 8944
f 8145 8146 8592
f 8592 8948 8588
f 8948 8592 8951
f 9214 8948 9221
f 9221 9222 9214
f 8588 8948 8947
f 9210 8944 9214
f 8150 8151 8146
f 8588 8591 8592
f 8152 8596 8151
f 9205 8940 9210
f 8592 8597 8596
f 8142 8144 8145
f 8597 8152 8157
f 8597 8157 8600
f 8157 8152 8151
f 8144 8150 8145
f 4889 4893 4628
f 4913 4634 4908
f 4635 4913 4636
f 4624 4621 4622
f 5223 4905 5219
f 4905 5218 4899
f 4898 4894 4899
f 4633 4635 4907
f 4628 4898 4897
f 4912 4635 4636
f 4899 4905 4898
f 4886 4882 5202
f 4627 4628 4629
f 4897 4630 4628
f 5207 5202 5203
f 4914 4909 4910
f 4632 4630 4903
f 4898 4905 4904
f 4882 4886 4881
f 5215 5214 5211
f 4904 4905 4909
f 4628 4630 4629
f 4898 4904 4903
f 4910 4909 4905
f 4633 4902 4631
f 4628 4627 4626
f 4636 4918 4912
f 4898 4628 4893
f 4919 4636 4913
f 4902 5221 4901
f 5207 4886 5202
f 4636 4924 4638
f 4915 4914 4910
f 4630 4897 4903
f 4631 4908 4633
f 4630 4632 4629
f 4902 4633 4907
f 4894 4898 4893
f 4906 5221 4902
f 4913 4909 4914
f 4908 4904 4909
f 4632 4631 4629
f 4890 4886 5207
f 5207 5211 5206
f 4885 4881 4886
f 4890 4885 4886
f 4904 4908 4903
f 4903 4908 4631
f 5221 5217 4901
f 4897 4898 4903
f 5206 4890 5207
f 4909 4913 4908
f 4631 4902 4629
f 4908 4634 4633
f 4903 4631 4632
f 4920 4919 4914
f 4885 4890 4889
f 5199 5202 5198
f 4913 4914 4919
f 4634 4913 4633
f 4905 5215 5219
f 5206 4894 4890
f 4894 5206 5211
f 4629 4902 4896
f 5210 5211 4894
f 5229 4917 4924
f 4913 4635 4633
f 4906 4902 4907
f 5531 5534 5820
f 5211 5214 4894
f 4885 4624 4622
f 5202 4882 5198
f 5214 5215 4900
f 4626 4624 4885
f 5215 4905 4900
f 4902 4901 4896
f 4899 5214 4900
f 4890 4893 4889
f 4907 4912 4906
f 5221 5225 5532
f 4635 4912 4907
f 5537 5824 5534
f 5225 5221 4911
f 4918 4917 4911
f 5532 5531 5221
f 4912 4918 4911
f 5229 5225 4911
f 5532 5534 5531
f 5229 5532 5225
f 5824 5820 5534
f 5229 5534 5532
f 4918 4636 4919
f 6122 6119 5827
f 4917 4918 4924
f 5537 5534 5535
f 5534 5229 5535
f 4906 4912 4911
f 5214 4899 4894
f 5232 5229 4924
f 5827 5824 5537
f 5827 6119 5824
f 4906 4911 5221
f 4899 4900 4905
f 5537 5229 5232
f 5233 4924 4931
f 4918 4919 4924
f 4894 4893 4890
f 4931 5232 5233
f 4905 5223 4910
f 5537 5828 5827
f 4918 4636 4924
f 4911 4917 5229
f 5203 5202 5199
f 4889 4626 4885
f 5233 5232 4924
f 5229 5537 5535
f 4889 4628 4626
f 382 383 387
f 387 442 382
f 390 327 393
f 498 490 441
f 434 441 442
f 500 446 504
f 446 390 449
f 504 507 557
f 504 557 556
f 503 504 556
f 446 500 445
f 507 449 451
f 449 507 504
f 556 500 503
f 504 446 449
f 449 390 393
f 500 504 503
f 449 396 451
f 396 449 393
f 508 557 507
f 508 558 557
f 558 508 505
f 442 445 498
f 549 500 553
f 327 396 393
f 604 553 556
f 556 608 604
f 500 556 553
f 327 328 393
f 490 434 441
f 442 434 382
f 390 446 387
f 608 556 557
f 319 390 387
f 500 549 498
f 387 446 442
f 498 441 442
f 322 390 319
f 498 445 500
f 445 442 446
f 6160 5878 5879
f 5872 5865 5866
f 7175 7179 7176
f 6473 6171 6472
f 5574 5872 5579
f 5562 5567 5566
f 6146 6447 6143
f 5582 5581 5578
f 7593 7179 7594
f 7589 7179 7593
f 7599 7600 7596
f 6146 6449 6447
f 5851 6139 5847
f 4964 4662 4962
f 4962 4963 4965
f 6777 6452 6455
f 6471 6472 6170
f 5258 5561 5558
f 6786 6463 6466
f 6163 6466 6162
f 5577 5581 5580
f 6785 6790 6789
f 5558 5851 5557
f 5577 5272 5578
f 6149 6449 6146
f 6152 6156 6455
f 7181 7594 7179
f 5581 5876 5580
f 5866 5873 5872
f 5582 5871 5877
f 5876 5581 5582
f 5878 5882 5877
f 4964 4962 4965
f 7590 7594 7599
f 7594 7181 7599
f 5578 5581 5577
f 6447 6446 6443
f 5848 5847 5554
f 6171 6170 6472
f 6471 6170 6169
f 5855 6147 6146
f 6158 5869 6159
f 6455 6452 6152
f 5572 5576 5571
f 5267 4964 5270
f 4965 5263 5268
f 5855 5561 5562
f 7179 6782 6785
f 6162 6466 6463
f 7600 7996 7596
f 7593 7594 7589
f 7595 7596 7993
f 4962 4961 4662
f 5577 5875 5870
f 6460 6785 6782
f 5574 5865 5872
f 5266 4961 5267
f 4962 4964 4961
f 5262 4961 5266
f 6455 6156 6456
f 5258 5558 5557
f 4964 5267 4961
f 6149 6147 5859
f 5874 6157 5873
f 6161 5873 6157
f 6166 6165 6160
f 6464 6164 6165
f 6466 6167 6467
f 6161 6166 6160
f 4964 5268 5270
f 6461 6166 6161
f 5254 4952 5258
f 6780 6777 6455
f 6166 6464 6165
f 7179 7175 6782
f 6165 6164 5878
f 5578 5579 5582
f 6469 6464 6166
f 6168 6468 6467
f 6785 6789 7181
f 5267 5270 5572
f 5267 5572 5266
f 5873 5879 5872
f 5268 5271 5270
f 5577 5572 5270
f 5879 5878 5872
f 5272 5577 5270
f 5571 5266 5572
f 5571 5864 5567
f 5881 5880 5876
f 5882 5876 5877
f 6147 5855 5859
f 5580 5876 5875
f 5874 5873 5866
f 5269 5569 5568
f 5873 6161 6160
f 5580 5875 5577
f 5873 6160 5879
f 6143 6447 6443
f 5269 5271 5268
f 5881 5876 5882
f 6455 6459 6780
f 6789 7183 7181
f 6156 5869 6158
f 6152 5859 5863
f 5864 5863 5859
f 6142 5851 6143
f 7604 7184 7607
f 5571 5567 5266
f 6455 6456 6459
f 5881 6163 5880
f 5269 5573 5271
f 6790 6466 6789
f 6456 6156 6158
f 6782 7175 6780
f 5579 5872 5871
f 7604 7603 7184
f 5577 5576 5572
f 7181 7603 7599
f 5882 5878 6164
f 7603 7604 7600
f 7181 7183 7184
f 6163 5881 5882
f 6161 6465 6461
f 7184 7603 7181
f 5575 5574 5569
f 7183 7187 7184
f 6461 6465 6166
f 5574 5568 5569
f 6775 6447 6449
f 5573 5269 5568
f 5258 4961 5262
f 7604 7998 7997
f 5851 5558 5855
f 7184 7187 7607
f 5859 6152 6149
f 7608 7604 7607
f 5557 5554 5254
f 5866 5865 5575
f 6452 6449 6149
f 5875 5876 5880
f 6159 6162 6158
f 5263 4965 4963
f 5869 5875 6159
f 5558 5561 5855
f 5561 5262 5562
f 6466 6163 6167
f 5878 6160 6165
f 6459 6460 6782
f 6777 6775 6449
f 6460 6459 6456
f 6468 6464 6469
f 6152 5863 5864
f 5854 5855 6146
f 6471 6792 6466
f 7183 6789 6792
f 6473 6468 6469
f 6159 5880 6162
f 6162 6460 6158
f 5549 5554 5841
f 6164 6168 6163
f 5567 5562 5266
f 7187 7610 7607
f 5271 5578 5272
f 7997 7600 7604
f 5854 6143 5851
f 5573 5568 5574
f 5841 5554 5847
f 5557 5851 5554
f 6792 6471 6470
f 6792 7187 7183
f 5847 6139 5848
f 6152 5869 6156
f 6167 6168 6467
f 5876 5582 5877
f 6166 6465 6469
f 4965 5268 4964
f 5566 5855 5562
f 6792 7186 7187
f 6149 6146 6147
f 5871 5878 5877
f 5871 5582 5579
f 5851 5848 5554
f 5875 5869 5870
f 5847 5848 5851
f 5872 5878 5871
f 6467 6468 6473
f 5562 5262 5266
f 5576 5869 5571
f 6449 6452 6777
f 6167 6163 6168
f 6162 6463 6460
f 6462 6786 6785
f 5864 5571 5869
f 5566 5859 5855
f 6775 6777 7173
f 5575 5865 5574
f 6777 6780 7175
f 6782 6780 6459
f 6159 5875 5880
f 7998 7604 7608
f 5563 5569 5269
f 6785 6460 6462
f 5579 5573 5574
f 7603 7600 7599
f 7187 7186 7190
f 6467 6472 6466
f 6466 6472 6471
f 6139 5851 6142
f 6468 6168 6164
f 6146 6143 5854
f 5576 5577 5870
f 5882 6164 6163
f 5869 5576 5870
f 6462 6460 6463
f 6463 6786 6462
f 5258 5557 5254
f 6149 6152 6452
f 5864 5869 6152
f 6468 6164 6464
f 5262 5561 5258
f 5567 5864 5859
f 6467 6473 6472
f 6163 6162 5880
f 5573 5579 5578
f 7173 6777 7175
f 7595 7599 7596
f 5566 5567 5859
f 5851 5855 5854
f 7996 7600 7997
f 6785 7181 7179
f 7996 7993 7596
f 6790 6786 6466
f 6790 6785 6786
f 7179 7589 7176
f 6789 6466 6792
f 5270 5271 5272
f 5271 5573 5578
f 6456 6158 6460
f 3484 3480 3323
f 3329 3323 3155
f 3317 3480 3316
f 3335 3487 3329
f 3335 3338 3497
f 3323 3480 3317
f 3150 3155 3317
f 3488 3328 3329
f 3496 3335 3497
f 3164 3335 3159
f 3323 3328 3484
f 3323 3484 3322
f 3648 3486 3487
f 3648 3645 3486
f 3502 3658 3501
f 3648 3830 3645
f 3491 3496 3651
f 3335 3492 3491
f 3483 3486 3645
f 3825 3826 3830
f 3825 4026 4022
f 3487 3491 3328
f 3334 3491 3328
f 3487 3328 3488
f 3156 3160 3155
f 3151 3150 2982
f 3156 2988 3160
f 3160 3159 3155
f 2988 2994 3160
f 2840 2988 2982
f 2843 2994 2840
f 3328 3487 3484
f 2982 2988 3151
f 3156 3155 2988
f 3164 3160 3165
f 3155 3150 3151
f 3155 3151 2988
f 2994 2843 2999
f 3165 3160 2999
f 3658 3502 3659
f 3484 3487 3486
f 3160 3164 3159
f 3496 3491 3335
f 3826 3642 3645
f 3484 3483 3642
f 3642 3479 3484
f 3642 3483 3645
f 3640 3479 3642
f 3479 3480 3484
f 2994 2988 2840
f 3160 2994 3159
f 3480 3475 3476
f 3159 3329 3155
f 3484 3486 3483
f 2999 3160 2994
f 3322 3484 3480
f 3640 3475 3479
f 3826 3645 3830
f 3480 3316 3322
f 3648 3651 3830
f 3476 3316 3480
f 3475 3480 3479
f 3484 3322 3328
f 3310 3480 3316
f 2840 2836 2841
f 2848 2847 2843
f 2843 2840 2841
f 3329 3328 3323
f 3488 3329 3487
f 2844 2843 2841
f 2848 2843 2844
f 3491 3487 3335
f 2847 2999 2843
f 2855 2847 2848
f 3490 3487 3491
f 3648 3487 3490
f 3654 3501 3658
f 3323 3317 3155
f 3816 3640 3642
f 3648 3490 3651
f 3820 3821 3826
f 3820 3816 3821
f 2999 2847 3006
f 3820 3815 3816
f 3820 4022 3815
f 3642 3821 3816
f 3825 3820 3826
f 3329 3159 3335
f 4022 3820 3825
f 3821 3642 3826
f 3169 3173 3342
f 3490 3491 3651
f 3006 3170 3169
f 2848 2844 2687
f 3174 3169 3170
f 2848 2687 2849
f 3342 3338 3169
f 3496 3501 3654
f 3502 3501 3496
f 3174 3173 3169
f 3496 3497 3338
f 3342 3496 3338
f 3164 3169 3335
f 3654 3653 3496
f 3502 3496 3342
f 3013 3174 3006
f 3165 2999 3164
f 3169 3338 3335
f 3006 3174 3170
f 3169 3164 3006
f 3164 2999 3006
f 3496 3653 3651
f 2855 3006 2847
f 2471 2470 2371
f 2483 2469 2484
f 2472 2355 2356
f 2370 2279 2371
f 2369 2469 2483
f 2377 2480 2376
f 2378 2482 2377
f 2183 2169 2252
f 2182 2265 2264
f 2278 2370 2369
f 2268 2253 2348
f 2252 2169 2251
f 2268 2267 2253
f 2168 2169 2183
f 2367 2368 2378
f 2369 2370 2470
f 2371 2279 2355
f 2183 2182 2168
f 2378 2377 2367
f 2357 2267 2268
f 2371 2472 2471
f 2266 2279 2265
f 2470 2370 2371
f 2266 2357 2356
f 1746 1697 1745
f 2480 2377 2481
f 2357 2268 2348
f 1649 1608 1650
f 1607 1536 1496
f 2142 2246 2141
f 1608 1607 1496
f 1697 1648 1698
f 1607 1649 1648
f 2062 2143 2061
f 1939 1911 1994
f 1696 1745 1828
f 1696 1606 1648
f 1991 2158 1990
f 1696 1647 1606
f 1937 2060 1992
f 1937 1938 1993
f 1608 1649 1607
f 1648 1606 1607
f 1993 2061 2060
f 1697 1745 1696
f 2063 2062 1995
f 1910 1859 1911
f 1696 1648 1697
f 2060 1937 1993
f 1745 1697 1698
f 1698 1648 1649
f 1650 1699 1649
f 1536 1467 1496
f 1606 1536 1607
f 1993 1938 1994
f 2265 2279 2264
f 2279 2370 2278
f 2141 1991 2060
f 2141 2060 2142
f 2063 2143 2062
f 2143 2063 2144
f 2062 2061 1993
f 2378 2483 2482
f 2062 1994 1995
f 2494 2493 2482
f 1993 1994 2062
f 2493 2494 2505
f 2060 1991 1992
f 1910 1911 1939
f 1938 1939 1994
f 1939 1938 1910
f 2143 2142 2061
f 1911 1968 1994
f 1991 2141 2158
f 2061 2142 2060
f 2246 2245 2141
f 2157 2059 1990
f 2253 2339 2348
f 2348 2347 2253
f 2339 2253 2338
f 2158 2244 2157
f 2243 2156 2157
f 2279 2266 2355
f 2253 2242 2243
f 2253 2243 2338
f 2493 2481 2482
f 2244 2339 2243
f 2243 2157 2244
f 2339 2338 2243
f 2469 2369 2470
f 2252 2242 2253
f 2245 2244 2158
f 2058 2059 2156
f 2156 2155 2058
f 2245 2158 2141
f 2242 2156 2243
f 2158 2157 1990
f 2376 2367 2377
f 1746 1803 1802
f 1858 1938 1884
f 1935 1936 1991
f 1883 1884 1938
f 1881 1882 1936
f 1858 1910 1938
f 1858 1805 1859
f 1804 1858 1803
f 1748 1805 1804
f 1747 1804 1803
f 1804 1805 1858
f 1829 1828 1745
f 1746 1699 1747
f 2180 2181 2263
f 1988 1987 1932
f 1884 1883 1858
f 1768 1827 1826
f 1883 1882 1803
f 2167 2154 2168
f 1932 1877 1878
f 2167 2153 2154
f 1879 1826 1827
f 1989 1932 2058
f 2167 2181 2180
f 1828 1769 1696
f 1987 1988 2073
f 2152 2073 2153
f 1696 1695 1647
f 2180 2263 2277
f 2058 1932 1933
f 1769 1827 1768
f 2154 2169 2168
f 1880 1879 1828
f 1828 1827 1769
f 2264 2278 2263
f 2262 2276 2275
f 1828 1879 1827
f 1768 1695 1696
f 1826 1878 1877
f 1699 1650 1747
f 2075 2074 1989
f 1696 1769 1768
f 1877 1932 1987
f 1879 1878 1826
f 1878 1933 1932
f 1933 1878 1879
f 2155 2075 2058
f 1988 1932 1989
f 1933 1879 1880
f 1989 2058 2075
f 2074 1988 1989
f 2073 2152 2072
f 2074 2073 1988
f 2154 2155 2169
f 1910 1858 1859
f 2074 2154 2073
f 1936 1992 1991
f 2154 2074 2155
f 1802 1803 1830
f 2153 2166 2152
f 2153 2073 2154
f 2153 2167 2166
f 1882 1881 1829
f 1935 1934 1881
f 2180 2166 2167
f 2166 2180 2179
f 2074 2075 2155
f 2168 2181 2167
f 2182 2181 2168
f 2264 2181 2182
f 2180 2262 2179
f 2277 2262 2180
f 2263 2181 2264
f 2276 2262 2277
f 2263 2368 2277
f 2263 2278 2368
f 2277 2368 2276
f 2275 2276 2367
f 1933 1934 1990
f 1802 1830 1746
f 1830 1882 1829
f 1933 1990 2059
f 1936 1935 1881
f 1881 1934 1880
f 2157 2156 2059
f 1936 1882 1937
f 1828 1829 1881
f 1881 1880 1828
f 1937 1992 1936
f 1829 1746 1830
f 1883 1938 1937
f 2275 2367 2366
f 1882 1830 1803
f 1745 1746 1829
f 1990 1934 1935
f 1883 1803 1858
f 1748 1804 1747
f 1990 1935 1991
f 1934 1933 1880
f 1651 1747 1650
f 1747 1803 1746
f 1649 1699 1698
f 1746 1745 1698
f 2156 2242 2155
f 1883 1937 1882
f 1746 1698 1699
f 1747 1651 1748
f 1933 2059 2058
f 2252 2169 2242
f 2267 2266 2183
f 2242 2169 2155
f 2368 2367 2276
f 2267 2357 2266
f 2182 2266 2265
f 2252 2267 2183
f 2368 2278 2369
f 2481 2377 2482
f 2279 2278 2264
f 2356 2355 2266
f 2266 2182 2183
f 2371 2355 2472
f 2378 2368 2483
f 2494 2482 2495
f 2366 2367 2376
f 2483 2368 2369
f 2495 2482 2483
f 2252 2253 2267
f 2356 2357 2472
f 7669 8053 8054
f 6845 7243 6847
f 8870 9134 8872
f 7251 7670 7258
f 6857 7258 7265
f 7276 7688 7280
f 8867 8499 8497
f 6844 6847 6497
f 8062 8502 8066
f 8057 7672 8054
f 8073 8512 8074
f 8066 8504 8069
f 6856 6865 6507
f 6885 6523 6517
f 8499 8057 8497
f 6523 6885 6886
f 9128 9130 8864
f 8510 8512 8509
f 6880 6510 6873
f 6505 6501 6506
f 8864 8497 8861
f 6881 6873 6880
f 6851 6500 6497
f 9136 8875 9135
f 8502 8504 8065
f 7272 7680 7276
f 7688 7276 7683
f 7280 6885 7277
f 7270 7677 7269
f 9135 9132 9339
f 6497 6500 6496
f 8059 8057 8499
f 7672 7675 7258
f 9139 8875 9136
f 8867 9132 8870
f 9125 9128 8861
f 8059 8060 8057
f 8875 8509 8504
f 6499 6500 6502
f 8062 8499 8502
f 7258 6857 6851
f 8861 8497 8494
f 6506 6178 6505
f 6865 7270 7269
f 6880 6517 6510
f 7276 7680 7683
f 6855 6501 6505
f 8494 8497 8053
f 8509 8512 8073
f 6851 6850 6500
f 6496 6500 6499
f 6851 6857 6503
f 7683 8069 7688
f 5889 6187 6192
f 6178 6509 6505
f 7250 7669 7670
f 7277 7272 7276
f 6491 6496 6495
f 5888 6186 5889
f 6865 6856 7265
f 6496 6499 6495
f 6501 6499 6502
f 6495 6499 6498
f 6856 6503 6857
f 6856 6857 7265
f 7665 7669 7243
f 6885 6881 7277
f 6881 6517 6880
f 7669 7665 8054
f 5884 6178 6179
f 7675 7265 7258
f 6497 6493 6844
f 9128 9131 9130
f 6851 6503 6850
f 7258 6851 7250
f 6847 6844 6845
f 8065 8066 8502
f 7687 7683 7688
f 9130 9339 9132
f 8056 8497 8057
f 7277 6881 6880
f 7680 8069 7683
f 6516 6517 6186
f 8054 8053 8497
f 6517 6516 6510
f 6516 6186 6183
f 6873 7272 6880
f 6516 6183 6510
f 7670 7672 7258
f 8875 8504 8872
f 8069 8509 8073
f 6507 6865 6873
f 8510 8875 8876
f 6497 6847 6851
f 7269 7272 6865
f 6503 6507 6506
f 9140 8876 9139
f 6183 6506 6510
f 5885 6182 6183
f 6873 6510 6507
f 6182 6506 6183
f 8502 8499 8867
f 5883 5884 6179
f 8870 8502 8867
f 6179 6506 6182
f 6506 6502 6503
f 5885 6179 6182
f 6492 6496 6491
f 7677 8062 8066
f 7669 7250 7243
f 8057 8060 7672
f 7677 7675 8062
f 9338 9339 9130
f 7250 7670 7251
f 7675 7677 7270
f 6502 6500 6503
f 8499 8062 8059
f 9128 8864 8861
f 8864 9130 8867
f 7672 8060 7675
f 8059 8062 8060
f 8877 8876 9140
f 7272 7277 6880
f 8062 7675 8060
f 7669 8054 7672
f 8876 8512 8510
f 5883 6179 5885
f 7677 7680 7269
f 6186 6517 6187
f 6501 6849 6498
f 6179 6502 6506
f 8870 9132 9134
f 7272 7269 7680
f 8875 9139 8876
f 7265 7270 6865
f 6183 5886 5885
f 7264 7257 6855
f 6506 6507 6510
f 6498 6846 6494
f 6186 5886 6183
f 6855 7257 6849
f 6846 6498 6849
f 8502 8870 8504
f 6881 6885 6517
f 9125 9337 9128
f 6504 6505 6509
f 6504 6864 6855
f 5885 5884 5883
f 9136 9137 9139
f 8497 8056 8054
f 6506 6179 6178
f 6192 6187 6517
f 7670 7669 7672
f 6505 6504 6855
f 6506 6501 6502
f 7680 7677 8066
f 9131 9128 9338
f 7688 8073 8074
f 6181 6178 5884
f 6499 6501 6498
f 8057 8054 8056
f 6181 6509 6178
f 6851 6847 7250
f 6864 7264 6855
f 7280 7277 7276
f 6186 6187 5889
f 7250 6847 7243
f 6501 6855 6849
f 6496 6492 6493
f 6500 6850 6503
f 8065 8504 8066
f 8497 8864 8867
f 6498 6494 6495
f 8875 8510 8509
f 9341 9137 9136
f 6503 6856 6507
f 8069 8073 7688
f 9337 9338 9128
f 9135 8875 8872
f 8870 8872 8504
f 6497 6496 6493
f 8504 8509 8069
f 7258 7250 7251
f 9132 8867 9130
f 6873 6865 7272
f 6517 6523 6192
f 8069 7680 8066
f 7675 7270 7265
f 7374 7375 7369
f 7363 7364 7360
f 7778 7370 7782
f 7366 7778 7775
f 7775 7364 7366
f 7375 7782 7370
f 8177 7778 8182
f 7778 8177 7775
f 7772 7770 7364
f 7364 7775 7772
f 8172 7775 8177
f 8172 7772 7775
f 8173 8172 8177
f 6976 7366 7364
f 5993 6295 6291
f 5995 6295 5993
f 6295 6294 6290
f 6612 6294 6618
f 6291 6295 6290
f 7366 7370 7778
f 6630 6993 6628
f 6993 6988 6628
f 6986 7375 7370
f 6976 6970 6971
f 5704 6001 5701
f 5995 6297 6295
f 6001 6308 5999
f 6304 6301 5997
f 6314 6632 6311
f 6989 6988 6986
f 7370 7369 7375
f 7370 6982 6984
f 6976 6618 6621
f 6308 6304 5999
f 6297 6621 6618
f 6982 6976 6621
f 5997 5999 6304
f 6304 6303 6301
f 6297 6618 6294
f 6982 7366 6976
f 6984 6624 6626
f 6986 7370 6984
f 6626 6989 6986
f 6297 6298 6300
f 5704 5707 6003
f 6303 6626 6624
f 7379 7375 6989
f 7375 6986 6989
f 6986 6984 6626
f 6297 6294 6295
f 6298 6297 5995
f 6003 6005 6312
f 6301 5995 5997
f 6624 6621 6297
f 6300 6298 6301
f 6303 6300 6301
f 6001 6003 6312
f 6628 6989 6626
f 6988 6989 6628
f 6612 6618 6971
f 6984 6982 6624
f 6298 5995 6301
f 6628 6303 6307
f 6304 6307 6303
f 6307 6304 6308
f 6308 6001 6312
f 6311 6308 6312
f 6307 6630 6628
f 6307 6311 6630
f 6311 6307 6308
f 6311 6632 6630
f 6628 6626 6303
f 5707 5708 6006
f 5707 6006 6005
f 6982 7370 7366
f 6303 6624 6300
f 6624 6982 6621
f 6624 6297 6300
f 6976 6971 6618
f 6003 5707 6005
f 6003 6001 5704
f 9046 8651 8652
f 9293 9036 9294
f 8643 8648 8644
f 8660 8670 8659
f 8660 8218 8661
f 8670 8669 8659
f 8670 8673 8669
f 8215 8648 8213
f 8218 8660 8217
f 8633 9017 8632
f 9014 8632 9017
f 9017 8633 9018
f 8630 8633 8632
f 8632 9014 8630
f 9013 9009 9010
f 9013 8630 9014
f 9010 9014 9013
f 9013 9014 9017
f 6647 7012 7009
f 8649 8648 8215
f 9026 9293 9292
f 7395 7807 7804
f 7810 7811 7807
f 7807 7395 7810
f 9025 9292 9024
f 8639 9024 8638
f 8206 7804 8207
f 7814 8215 8213
f 8650 8661 8651
f 9036 9037 9294
f 9293 9026 9036
f 9037 9036 9045
f 9037 9045 9046
f 8651 9046 9045
f 8651 9045 8650
f 8661 8652 8651
f 8650 8660 8661
f 8217 8225 8218
f 7012 6652 7016
f 7012 6647 6651
f 7804 8208 8207
f 8208 7804 8211
f 7807 8211 7804
f 7395 7006 7009
f 7395 7397 7810
f 7397 7395 7009
f 7401 7012 7013
f 7399 7397 7009
f 8217 8660 8659
f 7814 7815 8216
f 7815 8217 8216
f 8217 8659 8216
f 7009 7012 7399
f 9026 9035 9036
f 8638 8637 8207
f 8644 8648 8649
f 9044 9045 9036
f 9267 9272 9273
f 6655 7016 6652
f 8649 9034 8644
f 9024 9023 8638
f 9272 9278 9279
f 8633 8206 8636
f 8207 8636 8206
f 7816 8217 7815
f 9267 9273 9268
f 9273 9272 9280
f 9273 9280 9274
f 9272 9279 9280
f 9280 9281 9274
f 9278 9272 9271
f 9013 9278 9271
f 7399 7400 7397
f 9271 9009 9013
f 9018 9280 9279
f 9281 9280 9285
f 9282 9281 9286
f 8659 8668 9049
f 9285 9280 9018
f 9019 9281 9285
f 9286 9281 9019
f 7807 7811 8213
f 9279 9278 9013
f 9279 9017 9018
f 9018 9019 9285
f 9034 9024 8644
f 9024 9287 9021
f 9017 9279 9013
f 9045 9044 8650
f 9020 9286 9019
f 9287 9286 9020
f 8633 9019 9018
f 9019 9023 9020
f 9021 9287 9020
f 8637 9019 8633
f 9019 8637 9023
f 9023 9024 9020
f 9021 9020 9024
f 8637 8633 8636
f 9023 8637 8638
f 8636 8207 8637
f 9287 9024 9292
f 8206 8633 8203
f 8639 8638 8643
f 8207 8208 8638
f 8644 9024 8639
f 8639 8643 8644
f 9034 9025 9024
f 8211 8643 8638
f 8208 8211 8638
f 9026 9292 9025
f 9035 9025 9034
f 9025 9035 9026
f 9035 9034 8649
f 8643 8213 8648
f 8643 8211 8213
f 9036 9035 9044
f 9035 8649 9044
f 8648 8213 8649
f 8211 7807 8213
f 8649 8650 9044
f 8659 8650 8649
f 7814 8213 7811
f 8660 8650 8659
f 7810 7814 7811
f 8659 8649 8215
f 7400 7814 7810
f 8215 8216 8659
f 7814 8216 8215
f 7397 7400 7810
f 7815 7814 7400
f 7400 7401 7815
f 7401 7400 7012
f 7399 7012 7400
f 7012 7009 7011
f 7401 7013 7404
f 7013 7012 7016
f 7016 7404 7013
f 6652 7012 6651
f 6652 6651 6655
f 6655 6651 6654
f 8118 8122 8568
f 8124 8123 8128
f 9195 9403 9401
f 8578 8573 8128
f 7338 7747 7742
f 9198 9195 8930
f 9399 9191 9194
f 8133 8581 8129
f 8569 8573 8927
f 7335 7334 7331
f 9568 9404 9572
f 8931 8930 8573
f 9200 9199 8931
f 9568 9564 9567
f 9977 9752 9751
f 9756 9568 9569
f 7752 8132 7748
f 9751 9744 9560
f 8572 8569 8122
f 8129 8581 8578
f 9560 9565 9751
f 8122 7737 7738
f 9565 9568 9751
f 8936 9203 8935
f 7738 7742 8123
f 7741 7330 7334
f 8123 8127 8128
f 9195 9199 9403
f 7737 7330 7741
f 7742 7748 8128
f 9568 9572 9569
f 9199 9195 9198
f 9559 9396 9564
f 7736 8122 8121
f 8935 8931 8578
f 9564 9568 9565
f 8121 8122 8118
f 8127 8123 7742
f 9401 9400 9195
f 9200 9404 9403
f 9396 9399 9400
f 8578 8931 8574
f 9203 9404 9200
f 9396 9391 9390
f 9569 9757 9756
f 7742 7738 7737
f 9206 9203 9205
f 8123 8122 7738
f 9191 9395 9390
f 8128 7748 8132
f 9205 8936 8940
f 8573 8574 8930
f 8922 8921 8926
f 8122 7736 7737
f 8568 8925 8567
f 7736 7329 7737
f 8932 8935 9203
f 8117 8118 8567
f 8117 8121 8118
f 8927 8573 8930
f 9568 9400 9401
f 8569 8926 8925
f 8926 8569 8927
f 8939 8940 8936
f 8931 8932 9200
f 8939 8578 8581
f 8573 8578 8574
f 8129 8128 8133
f 9756 9752 9751
f 9564 9565 9559
f 7737 7329 7330
f 7748 7742 7747
f 7742 7741 7747
f 9400 9567 9396
f 8122 8569 8568
f 7330 7331 7334
f 9565 9751 9564
f 8569 8925 8568
f 8936 9205 9203
f 8922 8926 9191
f 9195 9399 9194
f 9756 9757 9752
f 8124 8128 8573
f 8927 8930 9195
f 9560 9559 9565
f 8936 8935 8939
f 8925 8926 8921
f 9194 9191 8926
f 8572 8124 8573
f 9399 9396 9395
f 8926 8927 9194
f 9191 9399 9395
f 8931 8935 8932
f 8572 8122 8123
f 9390 9395 9396
f 9399 9195 9400
f 9403 9404 9568
f 8932 9203 9200
f 9567 9400 9568
f 7335 7338 7742
f 8127 7742 8128
f 8123 8124 8572
f 8118 8568 8567
f 9403 9199 9200
f 9568 9401 9403
f 8930 8931 9199
f 7334 7335 7741
f 8128 8132 8133
f 8935 8578 8939
f 9567 9564 9396
f 8574 8931 8930
f 9198 8930 9199
f 7742 7741 7335
f 8573 8569 8572
f 9559 9391 9396
f 7747 7752 7748
f 8578 8128 8129
f 9195 9194 8927
f 9751 9568 9756
f 9404 9203 9410
f 7737 7741 7742
f 9760 9577 9761
f 9993 9980 9992
f 9406 9576 9575
f 9981 9980 9753
f 9970 10170 10169
f 9761 9577 9771
f 9759 9769 9770
f 9759 9760 9992
f 9981 9761 9994
f 9995 9996 9983
f 9759 9992 9769
f 9994 9761 9995
f 9770 9769 9575
f 9995 9982 9994
f 9972 10181 10171
f 9760 9993 9992
f 10371 10268 10284
f 9578 9588 9579
f 9576 9577 9760
f 9972 10171 9971
f 9971 10170 9970
f 9972 9982 10181
f 10282 10281 10171
f 9414 9576 9406
f 9981 9972 9971
f 9971 9970 9980
f 10171 10181 10172
f 10173 10172 10181
f 9997 10182 9996
f 10171 10281 10170
f 10284 10268 10283
f 9983 9996 10181
f 10182 9997 9984
f 9996 10182 10181
f 10170 10281 10280
f 10268 10282 10283
f 10172 10282 10171
f 9970 10169 9980
f 9772 9996 9771
f 9771 9578 9772
f 10283 10282 10172
f 9576 9415 9416
f 9579 9772 9578
f 9971 9980 9981
f 9770 9576 9760
f 10182 10173 10181
f 9981 9982 9972
f 9980 9760 9753
f 9760 9980 9993
f 10171 10170 9971
f 9983 10181 9982
f 9753 9761 9981
f 9753 9760 9761
f 9983 9982 9995
f 9981 9994 9982
f 9770 9760 9759
f 9761 9771 9762
f 9772 9997 9996
f 9762 9995 9761
f 9997 9772 9773
f 9576 9770 9575
f 9762 9771 9996
f 9995 9762 9996
f 9578 9771 9577
f 9587 9417 9418
f 9579 9773 9772
f 9575 9414 9406
f 9578 9577 9587
f 9414 9415 9576
f 9588 9578 9587
f 9416 9587 9577
f 9587 9418 9588
f 9416 9577 9576
f 9417 9587 9416
f 9434 9428 9427
f 9433 9220 9213
f 9428 9213 9209
f 9213 9428 9434
f 9441 9219 9220
f 9434 9427 9433
f 9441 9220 9433
f 9434 9433 9213
f 9415 9414 9207
f 9431 9432 9426
f 9426 9433 9427
f 9426 9416 9425
f 9440 9433 9432
f 9441 9433 9440
f 9415 9207 9208
f 9433 9426 9432
f 9425 9431 9426
f 9425 9415 9208
f 9208 9424 9425
f 9415 9425 9416
f 9417 9416 9426
f 9426 9427 9418
f 9417 9426 9418
f 9414 9423 9207
f 9431 9425 9424
f 9393 9394 9562
f 9201 8933 8934
f 9213 8945 9209
f 9392 9393 9562
f 9748 9392 9562
f 8938 9204 8937
f 9189 8919 9190
f 9398 9193 9187
f 8928 8929 9196
f 9397 9192 9193
f 9192 9397 9196
f 9192 9197 9193
f 8937 8579 8938
f 9188 9394 9393
f 9196 8929 9197
f 8923 9187 9193
f 8924 9187 8923
f 9748 9747 9561
f 9563 9562 9394
f 9193 9197 8923
f 9188 8917 8918
f 8937 8942 8579
f 8938 8933 9201
f 9393 9187 9188
f 8919 9189 8918
f 9213 9220 8945
f 8941 9209 8945
f 8937 8941 8942
f 8941 8937 9209
f 9209 8937 9204
f 8938 9201 9204
f 9202 9201 8934
f 9202 8934 8928
f 8928 9196 9202
f 9748 9561 9392
f 9196 9197 9192
f 9196 9397 9402
f 9398 9397 9193
f 9397 9571 9402
f 9397 9398 9566
f 9571 9397 9566
f 9187 8924 8917
f 9187 9392 9398
f 9566 9398 9392
f 9561 9566 9392
f 9188 9187 8917
f 9387 9556 9555
f 9188 8918 9394
f 8918 9189 9394
f 9394 9189 9563
f 9187 9393 9392
f 9189 9387 9563
f 9190 9387 9189
f 9563 9387 9555
f 9975 9747 9748
f 9555 9556 9741
f 10010 9769 9992
f 9980 10169 10180
f 10010 10009 9769
f 9586 9414 9575
f 9768 9779 9769
f 9779 9586 9769
f 10010 9992 9991
f 10021 9768 10009
f 9575 9769 9586
f 9769 10009 9768
f 10180 9979 9980
f 9555 9741 9740
f 9402 9408 9409
f 9746 9973 9985
f 9740 9750 9563
f 9201 9409 9408
f 9409 9196 9402
f 9965 9976 9750
f 9580 9581 9774
f 10272 10271 10162
f 9581 9763 9774
f 10284 10283 10174
f 9581 9402 9571
f 9419 9418 9407
f 9570 9581 9571
f 10271 10272 10374
f 9581 9570 9763
f 9747 9975 9974
f 9427 9209 9418
f 9763 9997 9774
f 9407 9408 9581
f 9998 9984 9997
f 9763 9998 9997
f 9965 10271 10161
f 9571 9763 9570
f 9985 9984 9998
f 9984 9985 10182
f 9419 9201 9407
f 9750 9749 9562
f 10173 10182 10174
f 9562 9749 9748
f 9746 9747 9973
f 10283 10173 10174
f 10174 9747 9974
f 9749 9976 9748
f 9965 10161 9976
f 9561 9747 9746
f 10174 10175 10285
f 9976 9975 9748
f 9750 9976 9749
f 9763 9755 9754
f 9975 9976 10161
f 9740 9965 9750
f 9196 9409 9202
f 10176 9975 10161
f 9763 9571 9566
f 10371 10269 10372
f 9407 9581 9580
f 10176 10161 10271
f 9774 9997 9773
f 10175 10372 10285
f 10271 9965 10162
f 10270 10271 10373
f 9973 10174 9985
f 9774 9773 9580
f 10271 10374 10373
f 10269 10285 10372
f 10269 10371 10284
f 10174 10182 9985
f 9418 9419 9588
f 10270 10176 10271
f 10375 10374 10272
f 10476 10373 10374
f 10477 10476 10375
f 9754 9755 9566
f 8920 9190 8919
f 9998 9754 9985
f 9402 9581 9408
f 10176 10175 9974
f 10175 10174 9974
f 9579 9588 9580
f 10375 10256 10348
f 9579 9580 9773
f 9741 9966 9740
f 9580 9588 9419
f 9201 9419 9204
f 9561 9746 9754
f 9204 9418 9209
f 10348 10477 10375
f 9563 9555 9740
f 9209 9427 9428
f 10176 10270 10175
f 9747 10174 9973
f 10372 10175 10270
f 9750 9562 9563
f 10283 10172 10173
f 10285 10284 10174
f 10372 10270 10373
f 9407 9580 9419
f 9566 9755 9763
f 9746 9985 9754
f 10372 10373 10475
f 10162 9965 9966
f 9408 9407 9201
f 9998 9763 9754
f 9202 9409 9201
f 10176 9974 9975
f 10269 10284 10285
f 9418 9204 9419
f 9561 9754 9566
f 9965 9740 9966
f 10375 10476 10374
f 10273 10375 10272
f 10256 10273 10255
f 10273 10256 10375
f 10163 10162 9966
f 10255 10273 10163
f 10162 10163 10273
f 9966 9967 10163
f 9741 9742 9966
f 10162 10273 10272
f 9967 9966 9742
f 9742 9741 9556
f 67 46 43
f 53 36 58
f 14 3 2
f 28 22 23
f 28 11 24
f 58 65 89
f 58 89 84
f 36 37 41
f 37 31 32
f 22 10 23
f 10 5 6
f 90 65 91
f 95 90 91
f 90 95 94
f 28 42 41
f 37 32 17
f 41 42 46
f 29 42 28
f 36 40 58
f 37 17 22
f 13 2 1
f 22 28 27
f 36 53 31
f 53 49 31
f 65 66 91
f 37 36 31
f 22 27 41
f 53 58 78
f 77 78 84
f 49 53 52
f 103 52 77
f 77 103 141
f 49 52 77
f 23 10 28
f 41 59 40
f 95 92 96
f 43 60 67
f 59 41 65
f 89 65 64
f 125 96 92
f 43 42 29
f 90 89 64
f 5 10 17
f 6 5 2
f 77 52 53
f 96 67 92
f 32 31 49
f 46 42 43
f 64 65 90
f 18 17 13
f 22 17 10
f 28 24 29
f 10 11 28
f 17 18 5
f 6 2 3
f 67 95 91
f 69 91 95
f 67 96 95
f 125 95 96
f 95 66 69
f 126 125 92
f 59 58 40
f 9 22 10
f 84 83 77
f 66 91 69
f 78 77 53
f 67 66 46
f 66 95 91
f 41 37 22
f 27 28 41
f 46 45 41
f 67 91 66
f 45 65 41
f 36 41 40
f 65 45 66
f 6 11 10
f 84 78 58
f 2 5 1
f 59 65 58
f 3 7 6
f 46 66 45
f 18 1 5
f 1 18 13
f 8768 8770 8767
f 8766 8768 8767
f 8764 8766 8765
f 8768 8765 8767
f 8766 8767 8765
f 5536 5231 5228
f 5529 5524 5530
f 5227 5228 5231
f 5230 5227 5231
f 5536 5228 5533
f 5524 5224 5220
f 5228 5227 5533
f 5235 5538 5234
f 5821 5825 5533
f 5226 5227 5230
f 5529 5530 5533
f 5536 5538 5231
f 5822 5821 5533
f 5825 5536 5533
f 6086 5795 6084
f 5529 5227 5224
f 5231 5234 5230
f 5533 5530 5822
f 8764 8762 8763
f 8763 8765 8764
f 8768 8766 8765
f 5231 5235 5234
f 5533 5227 5529
f 5231 5538 5235
f 8377 8372 8371
f 7933 8389 8394
f 8764 8393 8762
f 8389 8384 8758
f 8389 7933 7930
f 8754 8380 8376
f 8404 8403 7948
f 8380 8381 8377
f 8768 8403 8766
f 8758 8760 8389
f 8760 8762 8389
f 8400 8403 8404
f 8371 8754 8377
f 8384 8756 8758
f 8408 8403 8407
f 8397 8394 8396
f 8394 8389 8393
f 8400 8764 8766
f 8380 8384 8385
f 8372 8368 8371
f 8400 8396 8764
f 8385 8389 7930
f 7922 8368 8372
f 8376 8377 8754
f 8403 8400 8766
f 8377 8376 8380
f 8368 7922 7919
f 8385 8381 8380
f 8380 8756 8384
f 8408 8407 8770
f 5529 5224 5524
f 8403 8408 7948
f 8389 8762 8393
f 8764 8396 8393
f 8380 8754 8756
f 8393 8396 8394
f 8385 8384 8389
f 8770 8407 8768
f 8768 8407 8403
f 5536 5825 5538
f 7924 7513 7512
f 5829 5538 5825
f 7521 7517 7927
f 7119 7513 7122
f 5825 5830 5829
f 7525 7131 7521
f 5530 5524 5525
f 5223 5220 5224
f 7927 7525 7521
f 5519 5525 5524
f 7119 7505 7509
f 7526 7134 7131
f 5538 5541 5540
f 7529 7526 7525
f 5829 5541 5538
f 7509 7513 7119
f 5541 5829 5832
f 5833 5829 5830
f 7119 7116 7505
f 8392 8388 8391
f 8395 8398 8399
f 8402 8765 8399
f 8392 8391 8395
f 8759 8757 8388
f 8763 8392 8395
f 8765 8402 8767
f 8763 8762 8761
f 8763 8761 8392
f 8398 8395 7940
f 8769 8768 8767
f 8770 8768 8769
f 8763 8399 8765
f 8402 8399 8401
f 8763 8395 8399
f 8399 8398 8401
f 8401 8398 7944
f 7944 8398 7940
f 8762 8760 8761
f 8392 8761 8759
f 8759 8761 8760
f 8388 8392 8759
f 8760 8758 8757
f 8759 8760 8757
f 5519 5524 5216
f 7508 7505 7916
f 7508 7509 7505
f 5208 5510 5514
f 7509 7512 7513
f 7512 7509 7508
f 7916 7919 7508
f 7512 7508 7919
f 5514 5515 5519
f 7131 7128 7521
f 7919 7922 7512
f 8377 7924 8372
f 7922 7924 7512
f 7513 7924 7517
f 7122 7513 7517
f 7125 7122 7517
f 7924 7922 8372
f 7927 7517 7924
f 7517 7128 7125
f 7927 7924 8377
f 7517 7521 7128
f 7927 8377 8381
f 7927 7930 7525
f 8381 8385 7927
f 7525 7526 7131
f 7933 7525 7930
f 8385 7930 7927
f 7933 7529 7525
f 7134 7526 7529
f 5514 5212 5208
f 5514 5519 5212
f 5212 5519 5216
f 5524 5220 5216
f 5220 5215 5216
f 5199 5200 5502
f 5511 5208 5204
f 5511 5515 5510
f 5199 5502 5204
f 5515 5514 5510
f 5510 5208 5511
f 5833 5830 6124
f 6120 6425 6123
f 6108 6112 6109
f 6403 6404 6088
f 6413 6415 6099
f 5795 6086 6088
f 6741 6745 6742
f 7538 7533 7537
f 6411 6093 6409
f 7111 7116 6721
f 6738 7134 6742
f 6423 6421 6745
f 6121 6123 6124
f 6748 7140 7142
f 6428 6123 6425
f 6120 6123 6121
f 6411 6413 6096
f 5800 5798 6091
f 6123 6428 6124
f 7544 7542 7948
f 8400 7945 8396
f 7933 7533 7529
f 8408 7955 7951
f 7945 7542 7537
f 8394 7937 7933
f 7941 7945 7537
f 8396 7945 7941
f 7937 7941 7533
f 7533 7933 7937
f 7948 7945 8400
f 7955 7549 7951
f 7537 7533 7941
f 8408 7951 7948
f 7948 7542 7945
f 7941 8394 8397
f 7941 8397 8396
f 7941 7937 8394
f 7549 7544 7948
f 7549 7948 7951
f 7948 8400 8404
f 6423 6425 6120
f 6726 6409 6406
f 6100 6096 6099
f 6124 5830 6121
f 6733 6736 6413
f 6754 6751 7149
f 6425 6751 6754
f 5826 5830 5825
f 6088 6091 5798
f 7137 6741 7134
f 6112 6117 6113
f 6428 6425 6754
f 6400 6723 6403
f 6116 6120 6121
f 7142 7538 7537
f 7542 7544 7545
f 6736 7131 6738
f 7529 7533 7137
f 5807 5805 6096
f 6415 6103 6100
f 6748 6425 6423
f 6116 6423 6120
f 6121 6117 6116
f 6088 6404 6091
f 5807 6096 6100
f 6086 6400 6401
f 6124 6428 6127
f 6741 6742 7134
f 5810 6103 6105
f 6116 6112 6423
f 6751 6425 6748
f 5833 6124 6127
f 6417 6415 6736
f 6754 7149 7152
f 7122 6728 6726
f 7140 7538 7142
f 6745 7140 6748
f 6112 6421 6423
f 6419 6417 6742
f 7545 7142 7542
f 6091 6093 5800
f 6401 6400 6403
f 6113 6109 6112
f 6100 6099 6415
f 6417 6738 6742
f 7149 6751 7145
f 6403 6088 6401
f 7137 7538 7140
f 6726 6406 6723
f 6745 6741 7140
f 6421 6742 6745
f 7142 6751 6748
f 6088 5798 5795
f 7538 7137 7533
f 6728 7122 7125
f 7142 7145 6751
f 7137 7140 6741
f 6742 6421 6419
f 6417 6419 6108
f 6096 6093 6411
f 6419 6421 6112
f 5823 5819 6117
f 6112 6108 6419
f 6745 6748 6423
f 7537 7542 7142
f 6117 5819 6113
f 6105 6108 6109
f 6415 6417 6103
f 6112 6116 6117
f 7149 7145 7550
f 7145 7142 7545
f 7137 7134 7529
f 5819 6109 6113
f 7145 7545 7550
f 6109 5819 5816
f 6088 6086 6401
f 6103 6417 6108
f 6121 5830 5826
f 6093 6091 6409
f 7545 7544 7549
f 7131 7134 6738
f 7116 6723 6721
f 6105 6103 6108
f 5810 6100 6103
f 7549 7955 7550
f 7545 7549 7550
f 6736 6738 6417
f 5813 6105 6109
f 6109 5816 5813
f 6732 6733 7125
f 6728 6409 6726
f 6736 6733 7131
f 5810 6105 5813
f 7128 7131 6733
f 7128 6733 6732
f 6415 6413 6736
f 5805 6093 6096
f 7128 6732 7125
f 6100 5810 5807
f 6413 6099 6096
f 6413 6411 6733
f 6728 7125 6733
f 6728 6733 6411
f 6728 6411 6409
f 6093 5805 5802
f 6404 6403 6406
f 6726 7119 7122
f 6409 6091 6406
f 6091 6407 6406
f 6093 5802 5800
f 6403 6723 6406
f 6723 6400 6721
f 6726 6723 7119
f 7119 6723 7116
f 6406 6407 6404
f 6407 6091 6404
f 6397 6721 6400
f 6719 6721 6397
f 6721 6719 7111
f 6400 6398 6397
f 6719 7107 7111
f 6400 6086 6084
f 6400 6084 6398
f 5810 5812 5809
f 5812 5813 5815
f 5804 5807 5507
f 5530 5525 5815
f 5818 5815 5816
f 5512 5507 5807
f 5805 5807 5804
f 5204 5506 5511
f 5520 5516 5812
f 5519 5515 5520
f 5809 5812 5516
f 5816 5819 5818
f 5800 5802 5500
f 5521 5520 5812
f 5812 5810 5813
f 5512 5511 5506
f 5511 5512 5516
f 5496 5495 5493
f 5812 5526 5521
f 5516 5515 5511
f 5815 5813 5816
f 5526 5815 5525
f 5521 5526 5520
f 5804 5507 5805
f 5498 5499 5502
f 5495 5491 5492
f 5498 5495 5499
f 5520 5526 5525
f 5793 5796 5795
f 5525 5519 5520
f 5800 5496 5798
f 5821 5822 5825
f 6117 5826 5823
f 5507 5503 5805
f 5822 5819 5823
f 5512 5809 5516
f 8401 7944 7947
f 5506 5204 5502
f 5822 5818 5819
f 5506 5502 5503
f 5515 5516 5520
f 5491 5495 5192
f 5818 5530 5815
f 5809 5512 5807
f 5500 5503 5499
f 5815 5526 5812
f 5500 5802 5503
f 5502 5499 5503
f 5822 5530 5818
f 5503 5802 5805
f 5500 5499 5800
f 5825 5822 5823
f 5507 5512 5506
f 5502 5200 5498
f 5507 5506 5503
f 5823 5826 5825
f 5499 5496 5800
f 5196 5498 5200
f 5826 6117 6121
f 5498 5192 5495
f 5495 5492 5493
f 5196 5192 5498
f 5798 5496 5493
f 5493 5795 5798
f 5492 5491 5189
f 5488 5492 5189
f 5807 5810 5809
f 5495 5496 5499
f 3418 3247 3425
f 3769 3584 3586
f 3986 4206 3987
f 3255 3259 3443
f 4448 4205 4450
f 4205 4448 4445
f 4205 4445 4201
f 4450 4205 4208
f 3255 3439 3251
f 3439 3433 3251
f 3433 3439 3434
f 3073 3241 3238
f 3603 3607 3606
f 3447 3451 3450
f 3587 3418 3425
f 4202 4205 4201
f 3238 3241 3418
f 3987 4206 3983
f 3611 3610 3789
f 3587 3770 3586
f 4202 4201 3983
f 3979 3978 3770
f 3413 3237 3238
f 3417 3418 3586
f 3775 3770 3771
f 3770 3587 3771
f 3592 3587 3425
f 3255 3438 3439
f 4202 3983 4206
f 3238 3418 3417
f 3418 3587 3586
f 3771 3587 3592
f 3599 3780 3591
f 3782 3991 3783
f 3786 3603 3606
f 3603 3783 3599
f 3599 3783 3780
f 3786 3785 3789
f 3997 3789 3790
f 3783 3991 3780
f 3991 3987 3780
f 3794 4001 3997
f 3785 3786 3606
f 3794 3789 3793
f 3433 3252 3251
f 3783 3603 3786
f 3794 3997 3789
f 3991 3783 3786
f 3417 3414 3238
f 3432 3437 3603
f 3584 3413 3414
f 3776 3592 3591
f 4206 4205 4202
f 3775 3780 3987
f 3979 3770 3983
f 3599 3591 3592
f 4196 3978 4197
f 3780 3775 3776
f 3990 3987 3991
f 3983 3770 3775
f 3592 3776 3775
f 4197 3979 4201
f 4205 3986 3990
f 3438 3255 3443
f 4441 4201 4445
f 3418 3241 3242
f 3432 3599 3424
f 3247 3418 3242
f 3247 3426 3425
f 3793 3610 3615
f 3591 3780 3776
f 3775 3771 3592
f 3599 3432 3431
f 3446 3450 3615
f 3592 3424 3599
f 3770 3769 3586
f 3592 3425 3424
f 3434 3426 3252
f 3599 3431 3598
f 3433 3425 3434
f 3432 3424 3433
f 3426 3434 3425
f 3450 3616 3451
f 3615 3450 3451
f 3431 3432 3598
f 4197 3978 3979
f 3434 3252 3433
f 3238 3414 3413
f 3979 3983 4201
f 4205 4206 3986
f 3607 3611 3606
f 3978 3769 3770
f 3584 3414 3586
f 4197 4201 4441
f 3599 3598 3432
f 3437 3432 3438
f 3611 3607 3442
f 3986 3987 3990
f 3785 3606 3789
f 3433 3438 3432
f 3794 3793 3615
f 3447 3443 3263
f 3438 3442 3437
f 3599 3432 3603
f 3611 3446 3615
f 3434 3439 3438
f 3414 3417 3586
f 3424 3425 3433
f 3437 3603 3438
f 3434 3438 3433
f 3607 3603 3437
f 3793 3789 3610
f 3442 3438 3443
f 3983 3775 3987
f 3607 3437 3442
f 3766 3769 3978
f 3443 3446 3442
f 3442 3446 3611
f 3786 3994 3991
f 3789 3994 3786
f 3993 3789 3997
f 3994 3789 3993
f 3993 4211 3990
f 3990 4211 4208
f 3994 3990 3991
f 3993 3990 3994
f 3990 4208 4205
f 3447 3446 3443
f 3789 3606 3611
f 3263 3443 3259
f 3446 3447 3450
f 3611 3615 3610
f 3615 3451 3616
f 3447 3263 3272
f 3272 3451 3447
f 6710 6386 6712
f 5772 5775 5771
f 6381 6378 6071
f 6381 6384 6380
f 6391 6387 6079
f 6075 6077 6384
f 6378 6380 6377
f 6073 6381 6071
f 6073 6075 6381
f 6377 6708 6706
f 6712 6386 6714
f 5771 5774 6073
f 5777 6075 6073
f 5784 6079 6077
f 6380 6710 6708
f 7918 8369 8365
f 6414 6735 6412
f 7514 7124 7515
f 6396 6718 6393
f 7133 7132 7136
f 6729 6410 6731
f 6730 6731 6735
f 7920 7516 7923
f 7514 7515 7510
f 7519 7523 7520
f 7518 7519 7127
f 6734 6730 6735
f 7141 6743 6746
f 7135 7132 6739
f 6085 5794 6087
f 6720 6718 6399
f 5785 5788 6081
f 6414 6416 6737
f 7124 7514 7121
f 7130 7518 7127
f 6402 6722 6399
f 6746 6749 7143
f 7519 7518 7523
f 7123 6729 6730
f 7522 7130 7133
f 7136 7135 7534
f 6743 7141 7138
f 7510 7121 7514
f 7120 7117 6724
f 7103 6714 6716
f 7124 7121 7120
f 6394 6396 6393
f 7127 7129 7130
f 7534 7135 7138
f 7133 7130 7132
f 7511 7515 7519
f 7518 7130 7522
f 7124 7120 7123
f 7127 7126 7129
f 7510 7515 7511
f 7511 7519 7516
f 7123 7127 7124
f 7121 7117 7120
f 7522 7523 7518
f 7506 7121 7510
f 7132 7130 7129
f 7519 7520 7516
f 7516 7920 7511
f 7117 7121 7118
f 7524 7520 7523
f 7135 7136 7132
f 7126 7127 7123
f 7516 7520 7925
f 7118 7121 7506
f 7520 7524 7925
f 7923 7516 7925
f 7506 7503 7118
f 7503 7115 7118
f 7115 7114 7118
f 7117 7114 6722
f 8353 8349 8352
f 7902 7906 7899
f 7915 8362 8359
f 7909 7905 7908
f 7899 7898 7902
f 7493 7902 7490
f 7898 7487 7490
f 7906 7903 7899
f 7487 7894 7484
f 7493 7496 7497
f 7489 7490 7486
f 7906 7905 7909
f 7915 8365 8362
f 7906 7902 7905
f 7497 7908 7905
f 7914 7912 7911
f 7908 7911 7909
f 7096 7482 7091
f 8349 8346 7899
f 7493 7489 7492
f 8366 8362 8365
f 7497 7905 7493
f 7912 7909 7911
f 7096 7489 7486
f 7482 7487 7483
f 7902 7898 7490
f 7902 7493 7905
f 7511 7920 7507
f 7496 7908 7497
f 8346 8349 8350
f 7915 8359 7912
f 7906 7909 8356
f 7489 7100 7492
f 7500 7911 7908
f 7899 7894 7898
f 7486 7490 7487
f 7096 7100 7489
f 7903 8349 7899
f 8363 8362 8366
f 7493 7490 7489
f 8356 7909 7912
f 7484 7483 7487
f 8357 8356 8359
f 7496 7500 7908
f 6383 6710 6380
f 5781 5784 6077
f 5785 5784 5781
f 6073 6071 5771
f 6380 6378 6381
f 6377 6380 6708
f 6386 6384 6387
f 6384 6386 6383
f 6079 5784 5785
f 6079 6387 6077
f 6384 6383 6380
f 7495 7496 7493
f 7495 7500 7496
f 8352 7903 7906
f 8356 8357 8353
f 8356 8352 7906
f 7915 7912 7914
f 7486 7482 7096
f 7495 7499 7500
f 8359 8360 8357
f 8353 8350 8349
f 7500 7499 7503
f 7503 7506 7507
f 7917 7914 7504
f 7503 7507 7504
f 7113 7503 7499
f 7903 8352 8349
f 7126 6730 7129
f 8365 7915 7918
f 7507 7917 7504
f 8352 8356 8353
f 7898 7894 7487
f 6079 5785 6081
f 6391 6079 6081
f 6720 6399 6722
f 6727 7123 7120
f 6402 6089 6405
f 7914 7911 7500
f 6724 6402 6405
f 7107 7106 7111
f 7507 7920 7917
f 6402 6087 6089
f 7482 7486 7487
f 7506 7510 7507
f 6081 6396 6394
f 5788 5791 6083
f 6718 6396 6399
f 6408 6089 6092
f 7918 7917 7920
f 6734 6414 6737
f 6393 6391 6394
f 6402 6724 6722
f 7507 7510 7511
f 6405 6089 6408
f 7918 7915 7914
f 7103 6716 6718
f 6722 7112 6720
f 7492 7495 7493
f 7912 8359 8356
f 8362 8363 8360
f 7914 7500 7504
f 7120 6724 6727
f 6716 6714 6393
f 5788 6083 6081
f 6391 6393 6714
f 7914 7917 7918
f 8360 8359 8362
f 6747 6749 6746
f 7504 7500 7503
f 7099 7095 7094
f 7089 6710 6712
f 7094 7095 7089
f 6712 6714 7099
f 6727 6724 6405
f 7136 7530 7133
f 7133 7527 7522
f 7523 7522 7527
f 6729 7123 6727
f 7530 7531 7527
f 7535 7530 7534
f 6396 6085 6399
f 6729 6727 6408
f 7536 7540 7541
f 7527 7524 7523
f 6740 6744 6739
f 6402 6399 6085
f 7132 7129 6737
f 7105 7104 7109
f 7530 7535 7531
f 7148 7144 7143
f 6386 6390 6714
f 7527 7531 7528
f 7539 7139 7141
f 7527 7528 7524
f 6390 6391 6714
f 7148 7547 7144
f 7530 7136 7534
f 6730 7126 7123
f 7532 7528 7531
f 7534 7138 7139
f 6739 6743 7135
f 7547 7543 7144
f 7495 7105 7109
f 7532 7531 7535
f 7935 7528 7934
f 7143 7144 7539
f 7539 7144 7543
f 7141 7143 7539
f 7947 7541 7946
f 6725 6724 6405
f 7095 7090 7089
f 7539 7543 7540
f 7141 6746 7143
f 7535 7536 7532
f 7935 7934 7938
f 7540 7534 7539
f 7934 7532 7938
f 7090 7085 7089
f 8364 8368 7916
f 7916 8368 7919
f 6734 6735 6414
f 7536 7938 7532
f 6710 7089 6708
f 7090 7482 7086
f 6730 6734 7129
f 7548 7543 7547
f 7089 7085 6708
f 7117 6722 6724
f 7935 7938 7939
f 7916 7505 7501
f 7501 7913 7916
f 7540 7543 7541
f 6083 5794 6085
f 7536 7535 7540
f 6731 6410 6412
f 7505 7502 7501
f 7939 7938 7536
f 7541 7942 7536
f 7112 7115 7113
f 7502 7913 7501
f 7946 7543 7548
f 7505 7116 7502
f 7532 7934 7528
f 6714 7103 7099
f 7502 7116 7111
f 7942 7947 7939
f 7913 8364 7916
f 6740 6739 6737
f 7498 7502 7111
f 7910 7502 7498
f 7530 7527 7133
f 7094 6712 7099
f 7910 7498 7494
f 7139 7539 7534
f 6737 7129 6734
f 7541 7947 7942
f 7138 7141 7139
f 7543 7946 7541
f 6391 6390 6386
f 7536 7942 7939
f 7540 7535 7534
f 6731 6412 6735
f 6085 6396 6083
f 7106 7494 7498
f 6087 6402 6085
f 7910 7913 7502
f 7106 7498 7111
f 7108 7103 6718
f 6408 6410 6729
f 7109 7108 7113
f 7138 7135 6743
f 7108 6718 7112
f 7492 7104 7105
f 7499 7495 7110
f 8360 8363 8746
f 8368 8364 8367
f 7086 7085 7090
f 8752 8754 8371
f 6394 6391 6081
f 6706 6708 7085
f 8744 8745 8354
f 6739 6744 6743
f 6731 6730 6729
f 8355 8744 8354
f 8358 8361 7913
f 8742 8350 8353
f 6739 7132 6737
f 7089 6712 7094
f 7482 7090 7091
f 7091 7090 7095
f 7494 7907 7910
f 8371 8368 8752
f 8357 8744 8353
f 8355 7910 7907
f 7109 7113 7110
f 8354 8745 8358
f 6396 6081 6083
f 7095 7096 7091
f 6718 6720 7112
f 6393 6718 6716
f 6405 6408 6727
f 8752 8368 8750
f 8368 8367 8750
f 8382 7926 7929
f 8748 8750 8367
f 8748 8367 8364
f 8751 8752 8370
f 7925 7926 7923
f 8748 8361 8746
f 8388 8757 8383
f 8361 8358 8746
f 8358 8745 8746
f 7910 8358 7913
f 8746 8363 8748
f 8355 8358 7910
f 7928 7524 7528
f 8354 8358 8355
f 7095 7099 7100
f 8391 8387 8390
f 8745 8360 8746
f 7926 7925 7929
f 8744 8357 8745
f 8360 8745 8357
f 8351 8355 7907
f 8744 8355 8743
f 8374 8373 8378
f 8353 8744 8742
f 7096 7095 7100
f 7494 7904 7907
f 7931 7935 7932
f 7904 8351 7907
f 8378 7926 8382
f 8744 8743 8742
f 7940 7943 7944
f 7103 7100 7099
f 7944 7943 7947
f 8365 8369 8370
f 8379 8378 8383
f 8390 7932 7936
f 7104 7492 7100
f 7103 7104 7100
f 7932 8386 8383
f 8383 8757 8379
f 7109 7104 7103
f 8370 8369 8374
f 8387 8386 8390
f 8361 8364 7913
f 7108 7109 7103
f 7931 7528 7935
f 8370 8374 8375
f 8361 8748 8364
f 8758 8754 8756
f 8378 8373 7926
f 8351 8743 8355
f 8747 8748 8363
f 7495 7492 7105
f 7148 7143 7147
f 8752 8751 8754
f 8756 8753 8755
f 7108 7112 7113
f 8363 8366 8747
f 7495 7109 7110
f 7110 7113 7499
f 6722 7114 7112
f 7112 7114 7115
f 7124 7127 7519
f 7124 7519 7515
f 8391 8390 8395
f 8749 8752 8750
f 7936 7940 8395
f 8390 8386 7932
f 8390 7936 8395
f 7936 7939 7940
f 7943 7940 7939
f 8391 8388 8387
f 8382 7929 8383
f 7939 7947 7943
f 8387 8388 8383
f 8375 8374 8379
f 7935 7939 7936
f 7117 7118 7114
f 7935 7936 7932
f 7923 7921 7920
f 8756 8757 8758
f 8379 8757 8755
f 8747 8749 8750
f 8755 8757 8756
f 8749 8366 8370
f 8378 8382 8383
f 7932 7929 7931
f 7929 7932 8383
f 7928 7528 7931
f 7920 7921 7918
f 7113 7115 7503
f 7931 7929 7928
f 8756 8754 8753
f 8379 8755 8375
f 8370 8366 8365
f 7929 7925 7928
f 7928 7925 7524
f 8753 8375 8755
f 8753 8754 8751
f 8379 8374 8378
f 8370 8753 8751
f 7926 8373 7923
f 8386 8387 8383
f 8375 8753 8370
f 7921 7923 8373
f 8752 8749 8370
f 8369 8373 8374
f 7921 8373 8369
f 8369 7918 7921
f 8366 8749 8747
f 8748 8747 8750
f 5777 5775 5778
f 6077 6075 5781
f 6386 6387 6391
f 6710 6383 6386
f 5781 6075 5777
f 5771 5775 5774
f 5774 5775 5777
f 6384 6381 6075
f 5463 5772 5769
f 6387 6384 6077
f 5777 6073 5774
f 5772 5771 5769
f 8460 8006 8011
f 8001 8002 8008
f 8007 8454 8446
f 8008 7620 7623
f 8007 8006 8454
f 8006 8012 8011
f 7625 8013 7623
f 8445 8446 8454
f 8013 8012 8008
f 8007 8008 8012
f 8013 8008 7623
f 7620 7617 7616
f 8453 8006 8460
f 8002 7620 8008
f 8007 8001 8008
f 8001 8007 8446
f 8012 8006 8007
f 8454 8006 8453
f 8453 8445 8454
f 6487 6491 6843
f 6849 7257 7249
f 6849 7249 6846
f 7235 7242 7241
f 6840 6487 6843
f 6494 6843 6495
f 6843 6494 6846
f 6843 6846 7242
f 6840 7242 7235
f 7242 6840 6843
f 6491 6495 6843
f 7235 6839 6840
f 7212 7632 7213
f 6487 6488 6491
f 6492 6491 6488
f 6488 6487 6840
f 7213 7632 7633
f 6836 6488 6486
f 6834 6829 6835
f 6489 6492 6488
f 7221 6817 6816
f 7217 7216 7213
f 6486 6488 6835
f 6823 6822 6817
f 6827 6828 6834
f 7632 7216 7638
f 6835 6488 6840
f 6822 6816 6817
f 6835 6840 6834
f 6836 6486 6835
f 6827 6834 6833
f 7632 7212 7216
f 6834 6828 6829
f 7221 7217 6817
f 7222 6817 7217
f 6823 6829 6822
f 6822 6829 6828
f 7216 7217 7221
f 7216 7212 7213
f 7256 7257 7264
f 7657 7662 7244
f 7653 7662 7657
f 7649 7653 8032
f 7662 7244 7252
f 7249 7257 7248
f 7256 7248 7257
f 7628 7625 7629
f 7213 7633 7629
f 7628 8012 7625
f 7625 8012 8013
f 7632 7628 7629
f 8018 8011 8012
f 7633 7632 7629
f 8012 7628 8018
f 8030 7653 8036
f 7662 7658 7653
f 7662 7252 7666
f 7658 7662 7666
f 7658 7666 7663
f 7667 7663 7666
f 7668 7663 7667
f 8047 7663 7668
f 8047 8044 7663
f 8860 9121 9120
f 8047 7668 8051
f 8826 8819 8818
f 8041 8047 8044
f 8047 8048 8489
f 8854 8851 8490
f 9123 9121 8860
f 8820 8819 8826
f 8839 8840 8834
f 9120 8857 8860
f 8844 8849 8845
f 8492 8859 8854
f 9109 8845 8849
f 8819 8820 8810
f 9118 8857 9120
f 8487 8484 8486
f 8490 8489 8492
f 8857 9118 8855
f 8827 8833 8834
f 8811 8810 8820
f 8854 8855 8852
f 8839 8845 8840
f 8827 8820 8826
f 8852 8855 9118
f 8849 9116 9114
f 8834 8833 8839
f 8487 8849 8480
f 8854 8852 8851
f 8849 8844 8480
f 8490 8851 8487
f 9116 9121 9329
f 8484 8041 8486
f 8051 8048 8047
f 9121 9116 9118
f 8487 8851 8849
f 8851 8852 8849
f 9116 9329 9114
f 9109 9110 8845
f 8044 8047 8489
f 8486 8044 8489
f 8489 8490 8487
f 8833 8827 8826
f 8849 8852 9116
f 8044 8486 8041
f 8844 8845 8839
f 8857 8855 8859
f 9109 8849 9114
f 8840 8845 8841
f 8841 8845 9110
f 8489 8487 8486
f 8484 8487 8480
f 8492 8489 8048
f 8490 8492 8854
f 8040 7649 7653
f 7663 8044 7653
f 8474 8033 8475
f 8483 8479 8478
f 8041 8484 8483
f 7653 8037 8036
f 8040 7653 8036
f 7658 7663 7653
f 7653 8041 8037
f 8041 7653 8044
f 8479 8483 8484
f 8037 8483 8478
f 8036 7649 8040
f 8036 8033 8032
f 8037 8041 8483
f 8036 8037 8033
f 8032 8040 8036
f 8033 8478 8475
f 8474 8032 8033
f 8032 8030 8036
f 7649 8036 7653
f 8474 8030 8032
f 8478 8033 8037
f 8816 8824 8817
f 8816 8808 8807
f 8825 8818 8824
f 8452 8458 8451
f 8451 8816 8807
f 8809 8817 8818
f 8451 8807 8808
f 8832 8824 8831
f 8808 8816 8817
f 8824 8818 8817
f 8825 8824 8832
f 7645 8032 7649
f 7658 7237 7662
f 8030 7640 7645
f 7649 8032 8036
f 7244 7662 7237
f 7658 7653 7649
f 8032 8030 7645
f 7252 7244 7237
f 8854 8859 8855
f 9118 9120 9121
f 9118 9116 8852
f 9114 9110 9109
f 9123 9124 9121
f 9124 9332 9121
f 9329 9121 9332
f 9126 9129 9127
f 9127 9129 9130
f 9126 9124 9123
f 9124 9126 9127
f 8847 8480 8844
f 8484 8480 8847
f 8843 8847 8844
f 8472 8476 8843
f 8843 8844 8838
f 8831 8837 8843
f 8847 8843 8479
f 8843 8838 8831
f 8476 8479 8843
f 8484 8847 8479
f 8843 8837 8472
f 8479 8476 8478
f 8816 8451 8457
f 8830 8831 8823
f 8468 8830 8823
f 8458 8463 8462
f 8824 8816 8823
f 8462 8457 8458
f 8823 8831 8824
f 8468 8823 8467
f 8823 8462 8467
f 8837 8831 8472
f 8478 8472 8475
f 8478 8476 8472
f 8463 8467 8462
f 8468 8471 8472
f 8462 8471 8467
f 8831 8830 8472
f 8816 8462 8823
f 8471 8474 8472
f 8471 8030 8474
f 8472 8830 8468
f 8451 8458 8457
f 8462 8816 8457
f 8474 8475 8472
f 8468 8467 8471
f 8831 8838 8832
f 8832 8838 8833
f 8826 8818 8825
f 8838 8839 8833
f 8832 8826 8825
f 8833 8826 8832
f 8839 8838 8844
f 8808 8817 8809
f 8446 8810 8804
f 8453 8460 8452
f 8452 8451 8808
f 8804 8810 8811
f 8810 8446 8803
f 8446 8445 8802
f 8453 8452 8445
f 8445 8808 8809
f 8819 8810 8818
f 8452 8460 8459
f 8809 8803 8802
f 8445 8452 8808
f 8812 8804 8811
f 8802 8445 8809
f 8803 8446 8802
f 8818 8810 8809
f 8803 8809 8810
f 8446 8804 8447
f 8448 8804 8805
f 8448 8447 8804
f 8804 8812 8805
f 8030 8026 7640
f 8021 8022 8027
f 8023 8027 8022
f 7637 7631 7638
f 7631 7637 8023
f 7632 7638 7631
f 8025 8032 8030
f 8026 7641 7640
f 8020 8025 8467
f 8020 8021 8025
f 8028 7637 8027
f 8463 8021 8020
f 8028 8023 7637
f 8023 8022 8017
f 8021 8027 8026
f 8017 7628 8023
f 8021 8463 8016
f 8463 8020 8467
f 8028 8027 8023
f 7631 7628 7632
f 7635 7641 8026
f 7635 8026 8027
f 7628 7631 8023
f 8460 8011 8017
f 8452 8459 8458
f 7645 7640 7641
f 8469 8021 8464
f 8458 8459 8463
f 7628 8017 8018
f 8459 8465 8464
f 8464 8463 8459
f 8022 8469 8464
f 8030 8025 8026
f 8018 8017 8011
f 8463 8464 8021
f 8465 8459 8460
f 8026 8025 8021
f 8017 8022 8464
f 8465 8017 8464
f 8017 8465 8460
f 8021 8469 8022
f 6822 7225 7226
f 7226 6816 6822
f 6816 7226 7221
f 7225 6822 6821
f 6840 6839 6833
f 6827 7229 6821
f 6821 7229 7225
f 7249 7242 6846
f 7216 7220 7637
f 6833 7235 7232
f 7241 7242 7249
f 7643 7637 7220
f 7249 7248 7241
f 7235 7231 7232
f 7220 7225 7643
f 7248 7255 7247
f 7225 7229 7228
f 8027 7637 7642
f 7216 7637 7638
f 7232 6827 6833
f 7224 7225 7228
f 7663 7237 7662
f 7231 7229 7232
f 7660 7655 7234
f 7636 8027 7642
f 6828 6821 6822
f 7642 7643 7647
f 7240 7248 7247
f 6840 6833 6834
f 7659 7239 7238
f 7651 7647 7224
f 7647 7651 7650
f 7231 7234 7655
f 7254 7247 7255
f 7228 7229 7231
f 7642 7650 7646
f 7220 7221 7226
f 7636 7641 7635
f 7655 7654 7651
f 7660 7240 7664
f 7238 7663 7658
f 7655 7660 7659
f 7659 7654 7655
f 7235 7241 7234
f 7228 7231 7655
f 7246 7239 7247
f 7225 7224 7647
f 6821 6828 6827
f 7216 7221 7220
f 7650 7642 7647
f 7240 7239 7664
f 7635 8027 7636
f 7643 7225 7647
f 7241 7240 7234
f 7247 7239 7240
f 7245 7239 7246
f 7650 7649 7645
f 7220 7226 7225
f 7654 7658 7650
f 7224 7228 7651
f 7646 7641 7642
f 7244 7238 7253
f 7664 7239 7659
f 7641 7636 7642
f 7234 7240 7660
f 7646 7650 7645
f 7662 7658 7663
f 7238 7658 7659
f 7244 7663 7238
f 7655 7651 7228
f 7658 7649 7650
f 7231 7235 7234
f 7239 7245 7238
f 7238 7245 7253
f 7651 7654 7650
f 7645 7641 7646
f 7240 7241 7248
f 7237 7663 7244
f 7255 7248 7256
f 7229 6827 7232
f 6839 7235 6833
f 7659 7658 7654
f 7246 7254 7245
f 7664 7659 7660
f 7247 7254 7246
f 7642 7637 7643
f 8032 7653 8030
f 8030 8471 8025
f 8025 8471 8467
f 8003 8002 8448
f 7620 7999 7617
f 8002 7999 7620
f 8002 8447 8448
f 8002 8001 8447
f 8002 8003 7999
f 8001 8446 8447
f 5146 5457 5142
f 5445 5442 5116
f 5758 5761 5760
f 6058 5751 5754
f 5751 5749 5752
f 6056 5749 5751
f 5126 5448 5121
f 4811 4814 5122
f 5445 5749 5442
f 5131 5136 5454
f 5752 5749 5445
f 4811 5122 4808
f 5122 4814 5121
f 5451 5454 5755
f 5757 5454 5758
f 5141 5454 5136
f 5121 4814 5126
f 5454 5757 5755
f 5757 5754 5755
f 4106 4311 4310
f 4817 4559 4563
f 5132 4820 5137
f 5137 5136 5132
f 5751 5755 5754
f 3893 3900 3892
f 4310 4112 4105
f 5758 5760 5757
f 6056 6053 5749
f 4118 4112 4310
f 5141 5142 5457
f 4311 4319 4318
f 4310 4318 4118
f 4112 4118 4111
f 4105 4112 4111
f 4118 4117 4111
f 4310 4311 4318
f 5752 5445 5448
f 4817 5132 5127
f 5127 5132 5126
f 4324 4118 4318
f 4325 4324 4318
f 4324 4123 4118
f 4122 4117 4123
f 5126 5132 5451
f 4297 4530 4527
f 4123 4324 4332
f 4332 4122 4123
f 4091 4097 3906
f 4121 4126 4323
f 4820 5136 5137
f 4331 4323 4126
f 3906 4097 3899
f 4092 4097 4091
f 4099 4098 3907
f 4116 4110 4111
f 3906 3912 4096
f 4110 3912 3915
f 4105 4097 4098
f 4104 4103 4096
f 3912 4104 4096
f 3912 3906 4097
f 4097 4105 4104
f 4122 4121 4117
f 4104 4105 4111
f 4104 3912 4097
f 4104 4110 4103
f 4122 4126 4121
f 4092 3907 4098
f 4135 4134 4338
f 3879 3878 3872
f 4342 4139 4343
f 4343 4143 4342
f 3885 4084 3891
f 4085 4091 4084
f 4069 3878 4075
f 3887 3880 3881
f 4092 4098 4097
f 3915 3912 4104
f 4104 4111 3915
f 3880 3886 4070
f 4343 4348 4143
f 4092 4085 3900
f 4143 4348 4347
f 3892 4077 3886
f 3886 3893 3892
f 5738 5431 5433
f 5102 5433 5431
f 4798 5102 4795
f 5102 5431 5098
f 4523 4795 4793
f 5098 5431 5428
f 4515 4519 4793
f 4281 4069 4284
f 4791 4793 4790
f 4284 4519 4281
f 4790 5095 5092
f 4519 4515 4281
f 4515 4280 4281
f 3878 4069 4063
f 4515 4511 4280
f 4277 4281 4511
f 4281 4277 4063
f 4519 4284 4523
f 4523 4793 4519
f 4511 4788 4506
f 4783 4506 4788
f 5095 4795 5098
f 4791 4790 5092
f 5098 4795 5099
f 5428 5095 5098
f 4063 4069 4281
f 4280 4511 4281
f 4795 5102 5098
f 4511 4515 4791
f 4793 5095 4790
f 4791 4788 4511
f 4791 4515 4793
f 3872 3878 4063
f 4793 4795 5095
f 3892 3900 4085
f 4332 4338 4134
f 4135 4338 4343
f 4343 4139 4135
f 4803 5108 4800
f 4800 5104 4798
f 4800 4530 4533
f 4526 4800 4798
f 5107 4800 5108
f 5439 5116 5442
f 4808 5117 4805
f 5112 4805 5116
f 5746 6051 5744
f 6048 5744 6051
f 5435 5433 5102
f 5744 5437 5439
f 5439 5747 5746
f 5742 5437 5744
f 6048 5742 5744
f 5742 5740 5437
f 5112 5439 5107
f 5112 5107 4803
f 5439 5437 5107
f 4536 4803 4533
f 5437 5435 5107
f 5740 5435 5437
f 4533 4803 4800
f 5433 5435 5740
f 5738 5433 5740
f 5104 5102 4798
f 5104 5107 5435
f 4803 4805 5112
f 5439 5442 5747
f 5104 4800 5107
f 4800 4526 4530
f 4803 5107 5108
f 4536 4541 4808
f 5439 5112 5116
f 5117 5116 4805
f 4805 4536 4808
f 5435 5102 5104
f 4803 4536 4805
f 5746 5744 5439
f 3893 3886 3887
f 4077 3892 4085
f 3893 3901 3900
f 3880 3887 3886
f 4111 4117 4116
f 4110 3915 4111
f 4096 4097 3906
f 4121 4116 4117
f 3899 4091 3906
f 3912 4110 4104
f 4085 4092 4091
f 4091 3891 4084
f 3891 4091 3899
f 4084 3885 4085
f 4083 3885 4084
f 3885 4077 4085
f 4076 3885 4083
f 4076 4083 4075
f 4076 4075 3885
f 4077 3885 3879
f 4077 3879 4070
f 4077 4070 3886
f 3885 4075 3879
f 3879 4075 3878
f 4099 4093 4100
f 4093 4099 3901
f 4099 3908 3901
f 3902 4093 3901
f 4318 4319 4325
f 3907 3908 4099
f 4105 4106 4310
f 4106 4303 4311
f 4099 4298 4303
f 4298 4304 4303
f 4123 4117 4118
f 4311 4303 4312
f 4128 4134 4127
f 4122 4128 4127
f 4127 4126 4122
f 4332 4324 4325
f 4348 4352 4347
f 4338 4332 4333
f 4145 4351 4355
f 4134 4135 4139
f 4333 4339 4338
f 4284 4069 4075
f 4284 4075 4083
f 4527 4526 4294
f 4541 4536 4542
f 4578 4350 4354
f 4578 4574 4350
f 4827 4824 4573
f 4568 4573 4824
f 4574 4569 4350
f 4309 4536 4533
f 4116 4317 4309
f 4350 4569 4346
f 4568 4824 4563
f 4284 4289 4523
f 4568 4563 4564
f 4547 4554 4553
f 4827 5147 5142
f 5146 5142 5147
f 4284 4083 4289
f 4573 4574 4577
f 4294 4526 4289
f 4337 4341 4564
f 4289 4090 4294
f 4560 4559 4554
f 4798 4795 4523
f 4294 4297 4527
f 4083 4091 4090
f 4553 4554 4559
f 4309 4302 4103
f 4577 4827 4573
f 4100 4298 4099
f 4297 4294 4090
f 4559 4560 4564
f 4084 3891 4083
f 5116 5122 5121
f 5746 5442 5749
f 5761 5758 5457
f 4824 5142 4820
f 4811 4553 4814
f 5127 4814 4817
f 4814 5127 5126
f 5752 5755 5751
f 4808 4547 4811
f 4106 4099 4303
f 4098 4099 4106
f 3907 3900 3908
f 3901 3908 3900
f 4547 4808 4541
f 4547 4541 4548
f 5454 5141 5457
f 5755 5448 5451
f 4303 4304 4312
f 5457 5758 5454
f 5454 5451 5131
f 4553 4817 4814
f 5116 4808 5122
f 4126 4127 4134
f 4331 4133 4337
f 4145 4144 4142
f 4133 4134 4138
f 4331 4126 4133
f 4346 4569 4341
f 4133 4126 4134
f 4341 4138 4142
f 4138 4341 4337
f 4337 4133 4138
f 4564 4341 4569
f 4341 4142 4346
f 4142 4144 4346
f 4143 4145 4142
f 4350 4346 4144
f 5445 5121 5448
f 5132 5131 5451
f 4820 4817 4563
f 6053 5746 5749
f 5136 4820 5142
f 4563 4824 4820
f 5141 5136 5142
f 6051 5746 6053
f 4105 4098 4106
f 5451 5448 5126
f 4820 5132 4817
f 5752 5448 5755
f 5121 5445 5116
f 5116 5117 4808
f 5132 5136 5131
f 4811 4547 4553
f 5747 5442 5746
f 4817 4553 4559
f 4530 4297 4534
f 5757 5760 6062
f 6062 6060 5757
f 6058 5757 6060
f 6058 6056 5751
f 5757 6058 5754
f 6058 6060 6360
f 4092 3900 3907
f 4332 4134 4128
f 4332 4325 4333
f 4145 4355 4147
f 4347 4351 4143
f 4145 4147 4144
f 4355 4351 4352
f 4352 4351 4347
f 4351 4145 4143
f 4134 4139 4138
f 4142 4139 4143
f 4139 4142 4138
f 4139 4342 4143
f 4332 4128 4122
f 4302 4309 4533
f 3899 4097 4090
f 4302 4534 4297
f 3899 4090 4091
f 4827 5142 4824
f 4536 4309 4542
f 4103 4110 4309
f 4548 4323 4554
f 4096 4103 4297
f 4337 4564 4560
f 4548 4554 4547
f 4323 4331 4554
f 4331 4560 4554
f 4573 4568 4569
f 4309 4536 4537
f 4110 4116 4309
f 4530 4526 4527
f 4331 4337 4560
f 4541 4317 4548
f 4083 4090 4289
f 4323 4548 4317
f 3891 4091 4083
f 4309 4317 4542
f 4798 4523 4526
f 4317 4541 4542
f 4563 4559 4564
f 4317 4116 4323
f 4096 4090 4097
f 4534 4533 4530
f 4116 4121 4323
f 4526 4523 4289
f 4302 4297 4103
f 4096 4297 4090
f 4573 4569 4574
f 4533 4534 4302
f 4569 4568 4564
f 155 121 163
f 128 164 123
f 165 164 128
f 90 117 89
f 164 163 156
f 148 156 121
f 163 164 170
f 121 155 156
f 164 165 171
f 163 154 155
f 115 123 156
f 163 169 168
f 116 148 115
f 163 127 121
f 168 162 163
f 128 166 165
f 114 121 155
f 162 168 203
f 168 205 203
f 241 190 196
f 123 156 122
f 157 122 156
f 147 114 155
f 148 121 114
f 164 156 123
f 94 124 90
f 154 163 162
f 123 122 157
f 156 123 157
f 154 162 203
f 148 115 156
f 115 116 123
f 203 196 154
f 148 114 115
f 115 148 149
f 205 249 203
f 123 124 128
f 149 116 115
f 148 116 149
f 249 241 196
f 116 89 124
f 90 124 117
f 203 249 196
f 124 123 116
f 124 89 117
f 233 190 241
f 127 169 130
f 95 124 94
f 169 127 163
f 156 163 121
f 169 163 170
f 164 171 170
f 135 141 185
f 84 116 109
f 135 103 102
f 166 125 158
f 208 207 204
f 171 166 172
f 165 129 166
f 167 204 166
f 158 204 167
f 207 166 204
f 166 158 167
f 129 125 166
f 128 124 129
f 128 129 166
f 207 172 166
f 165 166 171
f 103 135 136
f 136 135 141
f 141 103 136
f 190 185 146
f 102 141 135
f 107 141 102
f 146 185 141
f 83 104 77
f 146 147 190
f 154 190 147
f 154 196 190
f 108 115 148
f 103 104 108
f 147 146 141
f 107 114 142
f 147 142 114
f 155 154 147
f 103 107 102
f 143 108 148
f 142 141 107
f 108 107 103
f 124 95 125
f 108 104 83
f 77 104 103
f 77 103 76
f 109 108 83
f 147 141 142
f 114 107 115
f 83 84 109
f 116 115 108
f 116 84 89
f 108 109 116
f 107 108 115
f 125 129 124
f 9597 9435 9436
f 9444 9597 9436
f 9598 9601 9790
f 9791 9790 9795
f 9795 9790 9601
f 9765 9988 9987
f 9795 9796 9791
f 9597 9601 9598
f 9251 9451 9246
f 10043 10044 10033
f 9796 9797 9791
f 9987 9986 9757
f 9601 9796 9795
f 9590 9785 9780
f 8956 8597 8965
f 10022 9782 10023
f 9257 8988 8994
f 10034 10025 10024
f 8603 8169 8608
f 10000 9988 9999
f 8597 8600 8965
f 9777 9781 9782
f 9253 8988 9257
f 9629 9457 9458
f 9405 9573 9572
f 10034 10035 10025
f 9261 9258 9257
f 9261 9257 8994
f 10052 10043 9798
f 9444 9234 9446
f 10025 10035 10036
f 8610 8615 8994
f 10001 10194 10193
f 9796 9602 9606
f 8965 8600 8604
f 9573 9574 9765
f 10026 10025 10036
f 10044 10043 10052
f 10032 9787 10042
f 9601 9605 9602
f 9606 9806 9796
f 9451 9251 9455
f 10044 10035 10034
f 8994 8988 8610
f 9606 9602 9605
f 9601 9444 9605
f 9000 9261 8994
f 9605 9444 9446
f 10044 10045 10035
f 10052 9798 9799
f 9205 9210 9420
f 9255 9461 9457
f 9569 9572 9573
f 9606 9605 9806
f 10166 10177 10178
f 10045 10036 10035
f 9963 9964 10159
f 9234 9233 9240
f 9241 9446 9234
f 9258 9262 9263
f 9254 9249 9253
f 10159 10265 10264
f 10354 10347 10264
f 10101 10098 10100
f 10101 10100 9878
f 10388 10288 10294
f 9878 9887 9888
f 9801 10054 9810
f 9886 9895 9896
f 9662 9897 9888
f 9661 9662 9896
f 9895 9661 9896
f 9811 9823 9812
f 8974 8973 8604
f 9232 9238 9239
f 9248 8973 8981
f 8964 9243 9238
f 8610 8988 8607
f 9816 9817 9605
f 9263 9264 9462
f 9240 9241 9234
f 9446 9241 9449
f 9449 9611 9446
f 9611 9605 9446
f 9630 9623 9629
f 10052 9800 10053
f 9816 9605 9611
f 8604 8603 8608
f 8163 8169 8603
f 10044 10052 10053
f 9250 9246 9245
f 9792 10043 10042
f 9611 9826 9816
f 9240 9239 9244
f 9635 9640 9636
f 9241 9246 9451
f 9611 9617 9826
f 9894 9885 9884
f 9894 9661 9895
f 8964 9232 8965
f 8607 8981 8603
f 8988 8981 8607
f 10264 10265 10354
f 10160 10266 10265
f 9669 9670 9661
f 9449 9451 9611
f 9451 9449 9241
f 9635 9636 9852
f 9617 9611 9451
f 9244 9249 9245
f 9782 10022 9777
f 9243 9249 9244
f 9624 9826 9617
f 9624 9835 9826
f 9248 9249 9243
f 9454 9629 9623
f 9435 9593 9429
f 9251 9250 9454
f 9250 9249 9255
f 9457 9250 9255
f 9630 9835 9624
f 9249 9248 9253
f 9462 9461 9464
f 9206 9411 9203
f 10043 9792 9798
f 9404 9405 9572
f 9462 9259 9263
f 9457 9629 9454
f 9630 9624 9623
f 9257 9258 9254
f 9852 9630 9635
f 9257 9254 9253
f 9597 9444 9601
f 9791 9786 9790
f 9259 9258 9263
f 9635 9630 9458
f 9457 9461 9458
f 9861 9852 9636
f 8981 8973 8603
f 9635 9458 9462
f 9636 9640 9861
f 9462 9464 9635
f 9636 9635 9639
f 9464 9639 9635
f 9861 9640 9639
f 9640 9636 9639
f 9267 9263 9262
f 9269 9263 9268
f 9263 9269 9264
f 9860 9861 9639
f 9263 9267 9268
f 9655 9471 9472
f 9643 9860 9639
f 9267 9262 9261
f 9870 9861 9860
f 9466 9464 9264
f 9852 9861 9862
f 9870 9860 9643
f 9464 9643 9639
f 9261 9266 9267
f 9268 9274 9269
f 9644 9870 9643
f 9464 9466 9643
f 9273 9274 9268
f 9468 9466 9269
f 9870 9862 9861
f 9274 9468 9269
f 9274 9469 9275
f 9468 9274 9275
f 9468 9275 9469
f 9649 9870 9644
f 9649 9643 9468
f 9644 9643 9649
f 9870 9882 9871
f 9881 9882 9649
f 9469 9274 9282
f 9282 9274 9281
f 9469 9282 9471
f 9890 9881 9649
f 9655 9890 9649
f 9649 9469 9655
f 9655 9469 9471
f 9894 9884 9893
f 9282 9286 9471
f 9890 9655 9656
f 9287 9474 9286
f 9471 9286 9474
f 9472 9656 9655
f 9472 9471 9474
f 9474 9656 9472
f 9474 9287 9475
f 9292 9475 9287
f 8981 9253 9248
f 9660 9661 9894
f 8608 8169 8168
f 9671 9897 9662
f 9479 9670 9669
f 9669 9660 9668
f 9670 9671 9662
f 9670 9479 9480
f 9478 9479 9669
f 9893 9668 9894
f 9296 9479 9478
f 9668 9893 9667
f 9480 9296 9289
f 9667 9477 9668
f 9893 9900 9667
f 9478 9668 9477
f 10159 10165 10160
f 9295 9478 9294
f 9486 9478 9477
f 9478 9486 9294
f 9486 9477 9485
f 9027 9294 9037
f 9027 9038 9028
f 9038 9027 9037
f 9476 9293 9485
f 9476 9288 9293
f 9476 9475 9288
f 10166 10266 10160
f 9964 9969 10165
f 10450 10347 10451
f 8604 8607 8603
f 10265 10266 10356
f 10263 10262 10158
f 10158 10159 10264
f 8965 8604 8973
f 9896 9662 9897
f 10003 10004 10195
f 10197 10004 10005
f 10195 10004 10196
f 9887 9876 9886
f 9886 9885 9894
f 10288 10289 10277
f 10013 10004 10012
f 9886 9876 9885
f 10295 10388 10294
f 10084 10077 10076
f 9877 9876 9887
f 10098 10092 10097
f 8974 8604 8603
f 10064 10070 10065
f 9292 9288 9475
f 9479 9296 9480
f 9832 10064 9823
f 10106 10102 10105
f 10274 10286 10275
f 10046 10054 10055
f 9888 10102 9879
f 10103 9879 10102
f 10012 10004 10003
f 10060 10063 9821
f 9875 9885 9876
f 10097 10092 10091
f 10053 10046 10045
f 8973 8974 8603
f 9878 9888 9879
f 8973 9243 8964
f 10075 10082 10076
f 10004 10197 10196
f 10196 10188 10195
f 9238 9243 9244
f 10054 10060 9810
f 9671 9670 9481
f 9477 9476 9485
f 10004 10013 10014
f 10053 10054 10046
f 10288 10277 10276
f 10195 10188 10194
f 10167 10178 10179
f 9887 9886 9896
f 10053 10059 10054
f 10055 10054 9801
f 9821 10063 10068
f 9668 9660 9894
f 10102 9888 9897
f 9811 9812 9802
f 10089 10090 10081
f 10005 10004 10014
f 10054 10059 10060
f 9801 9811 9802
f 9239 9238 9244
f 9248 9243 8973
f 9253 8981 8988
f 8964 8965 8973
f 9478 9295 9296
f 9293 9294 9485
f 8604 8608 8607
f 9232 9231 9238
f 9238 9232 8964
f 8965 9232 8956
f 10069 10076 10070
f 9829 9840 9830
f 10079 10080 10073
f 9811 9801 9810
f 9817 9828 9818
f 9632 9631 9848
f 9884 9883 9652
f 9845 9844 9630
f 9821 9810 10060
f 10159 10158 9963
f 9845 9835 9844
f 9613 9620 9614
f 9822 9811 9810
f 9863 10094 10086
f 10167 10179 10274
f 9893 9884 10104
f 10267 10275 10357
f 9878 9879 10101
f 9877 10100 9867
f 10159 10160 10265
f 9841 9831 10073
f 9811 9822 9823
f 10084 10076 10083
f 9863 9854 9862
f 10075 10076 10069
f 9481 9670 9480
f 10288 10275 10287
f 10097 10091 10090
f 9830 9840 10072
f 9821 9831 9822
f 9841 10074 9842
f 10082 10081 10090
f 9863 9864 10094
f 9476 9477 9666
f 9222 9443 9442
f 9822 9831 9832
f 9233 9232 9239
f 9240 9233 9239
f 10451 10347 10456
f 10046 10055 10047
f 10095 9874 10099
f 10355 10265 10356
f 10095 10087 10214
f 9620 9625 9626
f 10165 10159 9964
f 9667 9666 9477
f 9832 9823 9822
f 9888 9896 9662
f 10165 10166 10160
f 10068 10073 9831
f 10091 10092 10083
f 10003 10195 10194
f 9294 9027 9295
f 9807 9808 9798
f 9293 9288 9292
f 9968 9969 9964
f 9670 9662 9661
f 9883 9646 9652
f 9863 9872 9864
f 10080 10088 9856
f 9658 9893 9659
f 10046 10037 10036
f 9842 9832 9831
f 9836 9835 9845
f 9668 9478 9669
f 10275 10288 10276
f 10069 10070 9832
f 9831 9841 9842
f 9661 9660 9669
f 9963 9968 9964
f 10266 10357 10356
f 9618 9828 9619
f 10356 10456 10355
f 10263 10353 10262
f 10353 10347 10450
f 10347 10353 10263
f 10263 10264 10347
f 10354 10265 10355
f 10354 10355 10456
f 10456 10347 10354
f 9223 9234 9444
f 9837 9828 9827
f 9223 9444 9443
f 9233 9234 9223
f 10099 9874 9875
f 9626 9625 9632
f 10214 10086 10094
f 10095 9875 10096
f 10095 10214 10094
f 10088 10096 9865
f 9854 9863 10086
f 9863 9862 9872
f 9620 9626 9839
f 9874 9884 9885
f 10214 10087 10086
f 10087 10095 10088
f 9836 9837 9827
f 9646 9873 9872
f 9874 10094 9864
f 9866 9865 9875
f 9865 10096 9875
f 9658 9657 9666
f 9883 9884 9874
f 9845 9846 9837
f 9893 9884 9892
f 10093 10094 9863
f 9893 9892 10104
f 9625 9619 9828
f 9856 10088 9865
f 9807 9798 9608
f 10067 10063 10062
f 9862 9871 9872
f 10067 9830 10072
f 9645 9646 9872
f 10087 9855 10086
f 9849 9848 9855
f 9866 9856 9865
f 9872 9871 9645
f 9646 9645 9651
f 9612 9818 9828
f 9854 9853 9862
f 10079 10088 10080
f 9809 9820 10059
f 9631 9838 9847
f 10068 10067 10072
f 9882 9656 9650
f 9876 9877 9866
f 9881 9890 9882
f 9666 9665 9475
f 10087 10079 9849
f 9849 9855 10087
f 9864 9872 9873
f 9866 9857 9856
f 9871 9650 9645
f 9651 9645 9650
f 9854 9847 9853
f 9867 9866 9877
f 9847 9854 9855
f 9874 9885 9875
f 10079 10087 10088
f 10095 10099 9875
f 9848 9847 9855
f 9651 9659 9893
f 9625 9620 9619
f 10095 10094 9874
f 9846 9853 9847
f 9792 9797 9798
f 9830 9819 9829
f 9871 9882 9650
f 9893 9884 9652
f 9857 10080 9856
f 9632 9625 9631
f 9867 9857 9866
f 9854 10086 9855
f 9646 9651 9652
f 9866 9875 9876
f 9853 9845 9852
f 9862 9853 9852
f 10096 10088 10095
f 9652 9651 9893
f 9620 9613 9619
f 9646 9883 9873
f 9828 9618 9612
f 10080 9857 9850
f 9882 9891 9656
f 9476 9666 9475
f 9857 9858 10089
f 9846 9845 9853
f 9650 9658 9651
f 9631 9625 9838
f 10079 10073 10072
f 9830 10062 9820
f 10067 10062 9830
f 10079 10072 9849
f 9829 9614 9620
f 9857 10089 9850
f 9850 10081 10080
f 9847 9838 9846
f 10073 10074 9841
f 9631 9847 9848
f 9657 9658 9650
f 9658 9659 9651
f 9848 9849 9840
f 9840 9849 10072
f 9867 10090 9858
f 10081 9850 10089
f 9835 9836 9826
f 9820 9819 9830
f 9837 9846 9838
f 10063 10067 10068
f 9626 9632 9848
f 9845 9837 9836
f 9808 9807 9819
f 9657 9475 9665
f 9626 9848 9839
f 9839 9848 9840
f 9874 9864 9873
f 10089 9858 10090
f 9603 9608 9798
f 10080 10074 10073
f 9893 9659 9900
f 9659 9667 9900
f 9625 9837 9838
f 9657 9650 9656
f 9657 9656 9474
f 9890 9891 9882
f 10068 10072 10073
f 9657 9656 9891
f 9835 9630 9844
f 9837 9625 9828
f 9840 9829 9839
f 9867 9858 9857
f 9613 9618 9619
f 9658 9666 9659
f 9839 9829 9620
f 9808 9799 9798
f 9223 9222 9233
f 9232 9233 9222
f 9222 9223 9443
f 10014 10025 10015
f 9842 10069 9832
f 9810 9821 9822
f 9028 9295 9027
f 9877 9878 10100
f 9630 9852 9845
f 9666 9667 9659
f 9656 9891 9890
f 10080 10081 10074
f 9836 9827 9826
f 9665 9666 9657
f 9618 9613 9612
f 9817 9827 9828
f 9874 9873 9883
f 9475 9657 9474
f 9827 9816 9826
f 9817 9816 9827
f 9614 9829 9819
f 10022 10032 10033
f 10011 10012 10002
f 10292 10179 10185
f 9776 9767 9766
f 10045 10046 10036
f 9590 9594 9785
f 9573 9405 9411
f 9443 9444 9436
f 10185 10293 10292
f 9799 9808 9800
f 9250 9251 9246
f 9582 9583 9574
f 10023 10013 10012
f 10178 10184 10179
f 9420 9421 9411
f 9584 9589 9590
f 8956 9232 8952
f 9777 10011 9776
f 9420 9411 9206
f 10187 10194 10188
f 9757 9986 9752
f 9882 9870 9649
f 9264 9269 9466
f 10023 10024 10013
f 10186 10193 10194
f 9792 9791 9797
f 9990 10193 10186
f 10032 10043 10033
f 9999 9765 10000
f 9786 9781 9785
f 10033 10034 10024
f 9259 9461 9255
f 9251 9454 9455
f 9987 9977 9986
f 9986 9977 9752
f 9757 9573 9758
f 9758 9987 9757
f 10186 10185 9990
f 9775 9574 9583
f 9758 9573 9764
f 9977 9745 9752
f 9420 9206 9205
f 9246 9241 9245
f 9766 9765 9574
f 9978 9987 10177
f 9411 9404 9410
f 9780 9785 9781
f 10293 10288 10287
f 9765 9758 9764
f 10177 9987 10183
f 9582 9573 9411
f 9988 10184 9987
f 10193 9990 10001
f 8604 8163 8603
f 10034 10033 10044
f 9410 9203 9411
f 9969 9978 10177
f 9776 9775 9780
f 9999 9988 9765
f 9800 10052 9799
f 9259 9255 9254
f 10025 10014 10024
f 9421 9583 9412
f 10178 10177 10183
f 9584 9775 9583
f 10000 9765 9766
f 10184 10185 10179
f 9766 9775 9776
f 9775 9766 9574
f 9989 9988 10000
f 10185 9989 10000
f 9429 9420 9210
f 9969 10177 10165
f 9780 9781 9776
f 10294 10187 10188
f 9987 9758 9765
f 10000 9766 9767
f 10292 10286 10179
f 9871 9862 9870
f 9593 9597 9598
f 9411 9421 9412
f 9589 9584 9583
f 9987 10184 10183
f 9767 10001 10000
f 10293 10286 10292
f 9258 9261 9262
f 10185 10186 10293
f 10293 10287 10286
f 9584 9590 9775
f 10012 10022 10023
f 9435 9214 9222
f 10186 10187 10293
f 10194 10187 10186
f 9240 9244 9245
f 9775 9590 9780
f 10000 9990 10185
f 9451 9624 9617
f 10293 10187 10294
f 9777 10022 10012
f 9782 9787 10032
f 10194 10002 10003
f 9776 10001 9767
f 9420 9589 9421
f 9259 9254 9258
f 9612 9607 9818
f 9583 9411 9412
f 10177 10166 10165
f 9214 9429 9210
f 10091 10082 10090
f 10288 10293 10294
f 9897 10105 10102
f 10294 10188 10295
f 9028 9296 9295
f 10015 10025 10026
f 10055 9801 9802
f 9250 9457 9454
f 9809 10059 9800
f 10011 10001 9776
f 9818 9607 9817
f 9607 9612 9613
f 9820 9809 9819
f 9894 9895 9886
f 9435 9429 9214
f 9764 9573 9765
f 9806 9817 9607
f 9607 9613 9608
f 10376 10275 10276
f 10045 10044 10053
f 9582 9574 9573
f 9877 9887 9878
f 10011 10002 10001
f 9820 10062 10059
f 9777 9776 9781
f 9605 9817 9806
f 9429 9589 9420
f 9809 9808 9819
f 9613 9614 9608
f 9796 9806 9607
f 9607 9608 9797
f 9608 9614 9819
f 9259 9462 9461
f 9607 9797 9796
f 9797 9608 9798
f 9819 9807 9608
f 9589 9429 9593
f 9880 9868 10101
f 9629 9458 9630
f 9781 9786 9787
f 9868 9880 9869
f 10002 10012 10003
f 10012 10011 9777
f 9589 9593 9590
f 10178 10183 10184
f 9785 9598 9790
f 9879 10103 10101
f 10102 10106 10103
f 9404 9411 9405
f 9978 9977 9987
f 10101 9868 10098
f 10001 9990 10000
f 10275 10286 10287
f 9842 10074 10075
f 9800 9808 9809
f 9888 9887 9896
f 10097 9867 10100
f 10376 10358 10275
f 9593 9594 9590
f 9977 9968 9745
f 10069 9842 10075
f 9624 9451 9455
f 9245 9249 9250
f 10266 10274 10275
f 9421 9589 9583
f 10357 10275 10358
f 10075 10074 10081
f 9792 10042 9791
f 9294 9486 9485
f 10081 10082 10075
f 9254 9255 9249
f 10357 10266 10267
f 10267 10266 10275
f 9989 10185 9988
f 9978 9969 9977
f 10286 10274 10179
f 10266 10166 10274
f 9222 9442 9435
f 9469 9649 9468
f 9241 9240 9245
f 10083 10076 10082
f 10166 10167 10274
f 10178 10167 10166
f 10032 10022 9782
f 9593 9598 9594
f 9785 9790 9786
f 10002 10194 10001
f 9821 10068 9831
f 10082 10091 10083
f 10084 10083 10092
f 9454 9624 9455
f 10158 10264 10263
f 10388 10289 10288
f 9435 9597 9593
f 9598 9785 9594
f 9264 9464 9462
f 9411 9583 9582
f 9781 9787 9782
f 10064 9832 10070
f 10090 9867 10097
f 9442 9443 9435
f 10033 10023 10022
f 10185 10184 9988
f 9602 9796 9601
f 9435 9443 9436
f 10098 10097 10100
f 8952 9232 9222
f 9461 9462 9458
f 9786 9791 9787
f 10014 10013 10024
f 9597 9790 9598
f 9969 9968 9977
f 9468 9643 9466
f 9787 9791 10042
f 10024 10023 10033
f 9624 9454 9623
f 10043 10032 10042
f 10059 10053 9800
f 9573 9757 9569
